[
    {
        "sloka": "[Hanuman kills the seven sons of Ravana's chief minister]\n\ntatastē rākṣasēndrēṇa cōditā mantriṇassutāḥ.\n\nniryayurbhavanāttasmātsaptasaptārcivarcasaḥ৷৷5.45.1৷৷\n\nmahābalaparīvārā dhanuṣmantō mahābalāḥ.\n\nkṛtāstrāstravidāṅ śrēṣṭhāḥ parasparajayaiṣiṇaḥ৷৷5.45.2৷৷\n\nhēmajālaparikṣiptairdhvajavadbhiḥ patākibhiḥ.\n\ntōyadasvananirghōṣairvājiyuktairmahārathaiḥ৷৷5.45.3৷৷\n\ntaptakāñcanacitrāṇi cāpānyamitavikramāḥ.\n\nvisphārayantassaṅhṛṣṭāstaṭitvanta ivāmbudāḥ৷৷5.45.4৷৷\n\n"
    },
    {
        "sloka": "jananyastu tatastēṣāṅ viditvā kiṅkarānhatān.\n\nbabhūvuśśōkasambhrāntāssabāndhavasuhṛjjanāḥ৷৷5.45.5৷৷\n\n"
    },
    {
        "sloka": "tē parasparasaṅgharṣāttaptakāñcanabhūṣaṇāḥ.\n\nabhipēturhanūmantaṅ tōraṇasthamavasthitam৷৷5.45.6৷৷\n\n"
    },
    {
        "sloka": "sṛjantō bāṇavṛṣṭiṅ tē rathagarjitanissvanāḥ.\n\nvṛṣṭimanta ivāṅbhōdā vicērurnaiṛtāmbudāḥ৷৷5.45.7৷৷\n\n"
    },
    {
        "sloka": "avakīrṇastatastābhirhanumānśaravṛṣṭibhiḥ.\n\nabhavatsaṅvṛtākāraśśailarāḍiva vṛṣṭibhiḥ৷৷5.45.8৷৷\n\n"
    },
    {
        "sloka": "sa śarānmōghayāmāsa tēṣāmāśucaraḥ kapiḥ.\n\nrathavēgaṅ ca vīrāṇāṅ vicaranvimalē.mbarē৷৷5.45.9৷৷\n\n"
    },
    {
        "sloka": "sa taiḥ krīḍandhanuṣmadbhirvyōmni vīraḥ prakāśatē.\n\ndhanuṣmadbhiryathā mēghairmārutaḥ prabhurambarē৷৷5.45.10৷৷\n\n"
    },
    {
        "sloka": "sa kṛtvā ninadaṅ ghōraṅ trāsayaṅstāṅ mahācamūm.\n\ncakāra hanumānvēgaṅ tēṣu rakṣassu vīryavān৷৷5.45.11৷৷\n\n"
    },
    {
        "sloka": "talēnābhyahanatkāṅścitpādaiḥ kāṅścitparantapaḥ.\n\nmuṣṭinābhyahanatkāṅścinnakhaiḥ kāṅścidvyadārayat৷৷5.45.12৷৷\n\n"
    },
    {
        "sloka": "pramamāthōrasā kāṅścidūrubhyāmaparānkapiḥ.\n\nkēcittasya ninādēna tatraiva patitā bhuvi৷৷5.45.13৷৷\n\n"
    },
    {
        "sloka": "tatastēṣvavasannēṣu bhūmau nipatitēṣu ca.\n\ntatsainyamagamatsarvaṅ diśōdaśa bhayārditam৷৷5.45.14৷৷\n\n"
    },
    {
        "sloka": "vinēdurvisvaraṅ nāgā nipēturbhuvi vājinaḥ.\n\nbhagnanīḍadhvajacchatrairbhūśca kīrṇā.bhavadrathaiḥ৷৷5.45.15৷৷\n\n"
    },
    {
        "sloka": "sravatā rudhirēṇātha sravantyō darśitāḥ pathi.\n\nvividhaiśca svarairlaṅkā nanāda vikṛtaṅ tadā৷৷5.45.16৷৷\n\n"
    },
    {
        "sloka": "sa tānpravṛddhānvinihatya rākṣasān mahābalaścaṇḍaparākramaḥ kapiḥ.\n\nyuyutsuranyaiḥ punarēva rākṣasai stamēva vīrō.bhijagāma tōraṇam৷৷5.45.17৷৷\n\n"
    },
    {
        "sloka": "[Hanuman kills the seven sons of Ravana's chief minister]\n\ntatastē rākṣasēndrēṇa cōditā mantriṇassutāḥ.\n\nniryayurbhavanāttasmātsaptasaptārcivarcasaḥ৷৷5.45.1৷৷\n\nmahābalaparīvārā dhanuṣmantō mahābalāḥ.\n\nkṛtāstrāstravidāṅ śrēṣṭhāḥ parasparajayaiṣiṇaḥ৷৷5.45.2৷৷\n\nhēmajālaparikṣiptairdhvajavadbhiḥ patākibhiḥ.\n\ntōyadasvananirghōṣairvājiyuktairmahārathaiḥ৷৷5.45.3৷৷\n\ntaptakāñcanacitrāṇi cāpānyamitavikramāḥ.\n\nvisphārayantassaṅhṛṣṭāstaṭitvanta ivāmbudāḥ৷৷5.45.4৷৷\n\n"
    },
    {
        "sloka": "jananyastu tatastēṣāṅ viditvā kiṅkarānhatān.\n\nbabhūvuśśōkasambhrāntāssabāndhavasuhṛjjanāḥ৷৷5.45.5৷৷\n\n"
    },
    {
        "sloka": "tē parasparasaṅgharṣāttaptakāñcanabhūṣaṇāḥ.\n\nabhipēturhanūmantaṅ tōraṇasthamavasthitam৷৷5.45.6৷৷\n\n"
    },
    {
        "sloka": "sṛjantō bāṇavṛṣṭiṅ tē rathagarjitanissvanāḥ.\n\nvṛṣṭimanta ivāṅbhōdā vicērurnaiṛtāmbudāḥ৷৷5.45.7৷৷\n\n"
    },
    {
        "sloka": "avakīrṇastatastābhirhanumānśaravṛṣṭibhiḥ.\n\nabhavatsaṅvṛtākāraśśailarāḍiva vṛṣṭibhiḥ৷৷5.45.8৷৷\n\n"
    },
    {
        "sloka": "sa śarānmōghayāmāsa tēṣāmāśucaraḥ kapiḥ.\n\nrathavēgaṅ ca vīrāṇāṅ vicaranvimalē.mbarē৷৷5.45.9৷৷\n\n"
    },
    {
        "sloka": "sa taiḥ krīḍandhanuṣmadbhirvyōmni vīraḥ prakāśatē.\n\ndhanuṣmadbhiryathā mēghairmārutaḥ prabhurambarē৷৷5.45.10৷৷\n\n"
    },
    {
        "sloka": "sa kṛtvā ninadaṅ ghōraṅ trāsayaṅstāṅ mahācamūm.\n\ncakāra hanumānvēgaṅ tēṣu rakṣassu vīryavān৷৷5.45.11৷৷\n\n"
    },
    {
        "sloka": "talēnābhyahanatkāṅścitpādaiḥ kāṅścitparantapaḥ.\n\nmuṣṭinābhyahanatkāṅścinnakhaiḥ kāṅścidvyadārayat৷৷5.45.12৷৷\n\n"
    },
    {
        "sloka": "pramamāthōrasā kāṅścidūrubhyāmaparānkapiḥ.\n\nkēcittasya ninādēna tatraiva patitā bhuvi৷৷5.45.13৷৷\n\n"
    },
    {
        "sloka": "tatastēṣvavasannēṣu bhūmau nipatitēṣu ca.\n\ntatsainyamagamatsarvaṅ diśōdaśa bhayārditam৷৷5.45.14৷৷\n\n"
    },
    {
        "sloka": "vinēdurvisvaraṅ nāgā nipēturbhuvi vājinaḥ.\n\nbhagnanīḍadhvajacchatrairbhūśca kīrṇā.bhavadrathaiḥ৷৷5.45.15৷৷\n\n"
    },
    {
        "sloka": "sravatā rudhirēṇātha sravantyō darśitāḥ pathi.\n\nvividhaiśca svarairlaṅkā nanāda vikṛtaṅ tadā৷৷5.45.16৷৷\n\n"
    },
    {
        "sloka": "sa tānpravṛddhānvinihatya rākṣasān mahābalaścaṇḍaparākramaḥ kapiḥ.\n\nyuyutsuranyaiḥ punarēva rākṣasai stamēva vīrō.bhijagāma tōraṇam৷৷5.45.17৷৷\n\n"
    }
]