[
    {
        "sloka": "[Hanuman perceiving the damage caused by him to the City of Lanka, thinks of Sita and begins to blame himself -- on seeing good omens he presumes that Sita would have been protected by her chastity]\n\nlaṅkāṅ samastāṅ sandīpya lāṅgūlāgniṅ mahābalaḥ.\n\nnirvāpayāmāsa tadā samudrē harisattamaḥ৷৷\n\nsandīpyamānāṅ vidhvastāṅ trastarakṣōgaṇāṅ purīm.\n\nāvēkṣya hanumān laṅkāṅ cintayāmāsa vānaraḥ৷৷5.55.1৷৷\n\n"
    },
    {
        "sloka": "tasyābhūtsumahāṅstrāsaḥ kutsā cātmanyajāyata.\n\nlaṅkāṅ pradahatā karma kiṅsvitkṛtamidaṅ mayā৷৷5.55.2৷৷\n\n"
    },
    {
        "sloka": "dhanyāstē puruṣaśrēṣṭhā yē buddhyā kōpamutthitam.\n\nnirundhanti mahātmānō dīptamagnimivāmbhasā৷৷5.55.3৷৷\n\n"
    },
    {
        "sloka": "kruddhaḥ pāpaṅ na kuryātkaḥ kruddhō hanyādgurūnapi.\n\nkruddhaḥ paruṣayā vācā narassādhūnadhikṣipēt৷৷5.55.4৷৷\n\n"
    },
    {
        "sloka": "vācyāvācyaṅ prakupitō na vijānāti karhicit.\n\nnākāryamasti kruddhasya nāvācyaṅ vidyatē kvacit৷৷5.55.5৷৷\n\n"
    },
    {
        "sloka": "yassamutpatitaṅ krōdhaṅ kṣamayaiva nirasyati.\n\nyathōragastvacaṅ jīrṇāṅ sa vai puruṣa ucyatē৷৷5.55.6৷৷\n\n"
    },
    {
        "sloka": "dhigastu māṅ sudurbuddhiṅ nirlajjaṅ pāpakṛttamam.\n\nacintayitvā tāṅ sītāmagnidaṅ svāmighātukam৷৷5.55.7৷৷\n\n"
    },
    {
        "sloka": "yadi dagdhā tviyaṅ laṅkā nūnamāryā.pi jānakī.\n\ndagdhā tēna mayā bharturhitaṅ kāryamajānatā৷৷5.55.8৷৷\n\n"
    },
    {
        "sloka": "yadarthamayamārambhastatkāryamavasāditam.\n\nmayā hi dahatā laṅkāṅ na sītā parirakṣitā৷৷5.55.9৷৷\n\n"
    },
    {
        "sloka": "īṣatkāryamidaṅ kāryaṅ kṛtamāsīnna saṅśayaḥ.\n\ntasya krōdhābhibhūtēna mayā mūlakṣayaḥ kṛtaḥ৷৷5.55.10৷৷\n\n"
    },
    {
        "sloka": "vinaṣṭā jānakī nūnaṅ na hyadagdhaḥ pradṛśyatē.\n\nlaṅkāyāṅ kaściduddhēśassarvā bhasmīkṛtā purī৷৷5.55.11৷৷\n\n"
    },
    {
        "sloka": "yadi tadvihataṅ kāryaṅ mama prajñāviparyayāt.\n\nihaiva prāṇasaṅnyāsō mamāpi hyadya rōcatē৷৷5.55.12৷৷\n\n"
    },
    {
        "sloka": "kimagnau nipatāmyadya āhōsvidbaḍabāmukhē.\n\nśarīramāhō sattvānāṅ dadmi sāgaravāsinām৷৷5.55.13৷৷\n\n"
    },
    {
        "sloka": "kathaṅ hi jīvatā śakyō mayā draṣṭuṅ harīśvaraḥ.\n\ntau vā puruṣaśārdūlau kāryasarvasvaghātinā৷৷5.55.14৷৷\n\n"
    },
    {
        "sloka": "mayā khalu tadēvēdaṅ rōṣadōṣātpradarśitam.\n\nprathitaṅ triṣu lōkēṣu kapitvamanavasthitam৷৷5.55.15৷৷\n\n"
    },
    {
        "sloka": "dhigastu rājasaṅ bhāvamanīśamanavasthitam.\n\nīśvarēṇāpi yadrāgānmayā sītā na rakṣitā৷৷5.55.16৷৷\n\n"
    },
    {
        "sloka": "vinaṣṭāyāṅ tu sītāyāṅ tāvubhau vinaśiṣyataḥ.\n\ntayōrvināśē sugrīvaḥ sabandhurvinaśiṣyati৷৷5.55.17৷৷\n\n"
    },
    {
        "sloka": "ētadēva vacaśśrutvā bharatō bhrātṛvatsalaḥ.\n\ndharmātmā sahaśatrughnaḥ kathaṅ śakṣyati jīvitum৷৷5.55.18৷৷\n\n"
    },
    {
        "sloka": "ikṣvākuvaṅśē dharmiṣṭhē gatē nāśamasaṅśayam.\n\nbhaviṣyanti prajāssarvāśśōkasantāpapīḍitāḥ৷৷5.55.19৷৷\n\n"
    },
    {
        "sloka": "tadahaṅ bhāgyarahitō luptadharmārthasaṅgrahaḥ৷৷5.55.20৷৷\n\nrōṣadōṣaparītātmā vyaktaṅ lōkavināśanaḥ.\n\n"
    },
    {
        "sloka": "iti cintayatastasya nimittānyupapēdirē.\n\npūrvamapyupalabdhāni sākṣātpunaracintayat৷৷5.55.21৷৷\n\n"
    },
    {
        "sloka": "athavā cārusarvāṅgī rakṣitā svēna tējasā.\n\nna naśiṣyati kalyāṇī nāgniragnau pravartatē৷৷5.55.22৷৷\n\n"
    },
    {
        "sloka": "na hi dharmātmanastasya bhāryāmamitatējasaḥ.\n\nsvacāritrābhiguptāṅ tāṅ spraṣṭumarhati pāvakaḥ৷৷5.55.23৷৷\n\n"
    },
    {
        "sloka": "nūnaṅ rāmaprabhāvēṇa vaidēhyāssukṛtēna ca.\n\nyanmāṅ dahanakarmāyaṅ nādahaddhavyavāhanaḥ৷৷5.55.24৷৷\n\n"
    },
    {
        "sloka": "trayāṇāṅ bharatādīnāṅ bhrātrūṇāṅ dēvatā ca yā.\n\nrāmasya ca mana: kāntā sā kathaṅ vinaśiṣyati৷৷5.55.25৷৷\n\n"
    },
    {
        "sloka": "yadvā dahanakarmāyaṅ sarvatra prabhuravyayaḥ.\n\nna mē dahati lāṅgūlaṅ kathamāryāṅ pradhakṣyati৷৷5.55.26.\n\n"
    },
    {
        "sloka": "punaścācintayattatra hanumānvismitastadā.\n\nhiraṇyanābhasya girērjalamadhyē pradarśanam৷৷5.55.27৷৷\n\n"
    },
    {
        "sloka": "tapasā satyavākyēna ananyatvācca bhartari.\n\napi sā nirdahēdagniṅ na tāmagniḥ pradhakṣyati৷৷5.55.28৷৷\n\n"
    },
    {
        "sloka": "sa tathā cintayaṅstatra dēvyā dharmaparigraham.\n\nśuśrāva hanumānvākyaṅ cāraṇānāṅ mahātmanām৷৷5.55.29৷৷\n\n"
    },
    {
        "sloka": "ahō khalu kṛtaṅ karma duṣkaraṅ hi hanūmatā.\n\nagniṅ visṛjatā.bhīkṣṇaṅ bhīmaṅ rākṣasavēśmani৷৷5.55.30৷৷\n\n"
    },
    {
        "sloka": "prapalāyitarakṣaḥ strībālavṛddhasamākulā.\n\njanakōlāhalādhmātā krandantīvādrikandarai: ৷৷5.55.31৷৷\n\n"
    },
    {
        "sloka": "dagdhēyaṅ nagarī sarvā sāṭṭaprākāratōraṇā.\n\njānakī na ca dagdhēti vismayō.dbhuta ēva naḥ৷৷5.55.32৷৷\n\n"
    },
    {
        "sloka": "sa nimittaiśca dṛṣṭārthaiḥ kāraṇaiśca mahāguṇaiḥ.\n\nṛṣivākyaiśca hanumānabhavatprītamānasaḥ৷৷5.55.33৷৷\n\n"
    },
    {
        "sloka": "tataḥ kapiḥ prāptamanōrathārthastāmakṣatāṅ rājasutāṅ viditvā.\n\npratyakṣatastāṅ punarēva dṛṣṭavā pratiprayāṇāya matiṅ cakāra৷৷5.55.34৷৷\n\n"
    },
    {
        "sloka": "[Hanuman perceiving the damage caused by him to the City of Lanka, thinks of Sita and begins to blame himself -- on seeing good omens he presumes that Sita would have been protected by her chastity]\n\nlaṅkāṅ samastāṅ sandīpya lāṅgūlāgniṅ mahābalaḥ.\n\nnirvāpayāmāsa tadā samudrē harisattamaḥ৷৷\n\nsandīpyamānāṅ vidhvastāṅ trastarakṣōgaṇāṅ purīm.\n\nāvēkṣya hanumān laṅkāṅ cintayāmāsa vānaraḥ৷৷5.55.1৷৷\n\n"
    },
    {
        "sloka": "tasyābhūtsumahāṅstrāsaḥ kutsā cātmanyajāyata.\n\nlaṅkāṅ pradahatā karma kiṅsvitkṛtamidaṅ mayā৷৷5.55.2৷৷\n\n"
    },
    {
        "sloka": "dhanyāstē puruṣaśrēṣṭhā yē buddhyā kōpamutthitam.\n\nnirundhanti mahātmānō dīptamagnimivāmbhasā৷৷5.55.3৷৷\n\n"
    },
    {
        "sloka": "kruddhaḥ pāpaṅ na kuryātkaḥ kruddhō hanyādgurūnapi.\n\nkruddhaḥ paruṣayā vācā narassādhūnadhikṣipēt৷৷5.55.4৷৷\n\n"
    },
    {
        "sloka": "vācyāvācyaṅ prakupitō na vijānāti karhicit.\n\nnākāryamasti kruddhasya nāvācyaṅ vidyatē kvacit৷৷5.55.5৷৷\n\n"
    },
    {
        "sloka": "yassamutpatitaṅ krōdhaṅ kṣamayaiva nirasyati.\n\nyathōragastvacaṅ jīrṇāṅ sa vai puruṣa ucyatē৷৷5.55.6৷৷\n\n"
    },
    {
        "sloka": "dhigastu māṅ sudurbuddhiṅ nirlajjaṅ pāpakṛttamam.\n\nacintayitvā tāṅ sītāmagnidaṅ svāmighātukam৷৷5.55.7৷৷\n\n"
    },
    {
        "sloka": "yadi dagdhā tviyaṅ laṅkā nūnamāryā.pi jānakī.\n\ndagdhā tēna mayā bharturhitaṅ kāryamajānatā৷৷5.55.8৷৷\n\n"
    },
    {
        "sloka": "yadarthamayamārambhastatkāryamavasāditam.\n\nmayā hi dahatā laṅkāṅ na sītā parirakṣitā৷৷5.55.9৷৷\n\n"
    },
    {
        "sloka": "īṣatkāryamidaṅ kāryaṅ kṛtamāsīnna saṅśayaḥ.\n\ntasya krōdhābhibhūtēna mayā mūlakṣayaḥ kṛtaḥ৷৷5.55.10৷৷\n\n"
    },
    {
        "sloka": "vinaṣṭā jānakī nūnaṅ na hyadagdhaḥ pradṛśyatē.\n\nlaṅkāyāṅ kaściduddhēśassarvā bhasmīkṛtā purī৷৷5.55.11৷৷\n\n"
    },
    {
        "sloka": "yadi tadvihataṅ kāryaṅ mama prajñāviparyayāt.\n\nihaiva prāṇasaṅnyāsō mamāpi hyadya rōcatē৷৷5.55.12৷৷\n\n"
    },
    {
        "sloka": "kimagnau nipatāmyadya āhōsvidbaḍabāmukhē.\n\nśarīramāhō sattvānāṅ dadmi sāgaravāsinām৷৷5.55.13৷৷\n\n"
    },
    {
        "sloka": "kathaṅ hi jīvatā śakyō mayā draṣṭuṅ harīśvaraḥ.\n\ntau vā puruṣaśārdūlau kāryasarvasvaghātinā৷৷5.55.14৷৷\n\n"
    },
    {
        "sloka": "mayā khalu tadēvēdaṅ rōṣadōṣātpradarśitam.\n\nprathitaṅ triṣu lōkēṣu kapitvamanavasthitam৷৷5.55.15৷৷\n\n"
    },
    {
        "sloka": "dhigastu rājasaṅ bhāvamanīśamanavasthitam.\n\nīśvarēṇāpi yadrāgānmayā sītā na rakṣitā৷৷5.55.16৷৷\n\n"
    },
    {
        "sloka": "vinaṣṭāyāṅ tu sītāyāṅ tāvubhau vinaśiṣyataḥ.\n\ntayōrvināśē sugrīvaḥ sabandhurvinaśiṣyati৷৷5.55.17৷৷\n\n"
    },
    {
        "sloka": "ētadēva vacaśśrutvā bharatō bhrātṛvatsalaḥ.\n\ndharmātmā sahaśatrughnaḥ kathaṅ śakṣyati jīvitum৷৷5.55.18৷৷\n\n"
    },
    {
        "sloka": "ikṣvākuvaṅśē dharmiṣṭhē gatē nāśamasaṅśayam.\n\nbhaviṣyanti prajāssarvāśśōkasantāpapīḍitāḥ৷৷5.55.19৷৷\n\n"
    },
    {
        "sloka": "tadahaṅ bhāgyarahitō luptadharmārthasaṅgrahaḥ৷৷5.55.20৷৷\n\nrōṣadōṣaparītātmā vyaktaṅ lōkavināśanaḥ.\n\n"
    },
    {
        "sloka": "iti cintayatastasya nimittānyupapēdirē.\n\npūrvamapyupalabdhāni sākṣātpunaracintayat৷৷5.55.21৷৷\n\n"
    },
    {
        "sloka": "athavā cārusarvāṅgī rakṣitā svēna tējasā.\n\nna naśiṣyati kalyāṇī nāgniragnau pravartatē৷৷5.55.22৷৷\n\n"
    },
    {
        "sloka": "na hi dharmātmanastasya bhāryāmamitatējasaḥ.\n\nsvacāritrābhiguptāṅ tāṅ spraṣṭumarhati pāvakaḥ৷৷5.55.23৷৷\n\n"
    },
    {
        "sloka": "nūnaṅ rāmaprabhāvēṇa vaidēhyāssukṛtēna ca.\n\nyanmāṅ dahanakarmāyaṅ nādahaddhavyavāhanaḥ৷৷5.55.24৷৷\n\n"
    },
    {
        "sloka": "trayāṇāṅ bharatādīnāṅ bhrātrūṇāṅ dēvatā ca yā.\n\nrāmasya ca mana: kāntā sā kathaṅ vinaśiṣyati৷৷5.55.25৷৷\n\n"
    },
    {
        "sloka": "yadvā dahanakarmāyaṅ sarvatra prabhuravyayaḥ.\n\nna mē dahati lāṅgūlaṅ kathamāryāṅ pradhakṣyati৷৷5.55.26.\n\n"
    },
    {
        "sloka": "punaścācintayattatra hanumānvismitastadā.\n\nhiraṇyanābhasya girērjalamadhyē pradarśanam৷৷5.55.27৷৷\n\n"
    },
    {
        "sloka": "tapasā satyavākyēna ananyatvācca bhartari.\n\napi sā nirdahēdagniṅ na tāmagniḥ pradhakṣyati৷৷5.55.28৷৷\n\n"
    },
    {
        "sloka": "sa tathā cintayaṅstatra dēvyā dharmaparigraham.\n\nśuśrāva hanumānvākyaṅ cāraṇānāṅ mahātmanām৷৷5.55.29৷৷\n\n"
    },
    {
        "sloka": "ahō khalu kṛtaṅ karma duṣkaraṅ hi hanūmatā.\n\nagniṅ visṛjatā.bhīkṣṇaṅ bhīmaṅ rākṣasavēśmani৷৷5.55.30৷৷\n\n"
    },
    {
        "sloka": "prapalāyitarakṣaḥ strībālavṛddhasamākulā.\n\njanakōlāhalādhmātā krandantīvādrikandarai: ৷৷5.55.31৷৷\n\n"
    },
    {
        "sloka": "dagdhēyaṅ nagarī sarvā sāṭṭaprākāratōraṇā.\n\njānakī na ca dagdhēti vismayō.dbhuta ēva naḥ৷৷5.55.32৷৷\n\n"
    },
    {
        "sloka": "sa nimittaiśca dṛṣṭārthaiḥ kāraṇaiśca mahāguṇaiḥ.\n\nṛṣivākyaiśca hanumānabhavatprītamānasaḥ৷৷5.55.33৷৷\n\n"
    },
    {
        "sloka": "tataḥ kapiḥ prāptamanōrathārthastāmakṣatāṅ rājasutāṅ viditvā.\n\npratyakṣatastāṅ punarēva dṛṣṭavā pratiprayāṇāya matiṅ cakāra৷৷5.55.34৷৷\n\n"
    }
]