[
    {
        "sloka": "[Hanuman chances upon Mandodari, wife of Ravana -- mistakes her for Sita on account of her beauty and charm.]\n\ntatra divyōpamaṅ mukhyaṅ sphāṭikaṅ ratnabhūṣitam.\n\navēkṣamāṇō hanumān dadarśa śayanāsanam৷৷5.10.1৷৷\n\ndāntakāñcanacitrāṅgairvaiḍūryaiśca varāsanaiḥ.\n\nmahārhāstaraṇōpētairupapannaṅ mahādhanaiḥ৷৷5.10.2৷৷\n\n"
    },
    {
        "sloka": "tasya caikatamē dēśē sō.gyramālāvibhūṣitam.\n\ndadarśa pāṇḍuraṅ chatraṅ tārādhipatisannibham৷৷5.10.3৷৷\n\n"
    },
    {
        "sloka": "jātarūpaparikṣiptaṅ citrabhānusamaprabham.\n\naśōkamālāvitataṅ dadarśa paramāsanam৷৷5.10.4৷৷\n\nvālavyajanahastābhirvījyamānaṅ samantataḥ.\n\ngandhaiśca vividhairjuṣṭaṅ varadhūpēna dhūpitam৷৷5.10.5৷৷\n\nparamāstaraṇāstīrṇamāvikājinasaṅvṛtam.\n\ndāmabhirvaramālyānāṅ samantādupaśōbhitam৷৷5.10.6৷৷\n\n"
    },
    {
        "sloka": "tasmin jīmūtasaṅkāśaṅ pradīptōttamakuṇḍalam.\n\nlōhitākṣaṅ mahābāhuṅ mahārajatavāsasam৷৷5.10.7৷৷\n\nlōhitēnānuliptāṅgaṅ candanēna sugandhinā.\n\nsandhyāraktamivākāśē tōyadaṅ sataṭidgaṇam৷৷5.10.8৷৷\n\nvṛtamābharaṇairdivyaiḥ surūpaṅ kāmarūpiṇam.\n\nsavṛkṣavanagulmāḍhyaṅ prasuptamiva mandaram৷৷5.10.9৷৷\n\nkrīḍitvōparataṅ rātrau varābharaṇabhūṣitam.\n\npriyaṅ rākṣasakanyānāṅ rākṣasānāṅ sukhāvaham৷৷5.10.10৷৷\n\npītvā.pyuparataṅ cāpi dadarśa sa mahākapiḥ.\n\nbhāsvarē śayanē vīraṅ prasuptaṅ rākṣasādhipam৷৷5.10.11৷৷\n\n"
    },
    {
        "sloka": "niḥśvasantaṅ yathā nāgaṅ rāvaṇaṅ vānararṣabhaḥ.\n\nāsādya paramōdvignassōpāsarpatsubhītavat৷৷5.10.12৷৷\n\n"
    },
    {
        "sloka": "athā৷৷rōhaṇamāsādya vēdikā.ntaramāśritaḥ.\n\nsuptaṅ rākṣasaśārdūlaṅ prēkṣatē sma mahākapiḥ৷৷5.10.13৷৷\n\n"
    },
    {
        "sloka": "śuśubhē rākṣasēndrasya svapataḥ śayanōttamam.\n\ngandhahastini saṅviṣṭē yathā prasravaṇaṅ mahat৷৷5.10.14৷৷\n\n"
    },
    {
        "sloka": "kāñcanāṅgadasannadhdai ca dadarśa sa mahātmanaḥ.\n\nvikṣiptau rākṣasēndrasya bhujāvindradhvajōpamau৷৷5.10.15৷৷\n\nairāvataviṣāṇāgrairāpīḍanakṛtavraṇau.\n\nvajrōllikhitapīnāṅsau viṣṇucakraparikṣatau৷৷5.10.16৷৷\n\npīnau samasujātāṅsau saṅgatau balasaṅyutau.\n\nsulakṣaṇanakhāṅguṣṭhā svaṅgulītalalakṣitau৷৷5.10.17৷৷\n\nsaṅhatau parighākārau vṛttau karikarōpamau.\n\nvikṣiptau śayanē śubhrē pañcaśīrṣāvivōragau৷৷5.10.18৷৷\n\nśaśakṣatajakalpēna suśītēna sugandhinā.\n\ncandanēna parārdhyēna svanuliptau svalaṅkṛtau৷৷5.10.19৷৷\n\nuttamastrīvimṛditau gandhōttamaniṣēvitau.\n\nyakṣapannagagandharvadēvadānavarāviṇau৷৷5.10.20৷৷\n\n"
    },
    {
        "sloka": "dadarśa sa kapistatra bāhū śayanasaṅsthitau.\n\nmandarasyāṅtarē suptau mahāhī ruṣitāviva৷৷5.10.21৷৷\n\n"
    },
    {
        "sloka": "tābhyāṅ sa paripūrṇābhyāṅ bhujābhyāṅ rākṣasēśvaraḥ.\n\nśuśubhē.calasaṅkāśaḥ śṛṅgābhyāmiva mandaraḥ৷৷5.10.22৷৷\n\n"
    },
    {
        "sloka": "cūtapunnāgasurabhirvakulōttamasaṅyutaḥ.\n\nmṛṣṭānnarasasaṅyuktaḥ pānagandhapuraskṛtaḥ৷৷5.10.23৷৷\n\ntasya rākṣasasiṅhasya niścakrāma mahāmukhāt.\n\nśayānasya viniḥśvāsaḥ pūrayanniva tad gṛham৷৷5.10.24৷৷\n\n"
    },
    {
        "sloka": "muktāmaṇivicitrēṇa kāñcanēna virājitam.\n\nmakuṭēnāpavṛttēna kuṇḍalōjvalitānanam৷৷5.10.25৷৷\n\nraktacandanadigdhēna tathā hārēṇa śōbhinā.\n\npīnāyataviśālēna vakṣasā.bhivirājitam৷৷5.10.26৷৷\n\npāṇḍarēṇāpaviddhēna kṣaumēṇa kṣatajēkṣaṇam.\n\nmahārhēṇa susaṅvītaṅ pītēnōttamavāsasā৷৷5.10.27৷৷\n\nmāṣarāśipratīkāśaṅ niśśvasantaṅ bhujaṅgavat.\n\ngāṅgē mahati tōyāntē prasuptamiva kuñjaram৷৷5.10.28৷৷\n\ncaturbhiḥ kāñcanairdīpaiddhīpyamānacaturdiśam.\n\nprakāśīkṛtasarvāṅgaṅ mēghaṅ vidyudgaṇairiva৷৷5.10.29৷৷\n\npādamūlagatāścāpi dadarśa sumahātmanaḥ.\n\npatnī: sa priyabhāryasya tasya rakṣaḥpatērgṛhē৷৷5.10.30৷৷\n\n"
    },
    {
        "sloka": "śaśiprakāśavadanāścārukuṇḍalabhūṣitāḥ.\n\namlānamālyābharaṇā dadarśa hariyūthapaḥ৷৷5.10.31৷৷\n\n"
    },
    {
        "sloka": "nṛttavāditrakuśalā rākṣasēndrabhujāṅkagāḥ.\n\nvarābharaṇadhāriṇyō niṣaṇṇā dadṛśē hariḥ৷৷5.10.32৷৷\n\n"
    },
    {
        "sloka": "vajravaiḍūryagarbhāṇi śravaṇāntēṣu yōṣitām.\n\ndadarśa tāpanīyāni kuṇḍalānyaṅgadāni ca৷৷5.10.33৷৷\n\n"
    },
    {
        "sloka": "tāsāṅ candrōpamairvaktraiśśubhairlalitakuṇḍalaiḥ.\n\nvirarāja vimānaṅ tannabhastārāgaṇairiva৷৷5.10.34৷৷\n\n"
    },
    {
        "sloka": "madavyāyāmakhinnāstā rākṣasēndrasya yōṣitaḥ.\n\ntēṣu tēṣvavakāśēṣu prasuptāstanumadhyamāḥ৷৷5.10.35৷৷\n\n"
    },
    {
        "sloka": "aṅgahāraistathaivānyā kōmalairnṛttaśālinī.\n\nvinyastaśubhasarvāṅgī prasuptā varavarṇinī৷৷5.10.36৷৷\n\n"
    },
    {
        "sloka": "kācidvīṇāṅ pariṣvajya prasuptā samprakāśatē.\n\nmahānadīprakīrṇēva nalinī pōtamāśritā৷৷5.10.37৷৷\n\n"
    },
    {
        "sloka": "anyā kakṣagatēnaiva maḍḍukēnāsitēkṣaṇā.\n\nprasuptā bhāminī bhāti bālaputrēva vatsalā৷৷5.10.38৷৷\n\n"
    },
    {
        "sloka": "paṭahaṅ cārusarvāṅgī pīḍya śētē śubhastanī.\n\ncirasya ramaṇaṅ labdhvā pariṣvajyēva bhāminī৷৷5.10.39৷৷\n\n"
    },
    {
        "sloka": "kācidvaṅśaṅ pariṣvajya suptā kamalalōcanā.\n\nrahaḥ priyatamaṅ gṛhya sakāmēva ca kāminī৷৷5.10.40৷৷\n\n"
    },
    {
        "sloka": "vipañcīṅ parigṛhyānyā niyatā nṛttaśālinī.\n\nnidrāvaśamanuprāptā saha kāntēva bhāminī৷৷5.10.41৷৷\n\n"
    },
    {
        "sloka": "anyā kanakasaṅkāśairmṛdupīnairmanōramaiḥ.\n\nmṛdaṅgaṅ paripīḍyāṅgaiḥ prasuptā mattalōcanā৷৷5.10.42৷৷\n\n"
    },
    {
        "sloka": "bhujapārśvāntarasthēna kakṣagēna kṛśōdarī.\n\npaṇavēva sahānindyā suptā madakṛtaśramā৷৷5.10.43৷৷\n\n"
    },
    {
        "sloka": "ḍiṇḍimaṅ parigṛhyānyā tathaivāsaktaḍiṇḍimā.\n\nprasuptā taruṇaṅ vatsamupagūhyēva bhāminī৷৷5.10.44৷৷\n\n"
    },
    {
        "sloka": "kācidāḍambaraṅ nārī bhujasaṅyōgapīḍitam.\n\nkṛtvā kamalapatrākṣī prasuptā madamōhitā৷৷5.10.45৷৷\n\n"
    },
    {
        "sloka": "kalaśīmapavidhyānyā prasuptā bhāti bhāminī.\n\nvasantē puṣpaśabalā mālēva parimārjitā৷৷5.10.46৷৷\n\n"
    },
    {
        "sloka": "pāṇibhyāṅ ca kucau kācitsuvarṇakalaśōpamau.\n\nupagūhyābalā suptā nidrābalaparājitā৷৷5.10.47৷৷\n\n"
    },
    {
        "sloka": "anyā kamalapatrākṣī pūrṇēndusadṛśānanā.\n\nanyāmāliṅgya suśrōṇīṅ prasuptā madavihvalā৷৷5.10.48৷৷\n\n"
    },
    {
        "sloka": "ātōdyāni vicitrāṇi pariṣvajya varastriyaḥ.\n\nnipīḍya ca kucaissuptā kāminyaḥ kāmukāniva৷৷5.10.49৷৷\n\n"
    },
    {
        "sloka": "tāsāmēkāntavinyastē śayānāṅ śayanē śubhē.\n\ndadarśa rūpasampannāmaparāṅ sa kapiḥ striyam৷৷5.10.50৷৷\n\n"
    },
    {
        "sloka": "muktāmaṇisamāyuktairbhūṣaṇaiḥ suvibhūṣitām.\n\nvibhūṣayantīmiva tatsvaśriyā bhavanōttamam৷৷5.10.51৷৷\n\ngaurīṅ kanakavarṇābhāmiṣṭāmantaḥ purēśvarīm.\n\nkapirmandōdarīṅ tatra śayānāṅ cārurūpiṇīm৷৷5.10.52৷৷\n\n"
    },
    {
        "sloka": "sa tāṅ dṛṣṭvā mahābāhurbhūṣitāṅ mārutātmajaḥ.\n\ntarkayāmāsa sītēti rūpayauvanasampadā৷৷5.10.53.\n\nharṣēṇa mahatā yuktō nananda hariyūthapaḥ.\n\n"
    },
    {
        "sloka": "āsphōṭayāmāsa cucumba pucchaṅ nananda cikrīḍa jagau jagāma.\n\nstambhānarōhannipapāta bhūmau nidarśayan svāṅ prakṛtiṅ kapīnām৷৷5.10.54৷৷\n\n"
    },
    {
        "sloka": "[Hanuman chances upon Mandodari, wife of Ravana -- mistakes her for Sita on account of her beauty and charm.]\n\ntatra divyōpamaṅ mukhyaṅ sphāṭikaṅ ratnabhūṣitam.\n\navēkṣamāṇō hanumān dadarśa śayanāsanam৷৷5.10.1৷৷\n\ndāntakāñcanacitrāṅgairvaiḍūryaiśca varāsanaiḥ.\n\nmahārhāstaraṇōpētairupapannaṅ mahādhanaiḥ৷৷5.10.2৷৷\n\n"
    },
    {
        "sloka": "tasya caikatamē dēśē sō.gyramālāvibhūṣitam.\n\ndadarśa pāṇḍuraṅ chatraṅ tārādhipatisannibham৷৷5.10.3৷৷\n\n"
    },
    {
        "sloka": "jātarūpaparikṣiptaṅ citrabhānusamaprabham.\n\naśōkamālāvitataṅ dadarśa paramāsanam৷৷5.10.4৷৷\n\nvālavyajanahastābhirvījyamānaṅ samantataḥ.\n\ngandhaiśca vividhairjuṣṭaṅ varadhūpēna dhūpitam৷৷5.10.5৷৷\n\nparamāstaraṇāstīrṇamāvikājinasaṅvṛtam.\n\ndāmabhirvaramālyānāṅ samantādupaśōbhitam৷৷5.10.6৷৷\n\n"
    },
    {
        "sloka": "tasmin jīmūtasaṅkāśaṅ pradīptōttamakuṇḍalam.\n\nlōhitākṣaṅ mahābāhuṅ mahārajatavāsasam৷৷5.10.7৷৷\n\nlōhitēnānuliptāṅgaṅ candanēna sugandhinā.\n\nsandhyāraktamivākāśē tōyadaṅ sataṭidgaṇam৷৷5.10.8৷৷\n\nvṛtamābharaṇairdivyaiḥ surūpaṅ kāmarūpiṇam.\n\nsavṛkṣavanagulmāḍhyaṅ prasuptamiva mandaram৷৷5.10.9৷৷\n\nkrīḍitvōparataṅ rātrau varābharaṇabhūṣitam.\n\npriyaṅ rākṣasakanyānāṅ rākṣasānāṅ sukhāvaham৷৷5.10.10৷৷\n\npītvā.pyuparataṅ cāpi dadarśa sa mahākapiḥ.\n\nbhāsvarē śayanē vīraṅ prasuptaṅ rākṣasādhipam৷৷5.10.11৷৷\n\n"
    },
    {
        "sloka": "niḥśvasantaṅ yathā nāgaṅ rāvaṇaṅ vānararṣabhaḥ.\n\nāsādya paramōdvignassōpāsarpatsubhītavat৷৷5.10.12৷৷\n\n"
    },
    {
        "sloka": "athā৷৷rōhaṇamāsādya vēdikā.ntaramāśritaḥ.\n\nsuptaṅ rākṣasaśārdūlaṅ prēkṣatē sma mahākapiḥ৷৷5.10.13৷৷\n\n"
    },
    {
        "sloka": "śuśubhē rākṣasēndrasya svapataḥ śayanōttamam.\n\ngandhahastini saṅviṣṭē yathā prasravaṇaṅ mahat৷৷5.10.14৷৷\n\n"
    },
    {
        "sloka": "kāñcanāṅgadasannadhdai ca dadarśa sa mahātmanaḥ.\n\nvikṣiptau rākṣasēndrasya bhujāvindradhvajōpamau৷৷5.10.15৷৷\n\nairāvataviṣāṇāgrairāpīḍanakṛtavraṇau.\n\nvajrōllikhitapīnāṅsau viṣṇucakraparikṣatau৷৷5.10.16৷৷\n\npīnau samasujātāṅsau saṅgatau balasaṅyutau.\n\nsulakṣaṇanakhāṅguṣṭhā svaṅgulītalalakṣitau৷৷5.10.17৷৷\n\nsaṅhatau parighākārau vṛttau karikarōpamau.\n\nvikṣiptau śayanē śubhrē pañcaśīrṣāvivōragau৷৷5.10.18৷৷\n\nśaśakṣatajakalpēna suśītēna sugandhinā.\n\ncandanēna parārdhyēna svanuliptau svalaṅkṛtau৷৷5.10.19৷৷\n\nuttamastrīvimṛditau gandhōttamaniṣēvitau.\n\nyakṣapannagagandharvadēvadānavarāviṇau৷৷5.10.20৷৷\n\n"
    },
    {
        "sloka": "dadarśa sa kapistatra bāhū śayanasaṅsthitau.\n\nmandarasyāṅtarē suptau mahāhī ruṣitāviva৷৷5.10.21৷৷\n\n"
    },
    {
        "sloka": "tābhyāṅ sa paripūrṇābhyāṅ bhujābhyāṅ rākṣasēśvaraḥ.\n\nśuśubhē.calasaṅkāśaḥ śṛṅgābhyāmiva mandaraḥ৷৷5.10.22৷৷\n\n"
    },
    {
        "sloka": "cūtapunnāgasurabhirvakulōttamasaṅyutaḥ.\n\nmṛṣṭānnarasasaṅyuktaḥ pānagandhapuraskṛtaḥ৷৷5.10.23৷৷\n\ntasya rākṣasasiṅhasya niścakrāma mahāmukhāt.\n\nśayānasya viniḥśvāsaḥ pūrayanniva tad gṛham৷৷5.10.24৷৷\n\n"
    },
    {
        "sloka": "muktāmaṇivicitrēṇa kāñcanēna virājitam.\n\nmakuṭēnāpavṛttēna kuṇḍalōjvalitānanam৷৷5.10.25৷৷\n\nraktacandanadigdhēna tathā hārēṇa śōbhinā.\n\npīnāyataviśālēna vakṣasā.bhivirājitam৷৷5.10.26৷৷\n\npāṇḍarēṇāpaviddhēna kṣaumēṇa kṣatajēkṣaṇam.\n\nmahārhēṇa susaṅvītaṅ pītēnōttamavāsasā৷৷5.10.27৷৷\n\nmāṣarāśipratīkāśaṅ niśśvasantaṅ bhujaṅgavat.\n\ngāṅgē mahati tōyāntē prasuptamiva kuñjaram৷৷5.10.28৷৷\n\ncaturbhiḥ kāñcanairdīpaiddhīpyamānacaturdiśam.\n\nprakāśīkṛtasarvāṅgaṅ mēghaṅ vidyudgaṇairiva৷৷5.10.29৷৷\n\npādamūlagatāścāpi dadarśa sumahātmanaḥ.\n\npatnī: sa priyabhāryasya tasya rakṣaḥpatērgṛhē৷৷5.10.30৷৷\n\n"
    },
    {
        "sloka": "śaśiprakāśavadanāścārukuṇḍalabhūṣitāḥ.\n\namlānamālyābharaṇā dadarśa hariyūthapaḥ৷৷5.10.31৷৷\n\n"
    },
    {
        "sloka": "nṛttavāditrakuśalā rākṣasēndrabhujāṅkagāḥ.\n\nvarābharaṇadhāriṇyō niṣaṇṇā dadṛśē hariḥ৷৷5.10.32৷৷\n\n"
    },
    {
        "sloka": "vajravaiḍūryagarbhāṇi śravaṇāntēṣu yōṣitām.\n\ndadarśa tāpanīyāni kuṇḍalānyaṅgadāni ca৷৷5.10.33৷৷\n\n"
    },
    {
        "sloka": "tāsāṅ candrōpamairvaktraiśśubhairlalitakuṇḍalaiḥ.\n\nvirarāja vimānaṅ tannabhastārāgaṇairiva৷৷5.10.34৷৷\n\n"
    },
    {
        "sloka": "madavyāyāmakhinnāstā rākṣasēndrasya yōṣitaḥ.\n\ntēṣu tēṣvavakāśēṣu prasuptāstanumadhyamāḥ৷৷5.10.35৷৷\n\n"
    },
    {
        "sloka": "aṅgahāraistathaivānyā kōmalairnṛttaśālinī.\n\nvinyastaśubhasarvāṅgī prasuptā varavarṇinī৷৷5.10.36৷৷\n\n"
    },
    {
        "sloka": "kācidvīṇāṅ pariṣvajya prasuptā samprakāśatē.\n\nmahānadīprakīrṇēva nalinī pōtamāśritā৷৷5.10.37৷৷\n\n"
    },
    {
        "sloka": "anyā kakṣagatēnaiva maḍḍukēnāsitēkṣaṇā.\n\nprasuptā bhāminī bhāti bālaputrēva vatsalā৷৷5.10.38৷৷\n\n"
    },
    {
        "sloka": "paṭahaṅ cārusarvāṅgī pīḍya śētē śubhastanī.\n\ncirasya ramaṇaṅ labdhvā pariṣvajyēva bhāminī৷৷5.10.39৷৷\n\n"
    },
    {
        "sloka": "kācidvaṅśaṅ pariṣvajya suptā kamalalōcanā.\n\nrahaḥ priyatamaṅ gṛhya sakāmēva ca kāminī৷৷5.10.40৷৷\n\n"
    },
    {
        "sloka": "vipañcīṅ parigṛhyānyā niyatā nṛttaśālinī.\n\nnidrāvaśamanuprāptā saha kāntēva bhāminī৷৷5.10.41৷৷\n\n"
    },
    {
        "sloka": "anyā kanakasaṅkāśairmṛdupīnairmanōramaiḥ.\n\nmṛdaṅgaṅ paripīḍyāṅgaiḥ prasuptā mattalōcanā৷৷5.10.42৷৷\n\n"
    },
    {
        "sloka": "bhujapārśvāntarasthēna kakṣagēna kṛśōdarī.\n\npaṇavēva sahānindyā suptā madakṛtaśramā৷৷5.10.43৷৷\n\n"
    },
    {
        "sloka": "ḍiṇḍimaṅ parigṛhyānyā tathaivāsaktaḍiṇḍimā.\n\nprasuptā taruṇaṅ vatsamupagūhyēva bhāminī৷৷5.10.44৷৷\n\n"
    },
    {
        "sloka": "kācidāḍambaraṅ nārī bhujasaṅyōgapīḍitam.\n\nkṛtvā kamalapatrākṣī prasuptā madamōhitā৷৷5.10.45৷৷\n\n"
    },
    {
        "sloka": "kalaśīmapavidhyānyā prasuptā bhāti bhāminī.\n\nvasantē puṣpaśabalā mālēva parimārjitā৷৷5.10.46৷৷\n\n"
    },
    {
        "sloka": "pāṇibhyāṅ ca kucau kācitsuvarṇakalaśōpamau.\n\nupagūhyābalā suptā nidrābalaparājitā৷৷5.10.47৷৷\n\n"
    },
    {
        "sloka": "anyā kamalapatrākṣī pūrṇēndusadṛśānanā.\n\nanyāmāliṅgya suśrōṇīṅ prasuptā madavihvalā৷৷5.10.48৷৷\n\n"
    },
    {
        "sloka": "ātōdyāni vicitrāṇi pariṣvajya varastriyaḥ.\n\nnipīḍya ca kucaissuptā kāminyaḥ kāmukāniva৷৷5.10.49৷৷\n\n"
    },
    {
        "sloka": "tāsāmēkāntavinyastē śayānāṅ śayanē śubhē.\n\ndadarśa rūpasampannāmaparāṅ sa kapiḥ striyam৷৷5.10.50৷৷\n\n"
    },
    {
        "sloka": "muktāmaṇisamāyuktairbhūṣaṇaiḥ suvibhūṣitām.\n\nvibhūṣayantīmiva tatsvaśriyā bhavanōttamam৷৷5.10.51৷৷\n\ngaurīṅ kanakavarṇābhāmiṣṭāmantaḥ purēśvarīm.\n\nkapirmandōdarīṅ tatra śayānāṅ cārurūpiṇīm৷৷5.10.52৷৷\n\n"
    },
    {
        "sloka": "sa tāṅ dṛṣṭvā mahābāhurbhūṣitāṅ mārutātmajaḥ.\n\ntarkayāmāsa sītēti rūpayauvanasampadā৷৷5.10.53.\n\nharṣēṇa mahatā yuktō nananda hariyūthapaḥ.\n\n"
    },
    {
        "sloka": "āsphōṭayāmāsa cucumba pucchaṅ nananda cikrīḍa jagau jagāma.\n\nstambhānarōhannipapāta bhūmau nidarśayan svāṅ prakṛtiṅ kapīnām৷৷5.10.54৷৷\n\n"
    }
]