[
    {
        "sloka": "[Death of Prince Aksha in the combat with Hanuman]\n\nsēnāpatīnpañca sa tu pramāpitān hanūmatā sānucarānsavāhanān.\n\nsamīkṣya rājā samarōddhatōnmukhaṅ kumāramakṣaṅ prasamaikṣatāgrataḥ৷৷5.47.1৷৷\n\n"
    },
    {
        "sloka": "sa tasya dṛṣṭyarpaṇasampracōditaḥ pratāpavānkāñcanacitrakārmukaḥ.\n\nsamutpapātātha sadasyudīritō dvijātimukhyairhaviṣēva pāvakaḥ৷৷5.47.2৷৷\n\n"
    },
    {
        "sloka": "tatō mahadbāladivākaraprabhaṅ prataptajāmbūnadajālasantatam.\n\nrathaṅ samāsthāya yayau sa vīryavānmahāhariṅ taṅ prati nairṛtarṣabhaḥ৷৷5.47.3৷৷\n\n"
    },
    {
        "sloka": "tatastapassaṅgrahasañcayārjitaṅ prataptajāmbūnadajālaśōbhitam.\n\npatākinaṅ ratnavibhūṣitadhvajaṅ manōjavāṣṭāśvavaraiḥ suyōjitam৷৷5.47.4৷৷\n\n"
    },
    {
        "sloka": "surāsurādhṛṣyamasaṅgacāriṇaṅ raviprabhaṅ vyōmacaraṅ samāhitam.\n\nsatūṇamaṣṭāsinibaddhabandhuraṅ yathākramāvēśitaśaktitōmaram৷৷5.47.5৷৷\n\n"
    },
    {
        "sloka": "virājamānaṅ pratipūrṇavastunā sahēmadāmnā śaśisūryavarcasā.\n\ndivākarābhaṅ rathamāsthitastatassa nirjagāmāmaratulyavikramaḥ৷৷5.47.6৷৷\n\n"
    },
    {
        "sloka": "sa pūrayankhaṅ ca mahīṅ ca sācalāṅ turaṅgamātaṅgamahārathasvanaiḥ.\n\nbalaissamētaissahi tōraṇasthitaṅ samarthamāsīnamupāgamatkapim৷৷5.47.7৷৷\n\n"
    },
    {
        "sloka": "sa taṅ samāsādya hariṅ harīkṣaṇō yugāntakālāgnimiva prajākṣayē.\n\navasthitaṅ vismitajātasambhrama ssamaikṣatākṣō bahumānacakṣuṣā৷৷5.47.8৷৷\n\n"
    },
    {
        "sloka": "sa tasya vēgaṅ ca kapērmahātmanaḥ parākramaṅ cāriṣu pārthivātmajaḥ.\n\nvicārayansvaṅ ca balaṅ mahābalō himakṣayē sūrya ivābhivardhatē৷৷5.47.9৷৷\n\n"
    },
    {
        "sloka": "sa jātamanyuḥ prasamīkṣya vikramaṅ sthiraṅ sthirassamyati durnivāraṇam.\n\nsamāhitātmā hanumantamāhavē pracōdayāmāsa śaraistribhi śśitaiḥ৷৷5.47.10৷৷\n\n"
    },
    {
        "sloka": "tataḥ kapiṅ taṅ prasamīkṣya garvitaṅ jitaśramaṅ śatruparājayōrjitam.\n\navaikṣatākṣassamudīrṇamānasassabāṇapāṇiḥ pragṛhītakārmukaḥ৷৷5.47.11৷৷\n\n"
    },
    {
        "sloka": "sa hēmaniṣkāṅgadacārukuṇḍala ssamāsasādā.śuparākramaḥ kapim.\n\ntayōrbabhūvāpratimassamāgama ssurāsurāṇāmapi sambhramapradaḥ৷৷5.47.12৷৷\n\n"
    },
    {
        "sloka": "rarāsa bhūmirna tatāpa bhānumā nvanau na vāyuḥ pracācala cācalaḥ.\n\nkapēḥ kumārasya ca vīkṣya saṅyugaṅ nanāda ca dyaurudadhiśca cukṣubhē৷৷5.47.13৷৷\n\n"
    },
    {
        "sloka": "tatassa vīrassumukhān patatriṇassuvarṇapuṅkhānsaviṣānivōragān.\n\nsamādhisamyōgavimōkṣatattvaviccharānatha trīnkapimūrdhnyapātayat৷৷5.47.14৷৷\n\n"
    },
    {
        "sloka": "sa tai śśarairmūrdhni samaṅ nipātitaiḥ kṣarannasṛgdigdhavivṛttalōcanaḥ.\n\nnavōditādityanibha śśarāṅśumān vyarājatāditya ivāṅśumālikaḥ৷৷5.47.15৷৷\n\n"
    },
    {
        "sloka": "tatassa piṅgādhipamantrisattamaḥ samīkṣya taṅ rājavarātmajaṅ raṇē.\n\nudagracitrāyudhacitrakārmukaṅ jaharṣa cāpūryata cāhavōnmukhaḥ৷৷5.47.16৷৷\n\n"
    },
    {
        "sloka": "sa mandarāgrastha ivāṅśumālikō vivṛddhakōpō balavīryasaṅyutaḥ.\n\nkumāramakṣaṅ sabalaṅ savāhanaṅ dadāha nētrāgnimarīcibhistadā৷৷5.47.17৷৷\n\n"
    },
    {
        "sloka": "tatassa bāṇāsanacitrakārmuka śśarapravarṣō yudhi rākṣasāmbudaḥ.\n\nśarānmumōcāśu harīśvarācalē valāhakō vṛṣṭimivācalōttamē৷৷5.47.18৷৷\n\n"
    },
    {
        "sloka": "tataḥ kapistaṅ raṇacaṇḍavikramaṅ vivṛddhatējōbalavīryasaṅyutam.\n\nkumāramakṣaṅ prasamīkṣya saṅyugē nanāda harṣād ghanatulyavikramam৷৷5.47.19৷৷\n\n"
    },
    {
        "sloka": "sa bālabhāvādyudhi vīryadarpitaḥ pravṛddhamanyuḥ kṣatajōpamēkṣaṇaḥ.\n\nsamāsasādāpratimaṅ kapiṅ raṇē gajō mahākūpamivāvṛtaṅ tṛṇaiḥ৷৷5.47.20৷৷\n\n"
    },
    {
        "sloka": "sa tēna bāṇaiḥ prasabhaṅ nipātitaiścakāra nādaṅ ghananādanissvanaḥ.\n\nsamutpapātāśu nabhassa mārutirbhujōruvikṣēpaṇaghōradarśanaḥ৷৷5.47.21৷৷\n\n"
    },
    {
        "sloka": "samutpatantaṅ samabhidravadbalī sa rākṣasānāṅ pravaraḥ pratāpavān.\n\nrathī rathiśrēṣṭhatamaḥ kiranśaraiḥ payōdharaśśailamivāśmavṛṣṭibhiḥ৷৷5.47.22৷৷\n\n"
    },
    {
        "sloka": "sa tānśarāṅstasya harirvimōkṣayaṅścacāra vīraḥ pathi vāyusēvitē.\n\nśarāntarē mārutavadviniṣpatanmanōjavassaṅyati caṇḍavikramaḥ৷৷5.47.23৷৷\n\n"
    },
    {
        "sloka": "tamāttabāṇāsanamāhavōnmukhaṅ khamāstṛṇantaṅ viśikhaiśśarōttamaiḥ.\n\navaikṣatākṣaṅ bahumānacakṣuṣā jagāma cintāṅ ca sa mārutātmajaḥ৷৷5.47.24৷৷\n\n"
    },
    {
        "sloka": "tataśśarairbhinnabhujāntaraḥ kapiḥ kumāravīrēṇa mahātmanā nadan.\n\nmahābhujaḥ karmaviśēṣatattvavi dvicintayāmāsa raṇē parākramam৷৷5.47.25৷৷\n\n"
    },
    {
        "sloka": "abālavadbāladivākaraprabhaḥ karōtyayaṅ karma mahanmahābalaḥ.\n\nna cāsya sarvāhavakarmaśōbhinaḥ pramāpaṇē mē matiratra jāyatē৷৷5.47.26৷৷\n\n"
    },
    {
        "sloka": "ayaṅ mahātmā ca mahāṅśca vīryata ssamāhitaścātisahaśca saṅyugē.\n\nasaṅśayaṅ karmaguṇōdayādayaṅ sanāgayakṣairmunibhiśca pūjitaḥ৷৷5.47.27৷৷\n\n"
    },
    {
        "sloka": "parākramōtsāhavivṛddhamānasa ssamīkṣatē māṅ pramukhāgrataḥsthitaḥ.\n\nparākramō hyasya manāṅsi kampayētsurāsurāṇāmapi śīghragāminaḥ৷৷5.47.28৷৷\n\n"
    },
    {
        "sloka": "na khalvayaṅ nābhibhavēdupēkṣitaḥ parākramō hyasya raṇē vivardhatē.\n\npramāpaṇaṅ tvēva mamādya rōcatē na vardhamānō.gnirupēkṣituṅ kṣamaḥ৷৷5.47.29৷৷\n\n"
    },
    {
        "sloka": "iti pravēgaṅ tu parasya cintayansvakarmayōgaṅ ca vidhāya vīryavān.\n\ncakāra vēgaṅ tu mahābalastadā matiṅ ca cakrē.sya vadhē mahākapiḥ৷৷5.47.30৷৷\n\n"
    },
    {
        "sloka": "sa tasya tānaṣṭahayānmahājavān samāhitānbhārasahānvivartanē.\n\njaghāna vīraḥ pathi vāyusēvitē talaprahāraiḥ pavanātmajaḥ kapiḥ৷৷5.47.31৷৷\n\n"
    },
    {
        "sloka": "tatastalēnābhihatō mahāratha ssa tasya piṅgādhipamantrinirjitaḥ.\n\nprabhagnanīḍaḥ parimuktakūbaraḥ papāta bhūmau hatavājirambarāt৷৷5.47.32৷৷\n\n"
    },
    {
        "sloka": "sa taṅ parityajya mahārathō rathaṅ sakārmukaḥ khaṅgadharaḥ khamutpatan.\n\ntapō.bhiyōgādṛṣirugravīryavānvihāya dēhaṅ marutāmivālayam৷৷5.47.33৷৷\n\n"
    },
    {
        "sloka": "tataḥ kapistaṅ vicarantamambarē patatrirājānilasiddhasēvitē.\n\nsamētya taṅ mārutatulyavikramaḥ kramēṇa jagrāha sa pādayōrdṛḍham৷৷5.47.34৷৷\n\n"
    },
    {
        "sloka": "sa taṅ samāvidhya sahasraśaḥ kapirmahōragaṅ gṛhya ivāṇḍajēśvaraḥ.\n\nmumōca vēgātpitṛtulyavikramō mahītalē saṅyati vānarōttamaḥ৷৷5.47.35৷৷\n\n"
    },
    {
        "sloka": "sa bhagnabāhūrukaṭīśirōdharaḥ kṣarannasṛṅinarmathitāsthilōcanaḥ.\n\nsambhagnasandhi: pravikīrṇabandhanō hataḥ kṣitau vāyusutēna rākṣasaḥ৷৷5.47.36৷৷\n\n"
    },
    {
        "sloka": "mahākapirbhūmitalē nipīḍya taṅ cakāra rakṣōdhipatērmahadbhayam.\n\nmaharṣibhiścakracarairmahāvratai ssamētya bhūtaiśca sayakṣapannagaiḥ৷৷5.47.37৷৷\n\nsuraiśca sēndrairbhṛśajātavismayai rhatē kumārē sa kapirnirīkṣitaḥ.\n\n"
    },
    {
        "sloka": "nihatya taṅ vajrisutōpamaprabhaṅ kumāramakṣaṅ kṣatajōpamēkṣaṇam.\n\ntamēva vīrō.bhijagāma tōraṇaṅ kṛtakṣaṇaḥ kāla iva prajākṣayē৷৷5.47.38৷৷\n\n"
    },
    {
        "sloka": "[Death of Prince Aksha in the combat with Hanuman]\n\nsēnāpatīnpañca sa tu pramāpitān hanūmatā sānucarānsavāhanān.\n\nsamīkṣya rājā samarōddhatōnmukhaṅ kumāramakṣaṅ prasamaikṣatāgrataḥ৷৷5.47.1৷৷\n\n"
    },
    {
        "sloka": "sa tasya dṛṣṭyarpaṇasampracōditaḥ pratāpavānkāñcanacitrakārmukaḥ.\n\nsamutpapātātha sadasyudīritō dvijātimukhyairhaviṣēva pāvakaḥ৷৷5.47.2৷৷\n\n"
    },
    {
        "sloka": "tatō mahadbāladivākaraprabhaṅ prataptajāmbūnadajālasantatam.\n\nrathaṅ samāsthāya yayau sa vīryavānmahāhariṅ taṅ prati nairṛtarṣabhaḥ৷৷5.47.3৷৷\n\n"
    },
    {
        "sloka": "tatastapassaṅgrahasañcayārjitaṅ prataptajāmbūnadajālaśōbhitam.\n\npatākinaṅ ratnavibhūṣitadhvajaṅ manōjavāṣṭāśvavaraiḥ suyōjitam৷৷5.47.4৷৷\n\n"
    },
    {
        "sloka": "surāsurādhṛṣyamasaṅgacāriṇaṅ raviprabhaṅ vyōmacaraṅ samāhitam.\n\nsatūṇamaṣṭāsinibaddhabandhuraṅ yathākramāvēśitaśaktitōmaram৷৷5.47.5৷৷\n\n"
    },
    {
        "sloka": "virājamānaṅ pratipūrṇavastunā sahēmadāmnā śaśisūryavarcasā.\n\ndivākarābhaṅ rathamāsthitastatassa nirjagāmāmaratulyavikramaḥ৷৷5.47.6৷৷\n\n"
    },
    {
        "sloka": "sa pūrayankhaṅ ca mahīṅ ca sācalāṅ turaṅgamātaṅgamahārathasvanaiḥ.\n\nbalaissamētaissahi tōraṇasthitaṅ samarthamāsīnamupāgamatkapim৷৷5.47.7৷৷\n\n"
    },
    {
        "sloka": "sa taṅ samāsādya hariṅ harīkṣaṇō yugāntakālāgnimiva prajākṣayē.\n\navasthitaṅ vismitajātasambhrama ssamaikṣatākṣō bahumānacakṣuṣā৷৷5.47.8৷৷\n\n"
    },
    {
        "sloka": "sa tasya vēgaṅ ca kapērmahātmanaḥ parākramaṅ cāriṣu pārthivātmajaḥ.\n\nvicārayansvaṅ ca balaṅ mahābalō himakṣayē sūrya ivābhivardhatē৷৷5.47.9৷৷\n\n"
    },
    {
        "sloka": "sa jātamanyuḥ prasamīkṣya vikramaṅ sthiraṅ sthirassamyati durnivāraṇam.\n\nsamāhitātmā hanumantamāhavē pracōdayāmāsa śaraistribhi śśitaiḥ৷৷5.47.10৷৷\n\n"
    },
    {
        "sloka": "tataḥ kapiṅ taṅ prasamīkṣya garvitaṅ jitaśramaṅ śatruparājayōrjitam.\n\navaikṣatākṣassamudīrṇamānasassabāṇapāṇiḥ pragṛhītakārmukaḥ৷৷5.47.11৷৷\n\n"
    },
    {
        "sloka": "sa hēmaniṣkāṅgadacārukuṇḍala ssamāsasādā.śuparākramaḥ kapim.\n\ntayōrbabhūvāpratimassamāgama ssurāsurāṇāmapi sambhramapradaḥ৷৷5.47.12৷৷\n\n"
    },
    {
        "sloka": "rarāsa bhūmirna tatāpa bhānumā nvanau na vāyuḥ pracācala cācalaḥ.\n\nkapēḥ kumārasya ca vīkṣya saṅyugaṅ nanāda ca dyaurudadhiśca cukṣubhē৷৷5.47.13৷৷\n\n"
    },
    {
        "sloka": "tatassa vīrassumukhān patatriṇassuvarṇapuṅkhānsaviṣānivōragān.\n\nsamādhisamyōgavimōkṣatattvaviccharānatha trīnkapimūrdhnyapātayat৷৷5.47.14৷৷\n\n"
    },
    {
        "sloka": "sa tai śśarairmūrdhni samaṅ nipātitaiḥ kṣarannasṛgdigdhavivṛttalōcanaḥ.\n\nnavōditādityanibha śśarāṅśumān vyarājatāditya ivāṅśumālikaḥ৷৷5.47.15৷৷\n\n"
    },
    {
        "sloka": "tatassa piṅgādhipamantrisattamaḥ samīkṣya taṅ rājavarātmajaṅ raṇē.\n\nudagracitrāyudhacitrakārmukaṅ jaharṣa cāpūryata cāhavōnmukhaḥ৷৷5.47.16৷৷\n\n"
    },
    {
        "sloka": "sa mandarāgrastha ivāṅśumālikō vivṛddhakōpō balavīryasaṅyutaḥ.\n\nkumāramakṣaṅ sabalaṅ savāhanaṅ dadāha nētrāgnimarīcibhistadā৷৷5.47.17৷৷\n\n"
    },
    {
        "sloka": "tatassa bāṇāsanacitrakārmuka śśarapravarṣō yudhi rākṣasāmbudaḥ.\n\nśarānmumōcāśu harīśvarācalē valāhakō vṛṣṭimivācalōttamē৷৷5.47.18৷৷\n\n"
    },
    {
        "sloka": "tataḥ kapistaṅ raṇacaṇḍavikramaṅ vivṛddhatējōbalavīryasaṅyutam.\n\nkumāramakṣaṅ prasamīkṣya saṅyugē nanāda harṣād ghanatulyavikramam৷৷5.47.19৷৷\n\n"
    },
    {
        "sloka": "sa bālabhāvādyudhi vīryadarpitaḥ pravṛddhamanyuḥ kṣatajōpamēkṣaṇaḥ.\n\nsamāsasādāpratimaṅ kapiṅ raṇē gajō mahākūpamivāvṛtaṅ tṛṇaiḥ৷৷5.47.20৷৷\n\n"
    },
    {
        "sloka": "sa tēna bāṇaiḥ prasabhaṅ nipātitaiścakāra nādaṅ ghananādanissvanaḥ.\n\nsamutpapātāśu nabhassa mārutirbhujōruvikṣēpaṇaghōradarśanaḥ৷৷5.47.21৷৷\n\n"
    },
    {
        "sloka": "samutpatantaṅ samabhidravadbalī sa rākṣasānāṅ pravaraḥ pratāpavān.\n\nrathī rathiśrēṣṭhatamaḥ kiranśaraiḥ payōdharaśśailamivāśmavṛṣṭibhiḥ৷৷5.47.22৷৷\n\n"
    },
    {
        "sloka": "sa tānśarāṅstasya harirvimōkṣayaṅścacāra vīraḥ pathi vāyusēvitē.\n\nśarāntarē mārutavadviniṣpatanmanōjavassaṅyati caṇḍavikramaḥ৷৷5.47.23৷৷\n\n"
    },
    {
        "sloka": "tamāttabāṇāsanamāhavōnmukhaṅ khamāstṛṇantaṅ viśikhaiśśarōttamaiḥ.\n\navaikṣatākṣaṅ bahumānacakṣuṣā jagāma cintāṅ ca sa mārutātmajaḥ৷৷5.47.24৷৷\n\n"
    },
    {
        "sloka": "tataśśarairbhinnabhujāntaraḥ kapiḥ kumāravīrēṇa mahātmanā nadan.\n\nmahābhujaḥ karmaviśēṣatattvavi dvicintayāmāsa raṇē parākramam৷৷5.47.25৷৷\n\n"
    },
    {
        "sloka": "abālavadbāladivākaraprabhaḥ karōtyayaṅ karma mahanmahābalaḥ.\n\nna cāsya sarvāhavakarmaśōbhinaḥ pramāpaṇē mē matiratra jāyatē৷৷5.47.26৷৷\n\n"
    },
    {
        "sloka": "ayaṅ mahātmā ca mahāṅśca vīryata ssamāhitaścātisahaśca saṅyugē.\n\nasaṅśayaṅ karmaguṇōdayādayaṅ sanāgayakṣairmunibhiśca pūjitaḥ৷৷5.47.27৷৷\n\n"
    },
    {
        "sloka": "parākramōtsāhavivṛddhamānasa ssamīkṣatē māṅ pramukhāgrataḥsthitaḥ.\n\nparākramō hyasya manāṅsi kampayētsurāsurāṇāmapi śīghragāminaḥ৷৷5.47.28৷৷\n\n"
    },
    {
        "sloka": "na khalvayaṅ nābhibhavēdupēkṣitaḥ parākramō hyasya raṇē vivardhatē.\n\npramāpaṇaṅ tvēva mamādya rōcatē na vardhamānō.gnirupēkṣituṅ kṣamaḥ৷৷5.47.29৷৷\n\n"
    },
    {
        "sloka": "iti pravēgaṅ tu parasya cintayansvakarmayōgaṅ ca vidhāya vīryavān.\n\ncakāra vēgaṅ tu mahābalastadā matiṅ ca cakrē.sya vadhē mahākapiḥ৷৷5.47.30৷৷\n\n"
    },
    {
        "sloka": "sa tasya tānaṣṭahayānmahājavān samāhitānbhārasahānvivartanē.\n\njaghāna vīraḥ pathi vāyusēvitē talaprahāraiḥ pavanātmajaḥ kapiḥ৷৷5.47.31৷৷\n\n"
    },
    {
        "sloka": "tatastalēnābhihatō mahāratha ssa tasya piṅgādhipamantrinirjitaḥ.\n\nprabhagnanīḍaḥ parimuktakūbaraḥ papāta bhūmau hatavājirambarāt৷৷5.47.32৷৷\n\n"
    },
    {
        "sloka": "sa taṅ parityajya mahārathō rathaṅ sakārmukaḥ khaṅgadharaḥ khamutpatan.\n\ntapō.bhiyōgādṛṣirugravīryavānvihāya dēhaṅ marutāmivālayam৷৷5.47.33৷৷\n\n"
    },
    {
        "sloka": "tataḥ kapistaṅ vicarantamambarē patatrirājānilasiddhasēvitē.\n\nsamētya taṅ mārutatulyavikramaḥ kramēṇa jagrāha sa pādayōrdṛḍham৷৷5.47.34৷৷\n\n"
    },
    {
        "sloka": "sa taṅ samāvidhya sahasraśaḥ kapirmahōragaṅ gṛhya ivāṇḍajēśvaraḥ.\n\nmumōca vēgātpitṛtulyavikramō mahītalē saṅyati vānarōttamaḥ৷৷5.47.35৷৷\n\n"
    },
    {
        "sloka": "sa bhagnabāhūrukaṭīśirōdharaḥ kṣarannasṛṅinarmathitāsthilōcanaḥ.\n\nsambhagnasandhi: pravikīrṇabandhanō hataḥ kṣitau vāyusutēna rākṣasaḥ৷৷5.47.36৷৷\n\n"
    },
    {
        "sloka": "mahākapirbhūmitalē nipīḍya taṅ cakāra rakṣōdhipatērmahadbhayam.\n\nmaharṣibhiścakracarairmahāvratai ssamētya bhūtaiśca sayakṣapannagaiḥ৷৷5.47.37৷৷\n\nsuraiśca sēndrairbhṛśajātavismayai rhatē kumārē sa kapirnirīkṣitaḥ.\n\n"
    },
    {
        "sloka": "nihatya taṅ vajrisutōpamaprabhaṅ kumāramakṣaṅ kṣatajōpamēkṣaṇam.\n\ntamēva vīrō.bhijagāma tōraṇaṅ kṛtakṣaṇaḥ kāla iva prajākṣayē৷৷5.47.38৷৷\n\n"
    }
]