[
    {
        "sloka": "[Hanuman reaches the main entrance of Lanka  assuming a diminutive form.] \n\nsa sāgaramanādṛṣyamatikramya mahābalaḥ.       \n\ntrikūṭaśikharē laṅkāṅ sthitāṅ svasthō dadarśa ha৷৷5.2.1৷৷\n\n"
    },
    {
        "sloka": "tataḥ pādamamuktēna puṣpavarṣēṇa vīryavān.\n\nabhivṛṣṭaḥ sthitastatra babhau puṣpamayō yathā৷৷5.2.2৷৷\n\n"
    },
    {
        "sloka": "yōjanānāṅ śataṅ śrīmāṅstīrtvāpyuttamavikramaḥ.\n\naniḥśvasan kapistatra na glānimadhigacchati৷৷5.2.3৷৷\n\n"
    },
    {
        "sloka": "śatānyahaṅ yōjanānāṅ kramēyaṅ subahūnyapi.\n\nkiṅ punaḥ sāgarasyāntaṅ saṅkhyātaṅ śatayōjanam৷৷5.2.4৷৷\n\n"
    },
    {
        "sloka": "sa tu vīryavatāṅ śrēṣṭhaḥ plavatāmapi cōttamaḥ.\n\njagāma vēgavān laṅkāṅ laṅghayitvā mahōdadhim৷৷5.2.5৷৷\n\n"
    },
    {
        "sloka": "śādvalāni ca nīlāni gandhavanti vanāni ca.\n\ngaṇḍavanti ca madhyēna jagāma nagavanti ca৷৷5.2.6৷৷\n\n"
    },
    {
        "sloka": "śailāṅśca tarusaṅchannān vanārājīśca puṣpitāḥ.\n\nabhicakrāma tējasvī hanumān plavagarṣabhaḥ৷৷5.2.7৷৷\n\n"
    },
    {
        "sloka": "sa tasminnacalē tiṣṭhanvanānyupavanāni ca.\n\nsa nagāgrē ca tāṅ laṅkāṅ dadarśa pavanātmajaḥ৷৷5.2.8৷৷\n\n"
    },
    {
        "sloka": "saralān karṇikārāṅśca kharjūrāṅśca supuṣpitān.\n\npriyālūnmuculindāṅśca kuṭajān kētakānapi৷৷5.2.9৷৷\n\npriyaṅṅgūn gandhapūrṇāṅśca nīpān saptacchadāṅstathā.\n\nāsanān kōvidārāṅśca karavīrāṅśca puṣpitān৷৷5.2.10৷৷\n\npuṣpabhāranibaddhāṅśca tathā mukulitānapi.\n\npādapān vihagākīrṇān pavanādhūtamastakān৷৷5.2.11৷৷\n\nhaṅsakāraṇḍavākīrṇā vāpīḥ padmōtmalāyutāḥ.\n\nākrīḍān vividhān ramyāvan vividhāṅśca jalāśayān৷৷5.2.12৷৷\n\nsantatān vividhairvṛkṣaiḥ sarvartuphalapuṣpitaiḥ.\n\nudyānāni ca ramyāṇi dadarśa kapikuñjaraḥ৷৷5.2.13৷৷\n\n"
    },
    {
        "sloka": "samāsādya ca lakṣmīvān laṅkāṅ rāvaṇapālitām.\n\nparikhābhiḥ sapadmābhiḥ sōtpalābhiralaṅkṛtām৷৷5.2.14৷৷\n\nsītāpaharaṇārthēna rāvaṇēna surakṣitām.\n\nsamantādvicaradbhiśca rākṣasairugradhanvibhiḥ৷৷5.2.15৷৷\n\nkāñcanēnāvṛtāṅ ramyāṅ prākārēṇa mahāpurīm.\n\ngṛhaiśca grahasaṅkāśaiḥ śāradāmbudasannibhaiḥ৷৷5.2.16৷৷\n\npāṇḍurābhiḥ pratōlībhiruccābhirabhisaṅvṛtām.\n\naṭṭālakaśatākīrṇāṅ patākādhvajamālinīm৷৷5.2.17৷৷\n\ntōraṇaiḥ kāñcanairdivyairlatāpaṅtkivicitritaiḥ.\n\ndadarśa hanumān laṅkāṅ divi dēvapurīṅ yathā৷৷5.2.18৷৷\n\n"
    },
    {
        "sloka": "girimūrdhniṅ sthitāṅ laṅkāṅ pāṇḍurairbhavanaiḥ śubhaiḥ.\n\ndadarśa sa kapiśrēṣṭhaḥ puramākāśagaṅ yathā৷৷5.2.19৷৷\n\n"
    },
    {
        "sloka": "pālitāṅ rākṣasēndrēṇa nirmitāṅ viśvakarmaṇā.\n\nplavamānamivākāśē dadarśa hanumān purīm৷৷5.2.20৷৷\n\n"
    },
    {
        "sloka": "vapraprākārajaghanāṅ vipulāmbunavāmbarām.\n\nśataghnīśūlakēśāntāmaṭṭālakavataṅsakām৷৷5.2.21৷৷\n\nmanasēva kṛtāṅ laṅkāṅ nirmitāṅ viśvakarmaṇā.\n\ndvāramuttaramāsādya cintayāmāsa vānaraḥ৷৷5.2.22৷৷\n\n"
    },
    {
        "sloka": "kailāsaśikharaprakhyāmālikhantīmivāmbaram.\n\nḍīyamānāmivākāśamucchritairbhavanōttamaiḥ৷৷5.2.23৷৷\n\nsampūrṇāṅ rākṣasairghōrairnāgairbhōgavatīmiva.\n\nacintyāṅ sukṛtāṅ spaṣṭāṅ kubērādhyuṣitāṅ purā৷৷5.2.24৷৷\n\ndaṅṣṭribhirbahubhiḥ śūraiḥ śūlapaṭṭasapāṇibhiḥ.\n\nrakṣitāṅ rākṣasairghōrairguhāmāśīviṣairiva৷৷5.2.25৷৷\n\ntasyāśca mahatīṅ guptiṅ sāgaraṅ ca nirīkṣya saḥ.\n\nrāvaṇaṅ ca ripuṅ ghōraṅ cintayāmāsa vānaraḥ৷৷5.2.26৷৷\n\n"
    },
    {
        "sloka": "āgatyāpīha harayō bhaviṣyanti nirarthakāḥ.\n\nna hi yuddēna vai laṅkā śakyā jētuṅ surairapi৷৷5.2.27৷৷\n\n"
    },
    {
        "sloka": "imāṅ tu viṣamāṅ durgāṅ laṅkāṅ rāvaṇapālitām.\n\nprāpyāpi sa mahābāhuḥ kiṅ kariṣyati rāghavaḥ৷৷5.2.28৷৷\n\n"
    },
    {
        "sloka": "avakāśō nasāntvasya rākṣasēṣvabhigamyatē.\n\nna dānasya na bhēdasya naiva yuddhasya dṛśyatē৷৷5.2.29৷৷\n\n"
    },
    {
        "sloka": "caturṇāmēva hi gatirvānarāṇāṅ mahātmanām.\n\nvāliputrasya nīlasya mama rājñaśca dhīmataḥ৷৷5.2.30৷৷\n\n"
    },
    {
        "sloka": "yāvajjānāmi vaidēhīṅ yadi jīvati vā na vā.\n\ntatraiva cintayiṣyāmi dṛṣṭvā tāṅ janakātmajām৷৷5.2.31৷৷\n\n"
    },
    {
        "sloka": "tataḥ sa cintayāmāsa muhūrtaṅ kapikuñjaraḥ.\n\ngiriśṛṅgē sthitastasmin rāmasyābhyudayē rataḥ৷৷5.2.32৷৷\n\n"
    },
    {
        "sloka": "anēna rūpēṇa mayā na śakyā rakṣasāṅ purī.\n\npravēṣṭuṅ rākṣasairguptā krūrairbalasamanvitaiḥ৷৷5.2.33৷৷\n\n"
    },
    {
        "sloka": "ugraujasō mahāvīryā balavantaśca rākṣasāḥ.\n\nvañcanīyā mayā sarvē jānakīṅ parimārgatā৷৷5.2.34৷৷\n\n"
    },
    {
        "sloka": "lakṣyālakṣyēṇa rūpēṇa rātrau laṅkā purī mayā.\n\npravēṣṭuṅ prāptakālaṅ mē kṛtyaṅ sādhayituṅ mahat৷৷5.2.35৷৷\n\n"
    },
    {
        "sloka": "tāṅ purīṅ tādṛśīṅ dṛṣṭvā durādharṣāṅ surāsuraiḥ.\n\nhanumān cintayāmāsa viniścitya muhurmuhuḥ৷৷5.2.36৷৷\n\n"
    },
    {
        "sloka": "kēnōpāyēna paśyēyaṅ maithilīṅ janakātmajām.\n\nadṛṣṭō rākṣasēndrēṇa rāvaṇēna durātmanā৷৷5.2.37৷৷\n\n"
    },
    {
        "sloka": "na vinaśyētkathaṅ kāryaṅ rāmasya viditātmanaḥ.\n\nēkāmēkaśca vaśyēyaṅ rahitē janakātmajām৷৷5.2.38৷৷\n\n"
    },
    {
        "sloka": "bhūtāścārthā vipadyantē dēśakālavirōdhitāḥ.\n\nviklabaṅ dūtamāsādya tamaḥ sūryōdayē yathā৷৷5.2.39৷৷\n\n"
    },
    {
        "sloka": "arthānarthāntarē buddhirniścitāpi na śōbhatē.\n\nghātayanti hi kāryāṇi dūtāḥ paṇḍitamāninaḥ৷৷5.2.40৷৷\n\n"
    },
    {
        "sloka": "na  vinaśyētkathaṅ kāryaṅ vaiklabyaṅ na kathaṅ bhavēt.\n\nlaṅghanaṅ ca samudrasya kathaṅ nu na vṛthā bhavēt৷৷5.2.41৷৷\n\n"
    },
    {
        "sloka": "mayi dṛṣṭē tu rakṣōbhī rāmasya viditātmanaḥ.\n\nbhavēdvyarthamidaṅ kāryaṅ rāvaṇānarthamicchataḥ৷৷5.2.42৷৷\n\n"
    },
    {
        "sloka": "na hi śakyaṅ kvacit sthātumavijñātēna rākṣasaiḥ.\n\napi rākṣasarūpēṇa kimutānyēna kēnacit৷৷5.2.43৷৷\n\n"
    },
    {
        "sloka": "vāyurapyatra nājñātaścarēditi matirmama.\n\nna hya styaviditaṅ kiñcidrākṣasānāṅ balīyasām৷৷5.2.44৷৷\n\n"
    },
    {
        "sloka": "ihāhaṅ yadi tiṣṭhāmi svēna rūpēṇa saṅvṛtaḥ.\n\nvināśamupayāsyāmi bharturarthaśca hīyatē৷৷5.2.45৷৷\n\n"
    },
    {
        "sloka": "tadahaṅ svēna rūpēṇa rajanyāṅ hrasvatāṅ gataḥ.\n\nlaṅkāmabhipatiṣyāmi rāghavasyārthasiddhayē৷৷5.2.46৷৷\n\n"
    },
    {
        "sloka": "rāvaṇasya purīṅ rātrau praviśya sudurāsadām.\n\nvicinvan bhavanaṅ sarvaṅ drakṣyāmi janakātmajām৷৷5.2.47৷৷\n\n"
    },
    {
        "sloka": "iti sañcintya hanumān sūryasyāstamayaṅ kapiḥ.\n\nācakāṅkṣē tadā vīrō vaidēhyā darśanōtsukaḥ৷৷5.2.48৷৷\n\n"
    },
    {
        "sloka": "sūryē cāstaṅ gatē rātrau dēhaṅ saṅkṣipya mārutiḥ.\n\npṛṣadaṅśakamātraḥ san babhūvādbhutadarśanaḥ৷৷5.2.49৷৷\n\n"
    },
    {
        "sloka": "pradōṣakālē hanumāṅstūrṇamutplutya vīryavān.\n\npravivēśa purīṅ ramyāṅ suvibhaktamahāpathām৷৷5.2.50৷৷\n\n"
    },
    {
        "sloka": "prāsādamālāvitatāṅ stambhaiḥ kāñcanarājataiḥ.\n\nśātakumbhamayairjālairgantharvanagarōpamām৷৷5.2.51৷৷\n\nsaptabhaumāṣṭabhaumaiśca sa dadarśa mahāpurīm.\n\ntalaiḥ sphāṭikasaṅkīrṇaiḥ kārtasvaravibhūṣitaiḥ৷৷5.2.52৷৷\n\n"
    },
    {
        "sloka": "vaiḍūryamaṇicitraiśca muktājālavibhūṣitaiḥ.\n\ntalaiḥ śuśubhirē tāni bhavanānyatra rakṣasām৷৷5.2.53৷৷\n\n"
    },
    {
        "sloka": "kāñcanāni ca citrāṇi tōraṇāni ca rakṣasām.\n\nlaṅkāmudyōtayāmāsuḥ sarvataḥ samalaṅkṛtām৷৷5.2.54৷৷\n\n"
    },
    {
        "sloka": "acintyāmadbhutākārāṅ dṛṣṭavā laṅkāṅ mahākapiḥ.\n\nāsīdviṣaṇṇō hṛṣṭaśca vaidēhyā darśanōtsukaḥ৷৷5.2.55৷৷\n\n"
    },
    {
        "sloka": "sa pāṇḍurāviddhavimānamālinīṅ mahārhajāmbūnadajālatōraṇām.\n\nyaśasvinīṅ rāvaṇabāhupālitāṅ kṣapācarairbhīmabalaiḥ samāvṛtām৷৷5.2.56৷৷\n\n"
    },
    {
        "sloka": "candrō.pi sācivyamivāsya kurvaṅstārāgaṇairmadhyagatō virājan.\n\njyōtsnāvitānēna vitatya lōka muttiṣṭhatē naikasahasraraśmi:৷৷5.2.57৷৷\n\n"
    },
    {
        "sloka": "śaṅkhaprabhaṅ kṣīramṛṇālavarṇa mudgacchamānaṅ vyavabhāsamānam.\n\ndadarśa candraṅ sa haripravīraḥ pōplūyamānaṅ sarasīva haṅsam৷৷5.2.58৷৷\n\n"
    },
    {
        "sloka": "[Hanuman reaches the main entrance of Lanka  assuming a diminutive form.] \n\nsa sāgaramanādṛṣyamatikramya mahābalaḥ.       \n\ntrikūṭaśikharē laṅkāṅ sthitāṅ svasthō dadarśa ha৷৷5.2.1৷৷\n\n"
    },
    {
        "sloka": "tataḥ pādamamuktēna puṣpavarṣēṇa vīryavān.\n\nabhivṛṣṭaḥ sthitastatra babhau puṣpamayō yathā৷৷5.2.2৷৷\n\n"
    },
    {
        "sloka": "yōjanānāṅ śataṅ śrīmāṅstīrtvāpyuttamavikramaḥ.\n\naniḥśvasan kapistatra na glānimadhigacchati৷৷5.2.3৷৷\n\n"
    },
    {
        "sloka": "śatānyahaṅ yōjanānāṅ kramēyaṅ subahūnyapi.\n\nkiṅ punaḥ sāgarasyāntaṅ saṅkhyātaṅ śatayōjanam৷৷5.2.4৷৷\n\n"
    },
    {
        "sloka": "sa tu vīryavatāṅ śrēṣṭhaḥ plavatāmapi cōttamaḥ.\n\njagāma vēgavān laṅkāṅ laṅghayitvā mahōdadhim৷৷5.2.5৷৷\n\n"
    },
    {
        "sloka": "śādvalāni ca nīlāni gandhavanti vanāni ca.\n\ngaṇḍavanti ca madhyēna jagāma nagavanti ca৷৷5.2.6৷৷\n\n"
    },
    {
        "sloka": "śailāṅśca tarusaṅchannān vanārājīśca puṣpitāḥ.\n\nabhicakrāma tējasvī hanumān plavagarṣabhaḥ৷৷5.2.7৷৷\n\n"
    },
    {
        "sloka": "sa tasminnacalē tiṣṭhanvanānyupavanāni ca.\n\nsa nagāgrē ca tāṅ laṅkāṅ dadarśa pavanātmajaḥ৷৷5.2.8৷৷\n\n"
    },
    {
        "sloka": "saralān karṇikārāṅśca kharjūrāṅśca supuṣpitān.\n\npriyālūnmuculindāṅśca kuṭajān kētakānapi৷৷5.2.9৷৷\n\npriyaṅṅgūn gandhapūrṇāṅśca nīpān saptacchadāṅstathā.\n\nāsanān kōvidārāṅśca karavīrāṅśca puṣpitān৷৷5.2.10৷৷\n\npuṣpabhāranibaddhāṅśca tathā mukulitānapi.\n\npādapān vihagākīrṇān pavanādhūtamastakān৷৷5.2.11৷৷\n\nhaṅsakāraṇḍavākīrṇā vāpīḥ padmōtmalāyutāḥ.\n\nākrīḍān vividhān ramyāvan vividhāṅśca jalāśayān৷৷5.2.12৷৷\n\nsantatān vividhairvṛkṣaiḥ sarvartuphalapuṣpitaiḥ.\n\nudyānāni ca ramyāṇi dadarśa kapikuñjaraḥ৷৷5.2.13৷৷\n\n"
    },
    {
        "sloka": "samāsādya ca lakṣmīvān laṅkāṅ rāvaṇapālitām.\n\nparikhābhiḥ sapadmābhiḥ sōtpalābhiralaṅkṛtām৷৷5.2.14৷৷\n\nsītāpaharaṇārthēna rāvaṇēna surakṣitām.\n\nsamantādvicaradbhiśca rākṣasairugradhanvibhiḥ৷৷5.2.15৷৷\n\nkāñcanēnāvṛtāṅ ramyāṅ prākārēṇa mahāpurīm.\n\ngṛhaiśca grahasaṅkāśaiḥ śāradāmbudasannibhaiḥ৷৷5.2.16৷৷\n\npāṇḍurābhiḥ pratōlībhiruccābhirabhisaṅvṛtām.\n\naṭṭālakaśatākīrṇāṅ patākādhvajamālinīm৷৷5.2.17৷৷\n\ntōraṇaiḥ kāñcanairdivyairlatāpaṅtkivicitritaiḥ.\n\ndadarśa hanumān laṅkāṅ divi dēvapurīṅ yathā৷৷5.2.18৷৷\n\n"
    },
    {
        "sloka": "girimūrdhniṅ sthitāṅ laṅkāṅ pāṇḍurairbhavanaiḥ śubhaiḥ.\n\ndadarśa sa kapiśrēṣṭhaḥ puramākāśagaṅ yathā৷৷5.2.19৷৷\n\n"
    },
    {
        "sloka": "pālitāṅ rākṣasēndrēṇa nirmitāṅ viśvakarmaṇā.\n\nplavamānamivākāśē dadarśa hanumān purīm৷৷5.2.20৷৷\n\n"
    },
    {
        "sloka": "vapraprākārajaghanāṅ vipulāmbunavāmbarām.\n\nśataghnīśūlakēśāntāmaṭṭālakavataṅsakām৷৷5.2.21৷৷\n\nmanasēva kṛtāṅ laṅkāṅ nirmitāṅ viśvakarmaṇā.\n\ndvāramuttaramāsādya cintayāmāsa vānaraḥ৷৷5.2.22৷৷\n\n"
    },
    {
        "sloka": "kailāsaśikharaprakhyāmālikhantīmivāmbaram.\n\nḍīyamānāmivākāśamucchritairbhavanōttamaiḥ৷৷5.2.23৷৷\n\nsampūrṇāṅ rākṣasairghōrairnāgairbhōgavatīmiva.\n\nacintyāṅ sukṛtāṅ spaṣṭāṅ kubērādhyuṣitāṅ purā৷৷5.2.24৷৷\n\ndaṅṣṭribhirbahubhiḥ śūraiḥ śūlapaṭṭasapāṇibhiḥ.\n\nrakṣitāṅ rākṣasairghōrairguhāmāśīviṣairiva৷৷5.2.25৷৷\n\ntasyāśca mahatīṅ guptiṅ sāgaraṅ ca nirīkṣya saḥ.\n\nrāvaṇaṅ ca ripuṅ ghōraṅ cintayāmāsa vānaraḥ৷৷5.2.26৷৷\n\n"
    },
    {
        "sloka": "āgatyāpīha harayō bhaviṣyanti nirarthakāḥ.\n\nna hi yuddēna vai laṅkā śakyā jētuṅ surairapi৷৷5.2.27৷৷\n\n"
    },
    {
        "sloka": "imāṅ tu viṣamāṅ durgāṅ laṅkāṅ rāvaṇapālitām.\n\nprāpyāpi sa mahābāhuḥ kiṅ kariṣyati rāghavaḥ৷৷5.2.28৷৷\n\n"
    },
    {
        "sloka": "avakāśō nasāntvasya rākṣasēṣvabhigamyatē.\n\nna dānasya na bhēdasya naiva yuddhasya dṛśyatē৷৷5.2.29৷৷\n\n"
    },
    {
        "sloka": "caturṇāmēva hi gatirvānarāṇāṅ mahātmanām.\n\nvāliputrasya nīlasya mama rājñaśca dhīmataḥ৷৷5.2.30৷৷\n\n"
    },
    {
        "sloka": "yāvajjānāmi vaidēhīṅ yadi jīvati vā na vā.\n\ntatraiva cintayiṣyāmi dṛṣṭvā tāṅ janakātmajām৷৷5.2.31৷৷\n\n"
    },
    {
        "sloka": "tataḥ sa cintayāmāsa muhūrtaṅ kapikuñjaraḥ.\n\ngiriśṛṅgē sthitastasmin rāmasyābhyudayē rataḥ৷৷5.2.32৷৷\n\n"
    },
    {
        "sloka": "anēna rūpēṇa mayā na śakyā rakṣasāṅ purī.\n\npravēṣṭuṅ rākṣasairguptā krūrairbalasamanvitaiḥ৷৷5.2.33৷৷\n\n"
    },
    {
        "sloka": "ugraujasō mahāvīryā balavantaśca rākṣasāḥ.\n\nvañcanīyā mayā sarvē jānakīṅ parimārgatā৷৷5.2.34৷৷\n\n"
    },
    {
        "sloka": "lakṣyālakṣyēṇa rūpēṇa rātrau laṅkā purī mayā.\n\npravēṣṭuṅ prāptakālaṅ mē kṛtyaṅ sādhayituṅ mahat৷৷5.2.35৷৷\n\n"
    },
    {
        "sloka": "tāṅ purīṅ tādṛśīṅ dṛṣṭvā durādharṣāṅ surāsuraiḥ.\n\nhanumān cintayāmāsa viniścitya muhurmuhuḥ৷৷5.2.36৷৷\n\n"
    },
    {
        "sloka": "kēnōpāyēna paśyēyaṅ maithilīṅ janakātmajām.\n\nadṛṣṭō rākṣasēndrēṇa rāvaṇēna durātmanā৷৷5.2.37৷৷\n\n"
    },
    {
        "sloka": "na vinaśyētkathaṅ kāryaṅ rāmasya viditātmanaḥ.\n\nēkāmēkaśca vaśyēyaṅ rahitē janakātmajām৷৷5.2.38৷৷\n\n"
    },
    {
        "sloka": "bhūtāścārthā vipadyantē dēśakālavirōdhitāḥ.\n\nviklabaṅ dūtamāsādya tamaḥ sūryōdayē yathā৷৷5.2.39৷৷\n\n"
    },
    {
        "sloka": "arthānarthāntarē buddhirniścitāpi na śōbhatē.\n\nghātayanti hi kāryāṇi dūtāḥ paṇḍitamāninaḥ৷৷5.2.40৷৷\n\n"
    },
    {
        "sloka": "na  vinaśyētkathaṅ kāryaṅ vaiklabyaṅ na kathaṅ bhavēt.\n\nlaṅghanaṅ ca samudrasya kathaṅ nu na vṛthā bhavēt৷৷5.2.41৷৷\n\n"
    },
    {
        "sloka": "mayi dṛṣṭē tu rakṣōbhī rāmasya viditātmanaḥ.\n\nbhavēdvyarthamidaṅ kāryaṅ rāvaṇānarthamicchataḥ৷৷5.2.42৷৷\n\n"
    },
    {
        "sloka": "na hi śakyaṅ kvacit sthātumavijñātēna rākṣasaiḥ.\n\napi rākṣasarūpēṇa kimutānyēna kēnacit৷৷5.2.43৷৷\n\n"
    },
    {
        "sloka": "vāyurapyatra nājñātaścarēditi matirmama.\n\nna hya styaviditaṅ kiñcidrākṣasānāṅ balīyasām৷৷5.2.44৷৷\n\n"
    },
    {
        "sloka": "ihāhaṅ yadi tiṣṭhāmi svēna rūpēṇa saṅvṛtaḥ.\n\nvināśamupayāsyāmi bharturarthaśca hīyatē৷৷5.2.45৷৷\n\n"
    },
    {
        "sloka": "tadahaṅ svēna rūpēṇa rajanyāṅ hrasvatāṅ gataḥ.\n\nlaṅkāmabhipatiṣyāmi rāghavasyārthasiddhayē৷৷5.2.46৷৷\n\n"
    },
    {
        "sloka": "rāvaṇasya purīṅ rātrau praviśya sudurāsadām.\n\nvicinvan bhavanaṅ sarvaṅ drakṣyāmi janakātmajām৷৷5.2.47৷৷\n\n"
    },
    {
        "sloka": "iti sañcintya hanumān sūryasyāstamayaṅ kapiḥ.\n\nācakāṅkṣē tadā vīrō vaidēhyā darśanōtsukaḥ৷৷5.2.48৷৷\n\n"
    },
    {
        "sloka": "sūryē cāstaṅ gatē rātrau dēhaṅ saṅkṣipya mārutiḥ.\n\npṛṣadaṅśakamātraḥ san babhūvādbhutadarśanaḥ৷৷5.2.49৷৷\n\n"
    },
    {
        "sloka": "pradōṣakālē hanumāṅstūrṇamutplutya vīryavān.\n\npravivēśa purīṅ ramyāṅ suvibhaktamahāpathām৷৷5.2.50৷৷\n\n"
    },
    {
        "sloka": "prāsādamālāvitatāṅ stambhaiḥ kāñcanarājataiḥ.\n\nśātakumbhamayairjālairgantharvanagarōpamām৷৷5.2.51৷৷\n\nsaptabhaumāṣṭabhaumaiśca sa dadarśa mahāpurīm.\n\ntalaiḥ sphāṭikasaṅkīrṇaiḥ kārtasvaravibhūṣitaiḥ৷৷5.2.52৷৷\n\n"
    },
    {
        "sloka": "vaiḍūryamaṇicitraiśca muktājālavibhūṣitaiḥ.\n\ntalaiḥ śuśubhirē tāni bhavanānyatra rakṣasām৷৷5.2.53৷৷\n\n"
    },
    {
        "sloka": "kāñcanāni ca citrāṇi tōraṇāni ca rakṣasām.\n\nlaṅkāmudyōtayāmāsuḥ sarvataḥ samalaṅkṛtām৷৷5.2.54৷৷\n\n"
    },
    {
        "sloka": "acintyāmadbhutākārāṅ dṛṣṭavā laṅkāṅ mahākapiḥ.\n\nāsīdviṣaṇṇō hṛṣṭaśca vaidēhyā darśanōtsukaḥ৷৷5.2.55৷৷\n\n"
    },
    {
        "sloka": "sa pāṇḍurāviddhavimānamālinīṅ mahārhajāmbūnadajālatōraṇām.\n\nyaśasvinīṅ rāvaṇabāhupālitāṅ kṣapācarairbhīmabalaiḥ samāvṛtām৷৷5.2.56৷৷\n\n"
    },
    {
        "sloka": "candrō.pi sācivyamivāsya kurvaṅstārāgaṇairmadhyagatō virājan.\n\njyōtsnāvitānēna vitatya lōka muttiṣṭhatē naikasahasraraśmi:৷৷5.2.57৷৷\n\n"
    },
    {
        "sloka": "śaṅkhaprabhaṅ kṣīramṛṇālavarṇa mudgacchamānaṅ vyavabhāsamānam.\n\ndadarśa candraṅ sa haripravīraḥ pōplūyamānaṅ sarasīva haṅsam৷৷5.2.58৷৷\n\n"
    }
]