[
    {
        "sloka": "[Hanuman destroys the demons in the palace]\n\ntatassa kiṅkarānhatvā hanumāndhyānamāsthitaḥ.\n\nvanaṅ bhagnaṅ mayā caityaprāsādō na vināśitaḥ৷৷5.43.1৷৷\n\ntasmātprāsādamapyēvaṅ bhīmaṅ vidhvaṅsayāmyahaṅ.\n\niti sañcintya manasā hanumāndarśayanbalam৷৷5.43.2৷৷\n\ncaityaprāsādamāplutya mēruśṛṅgamivōnnatam.\n\nārurōha kapiśrēṣṭhō hanumānmārutātmajaḥ৷৷5.43.3৷৷\n\n"
    },
    {
        "sloka": "āruhya girisaṅkāśaṅ prāsādaṅ hariyūthapaḥ.\n\nbabhau sa sumahātējāḥ pratisūrya ivōditaḥ৷৷5.43.4৷৷\n\n"
    },
    {
        "sloka": "saṅpradhṛṣya ca durdharṣaṅ caityaprāsādamuttamam.\n\nhanumānprajvalanlakṣmyā pāriyātrōpamō.bhavat৷৷5.43.5৷৷\n\n"
    },
    {
        "sloka": "sa bhūtvā sumahākāyaḥ prabhāvānmārutātmajaḥ.\n\ndhṛṣṭamāsphōṭayāmāsa laṅkāṅ śabdēna pūrayan৷৷5.43.6৷৷\n\n"
    },
    {
        "sloka": "tasyāsphōṭitaśabdēna mahatā śrōtraghātinā.\n\npēturvihaṅgamāstatra caityapālāśca mōhitāḥ৷৷5.43.7৷৷\n\n"
    },
    {
        "sloka": "astravijjayatāṅ rāmō lakṣmaṇaśca mahābalaḥ.\n\nrājā jayati sugrīvō rāghavēṇābhipālitaḥ৷৷5.43.8৷৷\n\n"
    },
    {
        "sloka": "dāsō.haṅ kōsalēndrasya rāmasyākliṣṭakarmaṇaḥ.\n\nhanumānśatrusainyānāṅ nihantā mārutātmajaḥ৷৷5.43.9৷৷\n\n"
    },
    {
        "sloka": "na rāvaṇasahasraṅ mē yuddhē pratibalaṅ bhavēt.\n\nśilābhistu praharataḥ pādapaiśca sahasraśaḥ৷৷5.43.10৷৷\n\n"
    },
    {
        "sloka": "ardayitvā purīṅ laṅkāmabhivādya ca maithilīm.\n\nsamṛddhārthō gamiṣyāmi miṣatāṅ sarvarakṣasām৷৷5.43.11৷৷\n\n"
    },
    {
        "sloka": "ēvamuktvā vimānasthaścaityasthānhariyūthapaḥ.\n\nnanāda bhīmanirhrādō rakṣasāṅ janayanbhayam৷৷5.43.12৷৷\n\n"
    },
    {
        "sloka": "tēna śabdēna mahatā caityapālāśśataṅ yayuḥ.\n\ngṛhītvā vividhānastrānprāsānkhaṅgānparaśvathān৷৷5.43.13৷৷\n\nvisṛjantō mahākāyā mārutiṅ paryavārayan.\n\n"
    },
    {
        "sloka": "tē gadābhirvicitrābhiḥ parighaiḥ kāñcanāṅgadaiḥ.\n\nājaghnurvānaraśrēṣṭhaṅ bāṇaiścādityasannibhaiḥ৷৷5.43.14৷৷\n\n"
    },
    {
        "sloka": "āvarta iva gaṅgāyāstōyasya vipulō mahān.\n\nparikṣipya hariśrēṣṭhaṅ sa babhau rakṣasāṅ gaṇaḥ৷৷5.43.15৷৷\n\n"
    },
    {
        "sloka": "tatō vātātmajaḥ kruddhō bhīma rūpaṅ samāsthitaḥ৷৷5.43.16৷৷\n\nprāsādasya mahantasya stambaṅ hēmapariṣkṛtam.\n\nutpāṭayitvā vēgēna hanumānpavanātmajaḥ৷৷5.43.17৷৷\n\ntatastaṅ bhrāmayāmāsa śatadhāraṅ mahābalaḥ.\n\n"
    },
    {
        "sloka": "tatra cāgnissamabhavatprāsādaścāpyadahyata৷৷5.43.18৷৷\n\ndahyamānaṅ tatō dṛṣṭvā prāsādaṅ hariyūthapaḥ.\n\nsa rākṣasaśataṅ hattvā vajrēṇēndra ivāsurān৷৷5.43.19৷৷\n\nantarikṣē sthitaśśtīmānidaṅ vacanamabravīt.\n\n"
    },
    {
        "sloka": "mādṛśānāṅ sahasrāṇi visṛṣṭāni mahātmanām৷৷5.43.20৷৷\n\nbalināṅ vānarēndrāṇāṅ sugrīvavaśavartinām.\n\naṭanti vasudhāṅ kṛtsnāṅ vayamanyē ca vānarāḥ৷৷5.43.21৷৷\n\n"
    },
    {
        "sloka": "daśanāgabalāḥ kēcitkēciddaśaguṇōttarāḥ.\n\nkēcinnāgasahasrasya babhūvustulyavikramāḥ৷৷5.43.22৷৷\n\n"
    },
    {
        "sloka": "santi caughabalāḥ kēcitkēcidvāyubalōpamāḥ.\n\napramēyabalāścānyē tatrāsanhariyūthapāḥ৷৷5.43.23৷৷\n\n"
    },
    {
        "sloka": "īdṛgvidhaistu haribhirvṛtō dantanakhāyudhaiḥ.\n\nśataiśśatasahasraiśca kōṭībhirayutairapi৷৷5.43.24৷৷\n\nāgamiṣyati sugrīvaḥ sarvēṣāṅ vō niṣūdanaḥ.\n\n"
    },
    {
        "sloka": "nēyamasti purī laṅkā na yūyaṅ na ca rāvaṇaḥ.5.43.25৷৷\n\nyasmādikṣvākunāthēna baddhaṅ vairaṅ mahātmanā.\n\n"
    },
    {
        "sloka": "[Hanuman destroys the demons in the palace]\n\ntatassa kiṅkarānhatvā hanumāndhyānamāsthitaḥ.\n\nvanaṅ bhagnaṅ mayā caityaprāsādō na vināśitaḥ৷৷5.43.1৷৷\n\ntasmātprāsādamapyēvaṅ bhīmaṅ vidhvaṅsayāmyahaṅ.\n\niti sañcintya manasā hanumāndarśayanbalam৷৷5.43.2৷৷\n\ncaityaprāsādamāplutya mēruśṛṅgamivōnnatam.\n\nārurōha kapiśrēṣṭhō hanumānmārutātmajaḥ৷৷5.43.3৷৷\n\n"
    },
    {
        "sloka": "āruhya girisaṅkāśaṅ prāsādaṅ hariyūthapaḥ.\n\nbabhau sa sumahātējāḥ pratisūrya ivōditaḥ৷৷5.43.4৷৷\n\n"
    },
    {
        "sloka": "saṅpradhṛṣya ca durdharṣaṅ caityaprāsādamuttamam.\n\nhanumānprajvalanlakṣmyā pāriyātrōpamō.bhavat৷৷5.43.5৷৷\n\n"
    },
    {
        "sloka": "sa bhūtvā sumahākāyaḥ prabhāvānmārutātmajaḥ.\n\ndhṛṣṭamāsphōṭayāmāsa laṅkāṅ śabdēna pūrayan৷৷5.43.6৷৷\n\n"
    },
    {
        "sloka": "tasyāsphōṭitaśabdēna mahatā śrōtraghātinā.\n\npēturvihaṅgamāstatra caityapālāśca mōhitāḥ৷৷5.43.7৷৷\n\n"
    },
    {
        "sloka": "astravijjayatāṅ rāmō lakṣmaṇaśca mahābalaḥ.\n\nrājā jayati sugrīvō rāghavēṇābhipālitaḥ৷৷5.43.8৷৷\n\n"
    },
    {
        "sloka": "dāsō.haṅ kōsalēndrasya rāmasyākliṣṭakarmaṇaḥ.\n\nhanumānśatrusainyānāṅ nihantā mārutātmajaḥ৷৷5.43.9৷৷\n\n"
    },
    {
        "sloka": "na rāvaṇasahasraṅ mē yuddhē pratibalaṅ bhavēt.\n\nśilābhistu praharataḥ pādapaiśca sahasraśaḥ৷৷5.43.10৷৷\n\n"
    },
    {
        "sloka": "ardayitvā purīṅ laṅkāmabhivādya ca maithilīm.\n\nsamṛddhārthō gamiṣyāmi miṣatāṅ sarvarakṣasām৷৷5.43.11৷৷\n\n"
    },
    {
        "sloka": "ēvamuktvā vimānasthaścaityasthānhariyūthapaḥ.\n\nnanāda bhīmanirhrādō rakṣasāṅ janayanbhayam৷৷5.43.12৷৷\n\n"
    },
    {
        "sloka": "tēna śabdēna mahatā caityapālāśśataṅ yayuḥ.\n\ngṛhītvā vividhānastrānprāsānkhaṅgānparaśvathān৷৷5.43.13৷৷\n\nvisṛjantō mahākāyā mārutiṅ paryavārayan.\n\n"
    },
    {
        "sloka": "tē gadābhirvicitrābhiḥ parighaiḥ kāñcanāṅgadaiḥ.\n\nājaghnurvānaraśrēṣṭhaṅ bāṇaiścādityasannibhaiḥ৷৷5.43.14৷৷\n\n"
    },
    {
        "sloka": "āvarta iva gaṅgāyāstōyasya vipulō mahān.\n\nparikṣipya hariśrēṣṭhaṅ sa babhau rakṣasāṅ gaṇaḥ৷৷5.43.15৷৷\n\n"
    },
    {
        "sloka": "tatō vātātmajaḥ kruddhō bhīma rūpaṅ samāsthitaḥ৷৷5.43.16৷৷\n\nprāsādasya mahantasya stambaṅ hēmapariṣkṛtam.\n\nutpāṭayitvā vēgēna hanumānpavanātmajaḥ৷৷5.43.17৷৷\n\ntatastaṅ bhrāmayāmāsa śatadhāraṅ mahābalaḥ.\n\n"
    },
    {
        "sloka": "tatra cāgnissamabhavatprāsādaścāpyadahyata৷৷5.43.18৷৷\n\ndahyamānaṅ tatō dṛṣṭvā prāsādaṅ hariyūthapaḥ.\n\nsa rākṣasaśataṅ hattvā vajrēṇēndra ivāsurān৷৷5.43.19৷৷\n\nantarikṣē sthitaśśtīmānidaṅ vacanamabravīt.\n\n"
    },
    {
        "sloka": "mādṛśānāṅ sahasrāṇi visṛṣṭāni mahātmanām৷৷5.43.20৷৷\n\nbalināṅ vānarēndrāṇāṅ sugrīvavaśavartinām.\n\naṭanti vasudhāṅ kṛtsnāṅ vayamanyē ca vānarāḥ৷৷5.43.21৷৷\n\n"
    },
    {
        "sloka": "daśanāgabalāḥ kēcitkēciddaśaguṇōttarāḥ.\n\nkēcinnāgasahasrasya babhūvustulyavikramāḥ৷৷5.43.22৷৷\n\n"
    },
    {
        "sloka": "santi caughabalāḥ kēcitkēcidvāyubalōpamāḥ.\n\napramēyabalāścānyē tatrāsanhariyūthapāḥ৷৷5.43.23৷৷\n\n"
    },
    {
        "sloka": "īdṛgvidhaistu haribhirvṛtō dantanakhāyudhaiḥ.\n\nśataiśśatasahasraiśca kōṭībhirayutairapi৷৷5.43.24৷৷\n\nāgamiṣyati sugrīvaḥ sarvēṣāṅ vō niṣūdanaḥ.\n\n"
    },
    {
        "sloka": "nēyamasti purī laṅkā na yūyaṅ na ca rāvaṇaḥ.5.43.25৷৷\n\nyasmādikṣvākunāthēna baddhaṅ vairaṅ mahātmanā.\n\n"
    }
]