[
    {
        "sloka": "[Killing of Jambumali by Hanuman]\n\nsandiṣṭō rākṣasēndrēṇa prahastasya sutō balī.\n\njambumālī mahādaṅṣṭrō nirjagāma dhanurdharaḥ৷৷5.44.1৷৷\n\nraktamālyāmbaradharassragvī rucirakuṇḍalaḥ.\n\nmahānvivṛttanayanaścaṇḍassamaradurjayaḥ৷৷5.44.2৷৷\n\ndhanuśśakradhanuḥ prakhyaṅ mahadrucirasāyakam.\n\nviṣphārayāṇō vēgēna vajrāśanisamasvanam৷৷5.44.3৷৷\n\n"
    },
    {
        "sloka": "tasya viṣphāraghōṣēṇa dhanuṣō mahatā diśaḥ.\n\npradiśaśca nabhaścaiva sahasā samapūryata৷৷5.44.4৷৷\n\n"
    },
    {
        "sloka": "rathēna kharayuktēna tamāgatamudīkṣya saḥ.\n\nhanumānvēgasampannō jaharṣa ca nanāda ca৷৷5.44.5৷৷\n\n"
    },
    {
        "sloka": "taṅ tōraṇaviṭaṅkasthaṅ hanumantaṅ mahākapim.\n\njambumālī mahābāhurvivyādha niśitaiśśaraiḥ৷৷5.44.6৷৷\n\n"
    },
    {
        "sloka": "ardhacandrēṇa vadanē śirasyēkēna karṇinā.\n\nbāhvōrvivyādha nārācairdaśabhistaṅ kapīśvaram৷৷5.44.7৷৷\n\n"
    },
    {
        "sloka": "tasya tacchuśubhē tāmraṅ śarēṇābhihataṅ mukham.\n\nśaradīvāmbujaṅ phullaṅ viddhaṅ bhāskararaśminā৷৷5.44.8৷৷\n\n"
    },
    {
        "sloka": "tattasya raktaṅ raktēna rañjitaṅ śuśubhē mukham.\n\nyathākāśē mahāpadmaṅ siktaṅ candanabindubhiḥ৷৷5.44.9৷৷\n\n"
    },
    {
        "sloka": "cukōpa bāṇābhihatō rākṣasasya mahākapiḥ.\n\ntataḥ pārśvē.tivipulāṅ dadarśa mahatīṅ śilām৷৷5.44.10৷৷\n\n"
    },
    {
        "sloka": "tarasā tāṅ samutpāṭya cikṣēpa balavadbhalī.\n\ntāṅ śarairdaśabhiḥ kruddhastāḍayāmāsa rākṣasaḥ৷৷5.44.11৷৷\n\n"
    },
    {
        "sloka": "vipannaṅ karma taddṛṣṭvā hanumāṅścaṇḍavikramaḥ.\n\nsālaṅ vipulamutpāṭya bhrāmayāmāsa vīryavān৷৷5.44.12৷৷\n\n"
    },
    {
        "sloka": "bhrāmayantaṅ kapiṅ dṛṣṭvā sālavṛkṣaṅ mahābalam.\n\ncikṣēpa subahūnbāṇānjambumālī mahābalaḥ৷৷5.44.13৷৷\n\n"
    },
    {
        "sloka": "sālaṅ caturbhiścicchēda vānaraṅ pañcabhirbhujē.\n\nurasyēkēna bāṇēna daśabhistu stanāntarē৷৷5.44.14৷৷\n\n"
    },
    {
        "sloka": "sa śaraiḥ pūritatanu: krōdhēna mahatā vṛtaḥ.\n\ntamēva parighaṅ gṛhya bhrāmayāmāsa vēgitaḥ৷৷5.44.15৷৷\n\n"
    },
    {
        "sloka": "ativēgō.tivēgēna bhrāmayitvā balōtkaṭaḥ.\n\nparighaṅ pātayāmāsa jambumālērmahōrasi৷৷5.44.16৷৷\n\n"
    },
    {
        "sloka": "tasya caiva śirō nāsti na bāhū na ca jānunī.\n\nna dhanurna rathō nāśvāstatrādṛśyanta nēṣavaḥ৷৷5.44.17৷৷\n\n"
    },
    {
        "sloka": "sa hatassahasā tēna jambumālī mahābalaḥ.\n\npapāta nihatō bhūmau cūrṇitāṅgavibhūṣaṇaḥ৷৷5.44.18৷৷\n\n"
    },
    {
        "sloka": "jambumāliṅ ca nihataṅ kiṅkarāṅśca mahābalān.\n\ncukrōdha rāvaṇaśśutvā kōpasaṅraktalōcanaḥ৷৷5.44.19৷৷\n\n"
    },
    {
        "sloka": "sa rōṣasaṅvartitatāmralōcanaḥ prahastaputtrē nihatē mahābalē.\n\namātyaputtrānativīryavikramān samādidēśāśu niśācarēśvaraḥ৷৷5.44.20৷৷\n\n"
    },
    {
        "sloka": "[Killing of Jambumali by Hanuman]\n\nsandiṣṭō rākṣasēndrēṇa prahastasya sutō balī.\n\njambumālī mahādaṅṣṭrō nirjagāma dhanurdharaḥ৷৷5.44.1৷৷\n\nraktamālyāmbaradharassragvī rucirakuṇḍalaḥ.\n\nmahānvivṛttanayanaścaṇḍassamaradurjayaḥ৷৷5.44.2৷৷\n\ndhanuśśakradhanuḥ prakhyaṅ mahadrucirasāyakam.\n\nviṣphārayāṇō vēgēna vajrāśanisamasvanam৷৷5.44.3৷৷\n\n"
    },
    {
        "sloka": "tasya viṣphāraghōṣēṇa dhanuṣō mahatā diśaḥ.\n\npradiśaśca nabhaścaiva sahasā samapūryata৷৷5.44.4৷৷\n\n"
    },
    {
        "sloka": "rathēna kharayuktēna tamāgatamudīkṣya saḥ.\n\nhanumānvēgasampannō jaharṣa ca nanāda ca৷৷5.44.5৷৷\n\n"
    },
    {
        "sloka": "taṅ tōraṇaviṭaṅkasthaṅ hanumantaṅ mahākapim.\n\njambumālī mahābāhurvivyādha niśitaiśśaraiḥ৷৷5.44.6৷৷\n\n"
    },
    {
        "sloka": "ardhacandrēṇa vadanē śirasyēkēna karṇinā.\n\nbāhvōrvivyādha nārācairdaśabhistaṅ kapīśvaram৷৷5.44.7৷৷\n\n"
    },
    {
        "sloka": "tasya tacchuśubhē tāmraṅ śarēṇābhihataṅ mukham.\n\nśaradīvāmbujaṅ phullaṅ viddhaṅ bhāskararaśminā৷৷5.44.8৷৷\n\n"
    },
    {
        "sloka": "tattasya raktaṅ raktēna rañjitaṅ śuśubhē mukham.\n\nyathākāśē mahāpadmaṅ siktaṅ candanabindubhiḥ৷৷5.44.9৷৷\n\n"
    },
    {
        "sloka": "cukōpa bāṇābhihatō rākṣasasya mahākapiḥ.\n\ntataḥ pārśvē.tivipulāṅ dadarśa mahatīṅ śilām৷৷5.44.10৷৷\n\n"
    },
    {
        "sloka": "tarasā tāṅ samutpāṭya cikṣēpa balavadbhalī.\n\ntāṅ śarairdaśabhiḥ kruddhastāḍayāmāsa rākṣasaḥ৷৷5.44.11৷৷\n\n"
    },
    {
        "sloka": "vipannaṅ karma taddṛṣṭvā hanumāṅścaṇḍavikramaḥ.\n\nsālaṅ vipulamutpāṭya bhrāmayāmāsa vīryavān৷৷5.44.12৷৷\n\n"
    },
    {
        "sloka": "bhrāmayantaṅ kapiṅ dṛṣṭvā sālavṛkṣaṅ mahābalam.\n\ncikṣēpa subahūnbāṇānjambumālī mahābalaḥ৷৷5.44.13৷৷\n\n"
    },
    {
        "sloka": "sālaṅ caturbhiścicchēda vānaraṅ pañcabhirbhujē.\n\nurasyēkēna bāṇēna daśabhistu stanāntarē৷৷5.44.14৷৷\n\n"
    },
    {
        "sloka": "sa śaraiḥ pūritatanu: krōdhēna mahatā vṛtaḥ.\n\ntamēva parighaṅ gṛhya bhrāmayāmāsa vēgitaḥ৷৷5.44.15৷৷\n\n"
    },
    {
        "sloka": "ativēgō.tivēgēna bhrāmayitvā balōtkaṭaḥ.\n\nparighaṅ pātayāmāsa jambumālērmahōrasi৷৷5.44.16৷৷\n\n"
    },
    {
        "sloka": "tasya caiva śirō nāsti na bāhū na ca jānunī.\n\nna dhanurna rathō nāśvāstatrādṛśyanta nēṣavaḥ৷৷5.44.17৷৷\n\n"
    },
    {
        "sloka": "sa hatassahasā tēna jambumālī mahābalaḥ.\n\npapāta nihatō bhūmau cūrṇitāṅgavibhūṣaṇaḥ৷৷5.44.18৷৷\n\n"
    },
    {
        "sloka": "jambumāliṅ ca nihataṅ kiṅkarāṅśca mahābalān.\n\ncukrōdha rāvaṇaśśutvā kōpasaṅraktalōcanaḥ৷৷5.44.19৷৷\n\n"
    },
    {
        "sloka": "sa rōṣasaṅvartitatāmralōcanaḥ prahastaputtrē nihatē mahābalē.\n\namātyaputtrānativīryavikramān samādidēśāśu niśācarēśvaraḥ৷৷5.44.20৷৷\n\n"
    }
]