[
    {
        "sloka": "[Hanuman ruins Ashoka garden -- kills eighty thousand kinkaras]\n\ntataḥ pakṣininādēna vṛkṣabhaṅgasvanēna ca.\n\nbabhūvustrāsasambhrāntāssarvē laṅkānivāsinaḥ৷৷5.42.1৷৷\n\n"
    },
    {
        "sloka": "vidrutāśca bhayatrastā vinēdurmṛgapakṣiṇaḥ.\n\nrakṣasāṅ ca nimittāni krūrāṇi pratipēdirē৷৷5.42.2৷৷\n\n"
    },
    {
        "sloka": "tatō gatāyāṅ nidrāyāṅ rākṣasyō vikṛtānanāḥ.\n\ntadvanaṅ dadṛśurbhagnaṅ taṅ ca vīraṅ mahākapim৷৷5.42.3৷৷\n\n"
    },
    {
        "sloka": "sa tā dṛṣṭvā mahābāhurmahāsattvō mahābalaḥ.\n\ncakāra sumahadrūpaṅ rākṣasīnāṅ bhayāvaham৷৷5.42.4৷৷\n\n"
    },
    {
        "sloka": "tatastaṅ girisaṅkāśamatikāyaṅ mahābalam.\n\nrākṣasyō vānaraṅ dṛṣṭvā papracchurjanakātmajām৷৷5.42.5৷৷\n\n"
    },
    {
        "sloka": "kō.yaṅ kasya kutō vāyaṅ kiṅ nimittamihāgataḥ.\n\nkathaṅ tvayā sahānēna saṅvādaḥ kṛta ityuta৷৷5.42.6৷৷\n\n"
    },
    {
        "sloka": "ācakṣva nō viśālākṣi mā bhūttē subhagē bhayam.\n\nsaṅvādamasitāpāṅgē tvayā kiṅ kṛtavānayam৷৷5.42.7৷৷\n\n"
    },
    {
        "sloka": "athābravīnmahāsādhvī sītā sarvāṅgasundarī.\n\nrakṣasāṅ bhīmarūpāṇāṅ vijñānē mama kā gatiḥ৷৷5.42.8৷৷\n\n"
    },
    {
        "sloka": "yūyamēvābhijānīta yō.yaṅ yadvā kariṣyati.\n\nahirēva hyahēḥ pādānvijānāti na saṅśayaḥ৷৷5.42.9৷৷\n\n"
    },
    {
        "sloka": "ahamapyasya bhītāsmi nainaṅ jānāmi kō nvayaṅ.\n\nvēdmi rākṣasamēvainaṅ kāmarūpiṇamāgatam৷৷5.42.10৷৷\n\n"
    },
    {
        "sloka": "vaidēhyā vacanaṅ śrutvā rākṣasyō vidrutā diśaḥ.\n\nsthitāḥ kāścidgatāḥ kāścidrāvaṇāya nivēditum৷৷5.42.11৷৷\n\n"
    },
    {
        "sloka": "rāvaṇasya samīpē tu rākṣasyō vikṛtānanāḥ.\n\nvirūpaṅ vānaraṅ bhīmamākhyātumupacakramuḥ৷৷5.42.12৷৷\n\n"
    },
    {
        "sloka": "aśōkavanikāmadhyē rājanbhīmavapuḥ kapiḥ.\n\nsītayā kṛtasaṅvādastiṣṭhatyamitavikramaḥ৷৷5.42.13৷৷\n\n"
    },
    {
        "sloka": "na ca taṅ jānakī sītā hariṅ hariṇalōcanā.\n\nasmābhirbahudhā pṛṣṭā nivēdayitumicchati৷৷5.42.14৷৷\n\n"
    },
    {
        "sloka": "vāsavasya bhavēddūtō dūtō vaiśravaṇasya vā.\n\nprēṣitō vāpi rāmēṇa sītānvēṣaṇakāṅkṣayā৷৷5.42.15৷৷\n\n"
    },
    {
        "sloka": "tēna tvadbhutarūpēṇa yattattava manōharam.\n\nnānāmṛgagaṇākīrṇaṅ pramṛṣṭaṅ pramadāvanam৷৷5.42.16৷৷\n\n"
    },
    {
        "sloka": "na tatra kaściduddēśō yastēna na vināśitaḥ.\n\nyatra sā jānakī sītā sa tēna na vināśitaḥ৷৷5.42.17৷৷\n\n"
    },
    {
        "sloka": "jānakīrakṣaṇārthaṅ vā śramādvā nōpalabhyatē.\n\nathavā kaśśramastasya saiva tēnābhirakṣitā৷৷5.42.18৷৷\n\n"
    },
    {
        "sloka": "cārupallavapuṣpāḍhyaṅ yaṅ sītā svayamāsthitā.\n\npravṛddhaśśiṅśupāvṛkṣa ssa ca tēnābhirakṣitaḥ৷৷5.42.19৷৷\n\n"
    },
    {
        "sloka": "tasyōgrarūpasyōgra! tvaṅ daṇḍamājñātumarhasi.\n\nsītā sambhāṣitā yēna tadvanaṅ ca vināśitam৷৷5.42.20৷৷\n\n"
    },
    {
        "sloka": "manaḥ parigṛhītāṅ tāṅ tava rakṣōgaṇēśvara.\n\nkassītāmabhibhāṣēta yō na syāttyaktajīvitaḥ৷৷5.42.21৷৷\n\n"
    },
    {
        "sloka": "rākṣasīnāṅ vacaśtrutvā rāvaṇō rākṣasēśvaraḥ.\n\nhutāgniriva jajvāla kōpasaṅvartitēkṣaṇaḥ৷৷5.42.22৷৷\n\n"
    },
    {
        "sloka": "tasya kruddhasya nētrābhyāṅ prāpatannāsrabindavaḥ.\n\ndīptābhyāmiva dīpābhyāṅ sārciṣa ssnēhabindavaḥ৷৷5.42.23৷৷\n\n"
    },
    {
        "sloka": "ātmanassadṛśānśūrānkiṅkarānnāma rākṣasān.\n\nvyādidēśa mahātējā nigrahārthaṅ hanūmataḥ৷৷5.42.24৷৷\n\n"
    },
    {
        "sloka": "tēṣāmaśītisāhasraṅ kiṅkarāṇāṅ tarasvinām.\n\nniryayurbhavanāttasmātkūṭamudgarapāṇayaḥ৷৷5.42.25৷৷\n\nmahōdarā mahādaṅṣṭrā ghōrarūpā mahābalāḥ.\n\nyuddhābhimanasassarvē hanumadgrahaṇōdyatāḥ৷৷5.42.26৷৷\n\n"
    },
    {
        "sloka": "tē kapīndraṅ samāsādya tōraṇasthamavasthitam.\n\nabhipēturmahāvēgāḥ pataṅgā iva pāvakam৷৷5.42.27৷৷\n\n"
    },
    {
        "sloka": "tē gadābhirvicitrābhiḥ parighaiḥ kāñcanāṅgadaiḥ.\n\nājaghnurvānaraśrēṣṭhaṅ śaraiścādityasannibhaiḥ৷৷5.42.28৷৷\n\n"
    },
    {
        "sloka": "mudgaraiḥ paṭṭiśaiśśūlaiḥ prāsatōmaraśaktibhiḥ.\n\nparivārya hanūmantaṅ sahasā tasthuragrataḥ৷৷5.42.29৷৷\n\n"
    },
    {
        "sloka": "hanumānapi tējasvī śrīmānparvatasannibhaḥ.\n\nkṣitāvāvidhya lāṅgūlaṅ nanāda ca mahāsvanam৷৷5.42.30৷৷\n\n"
    },
    {
        "sloka": "sa bhūtvā sumahākāyō hanumānmārutātmajaḥ.\n\ndhṛṣṭamāsphōṭayāmāsa laṅkāṅ śabdēna pūrayan৷৷5.42.31৷৷\n\n"
    },
    {
        "sloka": "tasyāsphōṭitaśabdēna mahatā sānunādinā.\n\npēturvihaṅgā gaganāduccaiścēdamaghōṣayat৷৷5.42.32৷৷\n\n"
    },
    {
        "sloka": "jayatyatibalō rāmō lakṣmaṇaśca mahābalaḥ.\n\nrājā jayati sugrīvō rāghavēṇābhipālitaḥ৷৷5.42.33৷৷\n\n"
    },
    {
        "sloka": "dāsō.haṅ kōsalēndrasya rāmasyākliṣṭakarmaṇaḥ.\n\nhanumānśatrusainyānāṅ nihantā mārutātmajaḥ৷৷5.42.34৷৷\n\n"
    },
    {
        "sloka": "na rāvaṇasahasraṅ mē yuddhē pratibalaṅ bhavēt.\n\nśilābhistu praharataḥ pādapaiśca sahasraśaḥ৷৷5.42.35৷৷\n\n"
    },
    {
        "sloka": "ardayitvā purīṅ laṅkāmabhivādya ca maithilīm.\n\nsamṛddhārthō gamiṣyāmi miṣatāṅ sarvarakṣasām৷৷5.42.36৷৷\n\n"
    },
    {
        "sloka": "tasya sannādaśabdēna tē.bhavanbhayaśaṅkitāḥ.\n\ndadṛśuśca hanūmantaṅ sandhyāmēghamivōnnatam৷৷5.42.37৷৷\n\n"
    },
    {
        "sloka": "svāmisandēśaniśśaṅkāstatastē rākṣasāḥ kapim.\n\ncitraiḥ praharaṇairbhīmairabhipētustatastataḥ৷৷5.42.38৷৷\n\n"
    },
    {
        "sloka": "sa taiḥ parivṛtaśśūraissarvatassumahābalaḥ.\n\nāsasādā.yasaṅ bhīmaṅ parighaṅ tōraṇāśritam৷৷5.42.39৷৷\n\n"
    },
    {
        "sloka": "sa taṅ parighamādāya jaghāna rajanīcarān.\n\nsa pannagamivādāya sphurantaṅ vinatāsutaḥ৷৷5.42.40৷৷\n\nvicacārāmbarē vīraḥ parigṛhya ca mārutiḥ.\n\n"
    },
    {
        "sloka": "sa hatvā rākṣasānvīrānkiṅkarānmārutātmajaḥ৷৷5.42.41৷৷\n\nyuddhākāṅkṣī punarvīrastōraṇaṅ samupāśritaḥ.\n\n"
    },
    {
        "sloka": "tatastasmādbhayānmuktāḥ katicittatra rākṣasāḥ৷৷5.42.42৷৷\n\nnihatānkiṅkarānsarvānrāvaṇāyanyavēdayan.\n\n"
    },
    {
        "sloka": "sa rākṣasānāṅ nihataṅ mahadbalaṅ niśamya rājā parivṛttalōcanaḥ.\n\nsamādidēśāpratimaṅ parākramē prahastaputraṅ samarē sudurjayam৷৷5.42.43৷৷\n\n"
    },
    {
        "sloka": "[Hanuman ruins Ashoka garden -- kills eighty thousand kinkaras]\n\ntataḥ pakṣininādēna vṛkṣabhaṅgasvanēna ca.\n\nbabhūvustrāsasambhrāntāssarvē laṅkānivāsinaḥ৷৷5.42.1৷৷\n\n"
    },
    {
        "sloka": "vidrutāśca bhayatrastā vinēdurmṛgapakṣiṇaḥ.\n\nrakṣasāṅ ca nimittāni krūrāṇi pratipēdirē৷৷5.42.2৷৷\n\n"
    },
    {
        "sloka": "tatō gatāyāṅ nidrāyāṅ rākṣasyō vikṛtānanāḥ.\n\ntadvanaṅ dadṛśurbhagnaṅ taṅ ca vīraṅ mahākapim৷৷5.42.3৷৷\n\n"
    },
    {
        "sloka": "sa tā dṛṣṭvā mahābāhurmahāsattvō mahābalaḥ.\n\ncakāra sumahadrūpaṅ rākṣasīnāṅ bhayāvaham৷৷5.42.4৷৷\n\n"
    },
    {
        "sloka": "tatastaṅ girisaṅkāśamatikāyaṅ mahābalam.\n\nrākṣasyō vānaraṅ dṛṣṭvā papracchurjanakātmajām৷৷5.42.5৷৷\n\n"
    },
    {
        "sloka": "kō.yaṅ kasya kutō vāyaṅ kiṅ nimittamihāgataḥ.\n\nkathaṅ tvayā sahānēna saṅvādaḥ kṛta ityuta৷৷5.42.6৷৷\n\n"
    },
    {
        "sloka": "ācakṣva nō viśālākṣi mā bhūttē subhagē bhayam.\n\nsaṅvādamasitāpāṅgē tvayā kiṅ kṛtavānayam৷৷5.42.7৷৷\n\n"
    },
    {
        "sloka": "athābravīnmahāsādhvī sītā sarvāṅgasundarī.\n\nrakṣasāṅ bhīmarūpāṇāṅ vijñānē mama kā gatiḥ৷৷5.42.8৷৷\n\n"
    },
    {
        "sloka": "yūyamēvābhijānīta yō.yaṅ yadvā kariṣyati.\n\nahirēva hyahēḥ pādānvijānāti na saṅśayaḥ৷৷5.42.9৷৷\n\n"
    },
    {
        "sloka": "ahamapyasya bhītāsmi nainaṅ jānāmi kō nvayaṅ.\n\nvēdmi rākṣasamēvainaṅ kāmarūpiṇamāgatam৷৷5.42.10৷৷\n\n"
    },
    {
        "sloka": "vaidēhyā vacanaṅ śrutvā rākṣasyō vidrutā diśaḥ.\n\nsthitāḥ kāścidgatāḥ kāścidrāvaṇāya nivēditum৷৷5.42.11৷৷\n\n"
    },
    {
        "sloka": "rāvaṇasya samīpē tu rākṣasyō vikṛtānanāḥ.\n\nvirūpaṅ vānaraṅ bhīmamākhyātumupacakramuḥ৷৷5.42.12৷৷\n\n"
    },
    {
        "sloka": "aśōkavanikāmadhyē rājanbhīmavapuḥ kapiḥ.\n\nsītayā kṛtasaṅvādastiṣṭhatyamitavikramaḥ৷৷5.42.13৷৷\n\n"
    },
    {
        "sloka": "na ca taṅ jānakī sītā hariṅ hariṇalōcanā.\n\nasmābhirbahudhā pṛṣṭā nivēdayitumicchati৷৷5.42.14৷৷\n\n"
    },
    {
        "sloka": "vāsavasya bhavēddūtō dūtō vaiśravaṇasya vā.\n\nprēṣitō vāpi rāmēṇa sītānvēṣaṇakāṅkṣayā৷৷5.42.15৷৷\n\n"
    },
    {
        "sloka": "tēna tvadbhutarūpēṇa yattattava manōharam.\n\nnānāmṛgagaṇākīrṇaṅ pramṛṣṭaṅ pramadāvanam৷৷5.42.16৷৷\n\n"
    },
    {
        "sloka": "na tatra kaściduddēśō yastēna na vināśitaḥ.\n\nyatra sā jānakī sītā sa tēna na vināśitaḥ৷৷5.42.17৷৷\n\n"
    },
    {
        "sloka": "jānakīrakṣaṇārthaṅ vā śramādvā nōpalabhyatē.\n\nathavā kaśśramastasya saiva tēnābhirakṣitā৷৷5.42.18৷৷\n\n"
    },
    {
        "sloka": "cārupallavapuṣpāḍhyaṅ yaṅ sītā svayamāsthitā.\n\npravṛddhaśśiṅśupāvṛkṣa ssa ca tēnābhirakṣitaḥ৷৷5.42.19৷৷\n\n"
    },
    {
        "sloka": "tasyōgrarūpasyōgra! tvaṅ daṇḍamājñātumarhasi.\n\nsītā sambhāṣitā yēna tadvanaṅ ca vināśitam৷৷5.42.20৷৷\n\n"
    },
    {
        "sloka": "manaḥ parigṛhītāṅ tāṅ tava rakṣōgaṇēśvara.\n\nkassītāmabhibhāṣēta yō na syāttyaktajīvitaḥ৷৷5.42.21৷৷\n\n"
    },
    {
        "sloka": "rākṣasīnāṅ vacaśtrutvā rāvaṇō rākṣasēśvaraḥ.\n\nhutāgniriva jajvāla kōpasaṅvartitēkṣaṇaḥ৷৷5.42.22৷৷\n\n"
    },
    {
        "sloka": "tasya kruddhasya nētrābhyāṅ prāpatannāsrabindavaḥ.\n\ndīptābhyāmiva dīpābhyāṅ sārciṣa ssnēhabindavaḥ৷৷5.42.23৷৷\n\n"
    },
    {
        "sloka": "ātmanassadṛśānśūrānkiṅkarānnāma rākṣasān.\n\nvyādidēśa mahātējā nigrahārthaṅ hanūmataḥ৷৷5.42.24৷৷\n\n"
    },
    {
        "sloka": "tēṣāmaśītisāhasraṅ kiṅkarāṇāṅ tarasvinām.\n\nniryayurbhavanāttasmātkūṭamudgarapāṇayaḥ৷৷5.42.25৷৷\n\nmahōdarā mahādaṅṣṭrā ghōrarūpā mahābalāḥ.\n\nyuddhābhimanasassarvē hanumadgrahaṇōdyatāḥ৷৷5.42.26৷৷\n\n"
    },
    {
        "sloka": "tē kapīndraṅ samāsādya tōraṇasthamavasthitam.\n\nabhipēturmahāvēgāḥ pataṅgā iva pāvakam৷৷5.42.27৷৷\n\n"
    },
    {
        "sloka": "tē gadābhirvicitrābhiḥ parighaiḥ kāñcanāṅgadaiḥ.\n\nājaghnurvānaraśrēṣṭhaṅ śaraiścādityasannibhaiḥ৷৷5.42.28৷৷\n\n"
    },
    {
        "sloka": "mudgaraiḥ paṭṭiśaiśśūlaiḥ prāsatōmaraśaktibhiḥ.\n\nparivārya hanūmantaṅ sahasā tasthuragrataḥ৷৷5.42.29৷৷\n\n"
    },
    {
        "sloka": "hanumānapi tējasvī śrīmānparvatasannibhaḥ.\n\nkṣitāvāvidhya lāṅgūlaṅ nanāda ca mahāsvanam৷৷5.42.30৷৷\n\n"
    },
    {
        "sloka": "sa bhūtvā sumahākāyō hanumānmārutātmajaḥ.\n\ndhṛṣṭamāsphōṭayāmāsa laṅkāṅ śabdēna pūrayan৷৷5.42.31৷৷\n\n"
    },
    {
        "sloka": "tasyāsphōṭitaśabdēna mahatā sānunādinā.\n\npēturvihaṅgā gaganāduccaiścēdamaghōṣayat৷৷5.42.32৷৷\n\n"
    },
    {
        "sloka": "jayatyatibalō rāmō lakṣmaṇaśca mahābalaḥ.\n\nrājā jayati sugrīvō rāghavēṇābhipālitaḥ৷৷5.42.33৷৷\n\n"
    },
    {
        "sloka": "dāsō.haṅ kōsalēndrasya rāmasyākliṣṭakarmaṇaḥ.\n\nhanumānśatrusainyānāṅ nihantā mārutātmajaḥ৷৷5.42.34৷৷\n\n"
    },
    {
        "sloka": "na rāvaṇasahasraṅ mē yuddhē pratibalaṅ bhavēt.\n\nśilābhistu praharataḥ pādapaiśca sahasraśaḥ৷৷5.42.35৷৷\n\n"
    },
    {
        "sloka": "ardayitvā purīṅ laṅkāmabhivādya ca maithilīm.\n\nsamṛddhārthō gamiṣyāmi miṣatāṅ sarvarakṣasām৷৷5.42.36৷৷\n\n"
    },
    {
        "sloka": "tasya sannādaśabdēna tē.bhavanbhayaśaṅkitāḥ.\n\ndadṛśuśca hanūmantaṅ sandhyāmēghamivōnnatam৷৷5.42.37৷৷\n\n"
    },
    {
        "sloka": "svāmisandēśaniśśaṅkāstatastē rākṣasāḥ kapim.\n\ncitraiḥ praharaṇairbhīmairabhipētustatastataḥ৷৷5.42.38৷৷\n\n"
    },
    {
        "sloka": "sa taiḥ parivṛtaśśūraissarvatassumahābalaḥ.\n\nāsasādā.yasaṅ bhīmaṅ parighaṅ tōraṇāśritam৷৷5.42.39৷৷\n\n"
    },
    {
        "sloka": "sa taṅ parighamādāya jaghāna rajanīcarān.\n\nsa pannagamivādāya sphurantaṅ vinatāsutaḥ৷৷5.42.40৷৷\n\nvicacārāmbarē vīraḥ parigṛhya ca mārutiḥ.\n\n"
    },
    {
        "sloka": "sa hatvā rākṣasānvīrānkiṅkarānmārutātmajaḥ৷৷5.42.41৷৷\n\nyuddhākāṅkṣī punarvīrastōraṇaṅ samupāśritaḥ.\n\n"
    },
    {
        "sloka": "tatastasmādbhayānmuktāḥ katicittatra rākṣasāḥ৷৷5.42.42৷৷\n\nnihatānkiṅkarānsarvānrāvaṇāyanyavēdayan.\n\n"
    },
    {
        "sloka": "sa rākṣasānāṅ nihataṅ mahadbalaṅ niśamya rājā parivṛttalōcanaḥ.\n\nsamādidēśāpratimaṅ parākramē prahastaputraṅ samarē sudurjayam৷৷5.42.43৷৷\n\n"
    }
]