[
    {
        "sloka": "[Hanuman  decides to  praise Rama within Sita's earshot.]\n\nhanumānapi vikrāntaḥ sarvaṅ śuśrāva tattvataḥ.\n\nsītāyāstrijaṭāyāśca rākṣasīnāṅ ca tarjanam৷৷5.30.1৷৷\n\n"
    },
    {
        "sloka": "avēkṣamāṇastāṅ dēvīṅ dēvatāmiva nandanē.\n\ntatō bahuvidhāṅ cintāṅ cintayāmāsa vānaraḥ৷৷5.30.2৷৷\n\n"
    },
    {
        "sloka": "yāṅ kapīnāṅ sahasrāṇi subahūnyayutāni ca.\n\ndikṣu sarvāsu mārgantē sēyamāsāditā mayā৷৷5.30.3৷৷\n\n"
    },
    {
        "sloka": "cārēṇa tu suyuktēna śatrōśśaktimavēkṣatā.\n\ngūḍhēna caratā tāvadavēkṣitamidaṅ mayā৷৷5.30.4৷৷\n\n"
    },
    {
        "sloka": "rākṣasānāṅ viśēṣaśca purī cēyamavēkṣitā.\n\nrākṣasādhipatērasya prabhāvō rāvaṇasya ca৷৷5.30.5৷৷\n\n"
    },
    {
        "sloka": "yuktaṅ tasyāpramēyasya sarvasattvadayāvataḥ.\n\nsamāśvāsayituṅ bhāryāṅ patidarśanakāṅkṣiṇīm৷৷5.30.6৷৷\n\n"
    },
    {
        "sloka": "ahamāśvāsayāmyēnāṅ pūrṇacandranibhānanām.\n\nadṛṣṭaduḥkhāṅ duḥkhārtāṅ duḥkhasyāntamagacchatīm৷৷5.30.7৷৷\n\n"
    },
    {
        "sloka": "yadyapyahamimāṅ dēvīṅ śōkōpahatacētanām.\n\nanāśvāsya gamiṣyāmi dōṣavadgamanaṅ bhavēt৷৷5.30.8৷৷\n\n"
    },
    {
        "sloka": "gatē hi mayi tatrēyaṅ rājaputrī yaśasvinī.\n\nparitrāṇamavindantī jānakī jīvitaṅ tyajēt৷৷5.30.9৷৷\n\n"
    },
    {
        "sloka": "mayā ca sa mahābāhuḥ pūrṇacandranibhānanaḥ.\n\nsamāśyāsayituṅ nyāyyassītādarśanalālasaḥ৷৷5.30.10৷৷\n\n"
    },
    {
        "sloka": "niśācarīṇāṅ pratyakṣamanarhaṅ cābhibhāṣitam.\n\nkathannu khalu kartavyamidaṅ kṛcchragatō hyaham৷৷5.30.11৷৷\n\n"
    },
    {
        "sloka": "anēna rātriśēṣēṇa yadi nāśvāsyatē mayā.\n\nsarvathā nāsti sandēhaḥ parityakṣyati jīvitam৷৷5.30.12৷৷\n\n"
    },
    {
        "sloka": "rāmaśca yadi pṛcchēnmāṅ kiṅ māṅ sītābravīdvacaḥ.\n\nkimahaṅ taṅ prati brūyāmasaṅbhāṣya sumadhyamām৷৷5.30.13৷৷\n\n"
    },
    {
        "sloka": "sītāsandēśarahitaṅ māmitastvarayā.gatam.\n\nnirdahēdapi kākutsya kruddhastīvrēṇa cakṣuṣā৷৷5.30.14৷৷\n\n"
    },
    {
        "sloka": "yadi cōdyōjayiṣyāmi bhartāraṅ rāmakāraṇāt.\n\nvyarthamāgamanaṅ tasya sasainyasya bhaviṣyati৷৷5.30.15৷৷\n\n"
    },
    {
        "sloka": "antaraṅ tvahamāsādya rākṣasīnāmiha sthitaḥ.\n\nśanairāśvāsayiṣyāmi santāpabahuḷāmimām৷৷5.30.16৷৷\n\n"
    },
    {
        "sloka": "ahaṅ tvatitanuścaiva vānaraśca viśēṣataḥ.\n\ncaṅ cōdāhariṣyāmi mānuṣīmiha saṅskṛtām৷৷5.30.17৷৷\n\n"
    },
    {
        "sloka": "yadi vācaṅ pradāsyāmi dvijātiriva saṅskṛtām.\n\nrāvaṇaṅ manyamānā māṅ sītā bhītā bhaviṣyati৷৷5.30.18৷৷\n\nvānarasya viśēṣēṇa kathaṅ syādabhibhāṣaṇam.\n\n"
    },
    {
        "sloka": "avaśyamēva vaktavyaṅ mānuṣaṅ vākyamarthavat৷৷5.30.19৷৷\n\nmayā sāntvayituṅ śakyā nānyathēyamaninditā.\n\n"
    },
    {
        "sloka": "sēyamālōkya mē rūpaṅ jānakī bhāṣitaṅ tathā৷৷5.30.20৷৷\n\nrakṣōbhistrāsitā pūrvaṅ bhūyastrāsaṅ gamiṣyati.\n\n"
    },
    {
        "sloka": "tatō jātaparitrāsā śabdaṅ kuryānmanasvinī৷৷5.30.21৷৷\n\njānamānā  viśālākṣī rāvaṇaṅ kāmarūpiṇam.\n\n"
    },
    {
        "sloka": "sītayā ca kṛtē śabdē sahasā rākṣasīgaṇā:.\n\nnānāpraharaṇō ghōra: samēyādantakōpama:৷৷5.30.22৷৷\n\n"
    },
    {
        "sloka": "tatō māṅ samparikṣipya sarvatō vikṛtānanāḥ৷৷5.30.23৷৷\n\nvadhē ca grahaṇē caiva kuryuryatnaṅ yathābalam.\n\n"
    },
    {
        "sloka": "gṛhya śākhāḥ praśākhāśca skandhāṅścōttamaśākhinām৷৷5.30.24৷৷\n\ndṛṣṭvā viparidhāvantaṅ bhavēyurbhayaśaṅkitāḥ.\n\n"
    },
    {
        "sloka": "mama rūpaṅ ca samprēkṣya vanē vicaratō mahat৷৷5.30.25৷৷\n\nrākṣasyō bhayavitrastā bhavēyurvikṛtānanāḥ.\n\n"
    },
    {
        "sloka": "tataḥ kuryussamāhvānaṅ rākṣasyō rakṣasāmapi৷৷5.30.26৷৷\n\nrākṣasēndraniyuktānāṅ rākṣasēndranivēśanē.\n\n"
    },
    {
        "sloka": "tē śūlaśaktinistriṅśavividhāyudhapāṇayaḥ৷৷5.30.27৷৷\n\nāpatēyurvimardē.sminvēgēnōdvēgakāraṇāt.\n\n"
    },
    {
        "sloka": "samṛddhastaistu paritō vidhaman rakṣasāṅ balam৷৷5.30.28৷৷\n\nśaknuyāṅ na tu saṅprāptuṅ paraṅ pāraṅ mahōdadhēḥ.\n\n"
    },
    {
        "sloka": "māṅ vā gṛhṇīyurāplutya bahavaśśīghrakāriṇaḥ৷৷5.30.29৷৷\n\nsyādiyaṅ cāgṛhītārthā mama ca grahaṇaṅ bhavēt.\n\n"
    },
    {
        "sloka": "hiṅsābhirucayō hiṅsyurimāṅ vā janakātmajām৷৷5.30.30৷৷\n\nvipannaṅ syāttataḥ kāryaṅ rāmasugrīvayōridam.\n\n"
    },
    {
        "sloka": "uddēśē naṣṭamārgē.smin rākṣasaiḥ parivāritē৷৷5.30.31৷৷\n\nsāgarēṇa parikṣiptē guptē vasati jānakī.\n\n"
    },
    {
        "sloka": "viśastē vā gṛhītē vā rakṣōbhirmayi saṅyugē৷৷5.30.32৷৷\n\nnānyaṅ paśyāmi rāmasya sahāyaṅ kāryasādhanē.\n\n"
    },
    {
        "sloka": "vimṛśaṅśca na paśyāmi yō hatē mayi vānaraḥ৷৷5.30.33৷৷\n\nśatayōjanavistīrṇaṅ laṅghayēta mahōdadhim.\n\n"
    },
    {
        "sloka": "kāmaṅ hantuṅ samarthō.smi sahasrāṇyapi rakṣasām৷৷5.30.34৷৷\n\nna tu śakṣyāmi samprāptuṅ paraṅ pāraṅ mahōdadhēḥ.\n\n"
    },
    {
        "sloka": "asatyāni ca yuddhāni saṅśayō mē na rōcatē৷৷5.30.35৷৷\n\nkaśca nissaṅśayaṅ kāryaṅ kuryātprājñaḥ sasaṅśayam.\n\n"
    },
    {
        "sloka": "prāṇatyāgaśca vaidēhyā bhavēdanabhibhāṣaṇē৷৷5.30.36৷৷\n\nēṣa dōṣō mahānhi syānmama sītābhibhāṣaṇē.\n\n"
    },
    {
        "sloka": "bhūtāścārthā vinaśyanti dēśakālavirōdhitāḥ৷৷5.30.37৷৷\n\nviklabaṅ dūtamāsādya tamaḥ sūryōdayē yathā.\n\n"
    },
    {
        "sloka": "arthānarthāntarē buddhiniścitāpi na śōbhatē৷৷5.30.38৷৷\n\nghātayanti hi kāryāṇi dūtāḥ paṇḍitamāninaḥ.\n\n"
    },
    {
        "sloka": "na vinaśyētkathaṅ kāryaṅ vaiklabyaṅ na kathaṅ bhavēt৷৷5.30.39৷৷\n\nlaṅghanaṅ ca samudrasya kathaṅ nu na vṛthā bhavēt.\n\n"
    },
    {
        "sloka": "kathaṅ nu khalu vākyaṅ mē śṛṇuyānnōdvijēta vā.\n\niti sañcintya hanumāṅścakāra matimānmatim৷৷5.30.40৷৷\n\n"
    },
    {
        "sloka": "rāmamakliṣṭakarmāṇaṅ subandhumanukīrtayan৷৷5.30.41৷৷\n\nnaināmudvējayiṣyāmi tadbandhugatamānasām.\n\n"
    },
    {
        "sloka": "ikṣvākūṇāṅ variṣṭhasya rāmasya viditātmanaḥ৷৷5.30.42৷৷\n\nśubhāni dharmayuktāni vacanāni samarpayan.\n\nśrāvayiṣyāmi sarvāṇi madhurāṅ prabruvan giram৷৷5.30.43৷৷\n\nśraddhāsyati yathāhīyaṅ tathā sarvaṅ samādadhē.\n\n"
    },
    {
        "sloka": "iti sa bahuvidhaṅ mahānubhāvō\n\njagatipatēḥ pramadāmavēkṣamāṇaḥ.\n\nmadhuramavitathaṅ jagāda vākyaṅ \n\ndrumaviṭapāntaramāsthitō hanūmān৷৷5.30.44৷৷\n\n"
    },
    {
        "sloka": "[Hanuman  decides to  praise Rama within Sita's earshot.]\n\nhanumānapi vikrāntaḥ sarvaṅ śuśrāva tattvataḥ.\n\nsītāyāstrijaṭāyāśca rākṣasīnāṅ ca tarjanam৷৷5.30.1৷৷\n\n"
    },
    {
        "sloka": "avēkṣamāṇastāṅ dēvīṅ dēvatāmiva nandanē.\n\ntatō bahuvidhāṅ cintāṅ cintayāmāsa vānaraḥ৷৷5.30.2৷৷\n\n"
    },
    {
        "sloka": "yāṅ kapīnāṅ sahasrāṇi subahūnyayutāni ca.\n\ndikṣu sarvāsu mārgantē sēyamāsāditā mayā৷৷5.30.3৷৷\n\n"
    },
    {
        "sloka": "cārēṇa tu suyuktēna śatrōśśaktimavēkṣatā.\n\ngūḍhēna caratā tāvadavēkṣitamidaṅ mayā৷৷5.30.4৷৷\n\n"
    },
    {
        "sloka": "rākṣasānāṅ viśēṣaśca purī cēyamavēkṣitā.\n\nrākṣasādhipatērasya prabhāvō rāvaṇasya ca৷৷5.30.5৷৷\n\n"
    },
    {
        "sloka": "yuktaṅ tasyāpramēyasya sarvasattvadayāvataḥ.\n\nsamāśvāsayituṅ bhāryāṅ patidarśanakāṅkṣiṇīm৷৷5.30.6৷৷\n\n"
    },
    {
        "sloka": "ahamāśvāsayāmyēnāṅ pūrṇacandranibhānanām.\n\nadṛṣṭaduḥkhāṅ duḥkhārtāṅ duḥkhasyāntamagacchatīm৷৷5.30.7৷৷\n\n"
    },
    {
        "sloka": "yadyapyahamimāṅ dēvīṅ śōkōpahatacētanām.\n\nanāśvāsya gamiṣyāmi dōṣavadgamanaṅ bhavēt৷৷5.30.8৷৷\n\n"
    },
    {
        "sloka": "gatē hi mayi tatrēyaṅ rājaputrī yaśasvinī.\n\nparitrāṇamavindantī jānakī jīvitaṅ tyajēt৷৷5.30.9৷৷\n\n"
    },
    {
        "sloka": "mayā ca sa mahābāhuḥ pūrṇacandranibhānanaḥ.\n\nsamāśyāsayituṅ nyāyyassītādarśanalālasaḥ৷৷5.30.10৷৷\n\n"
    },
    {
        "sloka": "niśācarīṇāṅ pratyakṣamanarhaṅ cābhibhāṣitam.\n\nkathannu khalu kartavyamidaṅ kṛcchragatō hyaham৷৷5.30.11৷৷\n\n"
    },
    {
        "sloka": "anēna rātriśēṣēṇa yadi nāśvāsyatē mayā.\n\nsarvathā nāsti sandēhaḥ parityakṣyati jīvitam৷৷5.30.12৷৷\n\n"
    },
    {
        "sloka": "rāmaśca yadi pṛcchēnmāṅ kiṅ māṅ sītābravīdvacaḥ.\n\nkimahaṅ taṅ prati brūyāmasaṅbhāṣya sumadhyamām৷৷5.30.13৷৷\n\n"
    },
    {
        "sloka": "sītāsandēśarahitaṅ māmitastvarayā.gatam.\n\nnirdahēdapi kākutsya kruddhastīvrēṇa cakṣuṣā৷৷5.30.14৷৷\n\n"
    },
    {
        "sloka": "yadi cōdyōjayiṣyāmi bhartāraṅ rāmakāraṇāt.\n\nvyarthamāgamanaṅ tasya sasainyasya bhaviṣyati৷৷5.30.15৷৷\n\n"
    },
    {
        "sloka": "antaraṅ tvahamāsādya rākṣasīnāmiha sthitaḥ.\n\nśanairāśvāsayiṣyāmi santāpabahuḷāmimām৷৷5.30.16৷৷\n\n"
    },
    {
        "sloka": "ahaṅ tvatitanuścaiva vānaraśca viśēṣataḥ.\n\ncaṅ cōdāhariṣyāmi mānuṣīmiha saṅskṛtām৷৷5.30.17৷৷\n\n"
    },
    {
        "sloka": "yadi vācaṅ pradāsyāmi dvijātiriva saṅskṛtām.\n\nrāvaṇaṅ manyamānā māṅ sītā bhītā bhaviṣyati৷৷5.30.18৷৷\n\nvānarasya viśēṣēṇa kathaṅ syādabhibhāṣaṇam.\n\n"
    },
    {
        "sloka": "avaśyamēva vaktavyaṅ mānuṣaṅ vākyamarthavat৷৷5.30.19৷৷\n\nmayā sāntvayituṅ śakyā nānyathēyamaninditā.\n\n"
    },
    {
        "sloka": "sēyamālōkya mē rūpaṅ jānakī bhāṣitaṅ tathā৷৷5.30.20৷৷\n\nrakṣōbhistrāsitā pūrvaṅ bhūyastrāsaṅ gamiṣyati.\n\n"
    },
    {
        "sloka": "tatō jātaparitrāsā śabdaṅ kuryānmanasvinī৷৷5.30.21৷৷\n\njānamānā  viśālākṣī rāvaṇaṅ kāmarūpiṇam.\n\n"
    },
    {
        "sloka": "sītayā ca kṛtē śabdē sahasā rākṣasīgaṇā:.\n\nnānāpraharaṇō ghōra: samēyādantakōpama:৷৷5.30.22৷৷\n\n"
    },
    {
        "sloka": "tatō māṅ samparikṣipya sarvatō vikṛtānanāḥ৷৷5.30.23৷৷\n\nvadhē ca grahaṇē caiva kuryuryatnaṅ yathābalam.\n\n"
    },
    {
        "sloka": "gṛhya śākhāḥ praśākhāśca skandhāṅścōttamaśākhinām৷৷5.30.24৷৷\n\ndṛṣṭvā viparidhāvantaṅ bhavēyurbhayaśaṅkitāḥ.\n\n"
    },
    {
        "sloka": "mama rūpaṅ ca samprēkṣya vanē vicaratō mahat৷৷5.30.25৷৷\n\nrākṣasyō bhayavitrastā bhavēyurvikṛtānanāḥ.\n\n"
    },
    {
        "sloka": "tataḥ kuryussamāhvānaṅ rākṣasyō rakṣasāmapi৷৷5.30.26৷৷\n\nrākṣasēndraniyuktānāṅ rākṣasēndranivēśanē.\n\n"
    },
    {
        "sloka": "tē śūlaśaktinistriṅśavividhāyudhapāṇayaḥ৷৷5.30.27৷৷\n\nāpatēyurvimardē.sminvēgēnōdvēgakāraṇāt.\n\n"
    },
    {
        "sloka": "samṛddhastaistu paritō vidhaman rakṣasāṅ balam৷৷5.30.28৷৷\n\nśaknuyāṅ na tu saṅprāptuṅ paraṅ pāraṅ mahōdadhēḥ.\n\n"
    },
    {
        "sloka": "māṅ vā gṛhṇīyurāplutya bahavaśśīghrakāriṇaḥ৷৷5.30.29৷৷\n\nsyādiyaṅ cāgṛhītārthā mama ca grahaṇaṅ bhavēt.\n\n"
    },
    {
        "sloka": "hiṅsābhirucayō hiṅsyurimāṅ vā janakātmajām৷৷5.30.30৷৷\n\nvipannaṅ syāttataḥ kāryaṅ rāmasugrīvayōridam.\n\n"
    },
    {
        "sloka": "uddēśē naṣṭamārgē.smin rākṣasaiḥ parivāritē৷৷5.30.31৷৷\n\nsāgarēṇa parikṣiptē guptē vasati jānakī.\n\n"
    },
    {
        "sloka": "viśastē vā gṛhītē vā rakṣōbhirmayi saṅyugē৷৷5.30.32৷৷\n\nnānyaṅ paśyāmi rāmasya sahāyaṅ kāryasādhanē.\n\n"
    },
    {
        "sloka": "vimṛśaṅśca na paśyāmi yō hatē mayi vānaraḥ৷৷5.30.33৷৷\n\nśatayōjanavistīrṇaṅ laṅghayēta mahōdadhim.\n\n"
    },
    {
        "sloka": "kāmaṅ hantuṅ samarthō.smi sahasrāṇyapi rakṣasām৷৷5.30.34৷৷\n\nna tu śakṣyāmi samprāptuṅ paraṅ pāraṅ mahōdadhēḥ.\n\n"
    },
    {
        "sloka": "asatyāni ca yuddhāni saṅśayō mē na rōcatē৷৷5.30.35৷৷\n\nkaśca nissaṅśayaṅ kāryaṅ kuryātprājñaḥ sasaṅśayam.\n\n"
    },
    {
        "sloka": "prāṇatyāgaśca vaidēhyā bhavēdanabhibhāṣaṇē৷৷5.30.36৷৷\n\nēṣa dōṣō mahānhi syānmama sītābhibhāṣaṇē.\n\n"
    },
    {
        "sloka": "bhūtāścārthā vinaśyanti dēśakālavirōdhitāḥ৷৷5.30.37৷৷\n\nviklabaṅ dūtamāsādya tamaḥ sūryōdayē yathā.\n\n"
    },
    {
        "sloka": "arthānarthāntarē buddhiniścitāpi na śōbhatē৷৷5.30.38৷৷\n\nghātayanti hi kāryāṇi dūtāḥ paṇḍitamāninaḥ.\n\n"
    },
    {
        "sloka": "na vinaśyētkathaṅ kāryaṅ vaiklabyaṅ na kathaṅ bhavēt৷৷5.30.39৷৷\n\nlaṅghanaṅ ca samudrasya kathaṅ nu na vṛthā bhavēt.\n\n"
    },
    {
        "sloka": "kathaṅ nu khalu vākyaṅ mē śṛṇuyānnōdvijēta vā.\n\niti sañcintya hanumāṅścakāra matimānmatim৷৷5.30.40৷৷\n\n"
    },
    {
        "sloka": "rāmamakliṣṭakarmāṇaṅ subandhumanukīrtayan৷৷5.30.41৷৷\n\nnaināmudvējayiṣyāmi tadbandhugatamānasām.\n\n"
    },
    {
        "sloka": "ikṣvākūṇāṅ variṣṭhasya rāmasya viditātmanaḥ৷৷5.30.42৷৷\n\nśubhāni dharmayuktāni vacanāni samarpayan.\n\nśrāvayiṣyāmi sarvāṇi madhurāṅ prabruvan giram৷৷5.30.43৷৷\n\nśraddhāsyati yathāhīyaṅ tathā sarvaṅ samādadhē.\n\n"
    },
    {
        "sloka": "iti sa bahuvidhaṅ mahānubhāvō\n\njagatipatēḥ pramadāmavēkṣamāṇaḥ.\n\nmadhuramavitathaṅ jagāda vākyaṅ \n\ndrumaviṭapāntaramāsthitō hanūmān৷৷5.30.44৷৷\n\n"
    }
]