[
    {
        "sloka": "[Hanuman once again narrates to Rama, Sita's condition.]\n\nēvamuktastu hanumān rāghavēṇa mahātmanā.\n\nsītāyā bhāṣitaṅ sarvaṅ nyavēdayata rāghavē৷৷5.67.1৷৷\n\n"
    },
    {
        "sloka": "idamuktavatī dēvī jānakī puruṣarṣabha.\n\npūrva vṛttamabhijñānaṅ citrakūṭē yathātatham৷৷5.67.2৷৷\n\n"
    },
    {
        "sloka": "sukhasuptā tvayā sārdhaṅ jānakī pūrvamutthitā.\n\nvāyasa ssahasōtpatya vidadāra stanāntarē৷৷5.67.3৷৷\n\n"
    },
    {
        "sloka": "paryāyēṇa ca suptastvaṅ dēvyaṅkē bharatāgraja.\n\npunaśca kila pakṣī sa dēvyā janayati vyathām৷৷5.67.4৷৷\n\n"
    },
    {
        "sloka": "punaḥ punarupāgamya vidadāra bhṛśaṅ kila.\n\ntatastvaṅ bōdhitastasyāśśōṇitēna samukṣitaḥ৷৷5.67.5৷৷\n\n"
    },
    {
        "sloka": "vāyasēna ca tēnaiva satataṅ bādhyamānayā.\n\nbōdhitaḥ kila dēvyā tvaṅ sukhasuptaḥ parantapa৷৷5.67.6৷৷\n\n"
    },
    {
        "sloka": "tāṅ tu dṛṣṭvā mahābāhō dāritāṅ ca stanāntarē.\n\nāśīviṣa iva kruddhō niśvasannabhyabhāṣathāḥ৷৷5.67.7৷৷\n\n"
    },
    {
        "sloka": "nakhāgraiḥ kēna tē bhīru dāritaṅ tu stanāntaram.\n\nkaḥ krīḍati sarōṣēṇa pañcavaktrēṇa bhōginā৷৷5.67.8৷৷\n\n"
    },
    {
        "sloka": "nirīkṣamāṇassahasā vāyasaṅ samavaikṣathāḥ.\n\nnakhai ssarudhiraistīkṣṇaistāmēvābhimukhaṅ sthitam৷৷5.67.9৷৷\n\n"
    },
    {
        "sloka": "sutaḥ kila sa śakrasya vāyasaḥ patatāṅ varaḥ.\n\ndharāntaracaraśśīghraṅ pavanasya gatau samaḥ৷৷5.67.10৷৷\n\n"
    },
    {
        "sloka": "tatastasminmahābāhō kōpasaṅvartitēkṣaṇaḥ.\n\nvāyasē tvaṅ kṛthāḥ krūrāṅ matiṅ matimatāṅ vara৷৷5.67.11৷৷\n\n"
    },
    {
        "sloka": "sa darbhaṅ saṅstarādgṛhya brahmāstrēṇa hyayōjayaḥ.\n\nsa dīpta iva kālāgnirjajvālābhimukhaḥ khagam৷৷5.67.12৷৷\n\n"
    },
    {
        "sloka": "kṣiptavāṅstvaṅ pradīptaṅ hi darbhaṅ taṅ vāyasaṅ prati.\n\ntatastu vāyasaṅ dīptassa darbhō.nujagāma ha৷৷5.67.13৷৷\n\n"
    },
    {
        "sloka": "sa pitrā ca parityaktassuraiśca samaharṣibhiḥ.\n\ntrīn lōkān samparikramya trātāraṅ nādhigacchati৷৷5.67.14৷৷\n\n"
    },
    {
        "sloka": "punarēvāgatastrastastvatsakāśamariṅdama.\n\nsa taṅ nipatitaṅ bhūmau śaraṇyaśśaraṇāgatam৷৷5.67.15৷৷\n\nvadhārhamapi kākutstha kṛpayā paryapālayaḥ.\n\n"
    },
    {
        "sloka": "mōghamastraṅ na śakyaṅ tu kartumityēva rāghava৷৷5.67.16৷৷\n\nbhavāṅstasyākṣi kākasya hinasti sma sa dakṣiṇam.\n\n"
    },
    {
        "sloka": "rāma tvāṅ sa namaskṛtya rājñē daśarathāya ca৷৷5.67.17৷৷\n\nvisṛṣṭastu tadā kāka pratipēdē svamālayam.\n\n"
    },
    {
        "sloka": "ēvamastravidāṅ śrēṣṭhassattvavān śīlavānapi৷৷5.67.18৷৷\n\nkimarthamastraṅ rakṣassu na yōjayati rāghavaḥ.\n\n"
    },
    {
        "sloka": "na nāgā nāpi gandharvā nāsurā na marudgaṇāḥ৷৷5.67.19৷৷\n\nna ca sarvē raṇē śaktā rāmaṅ pratisamāsitum.\n\n"
    },
    {
        "sloka": "tasya vīryavataḥ kaścidyadyasti mayi sambhramaḥ৷৷5.67.20৷৷\n\nkṣipraṅ suniśitairbāṇairhanyatāṅ yudhi rāvaṇaḥ.\n\n"
    },
    {
        "sloka": "bhrāturādēśamājñāya lakṣmaṇō vā parantapaḥ৷৷5.67.21৷৷\n\nsa kimarthaṅ naravarō na māṅ rakṣati rāghavaḥ.\n\n"
    },
    {
        "sloka": "śaktau tau puruṣavyāghrau vāyvagnisamatējasau ৷৷5.67.22৷৷\n\nsurāṇāmapi durdharṣau kimarthaṅ māmupēkṣataḥ.\n\n"
    },
    {
        "sloka": "mamaiva duṣkṛtaṅ kiñcinmahadasti na saṅśayaḥ৷৷5.67.23৷৷\n\nsamarthau sahitau yanmāṅ nāvēkṣētē parantapau.\n\n"
    },
    {
        "sloka": "vaidēhyā vacanaṅ śrutvā karuṇaṅ sāśru bhāṣitam.\n\npunarapyahamāryāṅ tāmidaṅ vacanamabruvam৷৷5.67.24৷৷\n\n"
    },
    {
        "sloka": "tvacchōkavimukhō rāmō dēvi satyēna tē śapē৷৷5.67.25৷৷\n\nrāmē duḥkhābhibhūtē tu lakṣmaṇaḥ paritapyatē.\n\n"
    },
    {
        "sloka": "kathañcidbhavatī dṛṣṭā na kālaḥ pariśōcitum৷৷5.67.26৷৷\n\nasminmuhūrtē duḥkhānāmantaṅ drakṣyasi bhāmini.\n\n"
    },
    {
        "sloka": "tāvubhau naraśārdūlau rājaputrāvaninditau৷৷5.67.27৷৷\n\ntvaddarśanakṛtōtsāhau laṅkāṅ bhasmīkariṣyataḥ.\n\n"
    },
    {
        "sloka": "hatvā ca samarē raudraṅ rāvaṇaṅ saha bāndhavam৷৷5.67.28৷৷\n\nrāghavastvāṅ varārōhē svāṅ purīṅ nayatē dhruvam.\n\n"
    },
    {
        "sloka": "yattu rāmō vijānīyādabhijñānamaninditē৷৷5.67.29৷৷\n\nprītisañjananaṅ tasya pradātuṅ tvamihārhasi.\n\n"
    },
    {
        "sloka": "sābhivīkṣya diśassarvā vēṇyudgrathitamuttamam৷৷5.67.30৷৷\n\nmuktvā vastrāddadau mahyaṅ maṇimētaṅ mahābala.\n\n"
    },
    {
        "sloka": "pratigṛhya maṇiṅ divyaṅ tava hētō raghūdvaha৷৷5.67.31৷৷\n\nśirasā tāṅ praṇamyāryāmahamāgamanē tvarē.\n\n"
    },
    {
        "sloka": "gamanē ca kṛtōtsāhamavēkṣya varavarṇinī৷৷5.67.32৷৷\n\nvivardhamānaṅ ca hi māmuvāca janakātmajā.\n\n"
    },
    {
        "sloka": "aśrupūrṇamukhī dīnā bāṣpasandigdhabhāṣiṇī৷৷5.67.33৷৷\n\nmamōtpatanasambhrāntā śōkavēgasamāhatā.\n\n"
    },
    {
        "sloka": "hanuman siṅhasaṅkāśāvubhau tau rāmalakṣmaṇau৷৷5.67.34৷৷\n\nsugrīvañca sahāmātyaṅ sarvān brūyā hyanāmayam.\n\n"
    },
    {
        "sloka": "yathā ca sa mahābāhurmāṅ tārayati rāghavaḥ.\n\nasmāddhuḥkhāmbusaṅrōdhāttvaṅ samādhātumarhasi৷৷5.67.35৷৷\n\n"
    },
    {
        "sloka": "imaṅ ca tīvraṅ mama śōkavēgaṅ rakṣōbhirēbhiḥ paribhartsanaṅ ca.\n\nbrūyāstu rāmasya gatassamīpam śivaśca tē.dhvāstu haripravīra৷৷5.67.36৷৷\n\n"
    },
    {
        "sloka": "ētattavāryā nṛparājasiṅha sītā vacaḥ prāha viṣādapūrvam.\n\nētacca buddhvā gaditaṅ mayā tvaṅ śraddhatsva sītāṅ kuśalāṅ samagrām৷৷5.67.37৷৷\n\n"
    },
    {
        "sloka": "[Hanuman once again narrates to Rama, Sita's condition.]\n\nēvamuktastu hanumān rāghavēṇa mahātmanā.\n\nsītāyā bhāṣitaṅ sarvaṅ nyavēdayata rāghavē৷৷5.67.1৷৷\n\n"
    },
    {
        "sloka": "idamuktavatī dēvī jānakī puruṣarṣabha.\n\npūrva vṛttamabhijñānaṅ citrakūṭē yathātatham৷৷5.67.2৷৷\n\n"
    },
    {
        "sloka": "sukhasuptā tvayā sārdhaṅ jānakī pūrvamutthitā.\n\nvāyasa ssahasōtpatya vidadāra stanāntarē৷৷5.67.3৷৷\n\n"
    },
    {
        "sloka": "paryāyēṇa ca suptastvaṅ dēvyaṅkē bharatāgraja.\n\npunaśca kila pakṣī sa dēvyā janayati vyathām৷৷5.67.4৷৷\n\n"
    },
    {
        "sloka": "punaḥ punarupāgamya vidadāra bhṛśaṅ kila.\n\ntatastvaṅ bōdhitastasyāśśōṇitēna samukṣitaḥ৷৷5.67.5৷৷\n\n"
    },
    {
        "sloka": "vāyasēna ca tēnaiva satataṅ bādhyamānayā.\n\nbōdhitaḥ kila dēvyā tvaṅ sukhasuptaḥ parantapa৷৷5.67.6৷৷\n\n"
    },
    {
        "sloka": "tāṅ tu dṛṣṭvā mahābāhō dāritāṅ ca stanāntarē.\n\nāśīviṣa iva kruddhō niśvasannabhyabhāṣathāḥ৷৷5.67.7৷৷\n\n"
    },
    {
        "sloka": "nakhāgraiḥ kēna tē bhīru dāritaṅ tu stanāntaram.\n\nkaḥ krīḍati sarōṣēṇa pañcavaktrēṇa bhōginā৷৷5.67.8৷৷\n\n"
    },
    {
        "sloka": "nirīkṣamāṇassahasā vāyasaṅ samavaikṣathāḥ.\n\nnakhai ssarudhiraistīkṣṇaistāmēvābhimukhaṅ sthitam৷৷5.67.9৷৷\n\n"
    },
    {
        "sloka": "sutaḥ kila sa śakrasya vāyasaḥ patatāṅ varaḥ.\n\ndharāntaracaraśśīghraṅ pavanasya gatau samaḥ৷৷5.67.10৷৷\n\n"
    },
    {
        "sloka": "tatastasminmahābāhō kōpasaṅvartitēkṣaṇaḥ.\n\nvāyasē tvaṅ kṛthāḥ krūrāṅ matiṅ matimatāṅ vara৷৷5.67.11৷৷\n\n"
    },
    {
        "sloka": "sa darbhaṅ saṅstarādgṛhya brahmāstrēṇa hyayōjayaḥ.\n\nsa dīpta iva kālāgnirjajvālābhimukhaḥ khagam৷৷5.67.12৷৷\n\n"
    },
    {
        "sloka": "kṣiptavāṅstvaṅ pradīptaṅ hi darbhaṅ taṅ vāyasaṅ prati.\n\ntatastu vāyasaṅ dīptassa darbhō.nujagāma ha৷৷5.67.13৷৷\n\n"
    },
    {
        "sloka": "sa pitrā ca parityaktassuraiśca samaharṣibhiḥ.\n\ntrīn lōkān samparikramya trātāraṅ nādhigacchati৷৷5.67.14৷৷\n\n"
    },
    {
        "sloka": "punarēvāgatastrastastvatsakāśamariṅdama.\n\nsa taṅ nipatitaṅ bhūmau śaraṇyaśśaraṇāgatam৷৷5.67.15৷৷\n\nvadhārhamapi kākutstha kṛpayā paryapālayaḥ.\n\n"
    },
    {
        "sloka": "mōghamastraṅ na śakyaṅ tu kartumityēva rāghava৷৷5.67.16৷৷\n\nbhavāṅstasyākṣi kākasya hinasti sma sa dakṣiṇam.\n\n"
    },
    {
        "sloka": "rāma tvāṅ sa namaskṛtya rājñē daśarathāya ca৷৷5.67.17৷৷\n\nvisṛṣṭastu tadā kāka pratipēdē svamālayam.\n\n"
    },
    {
        "sloka": "ēvamastravidāṅ śrēṣṭhassattvavān śīlavānapi৷৷5.67.18৷৷\n\nkimarthamastraṅ rakṣassu na yōjayati rāghavaḥ.\n\n"
    },
    {
        "sloka": "na nāgā nāpi gandharvā nāsurā na marudgaṇāḥ৷৷5.67.19৷৷\n\nna ca sarvē raṇē śaktā rāmaṅ pratisamāsitum.\n\n"
    },
    {
        "sloka": "tasya vīryavataḥ kaścidyadyasti mayi sambhramaḥ৷৷5.67.20৷৷\n\nkṣipraṅ suniśitairbāṇairhanyatāṅ yudhi rāvaṇaḥ.\n\n"
    },
    {
        "sloka": "bhrāturādēśamājñāya lakṣmaṇō vā parantapaḥ৷৷5.67.21৷৷\n\nsa kimarthaṅ naravarō na māṅ rakṣati rāghavaḥ.\n\n"
    },
    {
        "sloka": "śaktau tau puruṣavyāghrau vāyvagnisamatējasau ৷৷5.67.22৷৷\n\nsurāṇāmapi durdharṣau kimarthaṅ māmupēkṣataḥ.\n\n"
    },
    {
        "sloka": "mamaiva duṣkṛtaṅ kiñcinmahadasti na saṅśayaḥ৷৷5.67.23৷৷\n\nsamarthau sahitau yanmāṅ nāvēkṣētē parantapau.\n\n"
    },
    {
        "sloka": "vaidēhyā vacanaṅ śrutvā karuṇaṅ sāśru bhāṣitam.\n\npunarapyahamāryāṅ tāmidaṅ vacanamabruvam৷৷5.67.24৷৷\n\n"
    },
    {
        "sloka": "tvacchōkavimukhō rāmō dēvi satyēna tē śapē৷৷5.67.25৷৷\n\nrāmē duḥkhābhibhūtē tu lakṣmaṇaḥ paritapyatē.\n\n"
    },
    {
        "sloka": "kathañcidbhavatī dṛṣṭā na kālaḥ pariśōcitum৷৷5.67.26৷৷\n\nasminmuhūrtē duḥkhānāmantaṅ drakṣyasi bhāmini.\n\n"
    },
    {
        "sloka": "tāvubhau naraśārdūlau rājaputrāvaninditau৷৷5.67.27৷৷\n\ntvaddarśanakṛtōtsāhau laṅkāṅ bhasmīkariṣyataḥ.\n\n"
    },
    {
        "sloka": "hatvā ca samarē raudraṅ rāvaṇaṅ saha bāndhavam৷৷5.67.28৷৷\n\nrāghavastvāṅ varārōhē svāṅ purīṅ nayatē dhruvam.\n\n"
    },
    {
        "sloka": "yattu rāmō vijānīyādabhijñānamaninditē৷৷5.67.29৷৷\n\nprītisañjananaṅ tasya pradātuṅ tvamihārhasi.\n\n"
    },
    {
        "sloka": "sābhivīkṣya diśassarvā vēṇyudgrathitamuttamam৷৷5.67.30৷৷\n\nmuktvā vastrāddadau mahyaṅ maṇimētaṅ mahābala.\n\n"
    },
    {
        "sloka": "pratigṛhya maṇiṅ divyaṅ tava hētō raghūdvaha৷৷5.67.31৷৷\n\nśirasā tāṅ praṇamyāryāmahamāgamanē tvarē.\n\n"
    },
    {
        "sloka": "gamanē ca kṛtōtsāhamavēkṣya varavarṇinī৷৷5.67.32৷৷\n\nvivardhamānaṅ ca hi māmuvāca janakātmajā.\n\n"
    },
    {
        "sloka": "aśrupūrṇamukhī dīnā bāṣpasandigdhabhāṣiṇī৷৷5.67.33৷৷\n\nmamōtpatanasambhrāntā śōkavēgasamāhatā.\n\n"
    },
    {
        "sloka": "hanuman siṅhasaṅkāśāvubhau tau rāmalakṣmaṇau৷৷5.67.34৷৷\n\nsugrīvañca sahāmātyaṅ sarvān brūyā hyanāmayam.\n\n"
    },
    {
        "sloka": "yathā ca sa mahābāhurmāṅ tārayati rāghavaḥ.\n\nasmāddhuḥkhāmbusaṅrōdhāttvaṅ samādhātumarhasi৷৷5.67.35৷৷\n\n"
    },
    {
        "sloka": "imaṅ ca tīvraṅ mama śōkavēgaṅ rakṣōbhirēbhiḥ paribhartsanaṅ ca.\n\nbrūyāstu rāmasya gatassamīpam śivaśca tē.dhvāstu haripravīra৷৷5.67.36৷৷\n\n"
    },
    {
        "sloka": "ētattavāryā nṛparājasiṅha sītā vacaḥ prāha viṣādapūrvam.\n\nētacca buddhvā gaditaṅ mayā tvaṅ śraddhatsva sītāṅ kuśalāṅ samagrām৷৷5.67.37৷৷\n\n"
    }
]