[
    {
        "sloka": "[Hanuman ascends the simsupa tree in the Ashoka grove and watches.]\n\nsa muhūrtamiva dhyātvā manasā cādhigamya tām.\n\navaplutō mahātējāḥ prākāraṅ tasya vēśmanaḥ৷৷5.14.1৷৷\n\n"
    },
    {
        "sloka": "sa tu saṅhṛṣṭasarvāṅgaḥ prākārasthō mahākapiḥ.\n\npuṣpitāgrānvasantādau dadarśa vividhān drumān৷৷5.14.2৷৷\n\nsālānaśōkān bhavyāṅśca caṅpakāṅśca supuṣpitān.\n\nuddālakānnāgavṛkṣāṅścūtānkapimukhānapi৷৷5.14.3৷৷\n\n"
    },
    {
        "sloka": "athāmravaṇasañchannāṅ latāśatasamāvṛtām.\n\njyāmukta iva nārācaḥ pupluvē vṛkṣavāṭikām৷৷5.14.4৷৷\n\n"
    },
    {
        "sloka": "sa praviśya vicitrāṅ tāṅ vihagairabhināditām.\n\nrājataiḥ kāṅcanaiścaiva pādapaiḥ sarvatō vṛtām৷৷5.14.5৷৷\n\nvihagairmṛgasaṅghaiśca vicitrāṅ citrakānanām.\n\nuditādityasaṅkāśāṅ dadarśa hanumān kapiḥ৷৷5.14.6৷৷\n\nvṛtāṅ nānāvidhairvṛkṣaiḥ puṣpōpagaphalōpagaiḥ.\n\nkōkilairbhṛṅgarājaiśca mattairnityaniṣēvitām৷৷5.14.7৷৷\n\nprahṛṣṭamanujē kālē mṛgapakṣisamākulē.\n\nmattabarhiṇasaṅghuṣṭāṅ nānādvijagaṇāyutām৷৷5.14.8৷৷\n\n"
    },
    {
        "sloka": "mārgamāṇō varārōhāṅ rājaputrīmaninditām.\n\nsukhaprasuptānvihagān bōdhayāmāsa vānaraḥ৷৷5.14.9৷৷\n\n"
    },
    {
        "sloka": "utpatadbhirdvijagaṇaiḥ pakṣaiḥ sālāssamāhatāḥ.\n\nanēkavarṇā vividhā mumucuḥ puṣpavṛṣṭayaḥ৷৷5.14.10৷৷\n\n"
    },
    {
        "sloka": "puṣpāvakīrṇaśśuśubhē hanumān mārutātmajaḥ.\n\naśōkavanikāmadhyē yathā puṣpamayō giriḥ৷৷5.14.11৷৷\n\n"
    },
    {
        "sloka": "diśassarvāḥ pradhāvantaṅ vṛkṣaṣaṇḍagataṅ kapiḥ.\n\ndṛṣṭvā sarvāṇi bhūtāni vasanta iti mēnirē৷৷5.14.12৷৷\n\n"
    },
    {
        "sloka": "vṛkṣēbhyaḥ patitaiḥ puṣpairavakīrṇā pṛthagvidaiḥ.\n\nrarāja vṛkṣēbhyaḥ tatra pramadēva ৷৷5.14.13৷৷\n\n"
    },
    {
        "sloka": "rasvinā tē taravastarasābhiprakampitāḥ.\n\nkusumāni vicitrāṇi sasṛjuḥ kapinā tadā৷৷5.14.14৷৷\n\n"
    },
    {
        "sloka": "nirdhūtapatraśikharāḥ śīrṇapuṣpaphalā drumāḥ.\n\nnikṣiptavastrābharaṇā dhūrtā iva parājitāḥ৷৷5.14.15৷৷\n\n"
    },
    {
        "sloka": "hanūmatā vēgavatā kampitāstē nagōttamāḥ.\n\npuṣpaparṇaphalānyāśu mumucuḥ puṣpaśālinaḥ৷৷5.14.16৷৷\n\n"
    },
    {
        "sloka": "vihaṅgasaṅghairhīnāstē skandhamātrāśrayā drumāḥ.\n\nbabhūvuragamāḥ sarvē mārutēva nirdhutāḥ.5.14.17৷৷\n\n"
    },
    {
        "sloka": "nirdhūtakēśī yuvatiryathā mṛditavarṇakā.\n\nniṣpītaśubhadantōṣṭhī nakhairdantaiśca vikṣatā৷৷5.14.18৷৷\n\ntathā lāṅgūlahastaiśca caraṇābhyāṅ ca marditā.\n\nbabhūvāśōkavanikā prabhagnavarapādapā৷৷5.14.19৷৷\n\n"
    },
    {
        "sloka": "mahālatānāṅ dāmāni vyathamattarasā kapiḥ.\n\nyathā prāvṛṣi vindhyasya mēghajālāni mārutaḥ৷৷5.14.20৷৷\n\n"
    },
    {
        "sloka": "sa tatra maṇibhūmīśca rājatīśca manōramāḥ.\n\ntathā kāñcanabhūmīśca dadarśa vicarankapiḥ৷৷5.14.21৷৷\n\n"
    },
    {
        "sloka": "vāpīśca vividhākārāḥ pūrṇāḥ paramavāriṇā.\n\nmahārhairmaṇisōpānairupapannāstatastataḥ৷৷5.14.22৷৷\n\nmuktāpravālasikatāḥ sphāṭikāntarakuṭṭimāḥ.\n\nkāñcanaistarubhiścitraistīrajairupaśōbhitaiḥ৷৷5.14.23৷৷\n\nphullapadmōtpalavanāścakravākōpakūjitāḥ.\n\nnatyūharutasaṅghuṣṭā haṅsasārasanāditāḥ৷৷5.14.24৷৷\n\ndīrghābhirdrumayuktābhiḥ saradbhiśca samantataḥ.\n\namṛtōpamatōyābhiśśivābhirupasaṅskṛtāḥ৷৷5.14.25৷৷\n\nlatāśatairavatatāssantānakusumāvṛtāḥ.\n\nnānāgulmāvṛtaghanāḥ karavīrakṛtāntarāḥ৷৷5.14.26৷৷\n\n"
    },
    {
        "sloka": "tatō.mbudharasaṅkāśaṅ pravṛddhaśikharaṅ girim.\n\nvicitrakūṭaṅ kūṭaiśca sarvataḥ parivāritam৷৷5.14.27৷৷\n\nśilāgṛhairavatataṅ nānāvṛkṣaiḥ samāvṛtam.\n\ndadarśa hariśārdūlō ramyaṅ jagati parvatam৷৷5.14.28৷৷\n\n"
    },
    {
        "sloka": "dadarśa ca nagāttasmānnadīṅ nipatitāṅ kapiḥ.\n\naṅkādiva samutpatya priyasya patitāṅ priyām৷৷5.14.29৷৷\n\njalē nipatitāgraiśca pādapairupaśōbhitām.\n\nvāryamāṇāmiva kruddhāṅ pramadāṅ priyabandhubhiḥ৷৷5.14.30৷৷\n\npunarāvṛttatōyāṅ ca dadarśa sa mahākapiḥ.\n\nprasannāmiva kāntasya kāntāṅ punarupasthitām৷৷5.14.31৷৷\n\n"
    },
    {
        "sloka": "tasyā dūrātsapadminyō nānādvijagaṇāyutāḥ.\n\ndadarśa hariśārdūlō hanumān mārutātmajaḥ৷৷5.14.32৷৷\n\n"
    },
    {
        "sloka": "kṛtrimāṅ dīrghikāṅ cāpi pūrṇāṅ śītēna vāriṇā.\n\nmaṇipravarasōpānāṅ muktāsikataśōbhitām৷৷5.14.33৷৷\n\nvividhairmṛgasaṅghaiśca vicitrāṅ citrakānanām.\n\nprāsādaissumahadbhiśca nirmitairviśvakarmaṇā৷৷5.14.34৷৷\n\nkānanaiḥ kṛtrimaiścāpi sarvataḥ samalaṅkṛtām.\n\n"
    },
    {
        "sloka": "yē kēcitpādapāstatra puṣpōpagaphalōpagāḥ৷৷5.14.35৷৷\n\nsacchatrāssavitardīkāssarvē sauvarṇavaidikāḥ.\n\n"
    },
    {
        "sloka": "latāpratānairbahubhiḥparṇaiśca bahubhirvṛtām৷৷5.14.36৷৷\n\nkāñcanīṅ śiṅśupāmēkāṅ dadarśa hariyūthapaḥ.\n\nvṛtāṅ hēmamayībhistu vēdikābhissamantataḥ৷৷5.14.37৷৷\n\n"
    },
    {
        "sloka": "sō.paśyadbhūmibhāgāṅśca gartaprasravaṇāni ca.\n\nsuvarṇavṛkṣānaparān dadarśa śikhisannibhān৷৷5.14.38৷৷\n\n"
    },
    {
        "sloka": "tēṣāṅ drumāṇāṅ prabhayā mērōriva divākaraḥ.\n\namanyata tadā vīraḥ kāñcanō.smīti vānaraḥ৷৷5.14.39৷৷\n\n"
    },
    {
        "sloka": "tāṅ kāñcanaistarugaṇairmārutēna ca vījitām.\n\nkiṅkiṇīśatanirghōṣāṅ dṛṣṭvā vismayamāgamat৷৷5.14.40৷৷\n\n"
    },
    {
        "sloka": "sa puṣpitāgrāṅ rucirāṅ taruṇāṅkurapallavām.\n\ntāmāruhya mahābāhuśśiṅśupāṅ parṇasaṅvṛtām৷৷5.14.41৷৷\n\n"
    },
    {
        "sloka": "itō drakṣyāmi vaidēhīṅ rāmadarśanalālasām.\n\nitaścētaśca duḥkhārtāṅ sampatantīṅ yadṛcchayā৷৷5.14.42৷৷\n\n"
    },
    {
        "sloka": "aśōkavanikā cēyaṅ dṛḍhaṅ ramyā durātmanaḥ.\n\ncampakaiścandanaiścāpi vakulaiśca vibhūṣitā৷৷5.14.43৷৷\n\n"
    },
    {
        "sloka": "iyaṅ ca nalinī ramyā dvijasaṅghaniṣēvitā.\n\nimāṅ sā rāmamahiṣī nūnamēṣyati jānakī৷৷5.14.44৷৷\n\n"
    },
    {
        "sloka": "sā rāmā rāmamahiṣī rāghavasya priyā satī.\n\nvanasañcārakuśalā nūnamēṣyati jānakī৷৷5.14.45৷৷\n\n"
    },
    {
        "sloka": "athavā mṛgaśābākṣī vanasyāsya vicakṣaṇā.\n\nvanamēṣyati sā.ryēha rāmacintānukarśitā৷৷5.14.46৷৷\n\n"
    },
    {
        "sloka": "rāmaśōkābhisantaptā sā dēvī vāmalōcanā.\n\nvanavāsē ratā nityamēṣyatē vanacāriṇī৷৷5.14.47৷৷\n\n"
    },
    {
        "sloka": "vanēcarāṇāṅ satataṅ nūnaṅ spṛhayatē purā.\n\nrāmasya dayitā bhāryā janakasyasutā satī৷৷5.14.48৷৷\n\n"
    },
    {
        "sloka": "sandhyākālamanāḥ śyāmā dhruvamēṣyati jānakī.\n\nnadīṅ cēmāṅ śubhajalāṅ sandhyārthē varavarṇinī৷৷5.14.49৷৷\n\n"
    },
    {
        "sloka": "tasyāścāpyanurūpēyamaśōkavanikā śubhā.\n\nśubhā yā pārthivēndrasya patnī rāmasya sammatā৷৷5.14.50৷৷\n\n"
    },
    {
        "sloka": "yadi jīvati sā dēvī tārādhipanibhānanā.\n\nāgamiṣyati sā.vaśyamimāṅ śivajalāṅ nadīm৷৷5.14.51৷৷\n\n"
    },
    {
        "sloka": "ēvaṅ tu matvā hanumānmahātmā pratīkṣamāṇō manujēndrapatnīm.\n\navēkṣamāṇaśca dadarśa sarvaṅ supuṣpitē parṇaghanē nilīnaḥ৷৷5.14.52৷৷\n\n"
    },
    {
        "sloka": "[Hanuman ascends the simsupa tree in the Ashoka grove and watches.]\n\nsa muhūrtamiva dhyātvā manasā cādhigamya tām.\n\navaplutō mahātējāḥ prākāraṅ tasya vēśmanaḥ৷৷5.14.1৷৷\n\n"
    },
    {
        "sloka": "sa tu saṅhṛṣṭasarvāṅgaḥ prākārasthō mahākapiḥ.\n\npuṣpitāgrānvasantādau dadarśa vividhān drumān৷৷5.14.2৷৷\n\nsālānaśōkān bhavyāṅśca caṅpakāṅśca supuṣpitān.\n\nuddālakānnāgavṛkṣāṅścūtānkapimukhānapi৷৷5.14.3৷৷\n\n"
    },
    {
        "sloka": "athāmravaṇasañchannāṅ latāśatasamāvṛtām.\n\njyāmukta iva nārācaḥ pupluvē vṛkṣavāṭikām৷৷5.14.4৷৷\n\n"
    },
    {
        "sloka": "sa praviśya vicitrāṅ tāṅ vihagairabhināditām.\n\nrājataiḥ kāṅcanaiścaiva pādapaiḥ sarvatō vṛtām৷৷5.14.5৷৷\n\nvihagairmṛgasaṅghaiśca vicitrāṅ citrakānanām.\n\nuditādityasaṅkāśāṅ dadarśa hanumān kapiḥ৷৷5.14.6৷৷\n\nvṛtāṅ nānāvidhairvṛkṣaiḥ puṣpōpagaphalōpagaiḥ.\n\nkōkilairbhṛṅgarājaiśca mattairnityaniṣēvitām৷৷5.14.7৷৷\n\nprahṛṣṭamanujē kālē mṛgapakṣisamākulē.\n\nmattabarhiṇasaṅghuṣṭāṅ nānādvijagaṇāyutām৷৷5.14.8৷৷\n\n"
    },
    {
        "sloka": "mārgamāṇō varārōhāṅ rājaputrīmaninditām.\n\nsukhaprasuptānvihagān bōdhayāmāsa vānaraḥ৷৷5.14.9৷৷\n\n"
    },
    {
        "sloka": "utpatadbhirdvijagaṇaiḥ pakṣaiḥ sālāssamāhatāḥ.\n\nanēkavarṇā vividhā mumucuḥ puṣpavṛṣṭayaḥ৷৷5.14.10৷৷\n\n"
    },
    {
        "sloka": "puṣpāvakīrṇaśśuśubhē hanumān mārutātmajaḥ.\n\naśōkavanikāmadhyē yathā puṣpamayō giriḥ৷৷5.14.11৷৷\n\n"
    },
    {
        "sloka": "diśassarvāḥ pradhāvantaṅ vṛkṣaṣaṇḍagataṅ kapiḥ.\n\ndṛṣṭvā sarvāṇi bhūtāni vasanta iti mēnirē৷৷5.14.12৷৷\n\n"
    },
    {
        "sloka": "vṛkṣēbhyaḥ patitaiḥ puṣpairavakīrṇā pṛthagvidaiḥ.\n\nrarāja vṛkṣēbhyaḥ tatra pramadēva ৷৷5.14.13৷৷\n\n"
    },
    {
        "sloka": "rasvinā tē taravastarasābhiprakampitāḥ.\n\nkusumāni vicitrāṇi sasṛjuḥ kapinā tadā৷৷5.14.14৷৷\n\n"
    },
    {
        "sloka": "nirdhūtapatraśikharāḥ śīrṇapuṣpaphalā drumāḥ.\n\nnikṣiptavastrābharaṇā dhūrtā iva parājitāḥ৷৷5.14.15৷৷\n\n"
    },
    {
        "sloka": "hanūmatā vēgavatā kampitāstē nagōttamāḥ.\n\npuṣpaparṇaphalānyāśu mumucuḥ puṣpaśālinaḥ৷৷5.14.16৷৷\n\n"
    },
    {
        "sloka": "vihaṅgasaṅghairhīnāstē skandhamātrāśrayā drumāḥ.\n\nbabhūvuragamāḥ sarvē mārutēva nirdhutāḥ.5.14.17৷৷\n\n"
    },
    {
        "sloka": "nirdhūtakēśī yuvatiryathā mṛditavarṇakā.\n\nniṣpītaśubhadantōṣṭhī nakhairdantaiśca vikṣatā৷৷5.14.18৷৷\n\ntathā lāṅgūlahastaiśca caraṇābhyāṅ ca marditā.\n\nbabhūvāśōkavanikā prabhagnavarapādapā৷৷5.14.19৷৷\n\n"
    },
    {
        "sloka": "mahālatānāṅ dāmāni vyathamattarasā kapiḥ.\n\nyathā prāvṛṣi vindhyasya mēghajālāni mārutaḥ৷৷5.14.20৷৷\n\n"
    },
    {
        "sloka": "sa tatra maṇibhūmīśca rājatīśca manōramāḥ.\n\ntathā kāñcanabhūmīśca dadarśa vicarankapiḥ৷৷5.14.21৷৷\n\n"
    },
    {
        "sloka": "vāpīśca vividhākārāḥ pūrṇāḥ paramavāriṇā.\n\nmahārhairmaṇisōpānairupapannāstatastataḥ৷৷5.14.22৷৷\n\nmuktāpravālasikatāḥ sphāṭikāntarakuṭṭimāḥ.\n\nkāñcanaistarubhiścitraistīrajairupaśōbhitaiḥ৷৷5.14.23৷৷\n\nphullapadmōtpalavanāścakravākōpakūjitāḥ.\n\nnatyūharutasaṅghuṣṭā haṅsasārasanāditāḥ৷৷5.14.24৷৷\n\ndīrghābhirdrumayuktābhiḥ saradbhiśca samantataḥ.\n\namṛtōpamatōyābhiśśivābhirupasaṅskṛtāḥ৷৷5.14.25৷৷\n\nlatāśatairavatatāssantānakusumāvṛtāḥ.\n\nnānāgulmāvṛtaghanāḥ karavīrakṛtāntarāḥ৷৷5.14.26৷৷\n\n"
    },
    {
        "sloka": "tatō.mbudharasaṅkāśaṅ pravṛddhaśikharaṅ girim.\n\nvicitrakūṭaṅ kūṭaiśca sarvataḥ parivāritam৷৷5.14.27৷৷\n\nśilāgṛhairavatataṅ nānāvṛkṣaiḥ samāvṛtam.\n\ndadarśa hariśārdūlō ramyaṅ jagati parvatam৷৷5.14.28৷৷\n\n"
    },
    {
        "sloka": "dadarśa ca nagāttasmānnadīṅ nipatitāṅ kapiḥ.\n\naṅkādiva samutpatya priyasya patitāṅ priyām৷৷5.14.29৷৷\n\njalē nipatitāgraiśca pādapairupaśōbhitām.\n\nvāryamāṇāmiva kruddhāṅ pramadāṅ priyabandhubhiḥ৷৷5.14.30৷৷\n\npunarāvṛttatōyāṅ ca dadarśa sa mahākapiḥ.\n\nprasannāmiva kāntasya kāntāṅ punarupasthitām৷৷5.14.31৷৷\n\n"
    },
    {
        "sloka": "tasyā dūrātsapadminyō nānādvijagaṇāyutāḥ.\n\ndadarśa hariśārdūlō hanumān mārutātmajaḥ৷৷5.14.32৷৷\n\n"
    },
    {
        "sloka": "kṛtrimāṅ dīrghikāṅ cāpi pūrṇāṅ śītēna vāriṇā.\n\nmaṇipravarasōpānāṅ muktāsikataśōbhitām৷৷5.14.33৷৷\n\nvividhairmṛgasaṅghaiśca vicitrāṅ citrakānanām.\n\nprāsādaissumahadbhiśca nirmitairviśvakarmaṇā৷৷5.14.34৷৷\n\nkānanaiḥ kṛtrimaiścāpi sarvataḥ samalaṅkṛtām.\n\n"
    },
    {
        "sloka": "yē kēcitpādapāstatra puṣpōpagaphalōpagāḥ৷৷5.14.35৷৷\n\nsacchatrāssavitardīkāssarvē sauvarṇavaidikāḥ.\n\n"
    },
    {
        "sloka": "latāpratānairbahubhiḥparṇaiśca bahubhirvṛtām৷৷5.14.36৷৷\n\nkāñcanīṅ śiṅśupāmēkāṅ dadarśa hariyūthapaḥ.\n\nvṛtāṅ hēmamayībhistu vēdikābhissamantataḥ৷৷5.14.37৷৷\n\n"
    },
    {
        "sloka": "sō.paśyadbhūmibhāgāṅśca gartaprasravaṇāni ca.\n\nsuvarṇavṛkṣānaparān dadarśa śikhisannibhān৷৷5.14.38৷৷\n\n"
    },
    {
        "sloka": "tēṣāṅ drumāṇāṅ prabhayā mērōriva divākaraḥ.\n\namanyata tadā vīraḥ kāñcanō.smīti vānaraḥ৷৷5.14.39৷৷\n\n"
    },
    {
        "sloka": "tāṅ kāñcanaistarugaṇairmārutēna ca vījitām.\n\nkiṅkiṇīśatanirghōṣāṅ dṛṣṭvā vismayamāgamat৷৷5.14.40৷৷\n\n"
    },
    {
        "sloka": "sa puṣpitāgrāṅ rucirāṅ taruṇāṅkurapallavām.\n\ntāmāruhya mahābāhuśśiṅśupāṅ parṇasaṅvṛtām৷৷5.14.41৷৷\n\n"
    },
    {
        "sloka": "itō drakṣyāmi vaidēhīṅ rāmadarśanalālasām.\n\nitaścētaśca duḥkhārtāṅ sampatantīṅ yadṛcchayā৷৷5.14.42৷৷\n\n"
    },
    {
        "sloka": "aśōkavanikā cēyaṅ dṛḍhaṅ ramyā durātmanaḥ.\n\ncampakaiścandanaiścāpi vakulaiśca vibhūṣitā৷৷5.14.43৷৷\n\n"
    },
    {
        "sloka": "iyaṅ ca nalinī ramyā dvijasaṅghaniṣēvitā.\n\nimāṅ sā rāmamahiṣī nūnamēṣyati jānakī৷৷5.14.44৷৷\n\n"
    },
    {
        "sloka": "sā rāmā rāmamahiṣī rāghavasya priyā satī.\n\nvanasañcārakuśalā nūnamēṣyati jānakī৷৷5.14.45৷৷\n\n"
    },
    {
        "sloka": "athavā mṛgaśābākṣī vanasyāsya vicakṣaṇā.\n\nvanamēṣyati sā.ryēha rāmacintānukarśitā৷৷5.14.46৷৷\n\n"
    },
    {
        "sloka": "rāmaśōkābhisantaptā sā dēvī vāmalōcanā.\n\nvanavāsē ratā nityamēṣyatē vanacāriṇī৷৷5.14.47৷৷\n\n"
    },
    {
        "sloka": "vanēcarāṇāṅ satataṅ nūnaṅ spṛhayatē purā.\n\nrāmasya dayitā bhāryā janakasyasutā satī৷৷5.14.48৷৷\n\n"
    },
    {
        "sloka": "sandhyākālamanāḥ śyāmā dhruvamēṣyati jānakī.\n\nnadīṅ cēmāṅ śubhajalāṅ sandhyārthē varavarṇinī৷৷5.14.49৷৷\n\n"
    },
    {
        "sloka": "tasyāścāpyanurūpēyamaśōkavanikā śubhā.\n\nśubhā yā pārthivēndrasya patnī rāmasya sammatā৷৷5.14.50৷৷\n\n"
    },
    {
        "sloka": "yadi jīvati sā dēvī tārādhipanibhānanā.\n\nāgamiṣyati sā.vaśyamimāṅ śivajalāṅ nadīm৷৷5.14.51৷৷\n\n"
    },
    {
        "sloka": "ēvaṅ tu matvā hanumānmahātmā pratīkṣamāṇō manujēndrapatnīm.\n\navēkṣamāṇaśca dadarśa sarvaṅ supuṣpitē parṇaghanē nilīnaḥ৷৷5.14.52৷৷\n\n"
    }
]