[
    {
        "sloka": "[Hanuman gives an account of the plight of Sita in Lanka -- incites the vanaras to be ready for the next course of action]  \n\nētadākhyāya tatsarvaṅ hanumānmārutātmajaḥ.\n\nbhūyassamupacakrāma vacanaṅ vaktumuttaram৷৷5.59.1৷৷\n\n"
    },
    {
        "sloka": "saphalō rāghavōdyōga ssugrīvasya ca sambhramaḥ.\n\nśīlamāsādya sītāyā mama ca pravaṇaṅ manaḥ৷৷5.59.2৷৷\n\n"
    },
    {
        "sloka": "niyatassamudācārō bhaktirbhartari cōttamā.\n\nyanna hanti daśagrīvaṅ sā mahātmā kṛtāgasam৷৷5.59.34.\n\n"
    },
    {
        "sloka": "tasya tāṅ spṛśatō gātraṅ tapasā na vināśitam.\n\nna tadagniśikhā kuryātsaṅspṛṣṭā pāṇinā satī৷৷5.59.4৷৷\n\njanakasyātmajā kuryādyatkrōdhakaluṣīkṛtā.\n\n"
    },
    {
        "sloka": "jāmbavatpramukhān sarvānanujñāpya mahāharīn৷৷5.59.5৷৷\n\nasminnēvaṅ gatē kāryē bhavatāṅ ca nivēditē.\n\nnyāyyaṅ sma saha vaidēhyā draṣṭuṅ tau pārthivātmajau৷৷5.59.6৷৷\n\n"
    },
    {
        "sloka": "ahamēkō.pi paryāptassarākṣasagaṇāṅ purīm.\n\ntāṅ laṅkāṅ tarasā hantuṅ rāvaṇaṅ ca mahābalam৷৷5.59.7৷৷\n\n"
    },
    {
        "sloka": "kiṅ puna ssahitō vīrairbalavadbhiḥ kṛtātmabhiḥ.\n\nkṛtāstrai: plavagaiśśūrairbhavadbhivijayaiṣibhiḥ৷৷5.59.8৷৷\n\n"
    },
    {
        "sloka": "ahaṅ tu rāvaṇaṅ yuddhē sasainyaṅ sapurassaram.\n\nsahaputtraṅ vadhiṣyāmi sahōdarayutaṅ yudhi৷৷5.59.9৷৷\n\n"
    },
    {
        "sloka": "brāhmamaindraṅ ca raudraṅ ca vāyavyaṅ vāraṇaṅ tathā.\n\nyadi śakrajitō.strāṇi durnirīkṣāṇi saṅyugē৷৷5.59.10৷৷\n\ntānyahaṅ vadhiṣyāmi haniṣyāmi ca rākṣasān.\n\n"
    },
    {
        "sloka": "bhavatāmabhyanujñātō vikramō mē ruṇaddhi tam৷৷5.59.11৷৷\n\nmayātulā visṛṣṭā hi śailavṛṣṭirnirantarā.\n\ndēvānapi raṇē hanyātkiṅ punastānniśācarān৷৷5.59.12৷৷\n\n"
    },
    {
        "sloka": "sāgarō.pyatiyādvēlāṅ mandaraḥ pracalēdapi.\n\nna jāmbavantaṅ samarē kampayēdarivāhinī৷৷5.59.13৷৷\n\n"
    },
    {
        "sloka": "sarvarākṣasasaṅghānāṅ rākṣasā yē ca pūrvakāḥ.\n\nalamēkō vināśāya vīrō vālisutaḥ kapiḥ৷৷5.59.14৷৷\n\n"
    },
    {
        "sloka": "panasasyōruvēgēna nīlasya ca mahātmanaḥ.\n\nmandarō.pyavaśīryēta kiṅpunaryudhi rākṣasāḥ৷৷5.59.15.\n\n"
    },
    {
        "sloka": "sadēvāsurayakṣēṣu gandharvōragapakṣiṣu.\n\nmaindasya pratiyōddhāraṅ śaṅsata dvividasya vā৷৷5.59.16৷৷\n\n"
    },
    {
        "sloka": "aśviputrau mahābhāgāvētau plavagasattamau.\n\nētayōḥ pratiyōddāraṅ na paśyāmi raṇājirē৷৷5.59.17৷৷\n\n"
    },
    {
        "sloka": "pitāmahavarōtsēkātparamaṅ darpamāsthitau.\n\namṛtaprāśināvētau sarvavānarasattamau৷৷5.59.18৷৷\n\n"
    },
    {
        "sloka": "aśvinōrmānanārthaṅ hi sarvalōkapitāmahaḥ.\n\nsarvāvadhyatvamatulamanayōrdattavānpurā৷৷5.59.19৷৷\n\n"
    },
    {
        "sloka": "varōtsēkēna mattau ca pramathya mahatīṅ camūm.\n\nsurāṇāmamṛtaṅ vīrau pītavantau plavaṅgamau৷৷5.59.20৷৷\n\n"
    },
    {
        "sloka": "ētāvēva hi saṅkṛddhau savājirathakuñjarām.\n\nlaṅkāṅ nāśayituṅ śaktau sarvē tiṣṭhantu vānarāḥ৷৷5.59.21৷৷\n\n"
    },
    {
        "sloka": "mayaiva nihatā laṅkā dagdhā bhasmīkṛtā punaḥ.\n\nrājamārgēṣu sarvatra nāma viśrāvitaṅ mayā৷৷5.59.22৷৷\n\n"
    },
    {
        "sloka": "jayatyatibalō rāmō lakṣmaṇaśca mahābalaḥ.\n\nrājā jayati sugrīvō rāghavēṇābhipālitaḥ৷৷5.59.23৷৷\n\nahaṅ kōsalarājasya dāsaḥ pavanasambhavaḥ.\n\nhanumāniti sarvatra nāma viśrāvitaṅ mayā৷৷5.59.24৷৷\n\n"
    },
    {
        "sloka": "aśōkavanikāmadhyē rāvaṇasya durātmanaḥ.\n\nadha stācchiṅśupāvṛkṣē sādhvī karuṇamāsthitā৷৷5.59.25৷৷\n\nrākṣasībhiḥ parivṛtā śōkasaṅtāpakarśitā.\n\nmēghalēkhāparivṛtā candralēkhēva niṣprabhā৷৷5.59.26৷৷.\n\nacintayantī vaidēhī rāvaṇaṅ baladarpitam.\n\n"
    },
    {
        "sloka": "pativratā ca suśrōṇī avaṣṭabdhā ca jānakī৷৷5.59.27৷৷\n\nanuraktā hi vaidēhī rāmaṅ sarvātmanā śubhā.\n\nananyacittā rāmē ca paulōmīva purandarē৷৷5.59.28৷৷\n\n"
    },
    {
        "sloka": "tadēkavāsassaṅvītā rajōdhvastā tathaiva ca.\n\nśōkasantāpadīnāṅgī sītā bhartṛhitē ratā৷৷5.59.29৷৷\n\n"
    },
    {
        "sloka": "sā mayā rākṣasīmadhyē tarjyamānā muhurmuhuḥ.\n\nrākṣasībhirvirūpābhirdṛṣṭā hi pramadāvanē৷৷5.59.30৷৷\n\nēkavēṇīdharā dīnā bhartṛcintāparāyaṇā.\n\nadhaśśayyā vivarṇāṅgī padminīva himāgamē৷৷5.59.31৷৷\n\nrāvaṇādvinivṛttārthā martavyakṛtaniścayā.\n\n"
    },
    {
        "sloka": "kathañcinmṛgaśābākṣī viśvāsamupapāditā৷৷5.59.32৷৷\n\ntataḥ saṅbhāṣitā caiva sarvamarthaṅ ca darśitā.\n\nrāmasugrīvasakhyaṅ ca śrutvā prītimupāgatā৷৷5.59.33৷৷\n\n"
    },
    {
        "sloka": "nimittamātraṅ rāmastu vadhē tasya bhaviṣyati.\n\nsā prakṛtyaiva tanvaṅgī tadviyōgācca karśitā৷৷5.59.35৷৷\n\npratipatpāṭhaśīlasya vidyēva tanumatāṅ gatā.\n\n"
    },
    {
        "sloka": "ēvamāstē mahābhāgā sītā śōkaparāyaṇā৷৷5.59.36৷৷\n\nyadatra pratikartavyaṅ tatsarvamupapādyatām.\n\n"
    },
    {
        "sloka": "[Hanuman gives an account of the plight of Sita in Lanka -- incites the vanaras to be ready for the next course of action]  \n\nētadākhyāya tatsarvaṅ hanumānmārutātmajaḥ.\n\nbhūyassamupacakrāma vacanaṅ vaktumuttaram৷৷5.59.1৷৷\n\n"
    },
    {
        "sloka": "saphalō rāghavōdyōga ssugrīvasya ca sambhramaḥ.\n\nśīlamāsādya sītāyā mama ca pravaṇaṅ manaḥ৷৷5.59.2৷৷\n\n"
    },
    {
        "sloka": "niyatassamudācārō bhaktirbhartari cōttamā.\n\nyanna hanti daśagrīvaṅ sā mahātmā kṛtāgasam৷৷5.59.34.\n\n"
    },
    {
        "sloka": "tasya tāṅ spṛśatō gātraṅ tapasā na vināśitam.\n\nna tadagniśikhā kuryātsaṅspṛṣṭā pāṇinā satī৷৷5.59.4৷৷\n\njanakasyātmajā kuryādyatkrōdhakaluṣīkṛtā.\n\n"
    },
    {
        "sloka": "jāmbavatpramukhān sarvānanujñāpya mahāharīn৷৷5.59.5৷৷\n\nasminnēvaṅ gatē kāryē bhavatāṅ ca nivēditē.\n\nnyāyyaṅ sma saha vaidēhyā draṣṭuṅ tau pārthivātmajau৷৷5.59.6৷৷\n\n"
    },
    {
        "sloka": "ahamēkō.pi paryāptassarākṣasagaṇāṅ purīm.\n\ntāṅ laṅkāṅ tarasā hantuṅ rāvaṇaṅ ca mahābalam৷৷5.59.7৷৷\n\n"
    },
    {
        "sloka": "kiṅ puna ssahitō vīrairbalavadbhiḥ kṛtātmabhiḥ.\n\nkṛtāstrai: plavagaiśśūrairbhavadbhivijayaiṣibhiḥ৷৷5.59.8৷৷\n\n"
    },
    {
        "sloka": "ahaṅ tu rāvaṇaṅ yuddhē sasainyaṅ sapurassaram.\n\nsahaputtraṅ vadhiṣyāmi sahōdarayutaṅ yudhi৷৷5.59.9৷৷\n\n"
    },
    {
        "sloka": "brāhmamaindraṅ ca raudraṅ ca vāyavyaṅ vāraṇaṅ tathā.\n\nyadi śakrajitō.strāṇi durnirīkṣāṇi saṅyugē৷৷5.59.10৷৷\n\ntānyahaṅ vadhiṣyāmi haniṣyāmi ca rākṣasān.\n\n"
    },
    {
        "sloka": "bhavatāmabhyanujñātō vikramō mē ruṇaddhi tam৷৷5.59.11৷৷\n\nmayātulā visṛṣṭā hi śailavṛṣṭirnirantarā.\n\ndēvānapi raṇē hanyātkiṅ punastānniśācarān৷৷5.59.12৷৷\n\n"
    },
    {
        "sloka": "sāgarō.pyatiyādvēlāṅ mandaraḥ pracalēdapi.\n\nna jāmbavantaṅ samarē kampayēdarivāhinī৷৷5.59.13৷৷\n\n"
    },
    {
        "sloka": "sarvarākṣasasaṅghānāṅ rākṣasā yē ca pūrvakāḥ.\n\nalamēkō vināśāya vīrō vālisutaḥ kapiḥ৷৷5.59.14৷৷\n\n"
    },
    {
        "sloka": "panasasyōruvēgēna nīlasya ca mahātmanaḥ.\n\nmandarō.pyavaśīryēta kiṅpunaryudhi rākṣasāḥ৷৷5.59.15.\n\n"
    },
    {
        "sloka": "sadēvāsurayakṣēṣu gandharvōragapakṣiṣu.\n\nmaindasya pratiyōddhāraṅ śaṅsata dvividasya vā৷৷5.59.16৷৷\n\n"
    },
    {
        "sloka": "aśviputrau mahābhāgāvētau plavagasattamau.\n\nētayōḥ pratiyōddāraṅ na paśyāmi raṇājirē৷৷5.59.17৷৷\n\n"
    },
    {
        "sloka": "pitāmahavarōtsēkātparamaṅ darpamāsthitau.\n\namṛtaprāśināvētau sarvavānarasattamau৷৷5.59.18৷৷\n\n"
    },
    {
        "sloka": "aśvinōrmānanārthaṅ hi sarvalōkapitāmahaḥ.\n\nsarvāvadhyatvamatulamanayōrdattavānpurā৷৷5.59.19৷৷\n\n"
    },
    {
        "sloka": "varōtsēkēna mattau ca pramathya mahatīṅ camūm.\n\nsurāṇāmamṛtaṅ vīrau pītavantau plavaṅgamau৷৷5.59.20৷৷\n\n"
    },
    {
        "sloka": "ētāvēva hi saṅkṛddhau savājirathakuñjarām.\n\nlaṅkāṅ nāśayituṅ śaktau sarvē tiṣṭhantu vānarāḥ৷৷5.59.21৷৷\n\n"
    },
    {
        "sloka": "mayaiva nihatā laṅkā dagdhā bhasmīkṛtā punaḥ.\n\nrājamārgēṣu sarvatra nāma viśrāvitaṅ mayā৷৷5.59.22৷৷\n\n"
    },
    {
        "sloka": "jayatyatibalō rāmō lakṣmaṇaśca mahābalaḥ.\n\nrājā jayati sugrīvō rāghavēṇābhipālitaḥ৷৷5.59.23৷৷\n\nahaṅ kōsalarājasya dāsaḥ pavanasambhavaḥ.\n\nhanumāniti sarvatra nāma viśrāvitaṅ mayā৷৷5.59.24৷৷\n\n"
    },
    {
        "sloka": "aśōkavanikāmadhyē rāvaṇasya durātmanaḥ.\n\nadha stācchiṅśupāvṛkṣē sādhvī karuṇamāsthitā৷৷5.59.25৷৷\n\nrākṣasībhiḥ parivṛtā śōkasaṅtāpakarśitā.\n\nmēghalēkhāparivṛtā candralēkhēva niṣprabhā৷৷5.59.26৷৷.\n\nacintayantī vaidēhī rāvaṇaṅ baladarpitam.\n\n"
    },
    {
        "sloka": "pativratā ca suśrōṇī avaṣṭabdhā ca jānakī৷৷5.59.27৷৷\n\nanuraktā hi vaidēhī rāmaṅ sarvātmanā śubhā.\n\nananyacittā rāmē ca paulōmīva purandarē৷৷5.59.28৷৷\n\n"
    },
    {
        "sloka": "tadēkavāsassaṅvītā rajōdhvastā tathaiva ca.\n\nśōkasantāpadīnāṅgī sītā bhartṛhitē ratā৷৷5.59.29৷৷\n\n"
    },
    {
        "sloka": "sā mayā rākṣasīmadhyē tarjyamānā muhurmuhuḥ.\n\nrākṣasībhirvirūpābhirdṛṣṭā hi pramadāvanē৷৷5.59.30৷৷\n\nēkavēṇīdharā dīnā bhartṛcintāparāyaṇā.\n\nadhaśśayyā vivarṇāṅgī padminīva himāgamē৷৷5.59.31৷৷\n\nrāvaṇādvinivṛttārthā martavyakṛtaniścayā.\n\n"
    },
    {
        "sloka": "kathañcinmṛgaśābākṣī viśvāsamupapāditā৷৷5.59.32৷৷\n\ntataḥ saṅbhāṣitā caiva sarvamarthaṅ ca darśitā.\n\nrāmasugrīvasakhyaṅ ca śrutvā prītimupāgatā৷৷5.59.33৷৷\n\n"
    },
    {
        "sloka": "nimittamātraṅ rāmastu vadhē tasya bhaviṣyati.\n\nsā prakṛtyaiva tanvaṅgī tadviyōgācca karśitā৷৷5.59.35৷৷\n\npratipatpāṭhaśīlasya vidyēva tanumatāṅ gatā.\n\n"
    },
    {
        "sloka": "ēvamāstē mahābhāgā sītā śōkaparāyaṇā৷৷5.59.36৷৷\n\nyadatra pratikartavyaṅ tatsarvamupapādyatām.\n\n"
    }
]