[
    {
        "sloka": "[Sugriva tells Dadhimukha not to worry about the destruction of Madhuvanam. He asked him to send Hanuman, Angada and others]\n\ntatō mūrdhnā nipatitaṅ vānaraṅ vānararṣabhaḥ.\n\ndṛṣṭvaivōdvignahṛdayō vākyamētaduvāca ha৷৷5.63.1৷৷\n\n"
    },
    {
        "sloka": "uttiṣṭhōttiṣṭha kasmāttvaṅ pādayōḥ patitō mama.\n\nabhayaṅ tē bhavēdvīra sarvamēvābhidhīyatām৷৷5.63.2৷৷\n\n"
    },
    {
        "sloka": "sa tu viśvāsitastēna sugrīvēṇa mahātmanā.\n\nutthāya sumahāprājñō vākyaṅ dadhimukhō.bravīt৷৷5.63.3৷৷\n\n"
    },
    {
        "sloka": "naivarkṣarajasā rājanna tvayā nāpi vālinā.\n\nvanaṅ nisṛṣṭapūrvaṅ hi bhakṣitaṅ tacca vānaraiḥ৷৷5.63.4৷৷\n\n"
    },
    {
        "sloka": "ēbhiḥ pradharṣitāścaiva vānarā vanarakṣibhiḥ.\n\nmadhūnyacintayitvēmān bhakṣayanti pibanti ca৷৷5.63.5৷৷\n\n"
    },
    {
        "sloka": "śiṣṭamatrāpavidhyanti bhakṣayanti tathāparē.\n\nnivāryamāṇāstē sarvē bhruvō vai darśayanti hi৷৷5.63.6৷৷\n\n"
    },
    {
        "sloka": "imē hi saṅrabdhatarāstathā taissampradharṣitāḥ.\n\nvārayantō vanāttasmātkruddhairvānarapuṅgavaiḥ৷৷5.63.7৷৷\n\n"
    },
    {
        "sloka": "tatastairbahubhirvīrairvānarairvānararṣabha.\n\nsaṅraktanayanaiḥ krōdhāddharayaḥ pravicālitāḥ৷৷5.63.8৷৷\n\n"
    },
    {
        "sloka": "pāṇibhirnihatāḥ kēcitkēcijjānubhirāhatāḥ.\n\nprakṛṣṭāśca yathākāmaṅ dēvamārgaṅ ca darśitāḥ৷৷5.63.9৷৷\n\n"
    },
    {
        "sloka": "ēvamētē hatāśśūrāstvayi tiṣṭhati bhartari.\n\nkṛtsnaṅ madhuvanaṅ caiva prakāmaṅ taiḥ prabhakṣyatē৷৷5.63.10৷৷\n\n"
    },
    {
        "sloka": "ēvaṅ vijñāpyamānaṅ taṅ sugrīvaṅ vānararṣabham.\n\napṛcchattaṅ mahāprājñō lakṣmaṇaḥ paravīrahā৷৷5.63.11৷৷\n\n"
    },
    {
        "sloka": "kimayaṅ vānarō rājan vanapaḥ pratyupasthitaḥ.\n\nkaṅ cārthamabhinirdiśya duḥkhitō vākyamabravīt৷৷5.63.12৷৷\n\n"
    },
    {
        "sloka": "ēvamuktastu sugrīvō lakṣmaṇēna mahātmanā.\n\nlakṣmaṇaṅ pratyuvācēdaṅ vākyaṅ vākyaviśāradaḥ৷৷5.63.13৷৷\n\n"
    },
    {
        "sloka": "ārya lakṣmaṇa samprāha vīrō dadhimukhaḥ kapiḥ.\n\naṅgadapramukhairvīrairbhakṣitaṅ madhu vānaraiḥ৷৷5.63.14৷৷\n\nvicitya dakṣiṇāmāśāmāgatairharipuṅgavaiḥ.\n\n"
    },
    {
        "sloka": "naiṣāmakṛtyānāmīdṛśassyādupakramaḥ৷৷5.63.15৷৷\n\nāgataiśca pramathitaṅ yathā madhuvanaṅ hi taiḥ.\n\ndharṣitaṅ ca vanaṅ kṛtsnamupayuktaṅ ca vānaraiḥ৷৷5.63.16৷৷\n\n"
    },
    {
        "sloka": "vanaṅ yadā.bhipannāstē sādhitaṅ karma vānaraiḥ.\n\ndṛṣṭā dēvī na sandēhō na cānyēna hanūmatā৷৷5.63.17৷৷\n\n"
    },
    {
        "sloka": "na hyanyassādhanē hētuḥ karmaṇō.sya hanūmataḥ.\n\nkāryasiddhirmatiścaiva tasminvānarapuṅgavē৷৷5.63.18৷৷\n\nvyavasāyaśca vīryaṅ ca śrutaṅ cāpi pratiṣṭhitam.\n\n"
    },
    {
        "sloka": "jāmbavānyatra nētā syādaṅgadaśca mahābalaḥ৷৷5.63.19৷৷\n\nhanumāṅścāpyadhiṣṭhātā na tasya gatiranyathā.\n\n"
    },
    {
        "sloka": "aṅgadapramukhairvīrairhataṅ madhuvanaṅ kila৷৷5.63.20৷৷\n\nvārayantaśca sahitāstadā jānubhirāhatāḥ.\n\n"
    },
    {
        "sloka": "ētadarthamayaṅ prāptō vaktuṅ madhuravāgiha৷৷5.63.21৷৷\n\nnāmnā dadhimukhō nāma hariḥ prakhyātavikramaḥ.\n\n"
    },
    {
        "sloka": "dṛṣṭā sītā mahābāhō saumitrē paśya tattvataḥ৷৷5.63.22৷৷\n\nabhigamya tathā sarvē pibanti madhu vānarāḥ.\n\n"
    },
    {
        "sloka": "na cāpyadṛṣṭvā vaidēhīṅ viśrutāḥ puruṣarṣabha৷৷5.63.23৷৷\n\nvanaṅ dattavaraṅ divyaṅ dharṣayēyurvanaukasaḥ.\n\n"
    },
    {
        "sloka": "tataḥ prahṛṣṭō dharmātmā lakṣmaṇassaha rāghavaḥ৷৷5.63.24৷৷\n\nśrutvā karṇasukhāṅ vāṇīṅ sugrīvavadanāccyutām.\n\nprāhṛṣyata bhṛśaṅ rāmō lakṣmaṇaśca mahābalaḥ৷৷5.63.25৷৷\n\n"
    },
    {
        "sloka": "śrutvā dadhimukhasyēdaṅ sugrīvassamprahṛṣya ca.\n\nvanapālaṅ punarvākyaṅ sugrīvaḥ pratyabhāṣata৷৷5.63.26৷৷\n\n"
    },
    {
        "sloka": "prītō.smi sō.haṅ yadbhuktaṅ vanaṅ taiḥ kṛtakarmabhiḥ.\n\nmarṣitaṅ marṣaṇīyaṅ ca cēṣṭitaṅ kṛtakarmaṇām৷৷5.63.27৷৷\n\n"
    },
    {
        "sloka": "icchāmi śīghraṅ hanumatpradhānān śākhāmṛgāṅstān mṛgarājadarpān.\n\ndraṣṭuṅ kṛtārthān saha rāghavābhyāṅ śrōtuṅ ca sītādhigamē prayatnam৷৷5.63.28৷৷\n\n"
    },
    {
        "sloka": "prītisphītākṣau samprahṛṣṭau kumārau dṛṣṭvā siddhārthau vānarāṇāṅ ca rājā.\n\naṅgaiḥ saṅhṛṣṭaiḥ karmasiddhiṅ viditvā bāhvōrāsannāṅ sō.timātraṅ nananda৷৷5.63.29৷৷\n\n"
    },
    {
        "sloka": "[Sugriva tells Dadhimukha not to worry about the destruction of Madhuvanam. He asked him to send Hanuman, Angada and others]\n\ntatō mūrdhnā nipatitaṅ vānaraṅ vānararṣabhaḥ.\n\ndṛṣṭvaivōdvignahṛdayō vākyamētaduvāca ha৷৷5.63.1৷৷\n\n"
    },
    {
        "sloka": "uttiṣṭhōttiṣṭha kasmāttvaṅ pādayōḥ patitō mama.\n\nabhayaṅ tē bhavēdvīra sarvamēvābhidhīyatām৷৷5.63.2৷৷\n\n"
    },
    {
        "sloka": "sa tu viśvāsitastēna sugrīvēṇa mahātmanā.\n\nutthāya sumahāprājñō vākyaṅ dadhimukhō.bravīt৷৷5.63.3৷৷\n\n"
    },
    {
        "sloka": "naivarkṣarajasā rājanna tvayā nāpi vālinā.\n\nvanaṅ nisṛṣṭapūrvaṅ hi bhakṣitaṅ tacca vānaraiḥ৷৷5.63.4৷৷\n\n"
    },
    {
        "sloka": "ēbhiḥ pradharṣitāścaiva vānarā vanarakṣibhiḥ.\n\nmadhūnyacintayitvēmān bhakṣayanti pibanti ca৷৷5.63.5৷৷\n\n"
    },
    {
        "sloka": "śiṣṭamatrāpavidhyanti bhakṣayanti tathāparē.\n\nnivāryamāṇāstē sarvē bhruvō vai darśayanti hi৷৷5.63.6৷৷\n\n"
    },
    {
        "sloka": "imē hi saṅrabdhatarāstathā taissampradharṣitāḥ.\n\nvārayantō vanāttasmātkruddhairvānarapuṅgavaiḥ৷৷5.63.7৷৷\n\n"
    },
    {
        "sloka": "tatastairbahubhirvīrairvānarairvānararṣabha.\n\nsaṅraktanayanaiḥ krōdhāddharayaḥ pravicālitāḥ৷৷5.63.8৷৷\n\n"
    },
    {
        "sloka": "pāṇibhirnihatāḥ kēcitkēcijjānubhirāhatāḥ.\n\nprakṛṣṭāśca yathākāmaṅ dēvamārgaṅ ca darśitāḥ৷৷5.63.9৷৷\n\n"
    },
    {
        "sloka": "ēvamētē hatāśśūrāstvayi tiṣṭhati bhartari.\n\nkṛtsnaṅ madhuvanaṅ caiva prakāmaṅ taiḥ prabhakṣyatē৷৷5.63.10৷৷\n\n"
    },
    {
        "sloka": "ēvaṅ vijñāpyamānaṅ taṅ sugrīvaṅ vānararṣabham.\n\napṛcchattaṅ mahāprājñō lakṣmaṇaḥ paravīrahā৷৷5.63.11৷৷\n\n"
    },
    {
        "sloka": "kimayaṅ vānarō rājan vanapaḥ pratyupasthitaḥ.\n\nkaṅ cārthamabhinirdiśya duḥkhitō vākyamabravīt৷৷5.63.12৷৷\n\n"
    },
    {
        "sloka": "ēvamuktastu sugrīvō lakṣmaṇēna mahātmanā.\n\nlakṣmaṇaṅ pratyuvācēdaṅ vākyaṅ vākyaviśāradaḥ৷৷5.63.13৷৷\n\n"
    },
    {
        "sloka": "ārya lakṣmaṇa samprāha vīrō dadhimukhaḥ kapiḥ.\n\naṅgadapramukhairvīrairbhakṣitaṅ madhu vānaraiḥ৷৷5.63.14৷৷\n\nvicitya dakṣiṇāmāśāmāgatairharipuṅgavaiḥ.\n\n"
    },
    {
        "sloka": "naiṣāmakṛtyānāmīdṛśassyādupakramaḥ৷৷5.63.15৷৷\n\nāgataiśca pramathitaṅ yathā madhuvanaṅ hi taiḥ.\n\ndharṣitaṅ ca vanaṅ kṛtsnamupayuktaṅ ca vānaraiḥ৷৷5.63.16৷৷\n\n"
    },
    {
        "sloka": "vanaṅ yadā.bhipannāstē sādhitaṅ karma vānaraiḥ.\n\ndṛṣṭā dēvī na sandēhō na cānyēna hanūmatā৷৷5.63.17৷৷\n\n"
    },
    {
        "sloka": "na hyanyassādhanē hētuḥ karmaṇō.sya hanūmataḥ.\n\nkāryasiddhirmatiścaiva tasminvānarapuṅgavē৷৷5.63.18৷৷\n\nvyavasāyaśca vīryaṅ ca śrutaṅ cāpi pratiṣṭhitam.\n\n"
    },
    {
        "sloka": "jāmbavānyatra nētā syādaṅgadaśca mahābalaḥ৷৷5.63.19৷৷\n\nhanumāṅścāpyadhiṣṭhātā na tasya gatiranyathā.\n\n"
    },
    {
        "sloka": "aṅgadapramukhairvīrairhataṅ madhuvanaṅ kila৷৷5.63.20৷৷\n\nvārayantaśca sahitāstadā jānubhirāhatāḥ.\n\n"
    },
    {
        "sloka": "ētadarthamayaṅ prāptō vaktuṅ madhuravāgiha৷৷5.63.21৷৷\n\nnāmnā dadhimukhō nāma hariḥ prakhyātavikramaḥ.\n\n"
    },
    {
        "sloka": "dṛṣṭā sītā mahābāhō saumitrē paśya tattvataḥ৷৷5.63.22৷৷\n\nabhigamya tathā sarvē pibanti madhu vānarāḥ.\n\n"
    },
    {
        "sloka": "na cāpyadṛṣṭvā vaidēhīṅ viśrutāḥ puruṣarṣabha৷৷5.63.23৷৷\n\nvanaṅ dattavaraṅ divyaṅ dharṣayēyurvanaukasaḥ.\n\n"
    },
    {
        "sloka": "tataḥ prahṛṣṭō dharmātmā lakṣmaṇassaha rāghavaḥ৷৷5.63.24৷৷\n\nśrutvā karṇasukhāṅ vāṇīṅ sugrīvavadanāccyutām.\n\nprāhṛṣyata bhṛśaṅ rāmō lakṣmaṇaśca mahābalaḥ৷৷5.63.25৷৷\n\n"
    },
    {
        "sloka": "śrutvā dadhimukhasyēdaṅ sugrīvassamprahṛṣya ca.\n\nvanapālaṅ punarvākyaṅ sugrīvaḥ pratyabhāṣata৷৷5.63.26৷৷\n\n"
    },
    {
        "sloka": "prītō.smi sō.haṅ yadbhuktaṅ vanaṅ taiḥ kṛtakarmabhiḥ.\n\nmarṣitaṅ marṣaṇīyaṅ ca cēṣṭitaṅ kṛtakarmaṇām৷৷5.63.27৷৷\n\n"
    },
    {
        "sloka": "icchāmi śīghraṅ hanumatpradhānān śākhāmṛgāṅstān mṛgarājadarpān.\n\ndraṣṭuṅ kṛtārthān saha rāghavābhyāṅ śrōtuṅ ca sītādhigamē prayatnam৷৷5.63.28৷৷\n\n"
    },
    {
        "sloka": "prītisphītākṣau samprahṛṣṭau kumārau dṛṣṭvā siddhārthau vānarāṇāṅ ca rājā.\n\naṅgaiḥ saṅhṛṣṭaiḥ karmasiddhiṅ viditvā bāhvōrāsannāṅ sō.timātraṅ nananda৷৷5.63.29৷৷\n\n"
    }
]