[
    {
        "sloka": "[The ogresses chide Sita who resolutely condemned Ravana.]\n\ntataḥ sītāmupāgamya rākṣasyō vikṛtānanāḥ.\n\nparuṣaṅ paruṣā nārya ūcustāṅ vākyamapriyam৷৷5.24.1৷৷\n\n"
    },
    {
        "sloka": "kiṅ tvamantaḥpurē sītē sarvabhūtamanōharē.\n\nmahārhaśayanōpētē na vāsamanumanyasē৷৷5.24.2৷৷\n\n"
    },
    {
        "sloka": "mānuṣī mānuṣasyaiva bhāryātvaṅ bahumanyasē.\n\npratyāhara manō rāmānna tvaṅ jātu bhaviṣyasi৷৷5.24.3৷৷\n\n"
    },
    {
        "sloka": "trailōkyavasubhōktāraṅ rāvaṇaṅ rākṣasēśvaram.\n\nbhartāramupasaṅgamya viharasva yathāsukham৷৷5.24.4৷৷\n\n"
    },
    {
        "sloka": "mānuṣī mānuṣaṅ taṅ tu rāmamicchasi śōbhanē.\n\nrājyādbhrraṣṭamasiddhārthaṅ viklabaṅ tvamaninditē৷৷5.24.5৷৷\n\n"
    },
    {
        "sloka": "rākṣasīnāṅ vacaḥ śrutvā sītā padmanibhēkṣaṇā.\n\nnētrābhyāmaśrupūrṇābhyāmidaṅ vacanamabravīt৷৷5.24.6৷৷\n\n"
    },
    {
        "sloka": "yadidaṅ lōkavidviṣṭamudāharatha saṅgatāḥ.\n\nnaitanmanasi vākyaṅ mē kilbiṣaṅ pratibhāti vaḥ৷৷5.24.7৷৷\n\n"
    },
    {
        "sloka": "na mānuṣī rākṣasasya bhāryā bhavitumarhati.\n\nkāmaṅ khādata māṅ sarvā na kariṣyāmi vō vacaḥ৷৷5.24.8৷৷\n\n"
    },
    {
        "sloka": "dīnō vā rājyahīnō vā yō mē bhartā sa mē guruḥ.\n\ntaṅ nityamanuraktāsmi yathā sūryaṅ suvarcalā৷৷5.24.9৷৷\n\n"
    },
    {
        "sloka": "yathā śacī mahābhāgā śakraṅ samupatiṣṭhati.\n\narundhatī vasiṣṭhaṅ ca rōhiṇī śaśinaṅ yathā৷৷5.24.10৷৷\n\nlōpāmudrā yathāgastyaṅ sukanyā cyavanaṅ yathā.\n\nsāvitrī satyavantaṅ ca kapilaṅ śrīmatī yathā৷৷5.24.11৷৷\n\nsaudāsaṅ madayantīva kēśinī sagaraṅ yathā.\n\nnaiṣadhaṅ damayantīva bhaimī patimanuvratā৷৷5.24.12৷৷\n\ntathā.hamikṣvākuvaraṅ rāmaṅ patimanuvratā.\n\n"
    },
    {
        "sloka": "sītāyā vacanaṅ śrutvā rākṣasyaḥ krōdhamūrchitāḥ৷৷5.24.13৷৷\n\nbhartsayanti sma paruṣairvākyai rāvaṇacōditāḥ.\n\n"
    },
    {
        "sloka": "avalīnaḥ sa nirvākyō hanūmān śiṅśupādrumē৷৷5.24.14৷৷\n\nyasītāṅ santarjayantīstā rākṣasīraśṛṇōt kapiḥ.\n\n"
    },
    {
        "sloka": "tāmabhikramya saṅkṛddhā vēpamānāṅ samantataḥ৷৷5.24.15৷৷\n\nbhṛśaṅ saṅlilihurdīptān pralambān daśanacchadān.\n\n"
    },
    {
        "sloka": "ūcuśca paramakruddhāḥ pragṛhyāśu paraśvadhān৷৷5.24.16৷৷\n\nnēyamarhati bhartāraṅ rāvaṇaṅ rākṣasādhipam.\n\n"
    },
    {
        "sloka": "sā bhartsyamānā bhīmābhī rākṣasībhirvarānanā৷৷5.24.17৷৷\n\nsabāṣpamapa sarpantī śiṅśupāṅ tāmupāgamat.\n\n"
    },
    {
        "sloka": "tatastāṅ śiṅśupāṅ sītā rākṣasībhiḥ samāvṛtā৷৷5.24.18৷৷\n\nabhigamya viśālākṣī tasthau śōkapariplutā.\n\n"
    },
    {
        "sloka": "tāṅ kṛśāṅ dīnavadanāṅ malināmbaradhāriṇīm৷৷5.24.19৷৷\n\nbhartsayāñcakrirē sītāṅ rākṣasyastāṅ samantataḥ.\n\n"
    },
    {
        "sloka": "tatastāṅ vinatā nāma rākṣasī bhīmadarśanā৷৷5.24.20৷৷\n\nabravītkupitākārā karālā nirṇatōdarī.\n\n"
    },
    {
        "sloka": "sītē paryāptamētāvadbhartuḥ snēhō nidarśitaḥ৷৷5.24.21৷৷\n\nsarvātrātikṛtaṅ bhadrē vyasanāyōpakalpatē \n\n"
    },
    {
        "sloka": "parituṣṭāsmi bhadraṅ tē mānuṣastē kṛtō vidhiḥ৷৷5.24.22৷৷\n\nmamāpi tu vacaḥ pathyaṅ bruvantyāḥ kuru maithili.\n\n"
    },
    {
        "sloka": "rāvaṇaṅ bhaja bhartāraṅ bhartāraṅ sarvarakṣasām৷৷5.24.23৷৷\n\nvikrāntaṅ rūpavantaṅ ca surēśamiva vāsavam.\n\ndakṣiṇaṅ tyāgaśīlaṅ ca sarvasya priyadarśanam৷৷5.24.24৷৷\n\n"
    },
    {
        "sloka": "mānuṣaṅ kṛpaṇaṅ rāmaṅ tyaktvā, rāvaṇamāśraya.\n\ndivyāṅgarāgā vaidēhi divyābharaṇabhūṣitā৷৷5.24.25৷৷\n\nadyaprabhṛti sarvēṣāṅ lōkānāmīśvarī bhava.\n\n"
    },
    {
        "sloka": "agnēḥ svāhā yathā dēvī śacī vēndrasya śōbhanē৷৷5.24.26৷৷\n\nkiṅ tē rāmēṇa vaidēhi kṛpaṇēna gatāyuṣā.\n\n"
    },
    {
        "sloka": "ētaduktaṅ ca mē vākyaṅ yadi tvaṅ na kariṣyasi৷৷5.24.27৷৷\n\nasminmuhūrtē sarvāstvāṅ bhakṣayiṣyāmahē vayam.\n\n"
    },
    {
        "sloka": "anyā tu vikaṭā nāma lambamānapayōdharā৷৷5.24.28৷৷\n\nabravītkupitā sītāṅ muṣṭimudyamya garjatī.\n\n"
    },
    {
        "sloka": "bahūnyapriyarūpāṇi vacanāni sudurmatē৷৷5.24.29৷৷\n\nanukrōśānmṛdutvācca sōḍhāni tava maithili.\n\n"
    },
    {
        "sloka": "na ca naḥ kuruṣē vākyaṅ hitaṅ kālapuraskṛtam৷৷5.24.30৷৷\n\nānītāsi samudrasya pāramanyairdurāsadam.\n\nrāvaṇāntaḥpuraṅ ghōraṅ praviṣṭā cāsi maithili৷৷5.24.31৷৷\n\n"
    },
    {
        "sloka": "rāvaṇasya gṛhē ruddhāmasmābhistu surakṣitām.\n\nna tvāṅ śaktaḥ paritrātumapi sākṣātpurandaraḥ৷৷5.24.32৷৷\n\n"
    },
    {
        "sloka": "kuruṣva hitavādinyā vacanaṅ mama maithili.\n\nalamaśruprapātēna tyaja śōkamanarthakam৷৷5.24.33৷৷\n\n"
    },
    {
        "sloka": "bhaja prītiṅ ca harṣaṅ ca tyajaitāṅ nityadainyatām.\n\nsītē rākṣasarājēna saha krīḍa yathāsukham৷৷5.24.34৷৷\n\n"
    },
    {
        "sloka": "jānāsi hi yathā bhīru strīṇāṅ yauvanamadhruvam.\n\nyāvanna tē vyatikrāmēttāvatsukhamavāpnuhi৷৷5.24.35৷৷\n\n"
    },
    {
        "sloka": "udyānāni ca ramyāṇi parvatōpavanāni ca.\n\nsaha rākṣasarājēna cara tvaṅ madirēkṣaṇē৷৷5.24.36৷৷\n\n"
    },
    {
        "sloka": "strī sahasrāṇi tē sapta vaśē sthāsyanti sundari.\n\nrāvaṇaṅ bhaja bhartāraṅ bhartāraṅ sarvarakṣasām৷৷5.24.37৷৷\n\n"
    },
    {
        "sloka": "utpāṭya vā tē hṛdayaṅ bhakṣayiṣyāmi maithili.\n\nyadi mē vyāhṛtaṅ vākyaṅ na yathāvatkariṣyasi৷৷5.24.38৷৷\n\n"
    },
    {
        "sloka": "tataścaṇḍōdarī nāma rākṣasī krōdhamūrchitā.\n\nbhrāmayantī mahacchūlamidaṅ vacanamabravīt৷৷5.24.39৷৷\n\n"
    },
    {
        "sloka": "imāṅ hariṇalōlākṣīṅ trāsōtkampipayōdharām.\n\nrāvaṇēna hṛtāṅ dṛṣṭavā dauhṛdō mē mahānabhūt৷৷5.24.40৷৷\n\n"
    },
    {
        "sloka": "yakṛtplīhamathōtpīḍaṅ hṛdayaṅ ca sabandhanam.\n\nāntrāṇyapi tathā śīrṣaṅ khādēyamiti mē matiḥ৷৷5.24.41৷৷\n\n"
    },
    {
        "sloka": "tatastu praghasā nāma rākṣasī vākyamabravīt.\n\nkaṇṭhamasyā nṛśaṅsāyāḥ pīḍayāma kimāsyatē৷৷5.24.42৷৷\n\n"
    },
    {
        "sloka": "nivēdyatāṅ tatō rājñē mānuṣī sā mṛtēti ha.\n\nnātra kaścana saṅdēhaḥ khādatēti sa vakṣyati৷৷5.24.43৷৷\n\n"
    },
    {
        "sloka": "tatastvajāmukhī nāma rākṣasī vākyamabravīt.\n\nviśasyēmāṅ tataḥ sarvāḥ samān kuruta piṇḍakān৷৷5.24.44৷৷\n\n"
    },
    {
        "sloka": "vibhajāma tataḥ sarvā vivādō mē na rōcatē.\n\npēyamānīyatāṅ kṣipraṅ lēhyamuccāvacaṅ bahu৷৷5.24.45৷৷\n\n"
    },
    {
        "sloka": "tataḥ śūrpaṇakhā nāma rākṣasī vākyamabravīt.\n\najāmukhyā yaduktaṅ hi tadēva mama rōcatē৷৷5.24.46৷৷\n\n"
    },
    {
        "sloka": "surā cānīyatāṅ kṣipraṅ sarvaśōkavināśinī.\n\nmānuṣaṅ māṅsamāsvādya nṛtyāmō.tha nikumbhilām৷৷5.24.47৷৷\n\n"
    },
    {
        "sloka": "ēvaṅ saṅbhartsyamānā sā sītā surasutōpamā.\n\nrākṣasībhiḥ sughōrābhirdairyamutsṛjya rōditi৷৷5.24.48৷৷\n\n"
    },
    {
        "sloka": "[The ogresses chide Sita who resolutely condemned Ravana.]\n\ntataḥ sītāmupāgamya rākṣasyō vikṛtānanāḥ.\n\nparuṣaṅ paruṣā nārya ūcustāṅ vākyamapriyam৷৷5.24.1৷৷\n\n"
    },
    {
        "sloka": "kiṅ tvamantaḥpurē sītē sarvabhūtamanōharē.\n\nmahārhaśayanōpētē na vāsamanumanyasē৷৷5.24.2৷৷\n\n"
    },
    {
        "sloka": "mānuṣī mānuṣasyaiva bhāryātvaṅ bahumanyasē.\n\npratyāhara manō rāmānna tvaṅ jātu bhaviṣyasi৷৷5.24.3৷৷\n\n"
    },
    {
        "sloka": "trailōkyavasubhōktāraṅ rāvaṇaṅ rākṣasēśvaram.\n\nbhartāramupasaṅgamya viharasva yathāsukham৷৷5.24.4৷৷\n\n"
    },
    {
        "sloka": "mānuṣī mānuṣaṅ taṅ tu rāmamicchasi śōbhanē.\n\nrājyādbhrraṣṭamasiddhārthaṅ viklabaṅ tvamaninditē৷৷5.24.5৷৷\n\n"
    },
    {
        "sloka": "rākṣasīnāṅ vacaḥ śrutvā sītā padmanibhēkṣaṇā.\n\nnētrābhyāmaśrupūrṇābhyāmidaṅ vacanamabravīt৷৷5.24.6৷৷\n\n"
    },
    {
        "sloka": "yadidaṅ lōkavidviṣṭamudāharatha saṅgatāḥ.\n\nnaitanmanasi vākyaṅ mē kilbiṣaṅ pratibhāti vaḥ৷৷5.24.7৷৷\n\n"
    },
    {
        "sloka": "na mānuṣī rākṣasasya bhāryā bhavitumarhati.\n\nkāmaṅ khādata māṅ sarvā na kariṣyāmi vō vacaḥ৷৷5.24.8৷৷\n\n"
    },
    {
        "sloka": "dīnō vā rājyahīnō vā yō mē bhartā sa mē guruḥ.\n\ntaṅ nityamanuraktāsmi yathā sūryaṅ suvarcalā৷৷5.24.9৷৷\n\n"
    },
    {
        "sloka": "yathā śacī mahābhāgā śakraṅ samupatiṣṭhati.\n\narundhatī vasiṣṭhaṅ ca rōhiṇī śaśinaṅ yathā৷৷5.24.10৷৷\n\nlōpāmudrā yathāgastyaṅ sukanyā cyavanaṅ yathā.\n\nsāvitrī satyavantaṅ ca kapilaṅ śrīmatī yathā৷৷5.24.11৷৷\n\nsaudāsaṅ madayantīva kēśinī sagaraṅ yathā.\n\nnaiṣadhaṅ damayantīva bhaimī patimanuvratā৷৷5.24.12৷৷\n\ntathā.hamikṣvākuvaraṅ rāmaṅ patimanuvratā.\n\n"
    },
    {
        "sloka": "sītāyā vacanaṅ śrutvā rākṣasyaḥ krōdhamūrchitāḥ৷৷5.24.13৷৷\n\nbhartsayanti sma paruṣairvākyai rāvaṇacōditāḥ.\n\n"
    },
    {
        "sloka": "avalīnaḥ sa nirvākyō hanūmān śiṅśupādrumē৷৷5.24.14৷৷\n\nyasītāṅ santarjayantīstā rākṣasīraśṛṇōt kapiḥ.\n\n"
    },
    {
        "sloka": "tāmabhikramya saṅkṛddhā vēpamānāṅ samantataḥ৷৷5.24.15৷৷\n\nbhṛśaṅ saṅlilihurdīptān pralambān daśanacchadān.\n\n"
    },
    {
        "sloka": "ūcuśca paramakruddhāḥ pragṛhyāśu paraśvadhān৷৷5.24.16৷৷\n\nnēyamarhati bhartāraṅ rāvaṇaṅ rākṣasādhipam.\n\n"
    },
    {
        "sloka": "sā bhartsyamānā bhīmābhī rākṣasībhirvarānanā৷৷5.24.17৷৷\n\nsabāṣpamapa sarpantī śiṅśupāṅ tāmupāgamat.\n\n"
    },
    {
        "sloka": "tatastāṅ śiṅśupāṅ sītā rākṣasībhiḥ samāvṛtā৷৷5.24.18৷৷\n\nabhigamya viśālākṣī tasthau śōkapariplutā.\n\n"
    },
    {
        "sloka": "tāṅ kṛśāṅ dīnavadanāṅ malināmbaradhāriṇīm৷৷5.24.19৷৷\n\nbhartsayāñcakrirē sītāṅ rākṣasyastāṅ samantataḥ.\n\n"
    },
    {
        "sloka": "tatastāṅ vinatā nāma rākṣasī bhīmadarśanā৷৷5.24.20৷৷\n\nabravītkupitākārā karālā nirṇatōdarī.\n\n"
    },
    {
        "sloka": "sītē paryāptamētāvadbhartuḥ snēhō nidarśitaḥ৷৷5.24.21৷৷\n\nsarvātrātikṛtaṅ bhadrē vyasanāyōpakalpatē \n\n"
    },
    {
        "sloka": "parituṣṭāsmi bhadraṅ tē mānuṣastē kṛtō vidhiḥ৷৷5.24.22৷৷\n\nmamāpi tu vacaḥ pathyaṅ bruvantyāḥ kuru maithili.\n\n"
    },
    {
        "sloka": "rāvaṇaṅ bhaja bhartāraṅ bhartāraṅ sarvarakṣasām৷৷5.24.23৷৷\n\nvikrāntaṅ rūpavantaṅ ca surēśamiva vāsavam.\n\ndakṣiṇaṅ tyāgaśīlaṅ ca sarvasya priyadarśanam৷৷5.24.24৷৷\n\n"
    },
    {
        "sloka": "mānuṣaṅ kṛpaṇaṅ rāmaṅ tyaktvā, rāvaṇamāśraya.\n\ndivyāṅgarāgā vaidēhi divyābharaṇabhūṣitā৷৷5.24.25৷৷\n\nadyaprabhṛti sarvēṣāṅ lōkānāmīśvarī bhava.\n\n"
    },
    {
        "sloka": "agnēḥ svāhā yathā dēvī śacī vēndrasya śōbhanē৷৷5.24.26৷৷\n\nkiṅ tē rāmēṇa vaidēhi kṛpaṇēna gatāyuṣā.\n\n"
    },
    {
        "sloka": "ētaduktaṅ ca mē vākyaṅ yadi tvaṅ na kariṣyasi৷৷5.24.27৷৷\n\nasminmuhūrtē sarvāstvāṅ bhakṣayiṣyāmahē vayam.\n\n"
    },
    {
        "sloka": "anyā tu vikaṭā nāma lambamānapayōdharā৷৷5.24.28৷৷\n\nabravītkupitā sītāṅ muṣṭimudyamya garjatī.\n\n"
    },
    {
        "sloka": "bahūnyapriyarūpāṇi vacanāni sudurmatē৷৷5.24.29৷৷\n\nanukrōśānmṛdutvācca sōḍhāni tava maithili.\n\n"
    },
    {
        "sloka": "na ca naḥ kuruṣē vākyaṅ hitaṅ kālapuraskṛtam৷৷5.24.30৷৷\n\nānītāsi samudrasya pāramanyairdurāsadam.\n\nrāvaṇāntaḥpuraṅ ghōraṅ praviṣṭā cāsi maithili৷৷5.24.31৷৷\n\n"
    },
    {
        "sloka": "rāvaṇasya gṛhē ruddhāmasmābhistu surakṣitām.\n\nna tvāṅ śaktaḥ paritrātumapi sākṣātpurandaraḥ৷৷5.24.32৷৷\n\n"
    },
    {
        "sloka": "kuruṣva hitavādinyā vacanaṅ mama maithili.\n\nalamaśruprapātēna tyaja śōkamanarthakam৷৷5.24.33৷৷\n\n"
    },
    {
        "sloka": "bhaja prītiṅ ca harṣaṅ ca tyajaitāṅ nityadainyatām.\n\nsītē rākṣasarājēna saha krīḍa yathāsukham৷৷5.24.34৷৷\n\n"
    },
    {
        "sloka": "jānāsi hi yathā bhīru strīṇāṅ yauvanamadhruvam.\n\nyāvanna tē vyatikrāmēttāvatsukhamavāpnuhi৷৷5.24.35৷৷\n\n"
    },
    {
        "sloka": "udyānāni ca ramyāṇi parvatōpavanāni ca.\n\nsaha rākṣasarājēna cara tvaṅ madirēkṣaṇē৷৷5.24.36৷৷\n\n"
    },
    {
        "sloka": "strī sahasrāṇi tē sapta vaśē sthāsyanti sundari.\n\nrāvaṇaṅ bhaja bhartāraṅ bhartāraṅ sarvarakṣasām৷৷5.24.37৷৷\n\n"
    },
    {
        "sloka": "utpāṭya vā tē hṛdayaṅ bhakṣayiṣyāmi maithili.\n\nyadi mē vyāhṛtaṅ vākyaṅ na yathāvatkariṣyasi৷৷5.24.38৷৷\n\n"
    },
    {
        "sloka": "tataścaṇḍōdarī nāma rākṣasī krōdhamūrchitā.\n\nbhrāmayantī mahacchūlamidaṅ vacanamabravīt৷৷5.24.39৷৷\n\n"
    },
    {
        "sloka": "imāṅ hariṇalōlākṣīṅ trāsōtkampipayōdharām.\n\nrāvaṇēna hṛtāṅ dṛṣṭavā dauhṛdō mē mahānabhūt৷৷5.24.40৷৷\n\n"
    },
    {
        "sloka": "yakṛtplīhamathōtpīḍaṅ hṛdayaṅ ca sabandhanam.\n\nāntrāṇyapi tathā śīrṣaṅ khādēyamiti mē matiḥ৷৷5.24.41৷৷\n\n"
    },
    {
        "sloka": "tatastu praghasā nāma rākṣasī vākyamabravīt.\n\nkaṇṭhamasyā nṛśaṅsāyāḥ pīḍayāma kimāsyatē৷৷5.24.42৷৷\n\n"
    },
    {
        "sloka": "nivēdyatāṅ tatō rājñē mānuṣī sā mṛtēti ha.\n\nnātra kaścana saṅdēhaḥ khādatēti sa vakṣyati৷৷5.24.43৷৷\n\n"
    },
    {
        "sloka": "tatastvajāmukhī nāma rākṣasī vākyamabravīt.\n\nviśasyēmāṅ tataḥ sarvāḥ samān kuruta piṇḍakān৷৷5.24.44৷৷\n\n"
    },
    {
        "sloka": "vibhajāma tataḥ sarvā vivādō mē na rōcatē.\n\npēyamānīyatāṅ kṣipraṅ lēhyamuccāvacaṅ bahu৷৷5.24.45৷৷\n\n"
    },
    {
        "sloka": "tataḥ śūrpaṇakhā nāma rākṣasī vākyamabravīt.\n\najāmukhyā yaduktaṅ hi tadēva mama rōcatē৷৷5.24.46৷৷\n\n"
    },
    {
        "sloka": "surā cānīyatāṅ kṣipraṅ sarvaśōkavināśinī.\n\nmānuṣaṅ māṅsamāsvādya nṛtyāmō.tha nikumbhilām৷৷5.24.47৷৷\n\n"
    },
    {
        "sloka": "ēvaṅ saṅbhartsyamānā sā sītā surasutōpamā.\n\nrākṣasībhiḥ sughōrābhirdairyamutsṛjya rōditi৷৷5.24.48৷৷\n\n"
    }
]