[
    {
        "sloka": "[Vibhishana advises Ravana against slaying of an emissary -- elaborates on the code of conduct of a king]\n\ntasya tadvacanaṅ śrutvā vānarasya mahātmanaḥ.\n\nājñāpayadvadhaṅ tasya rāvaṇaḥ krōdhamūrchitaḥ৷৷5.52.1৷৷\n\n"
    },
    {
        "sloka": "vadhē tasya samājñaptē rāvaṇēna durātmanā.\n\nnivēditavatō dautyaṅ nānumēnē vibhīṣaṇaḥ৷৷5.52.2৷৷\n\n"
    },
    {
        "sloka": "taṅ rakṣōdhipatiṅ kruddhaṅ tacca kāryamupasthitam.\n\nviditvā cintayāmāsa kāryaṅ kāryavidhau sthitaḥ৷৷5.52.3৷৷\n\n"
    },
    {
        "sloka": "niścitārthastatassāmnā pūjyaṅ śatrujidagrajam.\n\nuvāca hitamatyarthaṅ vākyaṅ vākyaviśāradaḥ৷৷5.52.4৷৷\n\n"
    },
    {
        "sloka": "kṣamasva rōṣaṅ tyaja rākṣasēndra prasīda madvākyamidaṅ śṛṇuṣva.\n\nvadhaṅ na kurvanti parāvarajñā dūtasya santō vasudhādhipēndrāḥ৷৷5.52.5৷৷\n\n"
    },
    {
        "sloka": "rājadharmaviruddhaṅ ca lōkavṛttēśca garhitam.\n\ntava cāsadṛśaṅ vīra kapērasya pramāpaṇam৷৷5.52.6৷৷\n\n"
    },
    {
        "sloka": "dharmajñaśca kṛtajñaśca rājadharmaviśāradaḥ.\n\nparāvarajñō bhūtānāṅ tvamēva paramārthavit৷৷5.52.7৷৷\n\n"
    },
    {
        "sloka": "gṛhyantē yadi rōṣēṇa tvādṛśō.pi vicakṣaṇaḥ.\n\ntata śśāstravipaścittvaṅ śrama ēva hi kēvalam৷৷5.52.8৷৷\n\n"
    },
    {
        "sloka": "tasmātprasīda śatrughna rākṣasēndra durāsada.\n\nyuktāyuktaṅ viniścitya dūtadaṇḍō vidhīyatām৷৷5.52.9৷৷\n\n"
    },
    {
        "sloka": "vibhīṣaṇavacaḥ śrutvā rāvaṇō rākṣasēśvaraḥ.\n\nrōṣēṇa mahatāviṣṭō vākyamuttaramabravīt৷৷5.52.10৷৷\n\n"
    },
    {
        "sloka": "na pāpānāṅ vadhē pāpaṅ vidyatē śatrusūdana.\n\ntasmādēnaṅ vadhiṣyāmi vānaraṅ pāpacāriṇam৷৷5.52.11৷৷\n\n"
    },
    {
        "sloka": "adharmamūlaṅ bahudōṣayuktamanāryajuṣṭaṅ vacanaṅ niśamya.\n\nuvāca vākyaṅ paramārthatattvaṅ vibhīṣaṇō buddhimatāṅ variṣṭhaḥ৷৷5.52.12৷৷\n\n"
    },
    {
        "sloka": "prasīda laṅkēśvara rākṣasēndra dharmārthayuktaṅ vacanaṅ śṛṇuṣva.\n\ndūtānavadhyān samayēṣu rājan sarvēṣu sarvatra vadanti santaḥ৷৷5.52.13৷৷\n\n"
    },
    {
        "sloka": "asaṅśayaṅ śatrurayaṅ pravṛddhaḥ kṛtaṅ hyanēnāpriyamapramēyam.\n\nna dūtavadhyāṅ pravadanti santō dūtasya dṛṣṭā bahavō hi daṇḍāḥ৷৷5.52.14৷৷\n\n"
    },
    {
        "sloka": "vairūpyamaṅgēṣu kaśābhighātō mauṇḍyaṅ tathā lakṣaṇasannipātaḥ.\n\nētān hi dūtē pravadanti daṇḍān vadhastu dūtasya na naḥ śrutō.sti৷৷5.52.15৷৷\n\n"
    },
    {
        "sloka": "kathaṅ ca dharmārthavinītabuddhiḥ parāvarapratyayaniścitārthaḥ.\n\nbhavadvidhaḥ kōpavaśē hi tiṣṭhēt kōpaṅ niyacchanti hi sattvavantaḥ৷৷5.52.16৷৷\n\n"
    },
    {
        "sloka": "na dharmavādē na ca lōkavṛttē na śāstrabuddhigrahaṇēṣu cāpi.\n\nvidyēta kaścittava vīra tulya stvaṅhyuttamassarvasurāsurāṇām৷৷5.52.17৷৷\n\n"
    },
    {
        "sloka": "śūrēṇa vīrēṇa niśācarēndra surāsurāṇāmapi durjayēna.\n\ntvayā pragalbhāḥ suradaityasaṅghā jitāśca yuddhēṣvasakṛnnarēndrāḥ৷৷5.52.18৷৷\n\n"
    },
    {
        "sloka": "na cāpyasya kapērghātē kañcitpaśyāmyahaṅ guṇam.\n\ntēṣvayaṅ pātyatāṅ daṇḍō yairayaṅ prēṣitaḥ kapiḥ৷৷5.52.19৷৷\n\n"
    },
    {
        "sloka": "sādhurvā yadi vā.sādhuḥ parairēṣa samarpitaḥ.\n\nbruvan parārthaṅ paravānna dūtō vadhamarhati৷৷5.52.20৷৷\n\n"
    },
    {
        "sloka": "api cāsmin hatē rājannānyaṅ paśyāmi khēcaram.\n\niha yaḥ punarāgacchētparaṅ pāraṅ mahōdadhēḥ৷৷5.52.21৷৷\n\n"
    },
    {
        "sloka": "tasmānnāsya vadhē yatnaḥ kārya: parapurañjaya.\n\nbhavān sēndrēṣu dēvēṣu yatnamāsthātumarhati৷৷5.52.22৷৷\n\n"
    },
    {
        "sloka": "asminvinaṣṭē na hi vīramanyaṅ paśyāmi yastau vararājaputrau.\n\nyuddhāya yuddhapriyadurvinītāvudyōjayēddhīrghapathāvaruddhau৷৷5.52.23৷৷\n\n"
    },
    {
        "sloka": "parākramōtsāhamanasvināṅ ca surāsurāṇāmapi durjayēna.\n\ntvayā manōnandana naitānāṅ yuddhāyatirnāśayatuṅ na yuktā৷৷5.52.24৷৷\n\n"
    },
    {
        "sloka": "hitāśca śūrāśca samāhitāśca kulēṣu jātāśca mahāguṇēṣu.\n\nmanasvinaśśastrabhṛtāṅ variṣṭhāḥ kōṭyagratastē subhṛtāśca yōdhāḥ৷৷5.52.25৷৷\n\n"
    },
    {
        "sloka": "tadēkadēśēna balasya tāvatkēcittavā৷৷dēśakṛtō.bhiyāntu\n\ntau rājaputrau vinigṛhya mūḍhau parēṣu tē bhāvayituṅ prabhāvam৷৷5.52.26৷৷\n\n"
    },
    {
        "sloka": "niśācarāṇāmadhipō.nujasya vibhīṣaṇasyōttamavākyamiṣṭam.\n\njagrāha buddhyā suralōkaśatru rmahābalō rākṣasarājamukhyaḥ৷৷5.52.27৷৷\n\n"
    },
    {
        "sloka": "[Vibhishana advises Ravana against slaying of an emissary -- elaborates on the code of conduct of a king]\n\ntasya tadvacanaṅ śrutvā vānarasya mahātmanaḥ.\n\nājñāpayadvadhaṅ tasya rāvaṇaḥ krōdhamūrchitaḥ৷৷5.52.1৷৷\n\n"
    },
    {
        "sloka": "vadhē tasya samājñaptē rāvaṇēna durātmanā.\n\nnivēditavatō dautyaṅ nānumēnē vibhīṣaṇaḥ৷৷5.52.2৷৷\n\n"
    },
    {
        "sloka": "taṅ rakṣōdhipatiṅ kruddhaṅ tacca kāryamupasthitam.\n\nviditvā cintayāmāsa kāryaṅ kāryavidhau sthitaḥ৷৷5.52.3৷৷\n\n"
    },
    {
        "sloka": "niścitārthastatassāmnā pūjyaṅ śatrujidagrajam.\n\nuvāca hitamatyarthaṅ vākyaṅ vākyaviśāradaḥ৷৷5.52.4৷৷\n\n"
    },
    {
        "sloka": "kṣamasva rōṣaṅ tyaja rākṣasēndra prasīda madvākyamidaṅ śṛṇuṣva.\n\nvadhaṅ na kurvanti parāvarajñā dūtasya santō vasudhādhipēndrāḥ৷৷5.52.5৷৷\n\n"
    },
    {
        "sloka": "rājadharmaviruddhaṅ ca lōkavṛttēśca garhitam.\n\ntava cāsadṛśaṅ vīra kapērasya pramāpaṇam৷৷5.52.6৷৷\n\n"
    },
    {
        "sloka": "dharmajñaśca kṛtajñaśca rājadharmaviśāradaḥ.\n\nparāvarajñō bhūtānāṅ tvamēva paramārthavit৷৷5.52.7৷৷\n\n"
    },
    {
        "sloka": "gṛhyantē yadi rōṣēṇa tvādṛśō.pi vicakṣaṇaḥ.\n\ntata śśāstravipaścittvaṅ śrama ēva hi kēvalam৷৷5.52.8৷৷\n\n"
    },
    {
        "sloka": "tasmātprasīda śatrughna rākṣasēndra durāsada.\n\nyuktāyuktaṅ viniścitya dūtadaṇḍō vidhīyatām৷৷5.52.9৷৷\n\n"
    },
    {
        "sloka": "vibhīṣaṇavacaḥ śrutvā rāvaṇō rākṣasēśvaraḥ.\n\nrōṣēṇa mahatāviṣṭō vākyamuttaramabravīt৷৷5.52.10৷৷\n\n"
    },
    {
        "sloka": "na pāpānāṅ vadhē pāpaṅ vidyatē śatrusūdana.\n\ntasmādēnaṅ vadhiṣyāmi vānaraṅ pāpacāriṇam৷৷5.52.11৷৷\n\n"
    },
    {
        "sloka": "adharmamūlaṅ bahudōṣayuktamanāryajuṣṭaṅ vacanaṅ niśamya.\n\nuvāca vākyaṅ paramārthatattvaṅ vibhīṣaṇō buddhimatāṅ variṣṭhaḥ৷৷5.52.12৷৷\n\n"
    },
    {
        "sloka": "prasīda laṅkēśvara rākṣasēndra dharmārthayuktaṅ vacanaṅ śṛṇuṣva.\n\ndūtānavadhyān samayēṣu rājan sarvēṣu sarvatra vadanti santaḥ৷৷5.52.13৷৷\n\n"
    },
    {
        "sloka": "asaṅśayaṅ śatrurayaṅ pravṛddhaḥ kṛtaṅ hyanēnāpriyamapramēyam.\n\nna dūtavadhyāṅ pravadanti santō dūtasya dṛṣṭā bahavō hi daṇḍāḥ৷৷5.52.14৷৷\n\n"
    },
    {
        "sloka": "vairūpyamaṅgēṣu kaśābhighātō mauṇḍyaṅ tathā lakṣaṇasannipātaḥ.\n\nētān hi dūtē pravadanti daṇḍān vadhastu dūtasya na naḥ śrutō.sti৷৷5.52.15৷৷\n\n"
    },
    {
        "sloka": "kathaṅ ca dharmārthavinītabuddhiḥ parāvarapratyayaniścitārthaḥ.\n\nbhavadvidhaḥ kōpavaśē hi tiṣṭhēt kōpaṅ niyacchanti hi sattvavantaḥ৷৷5.52.16৷৷\n\n"
    },
    {
        "sloka": "na dharmavādē na ca lōkavṛttē na śāstrabuddhigrahaṇēṣu cāpi.\n\nvidyēta kaścittava vīra tulya stvaṅhyuttamassarvasurāsurāṇām৷৷5.52.17৷৷\n\n"
    },
    {
        "sloka": "śūrēṇa vīrēṇa niśācarēndra surāsurāṇāmapi durjayēna.\n\ntvayā pragalbhāḥ suradaityasaṅghā jitāśca yuddhēṣvasakṛnnarēndrāḥ৷৷5.52.18৷৷\n\n"
    },
    {
        "sloka": "na cāpyasya kapērghātē kañcitpaśyāmyahaṅ guṇam.\n\ntēṣvayaṅ pātyatāṅ daṇḍō yairayaṅ prēṣitaḥ kapiḥ৷৷5.52.19৷৷\n\n"
    },
    {
        "sloka": "sādhurvā yadi vā.sādhuḥ parairēṣa samarpitaḥ.\n\nbruvan parārthaṅ paravānna dūtō vadhamarhati৷৷5.52.20৷৷\n\n"
    },
    {
        "sloka": "api cāsmin hatē rājannānyaṅ paśyāmi khēcaram.\n\niha yaḥ punarāgacchētparaṅ pāraṅ mahōdadhēḥ৷৷5.52.21৷৷\n\n"
    },
    {
        "sloka": "tasmānnāsya vadhē yatnaḥ kārya: parapurañjaya.\n\nbhavān sēndrēṣu dēvēṣu yatnamāsthātumarhati৷৷5.52.22৷৷\n\n"
    },
    {
        "sloka": "asminvinaṣṭē na hi vīramanyaṅ paśyāmi yastau vararājaputrau.\n\nyuddhāya yuddhapriyadurvinītāvudyōjayēddhīrghapathāvaruddhau৷৷5.52.23৷৷\n\n"
    },
    {
        "sloka": "parākramōtsāhamanasvināṅ ca surāsurāṇāmapi durjayēna.\n\ntvayā manōnandana naitānāṅ yuddhāyatirnāśayatuṅ na yuktā৷৷5.52.24৷৷\n\n"
    },
    {
        "sloka": "hitāśca śūrāśca samāhitāśca kulēṣu jātāśca mahāguṇēṣu.\n\nmanasvinaśśastrabhṛtāṅ variṣṭhāḥ kōṭyagratastē subhṛtāśca yōdhāḥ৷৷5.52.25৷৷\n\n"
    },
    {
        "sloka": "tadēkadēśēna balasya tāvatkēcittavā৷৷dēśakṛtō.bhiyāntu\n\ntau rājaputrau vinigṛhya mūḍhau parēṣu tē bhāvayituṅ prabhāvam৷৷5.52.26৷৷\n\n"
    },
    {
        "sloka": "niśācarāṇāmadhipō.nujasya vibhīṣaṇasyōttamavākyamiṣṭam.\n\njagrāha buddhyā suralōkaśatru rmahābalō rākṣasarājamukhyaḥ৷৷5.52.27৷৷\n\n"
    }
]