[
    {
        "sloka": "[Hanuman's grief over Sita's state.]\n\npraśasya tu praśastavyāṅ sītāṅ tāṅ haripuṅgavaḥ.\n\nguṇābhirāmaṅ rāmaṅ ca punaścintāparō.bhavat৷৷5.16.1৷৷\n\n"
    },
    {
        "sloka": "sa muhūrtamiva dhyātvā bāṣpaparyākulēkṣaṇaḥ.\n\nsītāmāśritya tējasvī hanūmānvilalāpa ha৷৷5.16.2৷৷\n\n"
    },
    {
        "sloka": "mānyā guruvinītasya lakṣmaṇasya gurupriyā.\n\nyadi sītā৷৷pi duḥkhārtā kālō hi duratikramaḥ৷৷5.16.3৷৷\n\n"
    },
    {
        "sloka": "rāmasya vyavasāyajñā lakṣmaṇasya ca dhīmataḥ.\n\nnātyarthaṅ kṣubhyatē dēvī gaṅgēva jaladāgamē৷৷5.16.4৷৷\n\n"
    },
    {
        "sloka": "tulyaśīlavayōvṛttāṅ tulyābhijanalakṣaṇām.\n\nrāghavō৷৷rhati vaidēhīṅ taṅ cēyamasitēkṣaṇā৷৷5.16.5৷৷\n\n"
    },
    {
        "sloka": "tāṅ dṛṣṭvā navahēmābhāṅ lōkakāntāmiva śriyam.\n\njagāma manasā rāmaṅ vacanaṅ cēdamabravīt৷৷5.16.6৷৷\n\n"
    },
    {
        "sloka": "asyā hētōrviśālākṣyā hatō vālī mahābalaḥ.\n\nrāvaṇapratimō vīryē kabandhaśca nipātitaḥ৷৷5.16.7৷৷\n\n"
    },
    {
        "sloka": "virādhaśca hataḥ saṅkhyē rākṣasō bhīmavikramaḥ.\n\nvanē rāmēṇa vikramya mahēndrēṇēva śambaraḥ৷৷5.16.8৷৷\n\n"
    },
    {
        "sloka": "caturdaśa sahasrāṇi rakṣasāṅ bhīmakarmaṇām.\n\nnihatāni janasthānē śarairagniśikhōpamaiḥ৷৷5.16.9৷৷\n\n"
    },
    {
        "sloka": "kharaśca nihatasaṅkhyē triśirāśca nipātitaḥ.\n\ndūṣaṇaśca mahātējā rāmēṇa viditātmanā৷৷5.16.10৷৷\n\n"
    },
    {
        "sloka": "aiśvaryaṅ vānarāṇāṅ ca durlabhaṅ vālipālitam.\n\nasyā nimittē sugrīvaḥ prāptavān lōkasatkṛtam৷৷5.16.11৷৷\n\n"
    },
    {
        "sloka": "sāgaraśca mayā krāntaśśrīmānnadanadīpatiḥ.\n\nasyā hētōrviśālākṣyāḥ purī cēyamavēkṣitā৷৷5.16.12৷৷\n\n"
    },
    {
        "sloka": "yadi rāmaḥ samudrāntāṅ mēdinīṅ parivartayēt.\n\nasyāḥ kṛtē jagaccāpi yuktamityēva mē matiḥ৷৷5.16.13৷৷\n\n"
    },
    {
        "sloka": "rājyaṅ vā triṣu lōkēṣu sītā vā janakātmajā.\n\ntrailōkyarājyaṅ sakalaṅ sītāyā nāpnuyātkalām৷৷5.16.14৷৷\n\n"
    },
    {
        "sloka": "iyaṅ sā dharmaśīlasya maithilasya mahātmanaḥ.\n\nsutā janakarājasya sītā bhartṛdṛḍhavratā৷৷5.16.15৷৷\n\nutthitā mēdinīṅ bhittvā kṣētrē halamukhakṣatē.\n\npadmarēṇunibhaiḥ kīrṇā śubhaiḥ kēdārapāmsubhiḥ৷৷5.16.16৷৷\n\n"
    },
    {
        "sloka": "vikrāntasyāryaśīlasya saṅyugēṣnvivartinaḥ.\n\nsnuṣā daśarathasyaiṣā jyēṣṭhā rājñō yaśasvinī৷৷5.16.17৷৷\n\n"
    },
    {
        "sloka": "dharmajñasya kṛtajñasya rāmasya viditātmanaḥ.\n\niyaṅ sā dayitā bhāryā rākṣasīvaśamāgatā৷৷5.16.18৷৷\n\n"
    },
    {
        "sloka": "sarvān bhōgānparityajya bhartṛsnēhabalātkṛtā.\n\nacintayitvā duḥkhāni praviṣṭā nirjanaṅ vanam৷৷5.16.19৷৷\n\nsaṅtuṣṭā phalamūlēna bhartṛśuśrūṣaṇē ratā.\n\nyā parāṅ bhajatē prītiṅ vanē৷৷pi bhavanē yathā৷৷5.16.20৷৷\n\nsēyaṅ kanakavarṇāṅgī nityaṅ susmitabhāṣiṇī.\n\nsahatē yātanāmētāmanarthānāmabhāginī৷৷5.16.21৷৷\n\n"
    },
    {
        "sloka": "imāṅ tu śīlasampannāṅ draṣṭumarhati rāghavaḥ.\n\nrāvaṇēna pramathitāṅ prapāmiva pipāsitaḥ৷৷5.16.22৷৷\n\n"
    },
    {
        "sloka": "asyā nūnaṅ punarlābhādrāghavaḥ prītimēṣyati.\n\nrājā rājyaparibhraṣṭaḥ punaḥ prāpyēva mēdinīm৷৷5.16.23৷৷\n\n"
    },
    {
        "sloka": "kāmabhōgaiḥ parityaktā hīnā bandhujanēna ca.\n\ndhārayatyātmanō dēhaṅ tatsamāgamakāṅkṣiṇī৷৷5.16.24৷৷\n\n"
    },
    {
        "sloka": "naiṣā paśyati rākṣasyō nēmānpuṣpaphaladrumān.\n\nēkasthahṛdayā nūnaṅ rāmamēvānupaśyati৷৷5.16.25৷৷\n\n"
    },
    {
        "sloka": "bhartā nāma paraṅ nāryā bhūṣaṇaṅ bhūṣaṇādapi.\n\nēṣā tu rahitā tēna bhūṣaṇārhā na śōbhatē৷৷5.16.26৷৷\n\n"
    },
    {
        "sloka": "duṣkaraṅ kurutē rāmō hīnō yadanayā prabhuḥ.\n\ndhārayatyātmanō dēhaṅ na duḥkhēnāvasīdati৷৷5.16.27৷৷\n\n"
    },
    {
        "sloka": "imāmasitakēśāntāṅ śatapatranibhēkṣaṇām.\n\nsukhārhāṅ duḥkhitāṅ dṛṣṭvā mamāpi vyathitaṅ manaḥ৷৷5.16.28৷৷\n\n"
    },
    {
        "sloka": "kṣatikṣamā puṣkarasannibhākṣī yā rakṣitā rāghavalakṣmaṇābhyām.\n\nsā rākṣasībhirvikṛtēkṣaṇābhiḥ saṅrakṣyatē samprati vṛkṣamūlē৷৷5.16.29৷৷\n\n"
    },
    {
        "sloka": "himahatanalinīva naṣṭaśōbhā vyasanaparamparayā nipīḍyamānā.\n\nsahacararahitēva cakravākī janakasutā kṛpaṇāṅ daśāṅ prapannā৷৷5.16.30৷৷\n\n"
    },
    {
        "sloka": "asyā hi puṣpāvanatāgraśākhāḥ śōkaṅ dṛḍhaṅ vai janayantyaśōkāḥ.\n\nhimavyapāyēna ca śītaraśmi rabhyutthitō naikasahasraraśmi:৷৷5.16.31৷৷\n\n"
    },
    {
        "sloka": "ityēvamarthaṅ kapiranvavēkṣya sītēyamityēva niviṣṭabuddhi:.\n\nsaṅśritya tasminniṣasāda vṛkṣē balī harīṇāmṛṣabhastarasvī৷৷5.16.32৷৷\n\n"
    },
    {
        "sloka": "[Hanuman's grief over Sita's state.]\n\npraśasya tu praśastavyāṅ sītāṅ tāṅ haripuṅgavaḥ.\n\nguṇābhirāmaṅ rāmaṅ ca punaścintāparō.bhavat৷৷5.16.1৷৷\n\n"
    },
    {
        "sloka": "sa muhūrtamiva dhyātvā bāṣpaparyākulēkṣaṇaḥ.\n\nsītāmāśritya tējasvī hanūmānvilalāpa ha৷৷5.16.2৷৷\n\n"
    },
    {
        "sloka": "mānyā guruvinītasya lakṣmaṇasya gurupriyā.\n\nyadi sītā৷৷pi duḥkhārtā kālō hi duratikramaḥ৷৷5.16.3৷৷\n\n"
    },
    {
        "sloka": "rāmasya vyavasāyajñā lakṣmaṇasya ca dhīmataḥ.\n\nnātyarthaṅ kṣubhyatē dēvī gaṅgēva jaladāgamē৷৷5.16.4৷৷\n\n"
    },
    {
        "sloka": "tulyaśīlavayōvṛttāṅ tulyābhijanalakṣaṇām.\n\nrāghavō৷৷rhati vaidēhīṅ taṅ cēyamasitēkṣaṇā৷৷5.16.5৷৷\n\n"
    },
    {
        "sloka": "tāṅ dṛṣṭvā navahēmābhāṅ lōkakāntāmiva śriyam.\n\njagāma manasā rāmaṅ vacanaṅ cēdamabravīt৷৷5.16.6৷৷\n\n"
    },
    {
        "sloka": "asyā hētōrviśālākṣyā hatō vālī mahābalaḥ.\n\nrāvaṇapratimō vīryē kabandhaśca nipātitaḥ৷৷5.16.7৷৷\n\n"
    },
    {
        "sloka": "virādhaśca hataḥ saṅkhyē rākṣasō bhīmavikramaḥ.\n\nvanē rāmēṇa vikramya mahēndrēṇēva śambaraḥ৷৷5.16.8৷৷\n\n"
    },
    {
        "sloka": "caturdaśa sahasrāṇi rakṣasāṅ bhīmakarmaṇām.\n\nnihatāni janasthānē śarairagniśikhōpamaiḥ৷৷5.16.9৷৷\n\n"
    },
    {
        "sloka": "kharaśca nihatasaṅkhyē triśirāśca nipātitaḥ.\n\ndūṣaṇaśca mahātējā rāmēṇa viditātmanā৷৷5.16.10৷৷\n\n"
    },
    {
        "sloka": "aiśvaryaṅ vānarāṇāṅ ca durlabhaṅ vālipālitam.\n\nasyā nimittē sugrīvaḥ prāptavān lōkasatkṛtam৷৷5.16.11৷৷\n\n"
    },
    {
        "sloka": "sāgaraśca mayā krāntaśśrīmānnadanadīpatiḥ.\n\nasyā hētōrviśālākṣyāḥ purī cēyamavēkṣitā৷৷5.16.12৷৷\n\n"
    },
    {
        "sloka": "yadi rāmaḥ samudrāntāṅ mēdinīṅ parivartayēt.\n\nasyāḥ kṛtē jagaccāpi yuktamityēva mē matiḥ৷৷5.16.13৷৷\n\n"
    },
    {
        "sloka": "rājyaṅ vā triṣu lōkēṣu sītā vā janakātmajā.\n\ntrailōkyarājyaṅ sakalaṅ sītāyā nāpnuyātkalām৷৷5.16.14৷৷\n\n"
    },
    {
        "sloka": "iyaṅ sā dharmaśīlasya maithilasya mahātmanaḥ.\n\nsutā janakarājasya sītā bhartṛdṛḍhavratā৷৷5.16.15৷৷\n\nutthitā mēdinīṅ bhittvā kṣētrē halamukhakṣatē.\n\npadmarēṇunibhaiḥ kīrṇā śubhaiḥ kēdārapāmsubhiḥ৷৷5.16.16৷৷\n\n"
    },
    {
        "sloka": "vikrāntasyāryaśīlasya saṅyugēṣnvivartinaḥ.\n\nsnuṣā daśarathasyaiṣā jyēṣṭhā rājñō yaśasvinī৷৷5.16.17৷৷\n\n"
    },
    {
        "sloka": "dharmajñasya kṛtajñasya rāmasya viditātmanaḥ.\n\niyaṅ sā dayitā bhāryā rākṣasīvaśamāgatā৷৷5.16.18৷৷\n\n"
    },
    {
        "sloka": "sarvān bhōgānparityajya bhartṛsnēhabalātkṛtā.\n\nacintayitvā duḥkhāni praviṣṭā nirjanaṅ vanam৷৷5.16.19৷৷\n\nsaṅtuṣṭā phalamūlēna bhartṛśuśrūṣaṇē ratā.\n\nyā parāṅ bhajatē prītiṅ vanē৷৷pi bhavanē yathā৷৷5.16.20৷৷\n\nsēyaṅ kanakavarṇāṅgī nityaṅ susmitabhāṣiṇī.\n\nsahatē yātanāmētāmanarthānāmabhāginī৷৷5.16.21৷৷\n\n"
    },
    {
        "sloka": "imāṅ tu śīlasampannāṅ draṣṭumarhati rāghavaḥ.\n\nrāvaṇēna pramathitāṅ prapāmiva pipāsitaḥ৷৷5.16.22৷৷\n\n"
    },
    {
        "sloka": "asyā nūnaṅ punarlābhādrāghavaḥ prītimēṣyati.\n\nrājā rājyaparibhraṣṭaḥ punaḥ prāpyēva mēdinīm৷৷5.16.23৷৷\n\n"
    },
    {
        "sloka": "kāmabhōgaiḥ parityaktā hīnā bandhujanēna ca.\n\ndhārayatyātmanō dēhaṅ tatsamāgamakāṅkṣiṇī৷৷5.16.24৷৷\n\n"
    },
    {
        "sloka": "naiṣā paśyati rākṣasyō nēmānpuṣpaphaladrumān.\n\nēkasthahṛdayā nūnaṅ rāmamēvānupaśyati৷৷5.16.25৷৷\n\n"
    },
    {
        "sloka": "bhartā nāma paraṅ nāryā bhūṣaṇaṅ bhūṣaṇādapi.\n\nēṣā tu rahitā tēna bhūṣaṇārhā na śōbhatē৷৷5.16.26৷৷\n\n"
    },
    {
        "sloka": "duṣkaraṅ kurutē rāmō hīnō yadanayā prabhuḥ.\n\ndhārayatyātmanō dēhaṅ na duḥkhēnāvasīdati৷৷5.16.27৷৷\n\n"
    },
    {
        "sloka": "imāmasitakēśāntāṅ śatapatranibhēkṣaṇām.\n\nsukhārhāṅ duḥkhitāṅ dṛṣṭvā mamāpi vyathitaṅ manaḥ৷৷5.16.28৷৷\n\n"
    },
    {
        "sloka": "kṣatikṣamā puṣkarasannibhākṣī yā rakṣitā rāghavalakṣmaṇābhyām.\n\nsā rākṣasībhirvikṛtēkṣaṇābhiḥ saṅrakṣyatē samprati vṛkṣamūlē৷৷5.16.29৷৷\n\n"
    },
    {
        "sloka": "himahatanalinīva naṣṭaśōbhā vyasanaparamparayā nipīḍyamānā.\n\nsahacararahitēva cakravākī janakasutā kṛpaṇāṅ daśāṅ prapannā৷৷5.16.30৷৷\n\n"
    },
    {
        "sloka": "asyā hi puṣpāvanatāgraśākhāḥ śōkaṅ dṛḍhaṅ vai janayantyaśōkāḥ.\n\nhimavyapāyēna ca śītaraśmi rabhyutthitō naikasahasraraśmi:৷৷5.16.31৷৷\n\n"
    },
    {
        "sloka": "ityēvamarthaṅ kapiranvavēkṣya sītēyamityēva niviṣṭabuddhi:.\n\nsaṅśritya tasminniṣasāda vṛkṣē balī harīṇāmṛṣabhastarasvī৷৷5.16.32৷৷\n\n"
    }
]