[
    {
        "sloka": "[Ravana comes to see Sita.]\n\ntathā viprēkṣyamāṇasya vanaṅ puṣpitapādapam.\n\nvicinvataśca vaidēhīṅ kiṅcicchēṣā niśā.bhavat৷৷5.18.1৷৷\n\n"
    },
    {
        "sloka": "ṣaḍaṅgavēdaviduṣāṅ kratupravarayājinām.\n\nśuśrāva brahmaghōṣāṅśca sa virātrē brahmarakṣasām৷৷5.18.2৷৷\n\n"
    },
    {
        "sloka": "atha maṅgalavāditraśabdaiḥ śrutimanōharaiḥ.\n\nprābudhyata mahābāhurdaśagrīvō mahābalaḥ৷৷5.18.3৷৷\n\n"
    },
    {
        "sloka": "vibudhyatu yathākālaṅ rākṣasēndraḥ pratāpavān.\n\nsrastamālyāmbaradharō vaidēhīmanvacintayat৷৷5.18.4৷৷\n\n"
    },
    {
        "sloka": "bhṛśaṅ niyuktastasyāṅ ca madanēna madōtkaṭaḥ.\n\nna sa taṅ rākṣasaḥ kāmaṅ śaśākātmani gūhitum৷৷5.18.5৷৷\n\n"
    },
    {
        "sloka": "sa sarvābharaṇairyuktō bibhracchriyamanuttamām.\n\ntāṅ nagairbahubhirjuṣṭāṅ sarvapuṣpaphalōpagaiḥ৷৷5.18.6৷৷\n\n"
    },
    {
        "sloka": "vṛtāṅ puṣkariṇībhiśca nānāpuṣpōpaśōbhitām.\n\nsadā madaiśca vihagairvicitrāṅ paramādbhutām৷৷5.18.7৷৷\n\n"
    },
    {
        "sloka": "īhāmṛgaiśca vividhairjuṣṭāṅ dṛṣṭimanōharaiḥ.\n\nvīdhīḥ saṅprēkṣamāṇaśca maṇikāñcanatōraṇāḥ৷৷5.18.8৷৷\n\nnānāmṛgagaṇākīrṇāṅ phalaiḥ prapatitairvṛtām.\n\naśōkavanikāmēva prāviśatsaṅtatadrumām৷৷5.18.9৷৷\n\n"
    },
    {
        "sloka": "aṅganāśatamātraṅ tu taṅ vrajantamanuvrajat.\n\nmahēndramiva paulastyaṅ dēvagandharvayōṣitaḥ৷৷5.18.10৷৷\n\n"
    },
    {
        "sloka": "dīpikāḥ kāñcanīḥ kāścijjagṛhustatra yōṣitaḥ.\n\nvālavyajanahastāśca tālavṛntāni cāparāḥ৷৷5.18.11৷৷\n\n"
    },
    {
        "sloka": "kāñcanairapi bhṛṅgārairjahruḥ salilamagrataḥ.\n\nmaṇḍalāgrān bṛsīścāpi gṛhyānyāḥ pṛṣṭhatō yayuḥ৷৷5.18.12৷৷\n\n"
    },
    {
        "sloka": "kācidratnamayīṅ sthālīṅ pūrṇāṅ pānasya bhāminī.\n\ndakṣiṇā dakṣiṇēnaiva tadā jagrāha pāṇinā৷৷5.18.13৷৷\n\n"
    },
    {
        "sloka": "rājahaṅsapratīkāśaṅ chatraṅ pūrṇaśaśiprabham.\n\nsauvarṇadaṇḍamaparā gṛhītvā pṛṣṭhatō yayau৷৷5.18.14৷৷\n\n"
    },
    {
        "sloka": "nidrāmadaparītākṣyō rāvaṇasyōttamāḥ striyaḥ.\n\nanujagmuḥ patiṅ vīraṅ ghanaṅ vidyullatā iva৷৷5.18.15৷৷\n\n"
    },
    {
        "sloka": "vyāviddhahārakēyūrāḥ samāmṛditavarṇakāḥ.\n\nsamāgaḷitakēśāntāssasvēdavadanāstathā৷৷5.18.16৷৷\n\nghūrṇantyō madaśēṣēṇa nidrayā ca śubhānanāḥ.\n\nsvēdakliṣṭāṅgakusumāssumālyākulamūrdhajāḥ৷৷5.18.17৷৷\n\nprayāntaṅ naiṛtapatiṅ nāryō madiralōcanāḥ.\n\nbahumānācca kāmācca priyā bhāryāstamanvayuḥ৷৷5.18.18৷৷\n\n"
    },
    {
        "sloka": "sa ca kāmaparādhīna: patistāsāṅ mahābalaḥ.\n\nsītāsaktamanā mandō mandāñcitagatirbabhau৷৷5.18.19৷৷\n\n"
    },
    {
        "sloka": "tataḥ kāñcīninādaṅ ca nūpurāṇāṅ ca nisvanam.\n\nśuśrāva paramastrīṇāṅ sa kapirmārutātmajaḥ৷৷5.18.20৷৷\n\n"
    },
    {
        "sloka": "taṅ cāpratimakarmāṇamacintyabalapauruṣam.\n\ndvāradēśamanuprāptaṅ dadarśa hanumān kapiḥ৷৷5.18.21৷৷\n\n"
    },
    {
        "sloka": "dīpikābhiranēkābhiḥ samantādavabhāsitam.\n\ngandhatailāvasiktābhirdhriyamāṇābhiragrataḥ৷৷5.18.22৷৷\n\n"
    },
    {
        "sloka": "kāmadarpamadairyuktaṅ jihmatāmrāyatēkṣaṇam.\n\nsamakṣamiva kandarpamapaviddhaśarāsanam৷৷5.18.23৷৷\n\n"
    },
    {
        "sloka": "mathitāmṛtaphēnābhamarajōvastramuttamam.\n\nsalīlamanukarṣantaṅ vimuktaṅ saktamaṅgadē৷৷5.18.24৷৷\n\n"
    },
    {
        "sloka": "taṅ patraviṭapē līnaḥ patrapuṣpaghanāvṛtaḥ.\n\nsamīpamiva saṅkrāntaṅ nidhyātumupacakramē৷৷5.18.25৷৷\n\n"
    },
    {
        "sloka": "avēkṣamāṇastu tatō dadarśa kapikuñjaraḥ.\n\nrūpayauvanasampannā rāvaṇasya varastriyaḥ৷৷5.18.26৷৷\n\n"
    },
    {
        "sloka": "tābhiḥ parivṛtō rājā surūpābhirmahāyaśāḥ.\n\ntanmṛgadvijasaṅghuṣṭaṅ praviṣṭaḥ pramadāvanam৷৷5.18.27৷৷\n\n"
    },
    {
        "sloka": "kṣībō vicitrābharaṇaḥ śaṅkukarṇō mahābalaḥ.\n\ntēna viśravasaḥ putraḥ sa dṛṣṭō rākṣasādhipaḥ৷৷5.18.28৷৷\n\nvṛtaḥ paramanārībhistārābhiriva candramāḥ.\n\ntaṅ dadarśa mahātējāstējōvantaṅ mahākapiḥ৷৷5.18.29৷৷\n\n"
    },
    {
        "sloka": "rāvaṇō.yaṅ mahābāhuriti sañcintya vānaraḥ.\n\navaplutō mahātējā hanumānmārutātmajaḥ৷৷5.18.30৷৷\n\n"
    },
    {
        "sloka": "sa tathāpyugratējāḥ sannirdhūtastasya tējasā.\n\npatraguhyāntarē saktō hanumān saṅvṛtō.bhavat৷৷5.18.31৷৷\n\n"
    },
    {
        "sloka": "sa tāmasitakēśāntāṅ suśrōṇīṅ saṅhatastnīm.\n\ndidṛkṣurasitāpāṅgāmupāvartata rāvaṇaḥ৷৷5.18.32৷৷\n\n"
    },
    {
        "sloka": "[Ravana comes to see Sita.]\n\ntathā viprēkṣyamāṇasya vanaṅ puṣpitapādapam.\n\nvicinvataśca vaidēhīṅ kiṅcicchēṣā niśā.bhavat৷৷5.18.1৷৷\n\n"
    },
    {
        "sloka": "ṣaḍaṅgavēdaviduṣāṅ kratupravarayājinām.\n\nśuśrāva brahmaghōṣāṅśca sa virātrē brahmarakṣasām৷৷5.18.2৷৷\n\n"
    },
    {
        "sloka": "atha maṅgalavāditraśabdaiḥ śrutimanōharaiḥ.\n\nprābudhyata mahābāhurdaśagrīvō mahābalaḥ৷৷5.18.3৷৷\n\n"
    },
    {
        "sloka": "vibudhyatu yathākālaṅ rākṣasēndraḥ pratāpavān.\n\nsrastamālyāmbaradharō vaidēhīmanvacintayat৷৷5.18.4৷৷\n\n"
    },
    {
        "sloka": "bhṛśaṅ niyuktastasyāṅ ca madanēna madōtkaṭaḥ.\n\nna sa taṅ rākṣasaḥ kāmaṅ śaśākātmani gūhitum৷৷5.18.5৷৷\n\n"
    },
    {
        "sloka": "sa sarvābharaṇairyuktō bibhracchriyamanuttamām.\n\ntāṅ nagairbahubhirjuṣṭāṅ sarvapuṣpaphalōpagaiḥ৷৷5.18.6৷৷\n\n"
    },
    {
        "sloka": "vṛtāṅ puṣkariṇībhiśca nānāpuṣpōpaśōbhitām.\n\nsadā madaiśca vihagairvicitrāṅ paramādbhutām৷৷5.18.7৷৷\n\n"
    },
    {
        "sloka": "īhāmṛgaiśca vividhairjuṣṭāṅ dṛṣṭimanōharaiḥ.\n\nvīdhīḥ saṅprēkṣamāṇaśca maṇikāñcanatōraṇāḥ৷৷5.18.8৷৷\n\nnānāmṛgagaṇākīrṇāṅ phalaiḥ prapatitairvṛtām.\n\naśōkavanikāmēva prāviśatsaṅtatadrumām৷৷5.18.9৷৷\n\n"
    },
    {
        "sloka": "aṅganāśatamātraṅ tu taṅ vrajantamanuvrajat.\n\nmahēndramiva paulastyaṅ dēvagandharvayōṣitaḥ৷৷5.18.10৷৷\n\n"
    },
    {
        "sloka": "dīpikāḥ kāñcanīḥ kāścijjagṛhustatra yōṣitaḥ.\n\nvālavyajanahastāśca tālavṛntāni cāparāḥ৷৷5.18.11৷৷\n\n"
    },
    {
        "sloka": "kāñcanairapi bhṛṅgārairjahruḥ salilamagrataḥ.\n\nmaṇḍalāgrān bṛsīścāpi gṛhyānyāḥ pṛṣṭhatō yayuḥ৷৷5.18.12৷৷\n\n"
    },
    {
        "sloka": "kācidratnamayīṅ sthālīṅ pūrṇāṅ pānasya bhāminī.\n\ndakṣiṇā dakṣiṇēnaiva tadā jagrāha pāṇinā৷৷5.18.13৷৷\n\n"
    },
    {
        "sloka": "rājahaṅsapratīkāśaṅ chatraṅ pūrṇaśaśiprabham.\n\nsauvarṇadaṇḍamaparā gṛhītvā pṛṣṭhatō yayau৷৷5.18.14৷৷\n\n"
    },
    {
        "sloka": "nidrāmadaparītākṣyō rāvaṇasyōttamāḥ striyaḥ.\n\nanujagmuḥ patiṅ vīraṅ ghanaṅ vidyullatā iva৷৷5.18.15৷৷\n\n"
    },
    {
        "sloka": "vyāviddhahārakēyūrāḥ samāmṛditavarṇakāḥ.\n\nsamāgaḷitakēśāntāssasvēdavadanāstathā৷৷5.18.16৷৷\n\nghūrṇantyō madaśēṣēṇa nidrayā ca śubhānanāḥ.\n\nsvēdakliṣṭāṅgakusumāssumālyākulamūrdhajāḥ৷৷5.18.17৷৷\n\nprayāntaṅ naiṛtapatiṅ nāryō madiralōcanāḥ.\n\nbahumānācca kāmācca priyā bhāryāstamanvayuḥ৷৷5.18.18৷৷\n\n"
    },
    {
        "sloka": "sa ca kāmaparādhīna: patistāsāṅ mahābalaḥ.\n\nsītāsaktamanā mandō mandāñcitagatirbabhau৷৷5.18.19৷৷\n\n"
    },
    {
        "sloka": "tataḥ kāñcīninādaṅ ca nūpurāṇāṅ ca nisvanam.\n\nśuśrāva paramastrīṇāṅ sa kapirmārutātmajaḥ৷৷5.18.20৷৷\n\n"
    },
    {
        "sloka": "taṅ cāpratimakarmāṇamacintyabalapauruṣam.\n\ndvāradēśamanuprāptaṅ dadarśa hanumān kapiḥ৷৷5.18.21৷৷\n\n"
    },
    {
        "sloka": "dīpikābhiranēkābhiḥ samantādavabhāsitam.\n\ngandhatailāvasiktābhirdhriyamāṇābhiragrataḥ৷৷5.18.22৷৷\n\n"
    },
    {
        "sloka": "kāmadarpamadairyuktaṅ jihmatāmrāyatēkṣaṇam.\n\nsamakṣamiva kandarpamapaviddhaśarāsanam৷৷5.18.23৷৷\n\n"
    },
    {
        "sloka": "mathitāmṛtaphēnābhamarajōvastramuttamam.\n\nsalīlamanukarṣantaṅ vimuktaṅ saktamaṅgadē৷৷5.18.24৷৷\n\n"
    },
    {
        "sloka": "taṅ patraviṭapē līnaḥ patrapuṣpaghanāvṛtaḥ.\n\nsamīpamiva saṅkrāntaṅ nidhyātumupacakramē৷৷5.18.25৷৷\n\n"
    },
    {
        "sloka": "avēkṣamāṇastu tatō dadarśa kapikuñjaraḥ.\n\nrūpayauvanasampannā rāvaṇasya varastriyaḥ৷৷5.18.26৷৷\n\n"
    },
    {
        "sloka": "tābhiḥ parivṛtō rājā surūpābhirmahāyaśāḥ.\n\ntanmṛgadvijasaṅghuṣṭaṅ praviṣṭaḥ pramadāvanam৷৷5.18.27৷৷\n\n"
    },
    {
        "sloka": "kṣībō vicitrābharaṇaḥ śaṅkukarṇō mahābalaḥ.\n\ntēna viśravasaḥ putraḥ sa dṛṣṭō rākṣasādhipaḥ৷৷5.18.28৷৷\n\nvṛtaḥ paramanārībhistārābhiriva candramāḥ.\n\ntaṅ dadarśa mahātējāstējōvantaṅ mahākapiḥ৷৷5.18.29৷৷\n\n"
    },
    {
        "sloka": "rāvaṇō.yaṅ mahābāhuriti sañcintya vānaraḥ.\n\navaplutō mahātējā hanumānmārutātmajaḥ৷৷5.18.30৷৷\n\n"
    },
    {
        "sloka": "sa tathāpyugratējāḥ sannirdhūtastasya tējasā.\n\npatraguhyāntarē saktō hanumān saṅvṛtō.bhavat৷৷5.18.31৷৷\n\n"
    },
    {
        "sloka": "sa tāmasitakēśāntāṅ suśrōṇīṅ saṅhatastnīm.\n\ndidṛkṣurasitāpāṅgāmupāvartata rāvaṇaḥ৷৷5.18.32৷৷\n\n"
    }
]