[
    {
        "sloka": "[On the command of Ravana Prahasta enquires Hanuman the purpose of his visit -- Hanuman reveals that he is a vanara and a messenger of Rama.] \n\ntamudvīkṣya mahābāhuḥ piṅgākṣaṅ purata sthitam.\n\nkōpēna mahatā.viṣṭō rāvaṇō lōkarāvaṇaḥ৷৷5.50.1৷৷\n\nśaṅkāhṛtātmā dadhyau sa kapīndraṅ tējasāvṛtam.\n\n"
    },
    {
        "sloka": "kimēṣa bhagavānnandī bhavētsākṣādihāgataḥ৷৷5.50.2৷৷\n\nyēna śaptō.smi kailāsē mayā sañcālitē purā.\n\nsō.yaṅ vānaramūrtissyātkiṅsvidbāṇō mahā.suraḥ৷৷5.50.3৷৷\n\n"
    },
    {
        "sloka": "sa rājā rōṣatāmrākṣaḥ prahastaṅ mantrisattamam.\n\nkālayuktamuvācēdaṅ vacō.vipulamarthavat৷৷5.50.4৷৷\n\n"
    },
    {
        "sloka": "durātmā pṛcchyatāmēṣa kutaḥ kiṅ vātra kāraṇam.\n\nvanabhaṅgē ca kō.syārthō rākṣasīnāṅ ca tarjanē৷৷5.50.5৷৷\n\n"
    },
    {
        "sloka": "matpurīmapradhṛṣyāṅ vā.gamanē kiṅ prayōjanam.\n\nāyōdhanē vā kiṅ kāryaṅ pṛcchayatāmēṣa durmatiḥ৷৷5.50.6৷৷\n\n"
    },
    {
        "sloka": "rāvaṇasya vacaśśrutvā prahastō vākyamabravīt.\n\nsamāśvasihi bhadraṅ tē na bhīḥ kāryā tvayā kapē৷৷5.50.7৷৷\n\n"
    },
    {
        "sloka": "yadi tāvattvamindrēṇa prēṣitō rāvaṇālayam.\n\ntattvamākhyāhi mā bhūttē bhayaṅ vānara mōkṣyasē৷৷5.50.8৷৷\n\n"
    },
    {
        "sloka": "yadi vaiśravaṇasya tvaṅ yamasya varuṇasya ca.\n\ncārarūpamidaṅ kṛtvā praviṣṭō naḥ purīmimām৷৷5.50.9৷৷\n\nviṣṇunā prēṣitō vā.pi dūtō vijayakāṅkṣiṇā.\n\n"
    },
    {
        "sloka": "na hi tē vānaraṅ tējō rūpamātraṅ tu vānaram৷৷5.50.10৷৷\n\ntattvata: kathayasvādya tatō vānara mōkṣyasē.\n\n"
    },
    {
        "sloka": "anṛtaṅ vadataścāpi durlabhaṅ tava jīvitam৷৷5.50.11৷৷\n\nathavā yannimittastē pravēśō rāvaṇālayē.\n\n"
    },
    {
        "sloka": "ēvamuktō hariśrēṣṭhastadā rakṣōgaṇēśvaram৷৷5.50.12৷৷\n\nabravīnnāsmi śakrasya yamasya varuṇasya vā.\n\ndhanadēna na mē sakhyaṅ viṣṇunā nāsmi cōditaḥ৷৷5.50.13৷৷\n\njātirēva mama tvēṣā vānarō.hamihāgataḥ.\n\n"
    },
    {
        "sloka": "darśanē rākṣasēndrasya durlabhē tadidaṅ mayā৷৷5.50.14৷৷\n\nvanaṅ rākṣasarājasya darśanārthē vināśitam.\n\n"
    },
    {
        "sloka": "tatastē rākṣasāḥ prāptā balinō yuddhakāṅkṣiṇaḥ.\n\nrakṣaṇārthaṅ tu dēhasya pratiyuddhā mayā raṇē৷৷5.50.15৷৷\n\n"
    },
    {
        "sloka": "astrapāśairna śakyō.haṅ baddhuṅ dēvāsurairapi৷৷5.50.16৷৷\n\npitāmahādēṣa varō māmāpyēṣō.bhyupāgataḥ.\n\n"
    },
    {
        "sloka": "rājānaṅ draṣṭukāmēna mayāstramanuvartitam৷৷5.50.17৷৷\n\nvimuktō hyahamastrēṇa rākṣasaistvabhipīḍitaḥ.\n\nkēnacidrājakāryēṇa samprāptō.smi tavāntikam৷৷5.50.18৷৷\n\n"
    },
    {
        "sloka": "dūtō.hamiti vijñēyō rāghavasyāmitaujasaḥ.\n\nśrūyatāṅ cāpi vacanaṅ mama pathyamidaṅ prabhō৷৷5.50.19৷৷\n\n"
    },
    {
        "sloka": "[On the command of Ravana Prahasta enquires Hanuman the purpose of his visit -- Hanuman reveals that he is a vanara and a messenger of Rama.] \n\ntamudvīkṣya mahābāhuḥ piṅgākṣaṅ purata sthitam.\n\nkōpēna mahatā.viṣṭō rāvaṇō lōkarāvaṇaḥ৷৷5.50.1৷৷\n\nśaṅkāhṛtātmā dadhyau sa kapīndraṅ tējasāvṛtam.\n\n"
    },
    {
        "sloka": "kimēṣa bhagavānnandī bhavētsākṣādihāgataḥ৷৷5.50.2৷৷\n\nyēna śaptō.smi kailāsē mayā sañcālitē purā.\n\nsō.yaṅ vānaramūrtissyātkiṅsvidbāṇō mahā.suraḥ৷৷5.50.3৷৷\n\n"
    },
    {
        "sloka": "sa rājā rōṣatāmrākṣaḥ prahastaṅ mantrisattamam.\n\nkālayuktamuvācēdaṅ vacō.vipulamarthavat৷৷5.50.4৷৷\n\n"
    },
    {
        "sloka": "durātmā pṛcchyatāmēṣa kutaḥ kiṅ vātra kāraṇam.\n\nvanabhaṅgē ca kō.syārthō rākṣasīnāṅ ca tarjanē৷৷5.50.5৷৷\n\n"
    },
    {
        "sloka": "matpurīmapradhṛṣyāṅ vā.gamanē kiṅ prayōjanam.\n\nāyōdhanē vā kiṅ kāryaṅ pṛcchayatāmēṣa durmatiḥ৷৷5.50.6৷৷\n\n"
    },
    {
        "sloka": "rāvaṇasya vacaśśrutvā prahastō vākyamabravīt.\n\nsamāśvasihi bhadraṅ tē na bhīḥ kāryā tvayā kapē৷৷5.50.7৷৷\n\n"
    },
    {
        "sloka": "yadi tāvattvamindrēṇa prēṣitō rāvaṇālayam.\n\ntattvamākhyāhi mā bhūttē bhayaṅ vānara mōkṣyasē৷৷5.50.8৷৷\n\n"
    },
    {
        "sloka": "yadi vaiśravaṇasya tvaṅ yamasya varuṇasya ca.\n\ncārarūpamidaṅ kṛtvā praviṣṭō naḥ purīmimām৷৷5.50.9৷৷\n\nviṣṇunā prēṣitō vā.pi dūtō vijayakāṅkṣiṇā.\n\n"
    },
    {
        "sloka": "na hi tē vānaraṅ tējō rūpamātraṅ tu vānaram৷৷5.50.10৷৷\n\ntattvata: kathayasvādya tatō vānara mōkṣyasē.\n\n"
    },
    {
        "sloka": "anṛtaṅ vadataścāpi durlabhaṅ tava jīvitam৷৷5.50.11৷৷\n\nathavā yannimittastē pravēśō rāvaṇālayē.\n\n"
    },
    {
        "sloka": "ēvamuktō hariśrēṣṭhastadā rakṣōgaṇēśvaram৷৷5.50.12৷৷\n\nabravīnnāsmi śakrasya yamasya varuṇasya vā.\n\ndhanadēna na mē sakhyaṅ viṣṇunā nāsmi cōditaḥ৷৷5.50.13৷৷\n\njātirēva mama tvēṣā vānarō.hamihāgataḥ.\n\n"
    },
    {
        "sloka": "darśanē rākṣasēndrasya durlabhē tadidaṅ mayā৷৷5.50.14৷৷\n\nvanaṅ rākṣasarājasya darśanārthē vināśitam.\n\n"
    },
    {
        "sloka": "tatastē rākṣasāḥ prāptā balinō yuddhakāṅkṣiṇaḥ.\n\nrakṣaṇārthaṅ tu dēhasya pratiyuddhā mayā raṇē৷৷5.50.15৷৷\n\n"
    },
    {
        "sloka": "astrapāśairna śakyō.haṅ baddhuṅ dēvāsurairapi৷৷5.50.16৷৷\n\npitāmahādēṣa varō māmāpyēṣō.bhyupāgataḥ.\n\n"
    },
    {
        "sloka": "rājānaṅ draṣṭukāmēna mayāstramanuvartitam৷৷5.50.17৷৷\n\nvimuktō hyahamastrēṇa rākṣasaistvabhipīḍitaḥ.\n\nkēnacidrājakāryēṇa samprāptō.smi tavāntikam৷৷5.50.18৷৷\n\n"
    },
    {
        "sloka": "dūtō.hamiti vijñēyō rāghavasyāmitaujasaḥ.\n\nśrūyatāṅ cāpi vacanaṅ mama pathyamidaṅ prabhō৷৷5.50.19৷৷\n\n"
    }
]