[
    {
        "sloka": "[Hanuman and Angada along with others approach Sugriva -- Hanuman tells Rama about the discovery of Sita.]\n\nsugrīvēṇaivamuktastu hṛṣṭō dadhimukhaḥ kapiḥ.\n\nrāghavaṅ lakṣmaṇaṅ caiva sugrīvaṅ cābhyavādayat৷৷5.64.1৷৷\n\n"
    },
    {
        "sloka": "sa praṇamya ca sugrīvaṅ rāghavau ca mahābalau.\n\nvānaraiḥ sahitaḥ śūrairdivamēvōtpapāta ha৷৷5.64.2৷৷\n\n"
    },
    {
        "sloka": "sa yathaivā.gataḥ pūrvaṅ tathaiva tvaritaṅ gataḥ.\n\nnipatya gaganādbhūmautadvanaṅ pravivēśa ha৷৷5.64.3৷৷\n\nsa praviṣṭō madhuvanaṅ dadarśa hariyūthapān.\n\nvimadānutthitānsarvān mēhamānānmadhūdakam৷৷5.64.4৷৷\n\n"
    },
    {
        "sloka": "sa tānupāgamadvīrō baddhvā karapuṭāñjalim.\n\nuvāca vacanaṅ ślakṣṇamidaṅ hṛṣṭavadaṅgadam৷৷5.64.5৷৷\n\n"
    },
    {
        "sloka": "saumya rōṣō na kartavyō yadētatparivāritam.\n\najñānādrakṣibhiḥ krōdhādbhavantaḥ pratiṣēdhitāḥ৷৷5.64.6৷৷\n\n"
    },
    {
        "sloka": "yuvarājastvamīśaśca vanasyāsya mahābala.\n\nmaurkhyātpūrvaṅ kṛtō dōṣastaṅ bhavān kṣantumarhati৷৷5.64.7৷৷\n\n"
    },
    {
        "sloka": "ākhyātaṅ hi mayā gatvā pitṛvyasya tavānagha.\n\nihōpayātaṅ sarvēṣāmētēṣāṅ vanacāriṇām৷৷5.64.8৷৷\n\n"
    },
    {
        "sloka": "sa tvadāgamanaṅ śrutvā sahaibhirhariyūthapaiḥ.\n\nprahṛṣṭō na tu ruṣṭō.sau vanaṅ śrutvā pradharṣitam৷৷5.64.9৷৷\n\n"
    },
    {
        "sloka": "prahṛṣṭō māṅ pitṛvyastē sugrīvō vānarēśvaraḥ.\n\nśīghraṅ prēṣaya sarvāṅstāniti hōvāca pārthivaḥ৷৷5.64.10৷৷\n\n"
    },
    {
        "sloka": "śrutvā dadhimukhasyēdaṅ vacanaṅ ślakṣṇamaṅgadaḥ.\n\nabravīttān hariśrēṣṭhō vākyaṅ vākyaviśāradaḥ৷৷5.64.11৷৷\n\n"
    },
    {
        "sloka": "śaṅkē śrutō.yaṅ vṛttāntō rāmēṇa hariyūthapāḥ.\n\ntatkṣamaṅ nēha naḥ sthātuṅ kṛtē kāryē parantapāḥ৷৷5.64.12৷৷\n\n"
    },
    {
        "sloka": "pītvā madhu yathākāmaṅ viśrāntā vanacāriṇaḥ.\n\nkiṅ śēṣaṅ gamanaṅ tatra sugrīvō yatra mē guruḥ৷৷5.64.13৷৷\n\n"
    },
    {
        "sloka": "sarvē yathā māṅ vakṣyanti samētya hariyūthapāḥ.\n\ntathāsmi kartā kartavyē bhavadbhiḥ paravānaham৷৷5.64.14৷৷\n\n"
    },
    {
        "sloka": "nājñāpayitumīśō.haṅ yuvarājō.smi yadyapi.\n\nayuktaṅ kṛtakarmāṇō yūyaṅ dharṣayituṅ mayā৷৷5.64.15৷৷\n\n"
    },
    {
        "sloka": "bruvataścāṅgadasyaivaṅ śrutvā vacanamavyayam.\n\nprahṛṣṭamanasō vākyamidamūcurvanaukasaḥ৷৷5.64.16৷৷\n\n"
    },
    {
        "sloka": "ēvaṅ vakṣyati kō rājan prabhussanvānararṣabha.\n\naiśvaryamadamattō hi sarvō.hamiti manyatē৷৷5.64.17৷৷\n\n"
    },
    {
        "sloka": "tava cēdaṅ susadṛśaṅ vākyaṅ nānyasya kasyacit.\n\nsannatirhi tavākhyāti bhaviṣyacchubhayōgyatām৷৷5.64.18৷৷\n\n"
    },
    {
        "sloka": "sarvē vayamapi prāptāstatra gantuṅ kṛtakṣaṇāḥ.\n\nsa yatra harivīrāṇāṅ sugrīvaḥ patiravyayaḥ৷৷5.64.19৷৷\n\n"
    },
    {
        "sloka": "tvayā hyanuktairharibhirnaiva śakyaṅ padātpadam.\n\nkvacidgantuṅ hariśrēṣṭha brūmaḥ satyamidaṅ tu tē৷৷5.64.20৷৷\n\n"
    },
    {
        "sloka": "ēvaṅ tu vadatāṅ tēṣāmaṅgadaḥ pratyuvāca ha.\n\nbāḍhaṅ gacchāma ityuktvā khamutpēturmahābalāḥ৷৷5.64.21৷৷\n\n"
    },
    {
        "sloka": "utpatantamanūtpētu ssarvē tē hariyūthapāḥ.\n\nkṛtvākāśaṅ nirākāśaṅ yantrōtkṣiptā ivācalāḥ৷৷5.64.22৷৷\n\n"
    },
    {
        "sloka": "tē.mbaraṅ sahasōtpatya vēgavantaḥ plavaṅgamāḥ.\n\nvinadantō mahānādaṅ ghanā vātēritā yathā৷৷5.64.23৷৷\n\n"
    },
    {
        "sloka": "aṅgadē hyananuprāptē sugrīvō vānarādhipaḥ.\n\nuvāca śōkōpahataṅ rāmaṅ kamalalōcanam৷৷5.64.24৷৷\n\n"
    },
    {
        "sloka": "samāśvasihi bhadraṅ tē dṛṣṭā dēvī na saṅśayaḥ.\n\nnāgantumiha śakyaṅ tairatītē samayē hi naḥ৷৷5.64.25৷৷\n\n"
    },
    {
        "sloka": "na matsakāśamāgacchētkṛtyē hi vinipātitē.\n\nyuvarājō mahābāhuḥ plavatāṅ pravarō.ṅgadaḥ৷৷5.64.26৷৷\n\n"
    },
    {
        "sloka": "yadyapyakṛtakṛtyānāmīdṛśa ssyādupakramaḥ.\n\nbhavētsa dīnavadanō bhrāntaviplutamānasaḥ৷৷5.64.27৷৷\n\n"
    },
    {
        "sloka": "pitṛpaitāmahaṅ caitatpūrvakairabhirakṣitam.\n\nna mē madhuvanaṅ hanyādahṛṣṭaḥ plavagēśvaraḥ৷৷5.64.28৷৷\n\nkausalyāsuprajā rāma samāśvasihi suvrata.\n\n"
    },
    {
        "sloka": "dṛṣṭā dēvī na sandēhō na cānyēna hanūmatā৷৷5.64.29৷৷\n\nna hyanyaḥ karmaṇō hētussādhanē.sya hanūmataḥ.\n\n"
    },
    {
        "sloka": "hanūmati hi siddhiśca matiśca matisattamaḥ৷৷5.64.30৷৷\n\nvyavasāyaśca vīryaṅ ca sūryē tēja iva dhruvam.\n\n"
    },
    {
        "sloka": "jāmbavānyatra nētā syādaṅgadaśca balēśvaraḥ.\n\nhanumāṅścāpyadhiṣṭhātā na tasya gatiranyathā৷৷5.64.31৷৷\n\n"
    },
    {
        "sloka": "mā bhūścintāsamāyuktassampratyamitavikramaḥ৷৷5.64.32৷৷\n\ntataḥ kilakilāśabdaṅ śuśrāvāsannamambarē.\n\nhanumatkarmadṛptānāṅ nārdhatāṅ kānanaukasām৷৷5.64.33৷৷\n\nkiṣkindhāmupayātānāṅ siddhiṅ kathayatāmiva.\n\n"
    },
    {
        "sloka": "tataśśrutvā ninādaṅ taṅ kapīnāṅ kapisattamaḥ৷৷5.64.34৷৷\n\nāyatāñcitalāṅgūlassō.bhavaddhṛṣṭamānasaḥ.\n\n"
    },
    {
        "sloka": "ājagmustē.pi harayō rāmadarśanakāṅkṣiṇaḥ৷৷5.64.35৷৷\n\naṅgadaṅ purataḥ kṛtvā hanūmantaṅ ca vānaram.\n\n"
    },
    {
        "sloka": "tē.ṅgadapramukhā vīrāḥ prahṛṣṭhāśca mudānvitāḥ৷৷5.64.36৷৷\n\nnipēturharirājasya samīpē rāghavasya ca.\n\n"
    },
    {
        "sloka": "hanumāṅśca mahābāhuḥ praṇamya śirasā tataḥ৷৷5.64.37৷৷\n\nniyatāmakṣatāṅ dēvīṅ rāghavāya nyavēdayat.\n\n"
    },
    {
        "sloka": "dṛṣṭā dēvīti hanumadvadanādamṛtōpamam৷৷5.64.38৷৷\n\nākarṇya vacanaṅ rāmō harṣamāpa salakṣmaṇaḥ.\n\n"
    },
    {
        "sloka": "niścitārthaṅ tatastasmin sugrīvaṅ pavanātmajē৷৷5.64.39৷৷\n\nlakṣmaṇaḥ prītimān prītaṅ bahumānādavaikṣata.\n\n"
    },
    {
        "sloka": "prītyā ca ramamāṇō.tha rāghavaḥ paravīrahā৷৷5.64.40৷৷\n\nbahumānēna mahatā hanumantamavaikṣata.\n\n"
    },
    {
        "sloka": "[Hanuman and Angada along with others approach Sugriva -- Hanuman tells Rama about the discovery of Sita.]\n\nsugrīvēṇaivamuktastu hṛṣṭō dadhimukhaḥ kapiḥ.\n\nrāghavaṅ lakṣmaṇaṅ caiva sugrīvaṅ cābhyavādayat৷৷5.64.1৷৷\n\n"
    },
    {
        "sloka": "sa praṇamya ca sugrīvaṅ rāghavau ca mahābalau.\n\nvānaraiḥ sahitaḥ śūrairdivamēvōtpapāta ha৷৷5.64.2৷৷\n\n"
    },
    {
        "sloka": "sa yathaivā.gataḥ pūrvaṅ tathaiva tvaritaṅ gataḥ.\n\nnipatya gaganādbhūmautadvanaṅ pravivēśa ha৷৷5.64.3৷৷\n\nsa praviṣṭō madhuvanaṅ dadarśa hariyūthapān.\n\nvimadānutthitānsarvān mēhamānānmadhūdakam৷৷5.64.4৷৷\n\n"
    },
    {
        "sloka": "sa tānupāgamadvīrō baddhvā karapuṭāñjalim.\n\nuvāca vacanaṅ ślakṣṇamidaṅ hṛṣṭavadaṅgadam৷৷5.64.5৷৷\n\n"
    },
    {
        "sloka": "saumya rōṣō na kartavyō yadētatparivāritam.\n\najñānādrakṣibhiḥ krōdhādbhavantaḥ pratiṣēdhitāḥ৷৷5.64.6৷৷\n\n"
    },
    {
        "sloka": "yuvarājastvamīśaśca vanasyāsya mahābala.\n\nmaurkhyātpūrvaṅ kṛtō dōṣastaṅ bhavān kṣantumarhati৷৷5.64.7৷৷\n\n"
    },
    {
        "sloka": "ākhyātaṅ hi mayā gatvā pitṛvyasya tavānagha.\n\nihōpayātaṅ sarvēṣāmētēṣāṅ vanacāriṇām৷৷5.64.8৷৷\n\n"
    },
    {
        "sloka": "sa tvadāgamanaṅ śrutvā sahaibhirhariyūthapaiḥ.\n\nprahṛṣṭō na tu ruṣṭō.sau vanaṅ śrutvā pradharṣitam৷৷5.64.9৷৷\n\n"
    },
    {
        "sloka": "prahṛṣṭō māṅ pitṛvyastē sugrīvō vānarēśvaraḥ.\n\nśīghraṅ prēṣaya sarvāṅstāniti hōvāca pārthivaḥ৷৷5.64.10৷৷\n\n"
    },
    {
        "sloka": "śrutvā dadhimukhasyēdaṅ vacanaṅ ślakṣṇamaṅgadaḥ.\n\nabravīttān hariśrēṣṭhō vākyaṅ vākyaviśāradaḥ৷৷5.64.11৷৷\n\n"
    },
    {
        "sloka": "śaṅkē śrutō.yaṅ vṛttāntō rāmēṇa hariyūthapāḥ.\n\ntatkṣamaṅ nēha naḥ sthātuṅ kṛtē kāryē parantapāḥ৷৷5.64.12৷৷\n\n"
    },
    {
        "sloka": "pītvā madhu yathākāmaṅ viśrāntā vanacāriṇaḥ.\n\nkiṅ śēṣaṅ gamanaṅ tatra sugrīvō yatra mē guruḥ৷৷5.64.13৷৷\n\n"
    },
    {
        "sloka": "sarvē yathā māṅ vakṣyanti samētya hariyūthapāḥ.\n\ntathāsmi kartā kartavyē bhavadbhiḥ paravānaham৷৷5.64.14৷৷\n\n"
    },
    {
        "sloka": "nājñāpayitumīśō.haṅ yuvarājō.smi yadyapi.\n\nayuktaṅ kṛtakarmāṇō yūyaṅ dharṣayituṅ mayā৷৷5.64.15৷৷\n\n"
    },
    {
        "sloka": "bruvataścāṅgadasyaivaṅ śrutvā vacanamavyayam.\n\nprahṛṣṭamanasō vākyamidamūcurvanaukasaḥ৷৷5.64.16৷৷\n\n"
    },
    {
        "sloka": "ēvaṅ vakṣyati kō rājan prabhussanvānararṣabha.\n\naiśvaryamadamattō hi sarvō.hamiti manyatē৷৷5.64.17৷৷\n\n"
    },
    {
        "sloka": "tava cēdaṅ susadṛśaṅ vākyaṅ nānyasya kasyacit.\n\nsannatirhi tavākhyāti bhaviṣyacchubhayōgyatām৷৷5.64.18৷৷\n\n"
    },
    {
        "sloka": "sarvē vayamapi prāptāstatra gantuṅ kṛtakṣaṇāḥ.\n\nsa yatra harivīrāṇāṅ sugrīvaḥ patiravyayaḥ৷৷5.64.19৷৷\n\n"
    },
    {
        "sloka": "tvayā hyanuktairharibhirnaiva śakyaṅ padātpadam.\n\nkvacidgantuṅ hariśrēṣṭha brūmaḥ satyamidaṅ tu tē৷৷5.64.20৷৷\n\n"
    },
    {
        "sloka": "ēvaṅ tu vadatāṅ tēṣāmaṅgadaḥ pratyuvāca ha.\n\nbāḍhaṅ gacchāma ityuktvā khamutpēturmahābalāḥ৷৷5.64.21৷৷\n\n"
    },
    {
        "sloka": "utpatantamanūtpētu ssarvē tē hariyūthapāḥ.\n\nkṛtvākāśaṅ nirākāśaṅ yantrōtkṣiptā ivācalāḥ৷৷5.64.22৷৷\n\n"
    },
    {
        "sloka": "tē.mbaraṅ sahasōtpatya vēgavantaḥ plavaṅgamāḥ.\n\nvinadantō mahānādaṅ ghanā vātēritā yathā৷৷5.64.23৷৷\n\n"
    },
    {
        "sloka": "aṅgadē hyananuprāptē sugrīvō vānarādhipaḥ.\n\nuvāca śōkōpahataṅ rāmaṅ kamalalōcanam৷৷5.64.24৷৷\n\n"
    },
    {
        "sloka": "samāśvasihi bhadraṅ tē dṛṣṭā dēvī na saṅśayaḥ.\n\nnāgantumiha śakyaṅ tairatītē samayē hi naḥ৷৷5.64.25৷৷\n\n"
    },
    {
        "sloka": "na matsakāśamāgacchētkṛtyē hi vinipātitē.\n\nyuvarājō mahābāhuḥ plavatāṅ pravarō.ṅgadaḥ৷৷5.64.26৷৷\n\n"
    },
    {
        "sloka": "yadyapyakṛtakṛtyānāmīdṛśa ssyādupakramaḥ.\n\nbhavētsa dīnavadanō bhrāntaviplutamānasaḥ৷৷5.64.27৷৷\n\n"
    },
    {
        "sloka": "pitṛpaitāmahaṅ caitatpūrvakairabhirakṣitam.\n\nna mē madhuvanaṅ hanyādahṛṣṭaḥ plavagēśvaraḥ৷৷5.64.28৷৷\n\nkausalyāsuprajā rāma samāśvasihi suvrata.\n\n"
    },
    {
        "sloka": "dṛṣṭā dēvī na sandēhō na cānyēna hanūmatā৷৷5.64.29৷৷\n\nna hyanyaḥ karmaṇō hētussādhanē.sya hanūmataḥ.\n\n"
    },
    {
        "sloka": "hanūmati hi siddhiśca matiśca matisattamaḥ৷৷5.64.30৷৷\n\nvyavasāyaśca vīryaṅ ca sūryē tēja iva dhruvam.\n\n"
    },
    {
        "sloka": "jāmbavānyatra nētā syādaṅgadaśca balēśvaraḥ.\n\nhanumāṅścāpyadhiṣṭhātā na tasya gatiranyathā৷৷5.64.31৷৷\n\n"
    },
    {
        "sloka": "mā bhūścintāsamāyuktassampratyamitavikramaḥ৷৷5.64.32৷৷\n\ntataḥ kilakilāśabdaṅ śuśrāvāsannamambarē.\n\nhanumatkarmadṛptānāṅ nārdhatāṅ kānanaukasām৷৷5.64.33৷৷\n\nkiṣkindhāmupayātānāṅ siddhiṅ kathayatāmiva.\n\n"
    },
    {
        "sloka": "tataśśrutvā ninādaṅ taṅ kapīnāṅ kapisattamaḥ৷৷5.64.34৷৷\n\nāyatāñcitalāṅgūlassō.bhavaddhṛṣṭamānasaḥ.\n\n"
    },
    {
        "sloka": "ājagmustē.pi harayō rāmadarśanakāṅkṣiṇaḥ৷৷5.64.35৷৷\n\naṅgadaṅ purataḥ kṛtvā hanūmantaṅ ca vānaram.\n\n"
    },
    {
        "sloka": "tē.ṅgadapramukhā vīrāḥ prahṛṣṭhāśca mudānvitāḥ৷৷5.64.36৷৷\n\nnipēturharirājasya samīpē rāghavasya ca.\n\n"
    },
    {
        "sloka": "hanumāṅśca mahābāhuḥ praṇamya śirasā tataḥ৷৷5.64.37৷৷\n\nniyatāmakṣatāṅ dēvīṅ rāghavāya nyavēdayat.\n\n"
    },
    {
        "sloka": "dṛṣṭā dēvīti hanumadvadanādamṛtōpamam৷৷5.64.38৷৷\n\nākarṇya vacanaṅ rāmō harṣamāpa salakṣmaṇaḥ.\n\n"
    },
    {
        "sloka": "niścitārthaṅ tatastasmin sugrīvaṅ pavanātmajē৷৷5.64.39৷৷\n\nlakṣmaṇaḥ prītimān prītaṅ bahumānādavaikṣata.\n\n"
    },
    {
        "sloka": "prītyā ca ramamāṇō.tha rāghavaḥ paravīrahā৷৷5.64.40৷৷\n\nbahumānēna mahatā hanumantamavaikṣata.\n\n"
    }
]