[
    {
        "sloka": "[Hanuman enters the palace of Ravana -- description of the palace]\n\nsa nikāmaṅ vimānēṣu niṣaṇṇaḥ kāmarūpadhṛt.\n\nvicacāra punarlaṅkāṅ lāghavēna samanvitaḥ৷৷5.6.1৷৷\n\n"
    },
    {
        "sloka": "āsasādātha lakṣmīvānrākṣasēndranivēśanam.\n\nprākārēṇārkavarṇēna bhāsvarēṇābhisamvṛtam৷৷5.6.2৷৷\n\n"
    },
    {
        "sloka": "rakṣitaṅ rākṣasairghōraiḥ siṅhairiva mahadvanam.\n\nsamīkṣamāṇō bhavanaṅ cakāśē kapikuñjaraḥ৷৷5.6.3৷৷\n\n"
    },
    {
        "sloka": "rūpyakōpahitai ścitraistōraṇairhēmabhūṣitaiḥ.\n\nvicitrābhiśca kakṣyābhirdvāraiśca rucirairvṛtam৷৷5.6.4৷৷\n\n"
    },
    {
        "sloka": "gajāsthitairmahāmātraiḥ śūraiśca vigataśramaiḥ.\n\nupasthitamasaṅhāryaiḥ rhayaiḥ syandanayāyibhiḥ৷৷5.6.5৷৷\n\n"
    },
    {
        "sloka": "siṅhavyāghratanutrāṇairdāntakāñcanarājataiḥ.\n\nghōṣavadbhirvicitraiśca sadā vicaritaṅ rathaiḥ৷৷5.6.6৷৷\n\n"
    },
    {
        "sloka": "bahuratnasamākīrṇaṅ parārthyasanabhājanam.\n\nmahārathasamāvāsaṅ mahārathamahāsvanam৷৷5.6.7৷৷\n\n"
    },
    {
        "sloka": "dṛśyaiśca paramōdāraistaistaiśca mṛgapakṣibhiḥ.\n\nvividhai rbahusāhasraiḥ paripūrṇaṅ samantataḥ৷৷5.6.8৷৷\n\n"
    },
    {
        "sloka": "vinītairantapālaiśca rakṣōbhiśca surakṣitam.\n\nmukhyābhiśca varastrībhiḥ paripūrṇaṅ samantataḥ৷৷5.6.9৷৷\n\n"
    },
    {
        "sloka": "muditapramadāratnaṅ rākṣasēndranivēśanam.\n\nvarābharaṇasaṅhrādaiḥ samudrasvanannisvanam৷৷5.6.10৷৷\n\n"
    },
    {
        "sloka": "tadrājaguṇasampannaṅ mukhyaiścāgurucandanaiḥ.\n\nmahājanaiḥ samākīrṇāṅ siṅhairiva mahadvanam৷৷5.6.11৷৷\n\n"
    },
    {
        "sloka": "bhērīmṛdaṅgābhirutaṅ śaṅkhaghōṣanināditam.\n\nnityārcitaṅ parvahutaṅ pūjitaṅ rākṣasaiḥ sadā৷৷5.6.12৷৷\n\n"
    },
    {
        "sloka": "samudramiva gambhīraṅ samudramiva nissvanam.\n\nmahātmanō mahādvēśma mahāratnaparicchadam৷৷5.6.13৷৷\n\nmahāratnasamākīrṇaṅ dadarśa sa mahākapiḥ.\n\n"
    },
    {
        "sloka": "virājamānaṅ vapuṣā gajāśvarathasaṅkulam৷৷5.6.14৷৷\n\nlaṅkābharaṇamityēva sō.manyata mahākapiḥ.\n\ncacāra hanumāṅstatra rāvaṇasya samīpataḥ৷৷5.6.15৷৷\n\n"
    },
    {
        "sloka": "gṛhādgṛhaṅ rākṣasānāmudyānāni ca vānaraḥ.\n\nvīkṣamāṇō.hyasaṅtrastaḥ prāsādāṅśca cacāra saḥ৷৷5.6.16৷৷\n\n"
    },
    {
        "sloka": "avaplutya mahāvēgaḥ prahastasya nivēśanam.\n\ntatō.nyatpupluvē vēśma mahāpārśvasya vīryavān৷৷5.6.17৷৷\n\n"
    },
    {
        "sloka": "atha mēghapratīkāśaṅ kumbhakarṇanivēśanam.\n\nvibhīṣaṇasya ca tadā pupluvē sa mahākapiḥ৷৷5.6.18৷৷\n\n"
    },
    {
        "sloka": "mahōdarasya ca gṛhaṅ virūpākṣasya caiva hi.\n\nvidyujjihvasya bhavanaṅ vidyunmālēstathaiva ca৷৷5.6.19৷৷\n\nvajradaṅṣṭrasya ca tathā pupluvē sa mahākapiḥ.\n\n"
    },
    {
        "sloka": "śukasya ca mahātējāḥ sāraṇasya ca dhīmataḥ৷৷5.6.20৷৷\n\ntathā cēndrajitō vēśma jagāma hariyūthapaḥ.\n\n"
    },
    {
        "sloka": "jambumālēḥ sumālēśca jagāma harisattamaḥ৷৷5.6.21৷৷\n\nraśmikētōśca bhavanaṅ sūryakētōstathaiva ca.\n\nvajrakāyasya ca tathā pupluvē sa mahākapiḥ৷৷5.6.22৷৷\n\n"
    },
    {
        "sloka": "dhūmrākṣasya ca sampātērbhavanaṅ mārutātmajaḥ.\n\nvidyudrūpasya bhīmasya ghanasya vighanasya ca৷৷5.6.23৷৷\n\nśukanāsasya vakrasya śaṭhasya vikaṭasya ca.\n\nbrahmakarṇasya daṅṣṭrasya rōmaśasya ca rakṣasaḥ৷৷5.6.24৷৷\n\nyuddhōnmattasya mattasya dhvajagrīvasya nādinaḥ.\n\nvidyujjihvēndrajihvānāṅ tathā hastimukhasya ca৷৷5.6.25৷৷\n\nkarāḷasya piśācasya śōṇitākṣasya caiva hi.\n\n"
    },
    {
        "sloka": "bhavanam kramamāṇaḥ ṇō.sau hanumānmārutātmajaḥ৷৷5.6.26৷৷\n\ntēṣu tēṣu mahārhēṣu bhavanēṣu mahāyaśāḥ.\n\ntēṣāmṛddhimatāmṛddhiṅ dadarśa sa mahākapiḥ৷৷5.6.27৷৷\n\n"
    },
    {
        "sloka": "sarvēṣāṅ samatikramya bhavanāni samantataḥ.\n\nāsasādātha lakṣmīvān rākṣasēdranivēśanam৷৷5.6.28৷৷\n\n"
    },
    {
        "sloka": "rāvaṇasyōpaśāyinyō dadarśa harisattamaḥ.\n\nvicaranhariśārdūlō rākṣasīrvikṛtēkṣaṇāḥ৷৷5.6.29৷৷\n\nśūlamudgarahastāśca śaktitōmaradhāriṇī:.\n\n"
    },
    {
        "sloka": "dadarśa vividhān gulmān tasya rakṣaḥpatērgṛhē৷৷5.6.30৷৷\n\nrākṣasāṅśca mahākāyānnānāpraharaṇōdyatān.\n\n"
    },
    {
        "sloka": "raktān śvētān sitāṅścaiva harīṅścāpi mahājavān৷৷5.6.31৷৷\n\nkulīnān rūpasampannān gajānparagajārujān.\n\nniṣṭhitān gajaśikṣayāmairāvatasamānyudhi৷৷5.6.32৷৷\n\nnihantrūn parasainyānāṅ gṛhē tasmin dadarśa saḥ.\n\nkṣarataśca yathā mēghān sravataśca yathā girīn৷৷5.6.33৷৷\n\nmēghasantatinirghōṣān durdharṣān samarē paraiḥ.\n\n"
    },
    {
        "sloka": "sahasraṅ vāhinīstatra jāmbūnadapariṣkṛtāḥ৷৷5.6.34৷৷\n\nhēmajālaparicchannāstaruṇādityasannibhāḥ.\n\ndadarśa rākṣasēndrasya rāvaṇasya nivēśanē৷৷5.6.35৷৷\n\n"
    },
    {
        "sloka": "śibikā vividhākārāḥ sa kapirmārutātmajaḥ.\n\nlatāgṛhāṇi citrāṇi citraśālāgṛhāṇi ca৷৷5.6.36৷৷\n\nkrīḍāgṛhāṇi cānyāni dāruparvatakānapi.\n\nkāmasya gṛhakaṅ ramyaṅ divāgṛhakamēva ca৷৷5.6.37৷৷\n\ndadarśa rākṣasēndrasya rāvaṇasya nivēśanē.\n\n"
    },
    {
        "sloka": "sa mandaragiriprakhyaṅ mayūrasthānasaṅkulam৷৷5.6.38৷৷\n\ndhvajayaṣṭibhirākīrṇaṅ dadarśa bhavanōttamam.\n\nanēkaratnasaṅkīrṇaṅ nidhijālaṅ samantataḥ৷৷5.6.39৷৷\n\ndhīraniṣṭhitakarmāntaṅ gṛhaṅ bhūtapatēriva.\n\n"
    },
    {
        "sloka": "arcirbhiścāpi ratnānāṅ tējasā rāvaṇasya ca৷৷5.6.40৷৷\n\nvirarājātha tadvēśma raśmimāniva raśmibhiḥ.\n\n"
    },
    {
        "sloka": "jāmbūnadamayānyēna śayanānyāsanāni ca৷৷5.6.41৷৷\n\nbhājanāni ca mukhyāni dadarśa hariyūthapaḥ.\n\n"
    },
    {
        "sloka": "madhvāsavakṛtaklēdaṅ maṇibhājanasaṅkulam৷৷5.6.42৷৷\n\nmanōramamasaṅbādhaṅ kubērabhavanaṅ yathā.\n\nnūpurāṇāṅ ca ghōṣēṇa kāñcīnāṅ ninadēna ca৷৷5.6.43৷৷\n\nmṛdaṅtalaghōṣaiśca ghōṣavadbhirvināditam.\n\nprāsādasaṅghātayutaṅ strīratnaśatasaṅkulam৷৷5.6.44.\n\nsuvyūḍhakakṣyaṅ hanumān pravivēśa mahāgṛhām.\n\n"
    },
    {
        "sloka": "[Hanuman enters the palace of Ravana -- description of the palace]\n\nsa nikāmaṅ vimānēṣu niṣaṇṇaḥ kāmarūpadhṛt.\n\nvicacāra punarlaṅkāṅ lāghavēna samanvitaḥ৷৷5.6.1৷৷\n\n"
    },
    {
        "sloka": "āsasādātha lakṣmīvānrākṣasēndranivēśanam.\n\nprākārēṇārkavarṇēna bhāsvarēṇābhisamvṛtam৷৷5.6.2৷৷\n\n"
    },
    {
        "sloka": "rakṣitaṅ rākṣasairghōraiḥ siṅhairiva mahadvanam.\n\nsamīkṣamāṇō bhavanaṅ cakāśē kapikuñjaraḥ৷৷5.6.3৷৷\n\n"
    },
    {
        "sloka": "rūpyakōpahitai ścitraistōraṇairhēmabhūṣitaiḥ.\n\nvicitrābhiśca kakṣyābhirdvāraiśca rucirairvṛtam৷৷5.6.4৷৷\n\n"
    },
    {
        "sloka": "gajāsthitairmahāmātraiḥ śūraiśca vigataśramaiḥ.\n\nupasthitamasaṅhāryaiḥ rhayaiḥ syandanayāyibhiḥ৷৷5.6.5৷৷\n\n"
    },
    {
        "sloka": "siṅhavyāghratanutrāṇairdāntakāñcanarājataiḥ.\n\nghōṣavadbhirvicitraiśca sadā vicaritaṅ rathaiḥ৷৷5.6.6৷৷\n\n"
    },
    {
        "sloka": "bahuratnasamākīrṇaṅ parārthyasanabhājanam.\n\nmahārathasamāvāsaṅ mahārathamahāsvanam৷৷5.6.7৷৷\n\n"
    },
    {
        "sloka": "dṛśyaiśca paramōdāraistaistaiśca mṛgapakṣibhiḥ.\n\nvividhai rbahusāhasraiḥ paripūrṇaṅ samantataḥ৷৷5.6.8৷৷\n\n"
    },
    {
        "sloka": "vinītairantapālaiśca rakṣōbhiśca surakṣitam.\n\nmukhyābhiśca varastrībhiḥ paripūrṇaṅ samantataḥ৷৷5.6.9৷৷\n\n"
    },
    {
        "sloka": "muditapramadāratnaṅ rākṣasēndranivēśanam.\n\nvarābharaṇasaṅhrādaiḥ samudrasvanannisvanam৷৷5.6.10৷৷\n\n"
    },
    {
        "sloka": "tadrājaguṇasampannaṅ mukhyaiścāgurucandanaiḥ.\n\nmahājanaiḥ samākīrṇāṅ siṅhairiva mahadvanam৷৷5.6.11৷৷\n\n"
    },
    {
        "sloka": "bhērīmṛdaṅgābhirutaṅ śaṅkhaghōṣanināditam.\n\nnityārcitaṅ parvahutaṅ pūjitaṅ rākṣasaiḥ sadā৷৷5.6.12৷৷\n\n"
    },
    {
        "sloka": "samudramiva gambhīraṅ samudramiva nissvanam.\n\nmahātmanō mahādvēśma mahāratnaparicchadam৷৷5.6.13৷৷\n\nmahāratnasamākīrṇaṅ dadarśa sa mahākapiḥ.\n\n"
    },
    {
        "sloka": "virājamānaṅ vapuṣā gajāśvarathasaṅkulam৷৷5.6.14৷৷\n\nlaṅkābharaṇamityēva sō.manyata mahākapiḥ.\n\ncacāra hanumāṅstatra rāvaṇasya samīpataḥ৷৷5.6.15৷৷\n\n"
    },
    {
        "sloka": "gṛhādgṛhaṅ rākṣasānāmudyānāni ca vānaraḥ.\n\nvīkṣamāṇō.hyasaṅtrastaḥ prāsādāṅśca cacāra saḥ৷৷5.6.16৷৷\n\n"
    },
    {
        "sloka": "avaplutya mahāvēgaḥ prahastasya nivēśanam.\n\ntatō.nyatpupluvē vēśma mahāpārśvasya vīryavān৷৷5.6.17৷৷\n\n"
    },
    {
        "sloka": "atha mēghapratīkāśaṅ kumbhakarṇanivēśanam.\n\nvibhīṣaṇasya ca tadā pupluvē sa mahākapiḥ৷৷5.6.18৷৷\n\n"
    },
    {
        "sloka": "mahōdarasya ca gṛhaṅ virūpākṣasya caiva hi.\n\nvidyujjihvasya bhavanaṅ vidyunmālēstathaiva ca৷৷5.6.19৷৷\n\nvajradaṅṣṭrasya ca tathā pupluvē sa mahākapiḥ.\n\n"
    },
    {
        "sloka": "śukasya ca mahātējāḥ sāraṇasya ca dhīmataḥ৷৷5.6.20৷৷\n\ntathā cēndrajitō vēśma jagāma hariyūthapaḥ.\n\n"
    },
    {
        "sloka": "jambumālēḥ sumālēśca jagāma harisattamaḥ৷৷5.6.21৷৷\n\nraśmikētōśca bhavanaṅ sūryakētōstathaiva ca.\n\nvajrakāyasya ca tathā pupluvē sa mahākapiḥ৷৷5.6.22৷৷\n\n"
    },
    {
        "sloka": "dhūmrākṣasya ca sampātērbhavanaṅ mārutātmajaḥ.\n\nvidyudrūpasya bhīmasya ghanasya vighanasya ca৷৷5.6.23৷৷\n\nśukanāsasya vakrasya śaṭhasya vikaṭasya ca.\n\nbrahmakarṇasya daṅṣṭrasya rōmaśasya ca rakṣasaḥ৷৷5.6.24৷৷\n\nyuddhōnmattasya mattasya dhvajagrīvasya nādinaḥ.\n\nvidyujjihvēndrajihvānāṅ tathā hastimukhasya ca৷৷5.6.25৷৷\n\nkarāḷasya piśācasya śōṇitākṣasya caiva hi.\n\n"
    },
    {
        "sloka": "bhavanam kramamāṇaḥ ṇō.sau hanumānmārutātmajaḥ৷৷5.6.26৷৷\n\ntēṣu tēṣu mahārhēṣu bhavanēṣu mahāyaśāḥ.\n\ntēṣāmṛddhimatāmṛddhiṅ dadarśa sa mahākapiḥ৷৷5.6.27৷৷\n\n"
    },
    {
        "sloka": "sarvēṣāṅ samatikramya bhavanāni samantataḥ.\n\nāsasādātha lakṣmīvān rākṣasēdranivēśanam৷৷5.6.28৷৷\n\n"
    },
    {
        "sloka": "rāvaṇasyōpaśāyinyō dadarśa harisattamaḥ.\n\nvicaranhariśārdūlō rākṣasīrvikṛtēkṣaṇāḥ৷৷5.6.29৷৷\n\nśūlamudgarahastāśca śaktitōmaradhāriṇī:.\n\n"
    },
    {
        "sloka": "dadarśa vividhān gulmān tasya rakṣaḥpatērgṛhē৷৷5.6.30৷৷\n\nrākṣasāṅśca mahākāyānnānāpraharaṇōdyatān.\n\n"
    },
    {
        "sloka": "raktān śvētān sitāṅścaiva harīṅścāpi mahājavān৷৷5.6.31৷৷\n\nkulīnān rūpasampannān gajānparagajārujān.\n\nniṣṭhitān gajaśikṣayāmairāvatasamānyudhi৷৷5.6.32৷৷\n\nnihantrūn parasainyānāṅ gṛhē tasmin dadarśa saḥ.\n\nkṣarataśca yathā mēghān sravataśca yathā girīn৷৷5.6.33৷৷\n\nmēghasantatinirghōṣān durdharṣān samarē paraiḥ.\n\n"
    },
    {
        "sloka": "sahasraṅ vāhinīstatra jāmbūnadapariṣkṛtāḥ৷৷5.6.34৷৷\n\nhēmajālaparicchannāstaruṇādityasannibhāḥ.\n\ndadarśa rākṣasēndrasya rāvaṇasya nivēśanē৷৷5.6.35৷৷\n\n"
    },
    {
        "sloka": "śibikā vividhākārāḥ sa kapirmārutātmajaḥ.\n\nlatāgṛhāṇi citrāṇi citraśālāgṛhāṇi ca৷৷5.6.36৷৷\n\nkrīḍāgṛhāṇi cānyāni dāruparvatakānapi.\n\nkāmasya gṛhakaṅ ramyaṅ divāgṛhakamēva ca৷৷5.6.37৷৷\n\ndadarśa rākṣasēndrasya rāvaṇasya nivēśanē.\n\n"
    },
    {
        "sloka": "sa mandaragiriprakhyaṅ mayūrasthānasaṅkulam৷৷5.6.38৷৷\n\ndhvajayaṣṭibhirākīrṇaṅ dadarśa bhavanōttamam.\n\nanēkaratnasaṅkīrṇaṅ nidhijālaṅ samantataḥ৷৷5.6.39৷৷\n\ndhīraniṣṭhitakarmāntaṅ gṛhaṅ bhūtapatēriva.\n\n"
    },
    {
        "sloka": "arcirbhiścāpi ratnānāṅ tējasā rāvaṇasya ca৷৷5.6.40৷৷\n\nvirarājātha tadvēśma raśmimāniva raśmibhiḥ.\n\n"
    },
    {
        "sloka": "jāmbūnadamayānyēna śayanānyāsanāni ca৷৷5.6.41৷৷\n\nbhājanāni ca mukhyāni dadarśa hariyūthapaḥ.\n\n"
    },
    {
        "sloka": "madhvāsavakṛtaklēdaṅ maṇibhājanasaṅkulam৷৷5.6.42৷৷\n\nmanōramamasaṅbādhaṅ kubērabhavanaṅ yathā.\n\nnūpurāṇāṅ ca ghōṣēṇa kāñcīnāṅ ninadēna ca৷৷5.6.43৷৷\n\nmṛdaṅtalaghōṣaiśca ghōṣavadbhirvināditam.\n\nprāsādasaṅghātayutaṅ strīratnaśatasaṅkulam৷৷5.6.44.\n\nsuvyūḍhakakṣyaṅ hanumān pravivēśa mahāgṛhām.\n\n"
    }
]