[
    {
        "sloka": "[Hanuman makes a thorough search of Ravana's palace for Sita.]\n\nsa tasya madhyē bhavanasya māruti- \n\nrlatāgṛhāṅścitragṛhānniśāgṛhān.\n\njagāma sītāṅ prati darśanōtsukō\n\nna caiva tāṅ paśyati cārudarśanām৷৷5.12.1৷৷\n\n"
    },
    {
        "sloka": "sa cintayāmāsa tatō mahākapiḥ \n\npriyāmapaśyanraghunandanasya tām.\n\ndhruvaṅ hi sītā mriyatē yathā na mē\n\nvicinvatō darśanamēti maithilī৷৷5.12.2৷৷\n\n"
    },
    {
        "sloka": "sā rākṣasānāṅ pravarēṇa jānakī \n\nsvaśīlasaṅrakṣṇatatparā satī.\n\nanēna nūnaṅ prati duṣṭakarmaṇā \n\nhatā bhavēdāryapathē parē sthitā৷৷5.12.3৷৷\n\n"
    },
    {
        "sloka": "virūparūpā vikṛtā vivarcasō \n\nmahānanā dīrghavirūpadarśanāḥ.\n\nsamīkṣya sā rākṣasarājayōṣitō \n\nbhayādvinaṣṭā janakēśvarātmajā৷৷5.12.4৷৷\n\n"
    },
    {
        "sloka": "sītāmadṛṣṭvā hyanavāpya pauruṣaṅ\n\nvihṛtya kālaṅ saha vānaraiściram.\n\nna mē.sti sugrīvasamīpagā gatiḥ\n\nsutīkṣṇadaṇḍō balavāṅśca vānaraḥ৷৷5.12.5৷৷\n\n"
    },
    {
        "sloka": "dṛṣṭamantaḥpuraṅ sarvaṅ dṛṣṭā rāvaṇayōṣitaḥ.\n\nna sītā dṛśyatē sādhvīvṛthā jātō mama śramaḥ৷৷5.12.6৷৷\n\n"
    },
    {
        "sloka": "kiṅ nu māṅ vānarāḥ sarvē gataṅ vakṣyanti saṅgatāḥ.\n\ngatvā tatra tvayā vīra kiṅ kṛtaṅ tadvadasva naḥ৷৷5.12.7৷৷\n\n"
    },
    {
        "sloka": "adṛṣṭvā kiṅ pravakṣyāmi tāmahaṅ janakātmajām.\n\ndhruvaṅ prāyamupaiṣyanti kālasya vyativartanē৷৷5.12.8৷৷\n\n"
    },
    {
        "sloka": "kiṅ vā vakṣyati vṛddhaśca jāmbavānāṅgadaśca saḥ.\n\ngataṅ pāraṅ samudrasya vānarāśca samāgatāḥ৷৷5.12.9৷৷\n\n"
    },
    {
        "sloka": "anirvēdaḥ śriyō mūlamanirvēdaḥ paraṅ sukham.\n\nanirvēdō hi satataṅ sarvārthēṣu pravartakaḥ৷৷5.12.10৷৷\n\n"
    },
    {
        "sloka": "karōti saphalaṅ jantōḥ karma yattatkarōti saḥ.\n\ntasmādanirvēdakṛtaṅ yatnaṅ cēṣṭē.hamuttamam৷৷5.12.11৷৷\n\nbhūyastāvadvicēṣyāmi dēśānrāvaṇapālitān.\n\n"
    },
    {
        "sloka": "āpānaśālā vicitāstathā puṣpagṛhāṇi ca৷৷5.12.12৷৷\n\ncitraśālāśca vicitā bhūyaḥ krīḍāgṛhāṇi ca.\n\nniṣkuṭāntararathyāśca vimānāni ca sarvaśaḥ৷৷5.12.13৷৷\n\n"
    },
    {
        "sloka": "iti sañcintya bhūyō.pi vicētumupacakramē.\n\nbhūmīgṛhāṅścaityagṛhān gṛhātigṛhakānapi৷৷5.12.14৷৷\n\n"
    },
    {
        "sloka": "utpatanniṣpataṅścāpi tiṣṭhangacchan punaḥ punaḥ.\n\napāvṛṇvaṅśca dvārāṇi kavāṭānyavaghāṭayan৷৷5.12.15৷৷\n\npraviśanniṣpataṅścāpi prapatannutpatannapi.\n\nsarvamapyavakāśaṅ sa vicacāra mahākapiḥ৷৷5.12.16৷৷\n\n"
    },
    {
        "sloka": "caturaṅgulamātrō.pi nāvakāśaḥ sa vidyatē.\n\nrāvaṇāntaḥpurē tasmin yaṅ kapirna jagāma saḥ৷৷5.12.17৷৷\n\n"
    },
    {
        "sloka": "prākārāntararathyāśca vēdikāścaityasaṅśrayāḥ.\n\ndīrghikāḥ puṣkariṇyaśca sarvaṅ tēnāvalōkitam৷৷5.12.18৷৷\n\n"
    },
    {
        "sloka": "rākṣasyō vividhākārā virūpā vikṛtāstathā.\n\ndṛṣṭā hanumatā tatra na tu sā janakātmajā৷৷5.12.19৷৷\n\n"
    },
    {
        "sloka": "rūpēṇāpratimā lōkē varā vidyādharastriyaḥ.\n\ndṛṣṭā hanumatā tatra na tu rāghavanandinī৷৷5.12.20৷৷\n\n"
    },
    {
        "sloka": "nāgakanyā varārōhāḥ pūrṇacanrdanibhānanāḥ.\n\ndṛṣṭā hanumatā tatra na tu sītā sumadhyamā৷৷5.12.21৷৷\n\n"
    },
    {
        "sloka": "pramathya rākṣasēndrēṇa nāgakanyā balāddhṛtāḥ.\n\ndṛṣṭā hanumatā tatra na sā janakanandinī৷৷5.12.22৷৷\n\n"
    },
    {
        "sloka": "sō.paśyaṅstāṅ mahābāhuḥ paśyaṅścānyā varastriyaḥ.\n\nviṣasāda muhurdhīmān hanumān mārutātmajaḥ৷৷5.12.23৷৷\n\n"
    },
    {
        "sloka": "udyōgaṅ vānarēndrāṇāṅ plavanaṅ sāgarasya ca.\n\nvyarthaṅ vīkṣyānilasutaścintāṅ punarupāgamat৷৷5.12.24৷৷\n\n"
    },
    {
        "sloka": "avatīrya vimānācca hanumān mārutātmajaḥ.\n\ncintāmupajagāmātha śōkōpahatacētanaḥ৷৷5.12.25৷৷\n\n"
    },
    {
        "sloka": "[Hanuman makes a thorough search of Ravana's palace for Sita.]\n\nsa tasya madhyē bhavanasya māruti- \n\nrlatāgṛhāṅścitragṛhānniśāgṛhān.\n\njagāma sītāṅ prati darśanōtsukō\n\nna caiva tāṅ paśyati cārudarśanām৷৷5.12.1৷৷\n\n"
    },
    {
        "sloka": "sa cintayāmāsa tatō mahākapiḥ \n\npriyāmapaśyanraghunandanasya tām.\n\ndhruvaṅ hi sītā mriyatē yathā na mē\n\nvicinvatō darśanamēti maithilī৷৷5.12.2৷৷\n\n"
    },
    {
        "sloka": "sā rākṣasānāṅ pravarēṇa jānakī \n\nsvaśīlasaṅrakṣṇatatparā satī.\n\nanēna nūnaṅ prati duṣṭakarmaṇā \n\nhatā bhavēdāryapathē parē sthitā৷৷5.12.3৷৷\n\n"
    },
    {
        "sloka": "virūparūpā vikṛtā vivarcasō \n\nmahānanā dīrghavirūpadarśanāḥ.\n\nsamīkṣya sā rākṣasarājayōṣitō \n\nbhayādvinaṣṭā janakēśvarātmajā৷৷5.12.4৷৷\n\n"
    },
    {
        "sloka": "sītāmadṛṣṭvā hyanavāpya pauruṣaṅ\n\nvihṛtya kālaṅ saha vānaraiściram.\n\nna mē.sti sugrīvasamīpagā gatiḥ\n\nsutīkṣṇadaṇḍō balavāṅśca vānaraḥ৷৷5.12.5৷৷\n\n"
    },
    {
        "sloka": "dṛṣṭamantaḥpuraṅ sarvaṅ dṛṣṭā rāvaṇayōṣitaḥ.\n\nna sītā dṛśyatē sādhvīvṛthā jātō mama śramaḥ৷৷5.12.6৷৷\n\n"
    },
    {
        "sloka": "kiṅ nu māṅ vānarāḥ sarvē gataṅ vakṣyanti saṅgatāḥ.\n\ngatvā tatra tvayā vīra kiṅ kṛtaṅ tadvadasva naḥ৷৷5.12.7৷৷\n\n"
    },
    {
        "sloka": "adṛṣṭvā kiṅ pravakṣyāmi tāmahaṅ janakātmajām.\n\ndhruvaṅ prāyamupaiṣyanti kālasya vyativartanē৷৷5.12.8৷৷\n\n"
    },
    {
        "sloka": "kiṅ vā vakṣyati vṛddhaśca jāmbavānāṅgadaśca saḥ.\n\ngataṅ pāraṅ samudrasya vānarāśca samāgatāḥ৷৷5.12.9৷৷\n\n"
    },
    {
        "sloka": "anirvēdaḥ śriyō mūlamanirvēdaḥ paraṅ sukham.\n\nanirvēdō hi satataṅ sarvārthēṣu pravartakaḥ৷৷5.12.10৷৷\n\n"
    },
    {
        "sloka": "karōti saphalaṅ jantōḥ karma yattatkarōti saḥ.\n\ntasmādanirvēdakṛtaṅ yatnaṅ cēṣṭē.hamuttamam৷৷5.12.11৷৷\n\nbhūyastāvadvicēṣyāmi dēśānrāvaṇapālitān.\n\n"
    },
    {
        "sloka": "āpānaśālā vicitāstathā puṣpagṛhāṇi ca৷৷5.12.12৷৷\n\ncitraśālāśca vicitā bhūyaḥ krīḍāgṛhāṇi ca.\n\nniṣkuṭāntararathyāśca vimānāni ca sarvaśaḥ৷৷5.12.13৷৷\n\n"
    },
    {
        "sloka": "iti sañcintya bhūyō.pi vicētumupacakramē.\n\nbhūmīgṛhāṅścaityagṛhān gṛhātigṛhakānapi৷৷5.12.14৷৷\n\n"
    },
    {
        "sloka": "utpatanniṣpataṅścāpi tiṣṭhangacchan punaḥ punaḥ.\n\napāvṛṇvaṅśca dvārāṇi kavāṭānyavaghāṭayan৷৷5.12.15৷৷\n\npraviśanniṣpataṅścāpi prapatannutpatannapi.\n\nsarvamapyavakāśaṅ sa vicacāra mahākapiḥ৷৷5.12.16৷৷\n\n"
    },
    {
        "sloka": "caturaṅgulamātrō.pi nāvakāśaḥ sa vidyatē.\n\nrāvaṇāntaḥpurē tasmin yaṅ kapirna jagāma saḥ৷৷5.12.17৷৷\n\n"
    },
    {
        "sloka": "prākārāntararathyāśca vēdikāścaityasaṅśrayāḥ.\n\ndīrghikāḥ puṣkariṇyaśca sarvaṅ tēnāvalōkitam৷৷5.12.18৷৷\n\n"
    },
    {
        "sloka": "rākṣasyō vividhākārā virūpā vikṛtāstathā.\n\ndṛṣṭā hanumatā tatra na tu sā janakātmajā৷৷5.12.19৷৷\n\n"
    },
    {
        "sloka": "rūpēṇāpratimā lōkē varā vidyādharastriyaḥ.\n\ndṛṣṭā hanumatā tatra na tu rāghavanandinī৷৷5.12.20৷৷\n\n"
    },
    {
        "sloka": "nāgakanyā varārōhāḥ pūrṇacanrdanibhānanāḥ.\n\ndṛṣṭā hanumatā tatra na tu sītā sumadhyamā৷৷5.12.21৷৷\n\n"
    },
    {
        "sloka": "pramathya rākṣasēndrēṇa nāgakanyā balāddhṛtāḥ.\n\ndṛṣṭā hanumatā tatra na sā janakanandinī৷৷5.12.22৷৷\n\n"
    },
    {
        "sloka": "sō.paśyaṅstāṅ mahābāhuḥ paśyaṅścānyā varastriyaḥ.\n\nviṣasāda muhurdhīmān hanumān mārutātmajaḥ৷৷5.12.23৷৷\n\n"
    },
    {
        "sloka": "udyōgaṅ vānarēndrāṇāṅ plavanaṅ sāgarasya ca.\n\nvyarthaṅ vīkṣyānilasutaścintāṅ punarupāgamat৷৷5.12.24৷৷\n\n"
    },
    {
        "sloka": "avatīrya vimānācca hanumān mārutātmajaḥ.\n\ncintāmupajagāmātha śōkōpahatacētanaḥ৷৷5.12.25৷৷\n\n"
    }
]