[
    {
        "sloka": "[Description of the harem of Ravana.] \n\ntasyālayavariṣṭhasya madhyē vipulamāyataṅ.\n\ndadarśa bhavanaśrēṣṭhaṅ hanumānmārutātmajaḥ৷৷5.9.1৷৷\n\n"
    },
    {
        "sloka": "ardhayōjanavistīrṇamāyataṅ yōjanaṅ hi tat.\n\nbhavanaṅ rākṣasēndrasya bahuprāsādasaṅkulam৷৷5.9.2৷৷\n\n"
    },
    {
        "sloka": "mārgamāṇastu vaidēhīṅ sītāmāyatalōcanām.\n\nsarvataḥ paricakrāma hanūmānarisūdanaḥ৷৷5.9.3৷৷\n\n"
    },
    {
        "sloka": "uttamaṅ rākṣasāvāsaṅ hanumānavalōkayan.\n\nāsasādātha lakṣmīvān rākṣasēndranivēśanam৷৷5.9.4৷৷\n\ncaturviṣāṇairdviradaistriviṣāṇaistathaiva ca.\n\nparikṣiptamasambādhaṅ rakṣyamāṇamudāyudhaiḥ৷৷5.9.5৷৷\n\n"
    },
    {
        "sloka": "rākṣasībhiśca patnībhī rāvaṇasya nivēśanam.\n\nāhṛtābhiśca vikramya rājakanyābhirāvṛtam৷৷5.9.6৷৷\n\ntannakramakarākīrṇaṅ timiṅgilajhaṣākulam.\n\nvāyuvēgasamādhūtaṅ pannagairiva sāgaram৷৷5.9.7৷৷\n\n"
    },
    {
        "sloka": "yā hi vaiśravaṇē lakṣmīryā cēndrē harivāhanē.\n\nsā rāvaṇagṛhē sarvā nityamēvānapāyinī৷৷5.9.8৷৷\n\n"
    },
    {
        "sloka": "yā ca rājñaḥ kubērasya yamasya varuṇasya ca.\n\ntādṛśī tadviśiṣṭā vā ṛddhī rakṣōgṛhēṣviha৷৷5.9.9৷৷\n\n"
    },
    {
        "sloka": "tasya harmyasya madhyasthaṅ vēśma cānyatsunirmitaṅ.\n\nbahuniryūhasaṅkīrṇaṅ dadarśa pavanātmajaḥ৷৷5.9.10৷৷\n\n"
    },
    {
        "sloka": "brahmaṇō.rthē kṛtaṅ divyaṅ divi yadviśvakarmaṇā.\n\nvimānaṅ puṣpakaṅ nāma sarvaratnavibhūṣitam৷৷5.9.11৷৷\n\nparēṇa tapasā lēbhē yatkubēraḥ pitāmahāt.\n\nkubēramōjasā jitvā lēbhē tadrākṣasēśvaraḥ৷৷5.9.12৷৷\n\n"
    },
    {
        "sloka": "īhāmṛgasamāyukttai: kārtasvarahiramaṇmayaiḥ.\n\nsukṛtairācitaṅ stambhaiḥ pradīptamiva ca śriyā৷৷5.9.13৷৷\n\nmērumandarasaṅkāśairullikhadbhirivāmbaraṅ.\n\nkūṭāgāraiśśubhākāraissarvatassamalaṅkṛtam৷৷5.9.14৷৷\n\n"
    },
    {
        "sloka": "jvalanārkapratīkāśaṅ sukṛtaṅ viśvakarmaṇā.\n\nhēmasōpānasaṅyuktaṅ cārupravaravēdikam৷৷5.9.15৷৷\n\n"
    },
    {
        "sloka": "jālavātāyanairyuktaṅ kāñcanaiḥ ssphāṭikairapi.\n\nindranīlamahānīlamaṇipravaravēdikam৷৷5.9.16৷৷\n\n"
    },
    {
        "sloka": "vidrumēṇa vicitrēṇa maṇibhiśca mahāghanaiḥ.\n\nnistulābhiśca muktābhistalēnābhivirājitam৷৷5.9.17৷৷\n\n"
    },
    {
        "sloka": "candanēna ca raktēna tapanīyanibhēna ca.\n\nsupuṇyagandhinā yuktamādityataruṇōpamam৷৷5.9.18৷৷\n\n"
    },
    {
        "sloka": "kūṭāgārairvarākārairvividhaissamalaṅkṛtam.\n\nvimānaṅ puṣpakaṅ divyamārurōha mahākapiḥ৷৷5.9.19৷৷\n\n"
    },
    {
        "sloka": "tatrasthassa tadā gandhaṅ pānabhakṣyānnasambhavam.\n\ndivyaṅ sammūrchitaṅ jighradrūpavantamivānilam৷৷5.9.20৷৷\n\n"
    },
    {
        "sloka": "sa gandhastaṅ mahāsattvaṅ bandhurbandhumivōttamam.   \n\nita ēhītyuvācēna tatra yatra sa rāvaṇaḥ৷৷5.9.21৷৷\n\n"
    },
    {
        "sloka": "tatastāṅ prasthitaśśālāṅ dadarśa mahatīṅ śubhām.\n\nrāvaṇasya manaḥ kāntāṅ kāntāmiva varastriyam৷৷5.9.22৷৷\n\n"
    },
    {
        "sloka": "maṇisōpānavikṛtāṅ hēmajālavibhūṣitām.\n\nsphāṭikairāvṛtatalāṅ dantāntaritarūpikām৷৷5.9.23৷৷\n\n"
    },
    {
        "sloka": "muktābhiśca pravālaiśca rūpyacāmīkarairapi.\n\nvibhūṣitāṅ maṇistambhaissubahustambhabhūṣitām৷৷5.9.24৷৷\n\n"
    },
    {
        "sloka": "namrairṛjubhiratyuccaissamantātsuvibhūṣitaiḥ.\n\nstambhai: pakṣairivātyuccairdivaṅ saṅprasthitāmiva৷৷5.9.25৷৷\n\n"
    },
    {
        "sloka": "mahatyā kuthayāstīrṇāṅ pṛthivīlakṣaṇāṅkayā.\n\npṛthivīmiva vistīrṇāṅ sarāṣṭragṛhamālinīm৷৷5.9.26৷৷\n\n"
    },
    {
        "sloka": "nāditāṅ mattavihagairdivyagandhādhivāsitām.\n\nparārdhyāstaraṇōpētāṅ rakṣōdhipaniṣēvitām৷৷5.9.27৷৷\n\n"
    },
    {
        "sloka": "dhūmrāmagarudhūpēna vimalāṅ haṅsapāṇḍurām.\n\ncitrāṅ puṣpōpahārēṇa kalmāṣīmiva suprabhām৷৷5.9.28৷৷\n\n"
    },
    {
        "sloka": "manassaṅhlādajananīṅ varṇasyāpi prasādinīm.\n\ntāṅ śōkanāśinīṅ divyāṅ śriyaḥ sañjananīmiva৷৷5.9.29৷৷\n\n"
    },
    {
        "sloka": "indriyāṇīndriyārthaistu pañca pañcabhiruttamaiḥ.\n\ntarpayāmāsa mātēva tadā rāvaṇapālitā৷৷5.9.30৷৷\n\n"
    },
    {
        "sloka": "svargō.yaṅ dēvalōkō.yamindrasyēyaṅ purī bhavēt.\n\nsiddhirvēyaṅ parā hi syādityamanyata mārutiḥ৷৷5.9.31৷৷\n\n"
    },
    {
        "sloka": "pradhyāyata ivāpaśyatpradīpāṅstatra kāñcanān.\n\ndhūrtāniva mahādhūtairdēvanēna parājitān৷৷5.9.32৷৷\n\n"
    },
    {
        "sloka": "dīpānāṅ ca prakāśēna tējasā rāvaṇasya ca.\n\narcirbhirbhūṣaṇānāṅ ca pradīptētyabhyamanyata৷৷5.9.33৷৷\n\n"
    },
    {
        "sloka": "tatō.paśyatkuthā৷৷sīnaṅ nānāvarāyambarasrajam.\n\nsahasraṅ varanārīṇāṅ nānāvēṣavibhūṣitam৷৷5.9.34৷৷\n\n"
    },
    {
        "sloka": "parivṛttē.rdharātrē tu pānanidrāvaśaṅ gatam.\n\nkrīḍitvōparataṅ rātrau suṣvāpa balavattadā৷৷5.9.35৷৷\n\n"
    },
    {
        "sloka": "tatprasuptaṅ virurucē niśśabdāntarabhūṣaṇam.\n\nniḥśabdahaṅsabhramaraṅ yathā padmavanaṅ mahat৷৷5.9.36৷৷\n\n"
    },
    {
        "sloka": "tāsāṅ saṅvṛtadantāni mīlitākṣīṇi mārutiḥ.\n\napaśyatpadmagandhīni vadanāni suyōṣitām৷৷5.9.37৷৷\n\n"
    },
    {
        "sloka": "prabuddhānīva padmāni tāsāṅ bhūtvā kṣapākṣayē.\n\npunassaṅvṛtapatrāṇi rātrāviva babhustadā৷৷5.9.38৷৷\n\n"
    },
    {
        "sloka": "imāni mukhapadmāni niyataṅ mattaṣaṭpadāḥ.\n\nambujānīva phullāni prārthayanti punaḥ punaḥ৷৷5.9.39৷৷\n\n"
    },
    {
        "sloka": "iti cāmanyata śrīmānupapattyā mahākapiḥ.\n\nmēnē hi guṇatastāni samāni salilōdbhavaiḥ৷৷5.9.40৷৷\n\n"
    },
    {
        "sloka": "sā tasya śuśubhē śālā tābhistrībhirvirājitā.\n\nśāradīva prasannā dyaustārābhirabhiśōbhitā৷৷5.9.41৷৷\n\n"
    },
    {
        "sloka": "sa ca tābhiḥ parivṛtaśśuśubhē rākṣasādhipaḥ.\n\nyathā hyuḍupatiśśīmāṅstārābhirabhisaṅvṛtaḥ৷৷5.9.42৷৷\n\n"
    },
    {
        "sloka": "yāścyavantē.mbarāttārāḥ puṇyaśēṣasamāvṛtāḥ.\n\nimāstāssaṅgatāḥ kṛtsnā iti mēnē haristadā৷৷5.9.43৷৷\n\n"
    },
    {
        "sloka": "tārāṇāmiva suvyaktaṅ mahatīnāṅ śubhārciṣām.\n\nprabhāvarṇaprasādāśca virējustatra yōṣitām৷৷5.9.44৷৷\n\n"
    },
    {
        "sloka": "vyāvṛttagurupīnasrakprakīrṇavarabhūṣaṇāḥ.\n\npānavyāyāmakālēṣu nidrāpahṛtacētasaḥ৷৷5.9.45৷৷\n\n"
    },
    {
        "sloka": "vyāvṛttatilakāḥ kāścitkāścidudbhrantanūpurāḥ.\n\npārśvē galitahārāśca kāścitparamayōṣitaḥ৷৷5.9.46৷৷\n\n"
    },
    {
        "sloka": "muktāhārā.vṛtāścānyāḥ kāścidvisrastavāsasaḥ.\n\nvyāviddharaśanādāmāḥ kiśōrya iva vāhitāḥ৷৷5.9.47৷৷\n\n"
    },
    {
        "sloka": "sukuṇḍaladharāścānyā vicchinnamṛditasrajaḥ.\n\ngajēndramṛditāḥ phullā latā iva mahāvanē৷৷5.9.48৷৷\n\n"
    },
    {
        "sloka": "candrāṅśukiraṇābhāśca hārāḥ kāsāṅcidutkaṭāḥ.\n\nhaṅsā iva babhussuptāḥ stanamadhyēṣu yōṣitām৷৷5.9.49৷৷\n\n"
    },
    {
        "sloka": "aparāsāṅ ca vaiḍūryāḥ kādambā iva pakṣiṇaḥ.\n\nhēmasūtrāṇi cānyāsāṅ cakravākā ivābhavan৷৷5.9.50৷৷\n\n"
    },
    {
        "sloka": "haṅsakāraṇḍavākīrṇāścakravākōpaśōbhitāḥ.\n\nāpagā iva tā rējurjaghanaiḥ pulinairiva৷৷5.9.51৷৷\n\n"
    },
    {
        "sloka": "kiṅkiṇījālasaṅkōśāstā haimavipulāmbujāḥ.\n\nbhāvagrāhā yaśastīrāḥ suptā nadya ivā৷৷babhuḥ৷৷5.9.52৷৷\n\n"
    },
    {
        "sloka": "mṛduṣvaṅgēṣu kāsāñcitkucāgrēṣu ca saṅsthitāḥ.\n\nbabhurvarbhūṣaṇānīva śubhā bhūṣaṇarājayaḥ৷৷5.9.53৷৷\n\n"
    },
    {
        "sloka": "aṅśukāntāśca kāsāñcinmukhamārutakampitāḥ.\n\nuparyupari vaktrāṇāṅ vyādhūyantē punaḥ punaḥ৷৷5.9.54৷৷\n\n"
    },
    {
        "sloka": "tāḥ patākā ivōddhūtāḥ patnīnāṅ ruciraprabhāḥ.\n\nnānāvarṇasuvarṇānāṅ vaktramūlēṣu rējirē৷৷5.9.55৷৷\n\n"
    },
    {
        "sloka": "vavalguścātra kāsāṅcitkuṇḍalāni śubhārciṣām.\n\nmukhamārutasaṅsargānmandaṅ mandaṅ suyōṣitām৷৷5.9.56৷৷\n\n"
    },
    {
        "sloka": "śarkarā.savagandhaiśca prakṛtyā surabhiḥ sukhaḥ.\n\ntāsāṅ vadananiśvāsassiṣēvē rāvaṇaṅ tadā৷৷5.9.57৷৷\n\n"
    },
    {
        "sloka": "rāvaṇānanaśaṅkāśca kāścidrāvaṇayōṣitaḥ.\n\nmukhāni sma sapatnīnāmupājighranpunaḥ punaḥ৷৷5.9.58৷৷\n\n"
    },
    {
        "sloka": "atyarthaṅ saktamanasō rāvaṇē tā varastriyaḥ.\n\nasvatantrāḥ sapatnīnāṅ priyamēvā.caraṅstadā৷৷5.9.59৷৷\n\n"
    },
    {
        "sloka": "bāhūnupanidhāyānyāḥ pārihāryavibhūṣitān.\n\naṅśukāni ca ramyāṇi pramadāstatra śiśyirē৷৷5.9.60৷৷\n\n"
    },
    {
        "sloka": "anyā vakṣasi cānyasyāstasyāḥ kācitpunarbhujam.\n\naparā tvaṅkamanyasyāstasyāścāpyaparā bhujau৷৷5.9.61৷৷\n\n"
    },
    {
        "sloka": "ūrupārśvakaṭīpṛṣṭhamanyōnyasya samāśritāḥ.\n\nparasparaniviṣṭāṅgyō madasnēhavaśānugāḥ৷৷5.9.62৷৷\n\n"
    },
    {
        "sloka": "anyōnyabhujasūtrēṇa strīmālā grathitā hi sā.\n\nmālēva grathitā sūtrē śuśubhē mattaṣaṭpadā৷৷5.9.63৷৷\n\n"
    },
    {
        "sloka": "latānāṅ mādhavē māsi phullānāṅ vāyusēvanāt.\n\nanyōnya mālāgrathitaṅ saṅsaktakusumōccayam৷৷5.9.64৷৷\n\nvyativēṣṭitasuskandhamanyōnyabhramarākulam.\n\nāsīdvanamivōddhūtaṅ strīvanaṅ rāvaṇasya tat৷৷5.9.65৷৷\n\n"
    },
    {
        "sloka": "ucitēṣvapi suvyaktaṅ na tāsāṅ yōṣitāṅ tadā.\n\nvivēkaḥ śakya ādhātuṅ bhūṣaṇāṅgāmbarasrajām৷৷5.9.66৷৷\n\n"
    },
    {
        "sloka": "rāvaṇē sukhasaṅviṣṭē tāstriyō vividhaprabhāḥ.\n\njvalantaḥ kāñcanā dīpāḥ praikṣantānimiṣā iva৷৷5.9.67৷৷\n\n"
    },
    {
        "sloka": "rājarṣipitṛdaityānāṅ gandharvāṇāṅ ca yōṣitaḥ.\n\nrākṣasānāṅ ca yāḥ kanyāstasya kāmavaśaṅ gatāḥ৷৷5.9.68৷৷\n\n"
    },
    {
        "sloka": "yuddhakāmēna tāḥ sarvā rāvaṇēna hṛtāḥ striyaḥ.\n\nsamadā madanēnaiva mōhitāḥ kāścidāgatāḥ৷৷5.9.69৷৷\n\n"
    },
    {
        "sloka": "na tatra kācitpramadā prasahya vīryōpapannēna guṇēna labdhā.\n\nna cānyakāmāpi na cānyapūrvā vinā varārhāṅ janakātmajāṅ tām৷৷5.9.70৷৷\n\n"
    },
    {
        "sloka": "na cākulīnā na ca hīnarūpā nādakṣiṇā nānupacārayuktā.\n\nbhāryābhavattasya na hīnasattvā na cāpi kāntasya na kāmanīyā৷৷5.9.71৷৷\n\n"
    },
    {
        "sloka": "babhūva buddhistu harīśvarasya yadīdṛśī rāghavadharmapatnī.\n\nimā yathā rākṣasarājabhāryāḥ sujātamasyēti hi sādhubuddhēḥ৷৷5.9.72৷৷\n\n"
    },
    {
        "sloka": "punaśca sō.cintayādāttarūpō dhruvaṅ viśiṣṭā guṇatō hi sītā.\n\nathāyamasyāṅ kṛtavānmahātmā laṅkēśvaraḥ kaṣṭamanāryakarma৷৷5.9.73৷৷\n\n"
    },
    {
        "sloka": "[Description of the harem of Ravana.] \n\ntasyālayavariṣṭhasya madhyē vipulamāyataṅ.\n\ndadarśa bhavanaśrēṣṭhaṅ hanumānmārutātmajaḥ৷৷5.9.1৷৷\n\n"
    },
    {
        "sloka": "ardhayōjanavistīrṇamāyataṅ yōjanaṅ hi tat.\n\nbhavanaṅ rākṣasēndrasya bahuprāsādasaṅkulam৷৷5.9.2৷৷\n\n"
    },
    {
        "sloka": "mārgamāṇastu vaidēhīṅ sītāmāyatalōcanām.\n\nsarvataḥ paricakrāma hanūmānarisūdanaḥ৷৷5.9.3৷৷\n\n"
    },
    {
        "sloka": "uttamaṅ rākṣasāvāsaṅ hanumānavalōkayan.\n\nāsasādātha lakṣmīvān rākṣasēndranivēśanam৷৷5.9.4৷৷\n\ncaturviṣāṇairdviradaistriviṣāṇaistathaiva ca.\n\nparikṣiptamasambādhaṅ rakṣyamāṇamudāyudhaiḥ৷৷5.9.5৷৷\n\n"
    },
    {
        "sloka": "rākṣasībhiśca patnībhī rāvaṇasya nivēśanam.\n\nāhṛtābhiśca vikramya rājakanyābhirāvṛtam৷৷5.9.6৷৷\n\ntannakramakarākīrṇaṅ timiṅgilajhaṣākulam.\n\nvāyuvēgasamādhūtaṅ pannagairiva sāgaram৷৷5.9.7৷৷\n\n"
    },
    {
        "sloka": "yā hi vaiśravaṇē lakṣmīryā cēndrē harivāhanē.\n\nsā rāvaṇagṛhē sarvā nityamēvānapāyinī৷৷5.9.8৷৷\n\n"
    },
    {
        "sloka": "yā ca rājñaḥ kubērasya yamasya varuṇasya ca.\n\ntādṛśī tadviśiṣṭā vā ṛddhī rakṣōgṛhēṣviha৷৷5.9.9৷৷\n\n"
    },
    {
        "sloka": "tasya harmyasya madhyasthaṅ vēśma cānyatsunirmitaṅ.\n\nbahuniryūhasaṅkīrṇaṅ dadarśa pavanātmajaḥ৷৷5.9.10৷৷\n\n"
    },
    {
        "sloka": "brahmaṇō.rthē kṛtaṅ divyaṅ divi yadviśvakarmaṇā.\n\nvimānaṅ puṣpakaṅ nāma sarvaratnavibhūṣitam৷৷5.9.11৷৷\n\nparēṇa tapasā lēbhē yatkubēraḥ pitāmahāt.\n\nkubēramōjasā jitvā lēbhē tadrākṣasēśvaraḥ৷৷5.9.12৷৷\n\n"
    },
    {
        "sloka": "īhāmṛgasamāyukttai: kārtasvarahiramaṇmayaiḥ.\n\nsukṛtairācitaṅ stambhaiḥ pradīptamiva ca śriyā৷৷5.9.13৷৷\n\nmērumandarasaṅkāśairullikhadbhirivāmbaraṅ.\n\nkūṭāgāraiśśubhākāraissarvatassamalaṅkṛtam৷৷5.9.14৷৷\n\n"
    },
    {
        "sloka": "jvalanārkapratīkāśaṅ sukṛtaṅ viśvakarmaṇā.\n\nhēmasōpānasaṅyuktaṅ cārupravaravēdikam৷৷5.9.15৷৷\n\n"
    },
    {
        "sloka": "jālavātāyanairyuktaṅ kāñcanaiḥ ssphāṭikairapi.\n\nindranīlamahānīlamaṇipravaravēdikam৷৷5.9.16৷৷\n\n"
    },
    {
        "sloka": "vidrumēṇa vicitrēṇa maṇibhiśca mahāghanaiḥ.\n\nnistulābhiśca muktābhistalēnābhivirājitam৷৷5.9.17৷৷\n\n"
    },
    {
        "sloka": "candanēna ca raktēna tapanīyanibhēna ca.\n\nsupuṇyagandhinā yuktamādityataruṇōpamam৷৷5.9.18৷৷\n\n"
    },
    {
        "sloka": "kūṭāgārairvarākārairvividhaissamalaṅkṛtam.\n\nvimānaṅ puṣpakaṅ divyamārurōha mahākapiḥ৷৷5.9.19৷৷\n\n"
    },
    {
        "sloka": "tatrasthassa tadā gandhaṅ pānabhakṣyānnasambhavam.\n\ndivyaṅ sammūrchitaṅ jighradrūpavantamivānilam৷৷5.9.20৷৷\n\n"
    },
    {
        "sloka": "sa gandhastaṅ mahāsattvaṅ bandhurbandhumivōttamam.   \n\nita ēhītyuvācēna tatra yatra sa rāvaṇaḥ৷৷5.9.21৷৷\n\n"
    },
    {
        "sloka": "tatastāṅ prasthitaśśālāṅ dadarśa mahatīṅ śubhām.\n\nrāvaṇasya manaḥ kāntāṅ kāntāmiva varastriyam৷৷5.9.22৷৷\n\n"
    },
    {
        "sloka": "maṇisōpānavikṛtāṅ hēmajālavibhūṣitām.\n\nsphāṭikairāvṛtatalāṅ dantāntaritarūpikām৷৷5.9.23৷৷\n\n"
    },
    {
        "sloka": "muktābhiśca pravālaiśca rūpyacāmīkarairapi.\n\nvibhūṣitāṅ maṇistambhaissubahustambhabhūṣitām৷৷5.9.24৷৷\n\n"
    },
    {
        "sloka": "namrairṛjubhiratyuccaissamantātsuvibhūṣitaiḥ.\n\nstambhai: pakṣairivātyuccairdivaṅ saṅprasthitāmiva৷৷5.9.25৷৷\n\n"
    },
    {
        "sloka": "mahatyā kuthayāstīrṇāṅ pṛthivīlakṣaṇāṅkayā.\n\npṛthivīmiva vistīrṇāṅ sarāṣṭragṛhamālinīm৷৷5.9.26৷৷\n\n"
    },
    {
        "sloka": "nāditāṅ mattavihagairdivyagandhādhivāsitām.\n\nparārdhyāstaraṇōpētāṅ rakṣōdhipaniṣēvitām৷৷5.9.27৷৷\n\n"
    },
    {
        "sloka": "dhūmrāmagarudhūpēna vimalāṅ haṅsapāṇḍurām.\n\ncitrāṅ puṣpōpahārēṇa kalmāṣīmiva suprabhām৷৷5.9.28৷৷\n\n"
    },
    {
        "sloka": "manassaṅhlādajananīṅ varṇasyāpi prasādinīm.\n\ntāṅ śōkanāśinīṅ divyāṅ śriyaḥ sañjananīmiva৷৷5.9.29৷৷\n\n"
    },
    {
        "sloka": "indriyāṇīndriyārthaistu pañca pañcabhiruttamaiḥ.\n\ntarpayāmāsa mātēva tadā rāvaṇapālitā৷৷5.9.30৷৷\n\n"
    },
    {
        "sloka": "svargō.yaṅ dēvalōkō.yamindrasyēyaṅ purī bhavēt.\n\nsiddhirvēyaṅ parā hi syādityamanyata mārutiḥ৷৷5.9.31৷৷\n\n"
    },
    {
        "sloka": "pradhyāyata ivāpaśyatpradīpāṅstatra kāñcanān.\n\ndhūrtāniva mahādhūtairdēvanēna parājitān৷৷5.9.32৷৷\n\n"
    },
    {
        "sloka": "dīpānāṅ ca prakāśēna tējasā rāvaṇasya ca.\n\narcirbhirbhūṣaṇānāṅ ca pradīptētyabhyamanyata৷৷5.9.33৷৷\n\n"
    },
    {
        "sloka": "tatō.paśyatkuthā৷৷sīnaṅ nānāvarāyambarasrajam.\n\nsahasraṅ varanārīṇāṅ nānāvēṣavibhūṣitam৷৷5.9.34৷৷\n\n"
    },
    {
        "sloka": "parivṛttē.rdharātrē tu pānanidrāvaśaṅ gatam.\n\nkrīḍitvōparataṅ rātrau suṣvāpa balavattadā৷৷5.9.35৷৷\n\n"
    },
    {
        "sloka": "tatprasuptaṅ virurucē niśśabdāntarabhūṣaṇam.\n\nniḥśabdahaṅsabhramaraṅ yathā padmavanaṅ mahat৷৷5.9.36৷৷\n\n"
    },
    {
        "sloka": "tāsāṅ saṅvṛtadantāni mīlitākṣīṇi mārutiḥ.\n\napaśyatpadmagandhīni vadanāni suyōṣitām৷৷5.9.37৷৷\n\n"
    },
    {
        "sloka": "prabuddhānīva padmāni tāsāṅ bhūtvā kṣapākṣayē.\n\npunassaṅvṛtapatrāṇi rātrāviva babhustadā৷৷5.9.38৷৷\n\n"
    },
    {
        "sloka": "imāni mukhapadmāni niyataṅ mattaṣaṭpadāḥ.\n\nambujānīva phullāni prārthayanti punaḥ punaḥ৷৷5.9.39৷৷\n\n"
    },
    {
        "sloka": "iti cāmanyata śrīmānupapattyā mahākapiḥ.\n\nmēnē hi guṇatastāni samāni salilōdbhavaiḥ৷৷5.9.40৷৷\n\n"
    },
    {
        "sloka": "sā tasya śuśubhē śālā tābhistrībhirvirājitā.\n\nśāradīva prasannā dyaustārābhirabhiśōbhitā৷৷5.9.41৷৷\n\n"
    },
    {
        "sloka": "sa ca tābhiḥ parivṛtaśśuśubhē rākṣasādhipaḥ.\n\nyathā hyuḍupatiśśīmāṅstārābhirabhisaṅvṛtaḥ৷৷5.9.42৷৷\n\n"
    },
    {
        "sloka": "yāścyavantē.mbarāttārāḥ puṇyaśēṣasamāvṛtāḥ.\n\nimāstāssaṅgatāḥ kṛtsnā iti mēnē haristadā৷৷5.9.43৷৷\n\n"
    },
    {
        "sloka": "tārāṇāmiva suvyaktaṅ mahatīnāṅ śubhārciṣām.\n\nprabhāvarṇaprasādāśca virējustatra yōṣitām৷৷5.9.44৷৷\n\n"
    },
    {
        "sloka": "vyāvṛttagurupīnasrakprakīrṇavarabhūṣaṇāḥ.\n\npānavyāyāmakālēṣu nidrāpahṛtacētasaḥ৷৷5.9.45৷৷\n\n"
    },
    {
        "sloka": "vyāvṛttatilakāḥ kāścitkāścidudbhrantanūpurāḥ.\n\npārśvē galitahārāśca kāścitparamayōṣitaḥ৷৷5.9.46৷৷\n\n"
    },
    {
        "sloka": "muktāhārā.vṛtāścānyāḥ kāścidvisrastavāsasaḥ.\n\nvyāviddharaśanādāmāḥ kiśōrya iva vāhitāḥ৷৷5.9.47৷৷\n\n"
    },
    {
        "sloka": "sukuṇḍaladharāścānyā vicchinnamṛditasrajaḥ.\n\ngajēndramṛditāḥ phullā latā iva mahāvanē৷৷5.9.48৷৷\n\n"
    },
    {
        "sloka": "candrāṅśukiraṇābhāśca hārāḥ kāsāṅcidutkaṭāḥ.\n\nhaṅsā iva babhussuptāḥ stanamadhyēṣu yōṣitām৷৷5.9.49৷৷\n\n"
    },
    {
        "sloka": "aparāsāṅ ca vaiḍūryāḥ kādambā iva pakṣiṇaḥ.\n\nhēmasūtrāṇi cānyāsāṅ cakravākā ivābhavan৷৷5.9.50৷৷\n\n"
    },
    {
        "sloka": "haṅsakāraṇḍavākīrṇāścakravākōpaśōbhitāḥ.\n\nāpagā iva tā rējurjaghanaiḥ pulinairiva৷৷5.9.51৷৷\n\n"
    },
    {
        "sloka": "kiṅkiṇījālasaṅkōśāstā haimavipulāmbujāḥ.\n\nbhāvagrāhā yaśastīrāḥ suptā nadya ivā৷৷babhuḥ৷৷5.9.52৷৷\n\n"
    },
    {
        "sloka": "mṛduṣvaṅgēṣu kāsāñcitkucāgrēṣu ca saṅsthitāḥ.\n\nbabhurvarbhūṣaṇānīva śubhā bhūṣaṇarājayaḥ৷৷5.9.53৷৷\n\n"
    },
    {
        "sloka": "aṅśukāntāśca kāsāñcinmukhamārutakampitāḥ.\n\nuparyupari vaktrāṇāṅ vyādhūyantē punaḥ punaḥ৷৷5.9.54৷৷\n\n"
    },
    {
        "sloka": "tāḥ patākā ivōddhūtāḥ patnīnāṅ ruciraprabhāḥ.\n\nnānāvarṇasuvarṇānāṅ vaktramūlēṣu rējirē৷৷5.9.55৷৷\n\n"
    },
    {
        "sloka": "vavalguścātra kāsāṅcitkuṇḍalāni śubhārciṣām.\n\nmukhamārutasaṅsargānmandaṅ mandaṅ suyōṣitām৷৷5.9.56৷৷\n\n"
    },
    {
        "sloka": "śarkarā.savagandhaiśca prakṛtyā surabhiḥ sukhaḥ.\n\ntāsāṅ vadananiśvāsassiṣēvē rāvaṇaṅ tadā৷৷5.9.57৷৷\n\n"
    },
    {
        "sloka": "rāvaṇānanaśaṅkāśca kāścidrāvaṇayōṣitaḥ.\n\nmukhāni sma sapatnīnāmupājighranpunaḥ punaḥ৷৷5.9.58৷৷\n\n"
    },
    {
        "sloka": "atyarthaṅ saktamanasō rāvaṇē tā varastriyaḥ.\n\nasvatantrāḥ sapatnīnāṅ priyamēvā.caraṅstadā৷৷5.9.59৷৷\n\n"
    },
    {
        "sloka": "bāhūnupanidhāyānyāḥ pārihāryavibhūṣitān.\n\naṅśukāni ca ramyāṇi pramadāstatra śiśyirē৷৷5.9.60৷৷\n\n"
    },
    {
        "sloka": "anyā vakṣasi cānyasyāstasyāḥ kācitpunarbhujam.\n\naparā tvaṅkamanyasyāstasyāścāpyaparā bhujau৷৷5.9.61৷৷\n\n"
    },
    {
        "sloka": "ūrupārśvakaṭīpṛṣṭhamanyōnyasya samāśritāḥ.\n\nparasparaniviṣṭāṅgyō madasnēhavaśānugāḥ৷৷5.9.62৷৷\n\n"
    },
    {
        "sloka": "anyōnyabhujasūtrēṇa strīmālā grathitā hi sā.\n\nmālēva grathitā sūtrē śuśubhē mattaṣaṭpadā৷৷5.9.63৷৷\n\n"
    },
    {
        "sloka": "latānāṅ mādhavē māsi phullānāṅ vāyusēvanāt.\n\nanyōnya mālāgrathitaṅ saṅsaktakusumōccayam৷৷5.9.64৷৷\n\nvyativēṣṭitasuskandhamanyōnyabhramarākulam.\n\nāsīdvanamivōddhūtaṅ strīvanaṅ rāvaṇasya tat৷৷5.9.65৷৷\n\n"
    },
    {
        "sloka": "ucitēṣvapi suvyaktaṅ na tāsāṅ yōṣitāṅ tadā.\n\nvivēkaḥ śakya ādhātuṅ bhūṣaṇāṅgāmbarasrajām৷৷5.9.66৷৷\n\n"
    },
    {
        "sloka": "rāvaṇē sukhasaṅviṣṭē tāstriyō vividhaprabhāḥ.\n\njvalantaḥ kāñcanā dīpāḥ praikṣantānimiṣā iva৷৷5.9.67৷৷\n\n"
    },
    {
        "sloka": "rājarṣipitṛdaityānāṅ gandharvāṇāṅ ca yōṣitaḥ.\n\nrākṣasānāṅ ca yāḥ kanyāstasya kāmavaśaṅ gatāḥ৷৷5.9.68৷৷\n\n"
    },
    {
        "sloka": "yuddhakāmēna tāḥ sarvā rāvaṇēna hṛtāḥ striyaḥ.\n\nsamadā madanēnaiva mōhitāḥ kāścidāgatāḥ৷৷5.9.69৷৷\n\n"
    },
    {
        "sloka": "na tatra kācitpramadā prasahya vīryōpapannēna guṇēna labdhā.\n\nna cānyakāmāpi na cānyapūrvā vinā varārhāṅ janakātmajāṅ tām৷৷5.9.70৷৷\n\n"
    },
    {
        "sloka": "na cākulīnā na ca hīnarūpā nādakṣiṇā nānupacārayuktā.\n\nbhāryābhavattasya na hīnasattvā na cāpi kāntasya na kāmanīyā৷৷5.9.71৷৷\n\n"
    },
    {
        "sloka": "babhūva buddhistu harīśvarasya yadīdṛśī rāghavadharmapatnī.\n\nimā yathā rākṣasarājabhāryāḥ sujātamasyēti hi sādhubuddhēḥ৷৷5.9.72৷৷\n\n"
    },
    {
        "sloka": "punaśca sō.cintayādāttarūpō dhruvaṅ viśiṣṭā guṇatō hi sītā.\n\nathāyamasyāṅ kṛtavānmahātmā laṅkēśvaraḥ kaṣṭamanāryakarma৷৷5.9.73৷৷\n\n"
    }
]