[
    {
        "sloka": "[Hanuman tells the story of Rama to Sita.]\n\ntasyāstadvacanaṅ śrutvā hanumānharipuṅgavaḥ.\n\nduḥkhādduḥkhābhibhūtāyā ssāntvamuttaramabravīt৷৷5.34.1৷৷\n\n"
    },
    {
        "sloka": "ahaṅ rāmasya sandēśāddēvi dūtastavāgataḥ.\n\nvaidēhi kuśalī rāmastvāṅ ca kauśalamabravīt৷৷5.34.2৷৷\n\n"
    },
    {
        "sloka": "yō brahmamastraṅ vēdāṅśca vēda vēdavidāṅvaraḥ.\n\nsa tvāṅ dāśarathī rāmō dēvi kauśalamabravīt৷৷5.34.3৷৷\n\n"
    },
    {
        "sloka": "lakṣmaṇaśca mahātējā bhartustē.nucaraḥ priyaḥ.\n\nkṛtavānśōkasantaptaśśirasā tē.bhivādanam৷৷5.34.4৷৷\n\n"
    },
    {
        "sloka": "sā tayōḥ kuśalaṅ dēvī niśamya narasiṅhayōḥ.\n\nprītisaṅhṛṣṭasarvāṅgī hanumantamathābravīt৷৷5.34.5৷৷\n\n"
    },
    {
        "sloka": "kalyāṇī bata gāthēyaṅ laukikī pratibhāti mā.\n\nēti jīvantamānandō naraṅ varṣaśatādapi৷৷5.34.6৷৷\n\n"
    },
    {
        "sloka": "tayā samāgatē tasminprītirutpāditā.dbhutā.\n\nparasparēṇa cālāpaṅ viśvastau tau pracakratuḥ৷৷5.34.7৷৷\n\n"
    },
    {
        "sloka": "tasyāstadvacanaṅ śrutvā hanumānhariyūthapaḥ.\n\nsītāyāśśōkadīnāyāssamīpamupacakramē৷৷5.34.8৷৷\n\n"
    },
    {
        "sloka": "yathā yathā samīpaṅ sa hanumānupasarpati.\n\ntathā tathā rāvaṇaṅ sā taṅ sītā pariśaṅkatē৷৷5.34.9৷৷\n\n"
    },
    {
        "sloka": "ahō dhigduṣkṛtamidaṅ kathitaṅ hi yadasya mē.\n\nrūpāntaramupāgamya sa ēvāyaṅ hi rāvaṇaḥ৷৷5.34.10৷৷\n\n"
    },
    {
        "sloka": "tāmaśōkasya śākhāṅ sā vimuktvā śōkakarśitā.\n\ntasyāmēvānavadyāṅgī dharaṇyāṅ samupāviśat৷৷5.34.11৷৷\n\n"
    },
    {
        "sloka": "hanumānapi duḥkhārtāṅ tāṅ dṛṣṭvā bhayamōhitām.\n\navandata mahābāhustatastāṅ janakātmajām৷৷5.34.12৷৷\n\nsā cainaṅ bhayavitrastā bhūyō naivābhyudaikṣata.\n\n"
    },
    {
        "sloka": "taṅ dṛṣṭvā vandamānaṅ tu sītā śaśinibhānanā৷৷5.34.13৷৷\n\nabravīddhīrghamucchavasya vānaraṅ madhurasvarā.\n\n"
    },
    {
        "sloka": "māyāṅ praviṣṭō māyāvī yadi tvaṅ rāvaṇassvayam৷৷5.34.14৷৷\n\nutpādayasi mē bhūyassantāpaṅ tanna śōbhanam.\n\n"
    },
    {
        "sloka": "svaṅ parityajya rūpaṅ yaḥ parivrājakarūpadhrut.\n\njanasthānē mayā dṛṣṭastvaṅ sa ēvāsi rāvaṇaḥ৷৷5.34.15৷৷\n\n"
    },
    {
        "sloka": "upavāsakṛśāṅ dīnāṅ kāmarūpa niśācara.\n\nsantāpayasi māṅ bhūyassantaptāṅ tanna śōbhanam৷৷5.34.16৷৷\n\n"
    },
    {
        "sloka": "athavā naitadēvaṅ hi yanmayā pariśaṅkitam৷৷5.34.17৷৷\n\nmanasō hi mama prītirutpannā tava darśanāt.\n\n"
    },
    {
        "sloka": "yadi rāmasya dūtastvamāgatō bhadramastu tē৷৷5.34.18৷৷\n\npṛcchāmi tvāṅ hariśrēṣṭha priyā rāmakathā hi mē.\n\n"
    },
    {
        "sloka": "guṇānrāmasya kathaya priyasya mama vānara৷৷5.34.19৷৷\n\ncittaṅ harasi mē saumya nadīkūlaṅ yathā rayaḥ.\n\n"
    },
    {
        "sloka": "ahō svapnasya sukhatā yāhamēvaṅ cirāhṛtā৷৷5.34.20৷৷\n\nprēṣitaṅ nāma paśyāmi rāghavēṇa vanaukasam.\n\n"
    },
    {
        "sloka": "svapnē.pi yadyahaṅ vīraṅ rāghavaṅ sahalakṣmaṇam৷৷5.34.21৷৷\n\npaśyēyaṅ nāvasīdēyaṅ svapnō.pi mama matsarī.\n\n"
    },
    {
        "sloka": "nāhaṅ svapnamimaṅ manyē svapnē dṛṣṭvā hi vānaram৷৷5.34.22৷৷\n\nna śakyō.bhyudayaḥ prāptuṅ prāptaścābhyudayō mama.\n\n"
    },
    {
        "sloka": "kinnu syācittamōhō.yaṅ bhavēdvātagatistviyam৷৷5.34.23৷৷\n\nunmādajō vikārō vā syādiyaṅ mṛgatṛṣṇikā.\n\n"
    },
    {
        "sloka": "athavā nāyamunmādō mōhō.pyunmādalakṣaṇaḥ৷৷5.34.24৷৷\n\nsambudhyē cāhamātmānamiyaṅ cāpi vanaukasam.\n\n"
    },
    {
        "sloka": "ityēvaṅ bahudhā sītā sampradhārya balābalam৷৷5.34.25৷৷\n\nrakṣasāṅ kāmarūpatvānmēnē taṅ rākṣasādhipam.\n\n"
    },
    {
        "sloka": "ētāṅ buddhiṅ tadā kṛtvā sītā sā tanumadhyamā৷৷5.34.26৷৷\n\nna prativyājahārātha vānaraṅ janakātmajā.\n\n"
    },
    {
        "sloka": "sītāyāścintitaṅ buddhvā hanumānmārutātmajaḥ৷৷5.34.27৷৷\n\nśrōtrānukūlairvacanaistadā tāṅ saṅpraharṣayat.\n\n"
    },
    {
        "sloka": "āditya iva tējasvī lōkakāntaśśaśī yathā৷৷5.34.28৷৷\n\nrājā sarvasya lōkasya dēvō vaiśravaṇō yathā.\n\nvikramēṇōpapannaśca yathā viṣṇurmahāyaśāḥ৷৷5.34.29৷৷\n\n"
    },
    {
        "sloka": "satyavādī madhuravāgdēvō vācaspatiryathā.\n\nrūpavānsubhaga śrīmān kandarpa iva mūrtimān৷৷5.34.30৷৷\n\n"
    },
    {
        "sloka": "sthānakrōdhaḥ prahartā ca śrēṣṭhō lōkē mahārathaḥ.\n\nbāhucchāyāmavaṣṭabdhō yasya lōkō mahātmanaḥ৷৷5.34.31৷৷\n\n"
    },
    {
        "sloka": "apakṛṣyāśramapadānmṛgarūpēṇa rāghavam.\n\nśūnyē yēnāpanītāsi tasya drakṣyasi yatphalam৷৷5.34.32৷৷\n\n"
    },
    {
        "sloka": "na cirādrāvaṇaṅ saṅkhyē yō vadhiṣyati vīryavān.\n\nrōṣapramuktairiṣubhirjvaladbhiriva pāvakaiḥ৷৷5.34.33৷৷\n\ntēnāhaṅ prēṣitō dūta stvatsakāśamihāgataḥ.\n\ntvadviyōgēna duḥkhārta ssa tvāṅ kauśalamabravīt৷৷5.34.34৷৷\n\n"
    },
    {
        "sloka": "lakṣmaṇaśca mahātējāssumitrānandavardhanaḥ.\n\nabhivādya mahābāhussa tvāṅ kauśalamabravīt৷৷5.34.35৷৷\n\n"
    },
    {
        "sloka": "rāmasya ca sakhā dēvi sugrīvō nāma vānaraḥ.\n\nrājā vānaramukhyānāṅ sa tvāṅ kauśalamabravīt৷৷5.34.36৷৷\n\n"
    },
    {
        "sloka": "nityaṅ smarati rāmastvāṅ sasugrīva ssalakṣmaṇaḥ.\n\ndiṣṭyā jīvasi vaidēhi rākṣasīvaśamāgatā৷৷5.34.37৷৷\n\n"
    },
    {
        "sloka": "nacirāddrakṣyasē rāmaṅ lakṣmaṇaṅ ca mahābalam.\n\nmadhyē vānarakōṭīnāṅ sugrīvaṅ cāmitaujasam৷৷5.34.38৷৷\n\n"
    },
    {
        "sloka": "ahaṅ sugrīvasacivō hanumānnāma vānaraḥ.\n\npraviṣṭō nagarīṅ laṅkāṅ laṅghayitvā mahōdadhim৷৷5.34.39৷৷\n\n"
    },
    {
        "sloka": "kṛtvā mūrdhni padanyāsaṅ rāvaṇasya durātmanaḥ.\n\ntvāṅ draṣṭumupayātō.haṅ samāśritya parākramam৷৷5.34.40৷৷\n\n"
    },
    {
        "sloka": "nāhamasmi tathā dēvi yathā māmavagacchasi.\n\nviśaṅkā tyajyatāmēṣā śraddhatsva vadatō mama৷৷5.34.41৷৷\n\n"
    },
    {
        "sloka": "[Hanuman tells the story of Rama to Sita.]\n\ntasyāstadvacanaṅ śrutvā hanumānharipuṅgavaḥ.\n\nduḥkhādduḥkhābhibhūtāyā ssāntvamuttaramabravīt৷৷5.34.1৷৷\n\n"
    },
    {
        "sloka": "ahaṅ rāmasya sandēśāddēvi dūtastavāgataḥ.\n\nvaidēhi kuśalī rāmastvāṅ ca kauśalamabravīt৷৷5.34.2৷৷\n\n"
    },
    {
        "sloka": "yō brahmamastraṅ vēdāṅśca vēda vēdavidāṅvaraḥ.\n\nsa tvāṅ dāśarathī rāmō dēvi kauśalamabravīt৷৷5.34.3৷৷\n\n"
    },
    {
        "sloka": "lakṣmaṇaśca mahātējā bhartustē.nucaraḥ priyaḥ.\n\nkṛtavānśōkasantaptaśśirasā tē.bhivādanam৷৷5.34.4৷৷\n\n"
    },
    {
        "sloka": "sā tayōḥ kuśalaṅ dēvī niśamya narasiṅhayōḥ.\n\nprītisaṅhṛṣṭasarvāṅgī hanumantamathābravīt৷৷5.34.5৷৷\n\n"
    },
    {
        "sloka": "kalyāṇī bata gāthēyaṅ laukikī pratibhāti mā.\n\nēti jīvantamānandō naraṅ varṣaśatādapi৷৷5.34.6৷৷\n\n"
    },
    {
        "sloka": "tayā samāgatē tasminprītirutpāditā.dbhutā.\n\nparasparēṇa cālāpaṅ viśvastau tau pracakratuḥ৷৷5.34.7৷৷\n\n"
    },
    {
        "sloka": "tasyāstadvacanaṅ śrutvā hanumānhariyūthapaḥ.\n\nsītāyāśśōkadīnāyāssamīpamupacakramē৷৷5.34.8৷৷\n\n"
    },
    {
        "sloka": "yathā yathā samīpaṅ sa hanumānupasarpati.\n\ntathā tathā rāvaṇaṅ sā taṅ sītā pariśaṅkatē৷৷5.34.9৷৷\n\n"
    },
    {
        "sloka": "ahō dhigduṣkṛtamidaṅ kathitaṅ hi yadasya mē.\n\nrūpāntaramupāgamya sa ēvāyaṅ hi rāvaṇaḥ৷৷5.34.10৷৷\n\n"
    },
    {
        "sloka": "tāmaśōkasya śākhāṅ sā vimuktvā śōkakarśitā.\n\ntasyāmēvānavadyāṅgī dharaṇyāṅ samupāviśat৷৷5.34.11৷৷\n\n"
    },
    {
        "sloka": "hanumānapi duḥkhārtāṅ tāṅ dṛṣṭvā bhayamōhitām.\n\navandata mahābāhustatastāṅ janakātmajām৷৷5.34.12৷৷\n\nsā cainaṅ bhayavitrastā bhūyō naivābhyudaikṣata.\n\n"
    },
    {
        "sloka": "taṅ dṛṣṭvā vandamānaṅ tu sītā śaśinibhānanā৷৷5.34.13৷৷\n\nabravīddhīrghamucchavasya vānaraṅ madhurasvarā.\n\n"
    },
    {
        "sloka": "māyāṅ praviṣṭō māyāvī yadi tvaṅ rāvaṇassvayam৷৷5.34.14৷৷\n\nutpādayasi mē bhūyassantāpaṅ tanna śōbhanam.\n\n"
    },
    {
        "sloka": "svaṅ parityajya rūpaṅ yaḥ parivrājakarūpadhrut.\n\njanasthānē mayā dṛṣṭastvaṅ sa ēvāsi rāvaṇaḥ৷৷5.34.15৷৷\n\n"
    },
    {
        "sloka": "upavāsakṛśāṅ dīnāṅ kāmarūpa niśācara.\n\nsantāpayasi māṅ bhūyassantaptāṅ tanna śōbhanam৷৷5.34.16৷৷\n\n"
    },
    {
        "sloka": "athavā naitadēvaṅ hi yanmayā pariśaṅkitam৷৷5.34.17৷৷\n\nmanasō hi mama prītirutpannā tava darśanāt.\n\n"
    },
    {
        "sloka": "yadi rāmasya dūtastvamāgatō bhadramastu tē৷৷5.34.18৷৷\n\npṛcchāmi tvāṅ hariśrēṣṭha priyā rāmakathā hi mē.\n\n"
    },
    {
        "sloka": "guṇānrāmasya kathaya priyasya mama vānara৷৷5.34.19৷৷\n\ncittaṅ harasi mē saumya nadīkūlaṅ yathā rayaḥ.\n\n"
    },
    {
        "sloka": "ahō svapnasya sukhatā yāhamēvaṅ cirāhṛtā৷৷5.34.20৷৷\n\nprēṣitaṅ nāma paśyāmi rāghavēṇa vanaukasam.\n\n"
    },
    {
        "sloka": "svapnē.pi yadyahaṅ vīraṅ rāghavaṅ sahalakṣmaṇam৷৷5.34.21৷৷\n\npaśyēyaṅ nāvasīdēyaṅ svapnō.pi mama matsarī.\n\n"
    },
    {
        "sloka": "nāhaṅ svapnamimaṅ manyē svapnē dṛṣṭvā hi vānaram৷৷5.34.22৷৷\n\nna śakyō.bhyudayaḥ prāptuṅ prāptaścābhyudayō mama.\n\n"
    },
    {
        "sloka": "kinnu syācittamōhō.yaṅ bhavēdvātagatistviyam৷৷5.34.23৷৷\n\nunmādajō vikārō vā syādiyaṅ mṛgatṛṣṇikā.\n\n"
    },
    {
        "sloka": "athavā nāyamunmādō mōhō.pyunmādalakṣaṇaḥ৷৷5.34.24৷৷\n\nsambudhyē cāhamātmānamiyaṅ cāpi vanaukasam.\n\n"
    },
    {
        "sloka": "ityēvaṅ bahudhā sītā sampradhārya balābalam৷৷5.34.25৷৷\n\nrakṣasāṅ kāmarūpatvānmēnē taṅ rākṣasādhipam.\n\n"
    },
    {
        "sloka": "ētāṅ buddhiṅ tadā kṛtvā sītā sā tanumadhyamā৷৷5.34.26৷৷\n\nna prativyājahārātha vānaraṅ janakātmajā.\n\n"
    },
    {
        "sloka": "sītāyāścintitaṅ buddhvā hanumānmārutātmajaḥ৷৷5.34.27৷৷\n\nśrōtrānukūlairvacanaistadā tāṅ saṅpraharṣayat.\n\n"
    },
    {
        "sloka": "āditya iva tējasvī lōkakāntaśśaśī yathā৷৷5.34.28৷৷\n\nrājā sarvasya lōkasya dēvō vaiśravaṇō yathā.\n\nvikramēṇōpapannaśca yathā viṣṇurmahāyaśāḥ৷৷5.34.29৷৷\n\n"
    },
    {
        "sloka": "satyavādī madhuravāgdēvō vācaspatiryathā.\n\nrūpavānsubhaga śrīmān kandarpa iva mūrtimān৷৷5.34.30৷৷\n\n"
    },
    {
        "sloka": "sthānakrōdhaḥ prahartā ca śrēṣṭhō lōkē mahārathaḥ.\n\nbāhucchāyāmavaṣṭabdhō yasya lōkō mahātmanaḥ৷৷5.34.31৷৷\n\n"
    },
    {
        "sloka": "apakṛṣyāśramapadānmṛgarūpēṇa rāghavam.\n\nśūnyē yēnāpanītāsi tasya drakṣyasi yatphalam৷৷5.34.32৷৷\n\n"
    },
    {
        "sloka": "na cirādrāvaṇaṅ saṅkhyē yō vadhiṣyati vīryavān.\n\nrōṣapramuktairiṣubhirjvaladbhiriva pāvakaiḥ৷৷5.34.33৷৷\n\ntēnāhaṅ prēṣitō dūta stvatsakāśamihāgataḥ.\n\ntvadviyōgēna duḥkhārta ssa tvāṅ kauśalamabravīt৷৷5.34.34৷৷\n\n"
    },
    {
        "sloka": "lakṣmaṇaśca mahātējāssumitrānandavardhanaḥ.\n\nabhivādya mahābāhussa tvāṅ kauśalamabravīt৷৷5.34.35৷৷\n\n"
    },
    {
        "sloka": "rāmasya ca sakhā dēvi sugrīvō nāma vānaraḥ.\n\nrājā vānaramukhyānāṅ sa tvāṅ kauśalamabravīt৷৷5.34.36৷৷\n\n"
    },
    {
        "sloka": "nityaṅ smarati rāmastvāṅ sasugrīva ssalakṣmaṇaḥ.\n\ndiṣṭyā jīvasi vaidēhi rākṣasīvaśamāgatā৷৷5.34.37৷৷\n\n"
    },
    {
        "sloka": "nacirāddrakṣyasē rāmaṅ lakṣmaṇaṅ ca mahābalam.\n\nmadhyē vānarakōṭīnāṅ sugrīvaṅ cāmitaujasam৷৷5.34.38৷৷\n\n"
    },
    {
        "sloka": "ahaṅ sugrīvasacivō hanumānnāma vānaraḥ.\n\npraviṣṭō nagarīṅ laṅkāṅ laṅghayitvā mahōdadhim৷৷5.34.39৷৷\n\n"
    },
    {
        "sloka": "kṛtvā mūrdhni padanyāsaṅ rāvaṇasya durātmanaḥ.\n\ntvāṅ draṣṭumupayātō.haṅ samāśritya parākramam৷৷5.34.40৷৷\n\n"
    },
    {
        "sloka": "nāhamasmi tathā dēvi yathā māmavagacchasi.\n\nviśaṅkā tyajyatāmēṣā śraddhatsva vadatō mama৷৷5.34.41৷৷\n\n"
    }
]