[
    {
        "sloka": "[Hanuman reaches the northern shore -- announces to vanaras, Angada and Jambavan about his seeing Sita -- every one rejoices to hear the news of Sita.]\n\nsa candrakumudaṅ ramyaṅ sārkakāraṇḍavaṅ śubham.\n\ntiṣyaśravaṇakādambamabhraśaivālaśādvalam৷৷5.57.1৷৷\n\npunarvasumahāmīnaṅ lōhitāṅgamahāgraham.\n\nairāvatamahādvīpaṅ svātihaṅsavilōlitam৷৷5.57.2৷৷\n\nvātasaṅghātajātōrmi candrāṅśuśiśirāmbumat.\n\nbhujaṅgayakṣagandharvaprabuddhakamalōtpalam৷৷5.57.3৷৷\n\nhanumānmārutagatirmahānauriva sāgaram.\n\napāramapariśrāntaḥ pupluvē gaganārṇavam ৷৷5.57.4৷৷\n\n"
    },
    {
        "sloka": "grasamāna ivākāśaṅ tārādhipamivōllikhan.\n\nharanniva sanakṣatraṅ gaganaṅ sārkamaṇḍalam৷৷5.57.5৷৷\n\nmārutasyātmajaḥ śrīmānkapirvyōmacarō mahān.\n\nhanumānmēghajālāni vikarṣanniva gacchati৷৷5.57.6৷৷\n\n"
    },
    {
        "sloka": "pāṇḍurāruṇavarṇāni nīlamāñjiṣṭhakāni ca.\n\nharitāruṇavarṇāni mahābhrāṇi cakāśirē৷৷5.57.7৷৷\n\n"
    },
    {
        "sloka": "praviśannabhrajālāni niṣpataṅśca punaḥ punaḥ.\n\npracchannaśca prakāśaśca candramā iva lakṣyatē৷৷5.57.8৷৷\n\n"
    },
    {
        "sloka": "vividhābhraghanāpannagōcarō dhavalāmbaraḥ.\n\ndṛśyādṛśyatanurvīrastadā candrāyatē.mbarē৷৷5.57.9৷৷\n\n"
    },
    {
        "sloka": "tārkṣyāyamāṇō gaganē babhāsē vāyunandanaḥ.\n\ndārayanmēghabṛndāni niṣpataṅśca punaḥ punaḥ৷৷5.57.10৷৷\n\nnadannādēna mahatā mēghasvanamahāsvanaḥ.\n\n"
    },
    {
        "sloka": "pravarānrākṣasān hatvā nāma viśrāvya cātmanaḥ৷৷5.57.11৷৷\n\nākulāṅ nagarīṅ kṛtvā vyathayitvā ca rāvaṇam.\n\nardayitvā balaṅ ghōraṅ vaidēhīmabhivādya ca৷৷5.57.12৷৷\n\nājagāma mahātējāḥ punarmadhyēna sāgaram.\n\n"
    },
    {
        "sloka": "parvatēndraṅ sunābhaṅ ca samupaspṛśya vīryavān৷৷5.57.13৷৷\n\njyāmukta iva nārācō mahāvēgō.bhyupāgataḥ.\n\n"
    },
    {
        "sloka": "sa kiñcidanusamprāptaḥ samālōkya mahāgirim৷৷5.57.14৷৷\n\nmahēndraṅ mēghasaṅkāśaṅ nanāda haripuṅgavaḥ.\n\n"
    },
    {
        "sloka": "sa pūrayāmāsa kapirdiśō daśa samantataḥ৷৷5.57.15৷৷\n\nnadannādēna mahatā mēghasvanamahāsvanaḥ.\n\n"
    },
    {
        "sloka": "sa taṅ dēśamanuprāptaḥ suhṛddharśanalālasaḥ৷৷5.57.16৷৷\n\nnanāda hariśārdūlō lāṅgūlaṅ cāpyakampayat.\n\n"
    },
    {
        "sloka": "tasya nānadyamānasya suparṇacaritē pathi৷৷5.57.17৷৷\n\nphalatīvāsya ghōṣēṇa gaganaṅ sārkamaṇḍalam.\n\n"
    },
    {
        "sloka": "yē tu tatrōttarē tīrē samudrasya mahābalāḥ৷৷5.57.18৷৷\n\npūrvaṅ saṅviṣṭhitāśśūrā vāyuputradidṛkṣavaḥ.\n\nmahatō vātanunnasya tōyadasyēva garjitam৷৷5.57.19৷৷\n\nśuśruvustē tadā ghōṣamūruvēgaṅ hanūmataḥ.\n\n"
    },
    {
        "sloka": "tē dīnamanasassarvē śuśruvuḥ kānanaukasaḥ৷৷5.57.20৷৷\n\nvānarēndrasya nirghōṣaṅ parjanyaninadōpamam.\n\n"
    },
    {
        "sloka": "niśamya nadatō nādaṅ vānarāstē samantataḥ৷৷5.57.21৷৷\n\nbabhūvurutsukāssarvē suhṛddharśanakāṅkṣiṇaḥ.\n\n"
    },
    {
        "sloka": "jāmbavān sa hariśrēṣṭhaḥ prītisaṅhṛṣṭamānasaḥ৷৷5.57.22৷৷\n\nupāmantrya harīn sarvānidaṅ vacanamabravīt.\n\n"
    },
    {
        "sloka": "sarvathā kṛtakāryō.sau hanumānnātra saṅśayaḥ৷৷5.57.23৷৷\n\nna hyasyākṛtakāryasya nāda ēvaṅvidhō bhavēt.\n\n"
    },
    {
        "sloka": "tasya bāhūruvēgaṅ ca ninādaṅ ca mahātmanaḥ৷৷5.57.24৷৷\n\nniśamya harayō hṛṣṭāḥ samutpētustatastataḥ.\n\n"
    },
    {
        "sloka": "tē nagāgrānnagāgrāṇi śikharācchikharāṇi ca৷৷5.57.25৷৷\n\nprahṛṣṭāḥ samapadyanta hanūmantaṅ didṛkṣavaḥ.\n\n"
    },
    {
        "sloka": "tē prītāḥ pādapāgrēṣu gṛhya śākhāḥ suviṣṭhitāḥ৷৷5.57.26৷৷\n\nvāsāṅsīva praśākhāśca samāvidhyanta vānarāḥ.\n\n"
    },
    {
        "sloka": "girigahvarasaṅlīnō yathā garjati mārutaḥ৷৷5.57.27৷৷\n\nēvaṅ jagarja balavān hanumānmārutātmajaḥ.\n\n"
    },
    {
        "sloka": "tamabhraghanasaṅkāśamāpatantaṅ mahākapim৷৷5.57.28৷৷\n\ndṛṣṭvā tē vānarāssarvē tasthuḥ prāñjalayastadā.\n\n"
    },
    {
        "sloka": "tatastu vēgavāṅstasya girērgirinibhaḥ kapiḥ৷৷5.57.29৷৷\n\nnipapāta mahēndrasya śikharē pādapākulē.\n\n"
    },
    {
        "sloka": "harṣēṇāpūryamāṇō.sau ramyē parvatanirjharē৷৷5.57.30৷৷\n\nchinnapakṣa ivā.kāśātpapāta dharaṇīdharaḥ.\n\n"
    },
    {
        "sloka": "tatastē prītamanasassarvē vānarapuṅgavāḥ৷৷5.57.31৷৷\n\nhanumantaṅ mahātmānaṅ parivāryōpatasthirē.\n\nparivārya ca tē sarvē parāṅ prītimupāgatāḥ৷৷5.57.32৷৷\n\n"
    },
    {
        "sloka": "prahṛṣṭavadanā ssarvē tamarōgamupāgatam.\n\nupāyanāni cādāya mūlāni ca phalāni ca৷৷5.57.33৷৷\n\npratyarcayan hariśrēṣṭhaṅ harayō mārutātmajam.\n\n"
    },
    {
        "sloka": "hanumāṅstu gurūn vṛddhāñjāmbavatpramukhāṅstadā৷৷5.57.34৷৷\n\nkumāramaṅgadaṅ caiva sō.vandata mahākapiḥ.\n\n"
    },
    {
        "sloka": "sa tābhyāṅ pūjitaḥ pūjyaḥ kapibhiśca prasāditaḥ৷৷5.57.35৷৷\n\ndṛṣṭā sītēti vikrānta ssaṅkṣēpēṇa nyavēdayat.\n\n"
    },
    {
        "sloka": "niṣasāda ca hastēna gṛhītvā vālinassutam৷৷5.57.36৷৷\n\nramaṇīyē vanōddēśē mahēndrasya girēstadā.\n\n"
    },
    {
        "sloka": "hanumānabravīddhṛṣṭastadā tānvānararṣabhān৷৷5.57.37৷৷\n\naśōkavanikāsaṅsthā dṛṣṭā sā janakātmajā.\n\nrakṣamāṇā sughōrābhī rākṣasībhiraninditā৷৷5.57.38৷৷\n\nēkavēṇīdharā bālā rāmadarśanalālasā.\n\nupavāsapariśrāntā jaṭilā malinā kṛśā৷৷5.57.39৷৷\n\n"
    },
    {
        "sloka": "tatō dṛṣṭēti vacanaṅ mahārthamamṛtōpamam.\n\nniśamya mārutēssarvē muditā vānarābhavan৷৷5.57.40৷৷\n\n"
    },
    {
        "sloka": "kṣvēlantyanyē nadantyanyē garjantyanyē mahābalāḥ.\n\ncakruḥ kilakilāmanyē pratigarjanti cāparē৷৷5.57.41৷৷\n\n"
    },
    {
        "sloka": "kēciducchritalāṅgūlāḥ prahṛṣṭāḥ kapikuñjarāḥ.\n\nāyatāñcitadīrghāṇi lāṅgūlāni pravivyadhuḥ৷৷5.57.42৷৷\n\n"
    },
    {
        "sloka": "aparē ca hanūmantaṅ vānarā vāraṇōpamam.\n\nāplutya giriśṛṅgēbhyassaṅspṛśanti sma harṣitāḥ৷৷5.57.43৷৷\n\n"
    },
    {
        "sloka": "uktavākyaṅ hanūmantamaṅgadastamathābravīt.\n\nsarvēṣāṅ harivīrāṇāṅ madhyē vacanamuttamam৷৷5.57.44৷৷\n\n"
    },
    {
        "sloka": "sattvē vīryē na tē kaścitsamō vānara vidyatē.\n\nyadavaplutya vistīrṇaṅ sāgaraṅ punarāgataḥ৷৷5.57.45৷৷\n\n"
    },
    {
        "sloka": "ahō svāmini tē bhaktirahō vīryamahō dhṛtiḥ.\n\ndiṣṭyā dṛṣṭā tvayā dēvī rāmapatnī yaśasvinī৷৷5.57.46৷৷\n\ndiṣṭyā tyakṣyati kākutstha śśōkaṅ sītāviyōgajam.\n\n"
    },
    {
        "sloka": "tatō.ṅgadaṅ hanūmantaṅ jāmbavantaṅ ca vānarāḥ৷৷5.57.47৷৷\n\nparivārya pramuditā bhējirē vipulāśśilāḥ.\n\n"
    },
    {
        "sloka": "śrōtukāmāssamudrasya laṅghanaṅ vānarōttamāḥ৷৷5.57.48৷৷\n\ndarśanaṅ cāpi laṅkāyāssītāyā rāvaṇasya ca.\n\ntasthuḥ prāñjalayassarvē hanumadvacanōnmukhāḥ৷৷5.57.49৷৷\n\n"
    },
    {
        "sloka": "tasthau tatrāṅgadaḥ śrīmān vānarairbahubhirvṛtaḥ.\n\nupāsyamānō vibudhairdivi dēvapatiryathā৷৷5.57.50৷৷\n\n"
    },
    {
        "sloka": "hanūmatā kīrtimatā yaśasvinā tathāṅgadēnāṅgadabaddhabāhunā.\n\nmudā tadā.dhyāsitamunnataṅ mahanmahīdharāgraṅ jvalitaṅ śriyābhavat৷৷5.57.51৷৷\n\n"
    },
    {
        "sloka": "[Hanuman reaches the northern shore -- announces to vanaras, Angada and Jambavan about his seeing Sita -- every one rejoices to hear the news of Sita.]\n\nsa candrakumudaṅ ramyaṅ sārkakāraṇḍavaṅ śubham.\n\ntiṣyaśravaṇakādambamabhraśaivālaśādvalam৷৷5.57.1৷৷\n\npunarvasumahāmīnaṅ lōhitāṅgamahāgraham.\n\nairāvatamahādvīpaṅ svātihaṅsavilōlitam৷৷5.57.2৷৷\n\nvātasaṅghātajātōrmi candrāṅśuśiśirāmbumat.\n\nbhujaṅgayakṣagandharvaprabuddhakamalōtpalam৷৷5.57.3৷৷\n\nhanumānmārutagatirmahānauriva sāgaram.\n\napāramapariśrāntaḥ pupluvē gaganārṇavam ৷৷5.57.4৷৷\n\n"
    },
    {
        "sloka": "grasamāna ivākāśaṅ tārādhipamivōllikhan.\n\nharanniva sanakṣatraṅ gaganaṅ sārkamaṇḍalam৷৷5.57.5৷৷\n\nmārutasyātmajaḥ śrīmānkapirvyōmacarō mahān.\n\nhanumānmēghajālāni vikarṣanniva gacchati৷৷5.57.6৷৷\n\n"
    },
    {
        "sloka": "pāṇḍurāruṇavarṇāni nīlamāñjiṣṭhakāni ca.\n\nharitāruṇavarṇāni mahābhrāṇi cakāśirē৷৷5.57.7৷৷\n\n"
    },
    {
        "sloka": "praviśannabhrajālāni niṣpataṅśca punaḥ punaḥ.\n\npracchannaśca prakāśaśca candramā iva lakṣyatē৷৷5.57.8৷৷\n\n"
    },
    {
        "sloka": "vividhābhraghanāpannagōcarō dhavalāmbaraḥ.\n\ndṛśyādṛśyatanurvīrastadā candrāyatē.mbarē৷৷5.57.9৷৷\n\n"
    },
    {
        "sloka": "tārkṣyāyamāṇō gaganē babhāsē vāyunandanaḥ.\n\ndārayanmēghabṛndāni niṣpataṅśca punaḥ punaḥ৷৷5.57.10৷৷\n\nnadannādēna mahatā mēghasvanamahāsvanaḥ.\n\n"
    },
    {
        "sloka": "pravarānrākṣasān hatvā nāma viśrāvya cātmanaḥ৷৷5.57.11৷৷\n\nākulāṅ nagarīṅ kṛtvā vyathayitvā ca rāvaṇam.\n\nardayitvā balaṅ ghōraṅ vaidēhīmabhivādya ca৷৷5.57.12৷৷\n\nājagāma mahātējāḥ punarmadhyēna sāgaram.\n\n"
    },
    {
        "sloka": "parvatēndraṅ sunābhaṅ ca samupaspṛśya vīryavān৷৷5.57.13৷৷\n\njyāmukta iva nārācō mahāvēgō.bhyupāgataḥ.\n\n"
    },
    {
        "sloka": "sa kiñcidanusamprāptaḥ samālōkya mahāgirim৷৷5.57.14৷৷\n\nmahēndraṅ mēghasaṅkāśaṅ nanāda haripuṅgavaḥ.\n\n"
    },
    {
        "sloka": "sa pūrayāmāsa kapirdiśō daśa samantataḥ৷৷5.57.15৷৷\n\nnadannādēna mahatā mēghasvanamahāsvanaḥ.\n\n"
    },
    {
        "sloka": "sa taṅ dēśamanuprāptaḥ suhṛddharśanalālasaḥ৷৷5.57.16৷৷\n\nnanāda hariśārdūlō lāṅgūlaṅ cāpyakampayat.\n\n"
    },
    {
        "sloka": "tasya nānadyamānasya suparṇacaritē pathi৷৷5.57.17৷৷\n\nphalatīvāsya ghōṣēṇa gaganaṅ sārkamaṇḍalam.\n\n"
    },
    {
        "sloka": "yē tu tatrōttarē tīrē samudrasya mahābalāḥ৷৷5.57.18৷৷\n\npūrvaṅ saṅviṣṭhitāśśūrā vāyuputradidṛkṣavaḥ.\n\nmahatō vātanunnasya tōyadasyēva garjitam৷৷5.57.19৷৷\n\nśuśruvustē tadā ghōṣamūruvēgaṅ hanūmataḥ.\n\n"
    },
    {
        "sloka": "tē dīnamanasassarvē śuśruvuḥ kānanaukasaḥ৷৷5.57.20৷৷\n\nvānarēndrasya nirghōṣaṅ parjanyaninadōpamam.\n\n"
    },
    {
        "sloka": "niśamya nadatō nādaṅ vānarāstē samantataḥ৷৷5.57.21৷৷\n\nbabhūvurutsukāssarvē suhṛddharśanakāṅkṣiṇaḥ.\n\n"
    },
    {
        "sloka": "jāmbavān sa hariśrēṣṭhaḥ prītisaṅhṛṣṭamānasaḥ৷৷5.57.22৷৷\n\nupāmantrya harīn sarvānidaṅ vacanamabravīt.\n\n"
    },
    {
        "sloka": "sarvathā kṛtakāryō.sau hanumānnātra saṅśayaḥ৷৷5.57.23৷৷\n\nna hyasyākṛtakāryasya nāda ēvaṅvidhō bhavēt.\n\n"
    },
    {
        "sloka": "tasya bāhūruvēgaṅ ca ninādaṅ ca mahātmanaḥ৷৷5.57.24৷৷\n\nniśamya harayō hṛṣṭāḥ samutpētustatastataḥ.\n\n"
    },
    {
        "sloka": "tē nagāgrānnagāgrāṇi śikharācchikharāṇi ca৷৷5.57.25৷৷\n\nprahṛṣṭāḥ samapadyanta hanūmantaṅ didṛkṣavaḥ.\n\n"
    },
    {
        "sloka": "tē prītāḥ pādapāgrēṣu gṛhya śākhāḥ suviṣṭhitāḥ৷৷5.57.26৷৷\n\nvāsāṅsīva praśākhāśca samāvidhyanta vānarāḥ.\n\n"
    },
    {
        "sloka": "girigahvarasaṅlīnō yathā garjati mārutaḥ৷৷5.57.27৷৷\n\nēvaṅ jagarja balavān hanumānmārutātmajaḥ.\n\n"
    },
    {
        "sloka": "tamabhraghanasaṅkāśamāpatantaṅ mahākapim৷৷5.57.28৷৷\n\ndṛṣṭvā tē vānarāssarvē tasthuḥ prāñjalayastadā.\n\n"
    },
    {
        "sloka": "tatastu vēgavāṅstasya girērgirinibhaḥ kapiḥ৷৷5.57.29৷৷\n\nnipapāta mahēndrasya śikharē pādapākulē.\n\n"
    },
    {
        "sloka": "harṣēṇāpūryamāṇō.sau ramyē parvatanirjharē৷৷5.57.30৷৷\n\nchinnapakṣa ivā.kāśātpapāta dharaṇīdharaḥ.\n\n"
    },
    {
        "sloka": "tatastē prītamanasassarvē vānarapuṅgavāḥ৷৷5.57.31৷৷\n\nhanumantaṅ mahātmānaṅ parivāryōpatasthirē.\n\nparivārya ca tē sarvē parāṅ prītimupāgatāḥ৷৷5.57.32৷৷\n\n"
    },
    {
        "sloka": "prahṛṣṭavadanā ssarvē tamarōgamupāgatam.\n\nupāyanāni cādāya mūlāni ca phalāni ca৷৷5.57.33৷৷\n\npratyarcayan hariśrēṣṭhaṅ harayō mārutātmajam.\n\n"
    },
    {
        "sloka": "hanumāṅstu gurūn vṛddhāñjāmbavatpramukhāṅstadā৷৷5.57.34৷৷\n\nkumāramaṅgadaṅ caiva sō.vandata mahākapiḥ.\n\n"
    },
    {
        "sloka": "sa tābhyāṅ pūjitaḥ pūjyaḥ kapibhiśca prasāditaḥ৷৷5.57.35৷৷\n\ndṛṣṭā sītēti vikrānta ssaṅkṣēpēṇa nyavēdayat.\n\n"
    },
    {
        "sloka": "niṣasāda ca hastēna gṛhītvā vālinassutam৷৷5.57.36৷৷\n\nramaṇīyē vanōddēśē mahēndrasya girēstadā.\n\n"
    },
    {
        "sloka": "hanumānabravīddhṛṣṭastadā tānvānararṣabhān৷৷5.57.37৷৷\n\naśōkavanikāsaṅsthā dṛṣṭā sā janakātmajā.\n\nrakṣamāṇā sughōrābhī rākṣasībhiraninditā৷৷5.57.38৷৷\n\nēkavēṇīdharā bālā rāmadarśanalālasā.\n\nupavāsapariśrāntā jaṭilā malinā kṛśā৷৷5.57.39৷৷\n\n"
    },
    {
        "sloka": "tatō dṛṣṭēti vacanaṅ mahārthamamṛtōpamam.\n\nniśamya mārutēssarvē muditā vānarābhavan৷৷5.57.40৷৷\n\n"
    },
    {
        "sloka": "kṣvēlantyanyē nadantyanyē garjantyanyē mahābalāḥ.\n\ncakruḥ kilakilāmanyē pratigarjanti cāparē৷৷5.57.41৷৷\n\n"
    },
    {
        "sloka": "kēciducchritalāṅgūlāḥ prahṛṣṭāḥ kapikuñjarāḥ.\n\nāyatāñcitadīrghāṇi lāṅgūlāni pravivyadhuḥ৷৷5.57.42৷৷\n\n"
    },
    {
        "sloka": "aparē ca hanūmantaṅ vānarā vāraṇōpamam.\n\nāplutya giriśṛṅgēbhyassaṅspṛśanti sma harṣitāḥ৷৷5.57.43৷৷\n\n"
    },
    {
        "sloka": "uktavākyaṅ hanūmantamaṅgadastamathābravīt.\n\nsarvēṣāṅ harivīrāṇāṅ madhyē vacanamuttamam৷৷5.57.44৷৷\n\n"
    },
    {
        "sloka": "sattvē vīryē na tē kaścitsamō vānara vidyatē.\n\nyadavaplutya vistīrṇaṅ sāgaraṅ punarāgataḥ৷৷5.57.45৷৷\n\n"
    },
    {
        "sloka": "ahō svāmini tē bhaktirahō vīryamahō dhṛtiḥ.\n\ndiṣṭyā dṛṣṭā tvayā dēvī rāmapatnī yaśasvinī৷৷5.57.46৷৷\n\ndiṣṭyā tyakṣyati kākutstha śśōkaṅ sītāviyōgajam.\n\n"
    },
    {
        "sloka": "tatō.ṅgadaṅ hanūmantaṅ jāmbavantaṅ ca vānarāḥ৷৷5.57.47৷৷\n\nparivārya pramuditā bhējirē vipulāśśilāḥ.\n\n"
    },
    {
        "sloka": "śrōtukāmāssamudrasya laṅghanaṅ vānarōttamāḥ৷৷5.57.48৷৷\n\ndarśanaṅ cāpi laṅkāyāssītāyā rāvaṇasya ca.\n\ntasthuḥ prāñjalayassarvē hanumadvacanōnmukhāḥ৷৷5.57.49৷৷\n\n"
    },
    {
        "sloka": "tasthau tatrāṅgadaḥ śrīmān vānarairbahubhirvṛtaḥ.\n\nupāsyamānō vibudhairdivi dēvapatiryathā৷৷5.57.50৷৷\n\n"
    },
    {
        "sloka": "hanūmatā kīrtimatā yaśasvinā tathāṅgadēnāṅgadabaddhabāhunā.\n\nmudā tadā.dhyāsitamunnataṅ mahanmahīdharāgraṅ jvalitaṅ śriyābhavat৷৷5.57.51৷৷\n\n"
    }
]