[
    {
        "sloka": "[Hanuman experiences the presence of ogresses hiding on the Simsupa tree.]\n\ntataḥ kamudaṣaṇḍābhō nirmalaṅ nirmalōdayaḥ.\n\nprajagāma nabhaścandrō haṅsō nīlamivōdakam৷৷5.17.1৷৷\n\n"
    },
    {
        "sloka": "sācivyamiva kurvan sa prabhayā nirmalaprabhaḥ.\n\ncandramā raśmibhiśśītaissiṣēvē pavanātmajam৷৷5.17.2৷৷\n\n"
    },
    {
        "sloka": "sa dadarśa tataḥ sītāṅ pūrṇacandranibhānanām.\n\nśōkabhārairiva nyastāṅ bhārairnāvamivāmbhasi৷৷5.17.3৷৷\n\n"
    },
    {
        "sloka": "didṛkṣamāṇō vaidēhīṅ hanumānmārutātmajaḥ.\n\nsa dadarśāvidūrasthā rākṣasīrghōradarśanāḥ৷৷5.17.4৷৷\n\nēkākṣīmēkakarṇāṅ ca karṇaprāvaraṇāṅ tathā.\n\nakarṇāṅ śaṅkukarṇāṅ ca mastakōcchvāsanāsikām৷৷5.17.5৷৷\n\natikāyōttamāṅgīṅ ca tanudīrghaśirōdharām.\n\ndhvastakēśīṅ tathā.kēśīṅ kēśakambaladhāriṇīm৷৷5.17.6৷৷\n\nlambakarṇalalāṭāṅ ca lambōdarapayōdharām.\n\nlambōṣṭhīṅ cubukōṣṭhīṅ ca lambāsyāṅ lambajānukām৷৷5.17.7৷৷\n\nhrasvāṅ dīrghāṅ tathā kubjāṅ vikaṭāṅ vāmanāṅ tathā.\n\nkarālāṅ bhugnavaktrāṅ ca piṅgākṣīṅ vikṛtānanām৷৷5.17.8৷৷\n\n"
    },
    {
        "sloka": "vikṛtāḥ piṅgalāḥ kālīḥ krōdhanāḥ kalahapriyāḥ.\n\nkālāyasamahāśūlakūṭamudgaradhāriṇīḥ৷৷5.17.9৷৷\n\nvarāhamṛgaśārdūlamahiṣājaśivāmukhīḥ.\n\ngajōṣṭrahayapādīśca nikhātaśirasō.parāḥ৷৷5.17.10৷৷\n\nēkahastaikapādāśca kharakarṇyaśvakarṇikāḥ.\n\ngōkarṇīrhastikarṇīśca harikarṇīstathāparāḥ৷৷5.17.11৷৷\n\nanāsā atināsāśca tiryaṅnāsā vināsikāḥ.\n\ngajasannibhanāsāśca lalāṭōcchavāsanāsikāḥ৷৷5.17.12৷৷\n\nhastipādā mahāpādā gōpādāḥ pādacūlikāḥ.\n\natimātraśirōgrīvā atimātrakucōdarīḥ৷৷5.17.13৷৷\n\natimātrāsyanētrāśca dīrghajihvānakhāstathā.\n\najāmukhīrhastimukhīrgōmukhīssūkarīmukhīḥ৷৷5.17.14৷৷\n\nhayōṣṭrakharavaktrāśca rākṣasīrghōradarśanāḥ.\n\nśūlamudgarahastāśca krōdhanāḥ kalahapriyāḥ৷৷5.17.15৷৷\n\nkarālā dhūmrakēśīśca rākṣasīrvikṛtānanāḥ.\n\npibantī: satataṅ pānaṅ sadā māṅsasurāpriyāḥ৷৷5.17.16৷৷\n\nmāṅsaśōṇitadigdhāṅgīrmāṅsaśōṇitabhōjanāḥ.\n\ntā dadarśa kapiśrēṣṭhō rōmaharṣaṇadarśanāḥ৷৷5.17.17৷৷\n\nskandhavantamupāsīnāḥ parivārya vanaspatim.\n\n"
    },
    {
        "sloka": "tasyādhastācca tāṅ dēvīṅ rājaputrīmaninditām৷৷5.17.18৷৷\n\nlakṣayāmāsa lakṣmīvān hanumān janakātmajām.\n\n"
    },
    {
        "sloka": "niṣprabhāṅ śōkasantaptāṅ malasaṅkulamūrdhajām৷৷5.17.19৷৷\n\nkṣīṇapuṇyāṅ cyutāṅ bhūmau tārāṅ nipatitāmiva.\n\n"
    },
    {
        "sloka": "cāritravyapadēśāḍhyāṅ bhartṛdarśanadurgatām৷৷5.17.20৷৷\n\nbhūṣaṇairuttamairhīnāṅ bhartṛvātsalyabhūṣaṇām.\n\n"
    },
    {
        "sloka": "rākṣasādhipasaṅruddhāṅ bandhubhiśca vinā kṛtām৷৷5.17.21৷৷\n\nviyūthāṅ siṅhasaṅruddhāṅ baddhāṅ gajavadhūmiva.\n\n"
    },
    {
        "sloka": "candrarēkhāṅ payōdāntē śāradābhrairivāvṛtām৷৷5.17.22৷৷\n\nkliṣṭarūpāmasaṅsparśādayuktāmiva vallakīm.\n\n"
    },
    {
        "sloka": "sītāṅ bhartṛvaśē yuktāmayuktāṅ rākṣasīvaśē৷৷5.17.23৷৷\n\naśōkavanikāmathyē śōkasāgaramāplutām.\n\ntābhiḥ parivṛtāṅ tatra sagrahāmiva rōhiṇīm৷৷5.17.24৷৷\n\ndadarśa hanumān dēvīṅ latāmakusumāmiva.\n\n"
    },
    {
        "sloka": "sā malēna ca digdhāṅgī vapuṣā cāpyalaṅkṛtā৷৷5.17.25৷৷\n\nmṛṇālī paṅkadigdhēva vibhāti na vibhāti ca.\n\n"
    },
    {
        "sloka": "malinēna tu vastrēṇa parikliṣṭēna bhāminīm৷৷5.17.26৷৷\n\nsaṅvṛtāṅ mṛgaśābākṣīṅ dadarśa hanumān kapiḥ.\n\ntāṅ dēvīṅ dīnavadanāmadīnāṅ bhartṛtējasā৷৷5.17.27৷৷\n\nrakṣitāṅ svēna śīlēna sītāmasitalōcanām.\n\n"
    },
    {
        "sloka": "tāṅ dṛṣṭvā hanumān sītāṅ mṛgaśābanibhēkṣaṇām.\n\nmṛgakanyāmiva trastāṅ vīkṣamāṇāṅ samantataḥ৷৷5.17.28৷৷\n\ndahantīmiva niḥśvāsairvṛkṣān pallavadhāriṇaḥ.\n\nsaṅghātamiva śōkānāṅ duḥkhasyōrmimivōtthitām৷৷5.17.29৷৷\n\n"
    },
    {
        "sloka": "tāṅ kṣamāṅ suvibhaktāṅgī vinābharaṇaśōbhinīm৷৷5.17.30৷৷\n\npraharṣamatulaṅ lēbhē mārutiḥ prēkṣya maithilīm.\n\n"
    },
    {
        "sloka": "harṣajāni ca sō.śrūṇi tāṅ dṛṣṭvā madirēkṣaṇām.\n\nmumucē hanumāṅstatra namaścakrē ca rāghavam৷৷5.17.31৷৷\n\n"
    },
    {
        "sloka": "namaskṛtvā ca rāmāya lakṣmaṇāya ca vīryavān.\n\nsītādarśanasaṅhṛṣṭō hanumān saṅvṛtō.bhavat৷৷5.17.32৷৷\n\n"
    },
    {
        "sloka": "[Hanuman experiences the presence of ogresses hiding on the Simsupa tree.]\n\ntataḥ kamudaṣaṇḍābhō nirmalaṅ nirmalōdayaḥ.\n\nprajagāma nabhaścandrō haṅsō nīlamivōdakam৷৷5.17.1৷৷\n\n"
    },
    {
        "sloka": "sācivyamiva kurvan sa prabhayā nirmalaprabhaḥ.\n\ncandramā raśmibhiśśītaissiṣēvē pavanātmajam৷৷5.17.2৷৷\n\n"
    },
    {
        "sloka": "sa dadarśa tataḥ sītāṅ pūrṇacandranibhānanām.\n\nśōkabhārairiva nyastāṅ bhārairnāvamivāmbhasi৷৷5.17.3৷৷\n\n"
    },
    {
        "sloka": "didṛkṣamāṇō vaidēhīṅ hanumānmārutātmajaḥ.\n\nsa dadarśāvidūrasthā rākṣasīrghōradarśanāḥ৷৷5.17.4৷৷\n\nēkākṣīmēkakarṇāṅ ca karṇaprāvaraṇāṅ tathā.\n\nakarṇāṅ śaṅkukarṇāṅ ca mastakōcchvāsanāsikām৷৷5.17.5৷৷\n\natikāyōttamāṅgīṅ ca tanudīrghaśirōdharām.\n\ndhvastakēśīṅ tathā.kēśīṅ kēśakambaladhāriṇīm৷৷5.17.6৷৷\n\nlambakarṇalalāṭāṅ ca lambōdarapayōdharām.\n\nlambōṣṭhīṅ cubukōṣṭhīṅ ca lambāsyāṅ lambajānukām৷৷5.17.7৷৷\n\nhrasvāṅ dīrghāṅ tathā kubjāṅ vikaṭāṅ vāmanāṅ tathā.\n\nkarālāṅ bhugnavaktrāṅ ca piṅgākṣīṅ vikṛtānanām৷৷5.17.8৷৷\n\n"
    },
    {
        "sloka": "vikṛtāḥ piṅgalāḥ kālīḥ krōdhanāḥ kalahapriyāḥ.\n\nkālāyasamahāśūlakūṭamudgaradhāriṇīḥ৷৷5.17.9৷৷\n\nvarāhamṛgaśārdūlamahiṣājaśivāmukhīḥ.\n\ngajōṣṭrahayapādīśca nikhātaśirasō.parāḥ৷৷5.17.10৷৷\n\nēkahastaikapādāśca kharakarṇyaśvakarṇikāḥ.\n\ngōkarṇīrhastikarṇīśca harikarṇīstathāparāḥ৷৷5.17.11৷৷\n\nanāsā atināsāśca tiryaṅnāsā vināsikāḥ.\n\ngajasannibhanāsāśca lalāṭōcchavāsanāsikāḥ৷৷5.17.12৷৷\n\nhastipādā mahāpādā gōpādāḥ pādacūlikāḥ.\n\natimātraśirōgrīvā atimātrakucōdarīḥ৷৷5.17.13৷৷\n\natimātrāsyanētrāśca dīrghajihvānakhāstathā.\n\najāmukhīrhastimukhīrgōmukhīssūkarīmukhīḥ৷৷5.17.14৷৷\n\nhayōṣṭrakharavaktrāśca rākṣasīrghōradarśanāḥ.\n\nśūlamudgarahastāśca krōdhanāḥ kalahapriyāḥ৷৷5.17.15৷৷\n\nkarālā dhūmrakēśīśca rākṣasīrvikṛtānanāḥ.\n\npibantī: satataṅ pānaṅ sadā māṅsasurāpriyāḥ৷৷5.17.16৷৷\n\nmāṅsaśōṇitadigdhāṅgīrmāṅsaśōṇitabhōjanāḥ.\n\ntā dadarśa kapiśrēṣṭhō rōmaharṣaṇadarśanāḥ৷৷5.17.17৷৷\n\nskandhavantamupāsīnāḥ parivārya vanaspatim.\n\n"
    },
    {
        "sloka": "tasyādhastācca tāṅ dēvīṅ rājaputrīmaninditām৷৷5.17.18৷৷\n\nlakṣayāmāsa lakṣmīvān hanumān janakātmajām.\n\n"
    },
    {
        "sloka": "niṣprabhāṅ śōkasantaptāṅ malasaṅkulamūrdhajām৷৷5.17.19৷৷\n\nkṣīṇapuṇyāṅ cyutāṅ bhūmau tārāṅ nipatitāmiva.\n\n"
    },
    {
        "sloka": "cāritravyapadēśāḍhyāṅ bhartṛdarśanadurgatām৷৷5.17.20৷৷\n\nbhūṣaṇairuttamairhīnāṅ bhartṛvātsalyabhūṣaṇām.\n\n"
    },
    {
        "sloka": "rākṣasādhipasaṅruddhāṅ bandhubhiśca vinā kṛtām৷৷5.17.21৷৷\n\nviyūthāṅ siṅhasaṅruddhāṅ baddhāṅ gajavadhūmiva.\n\n"
    },
    {
        "sloka": "candrarēkhāṅ payōdāntē śāradābhrairivāvṛtām৷৷5.17.22৷৷\n\nkliṣṭarūpāmasaṅsparśādayuktāmiva vallakīm.\n\n"
    },
    {
        "sloka": "sītāṅ bhartṛvaśē yuktāmayuktāṅ rākṣasīvaśē৷৷5.17.23৷৷\n\naśōkavanikāmathyē śōkasāgaramāplutām.\n\ntābhiḥ parivṛtāṅ tatra sagrahāmiva rōhiṇīm৷৷5.17.24৷৷\n\ndadarśa hanumān dēvīṅ latāmakusumāmiva.\n\n"
    },
    {
        "sloka": "sā malēna ca digdhāṅgī vapuṣā cāpyalaṅkṛtā৷৷5.17.25৷৷\n\nmṛṇālī paṅkadigdhēva vibhāti na vibhāti ca.\n\n"
    },
    {
        "sloka": "malinēna tu vastrēṇa parikliṣṭēna bhāminīm৷৷5.17.26৷৷\n\nsaṅvṛtāṅ mṛgaśābākṣīṅ dadarśa hanumān kapiḥ.\n\ntāṅ dēvīṅ dīnavadanāmadīnāṅ bhartṛtējasā৷৷5.17.27৷৷\n\nrakṣitāṅ svēna śīlēna sītāmasitalōcanām.\n\n"
    },
    {
        "sloka": "tāṅ dṛṣṭvā hanumān sītāṅ mṛgaśābanibhēkṣaṇām.\n\nmṛgakanyāmiva trastāṅ vīkṣamāṇāṅ samantataḥ৷৷5.17.28৷৷\n\ndahantīmiva niḥśvāsairvṛkṣān pallavadhāriṇaḥ.\n\nsaṅghātamiva śōkānāṅ duḥkhasyōrmimivōtthitām৷৷5.17.29৷৷\n\n"
    },
    {
        "sloka": "tāṅ kṣamāṅ suvibhaktāṅgī vinābharaṇaśōbhinīm৷৷5.17.30৷৷\n\npraharṣamatulaṅ lēbhē mārutiḥ prēkṣya maithilīm.\n\n"
    },
    {
        "sloka": "harṣajāni ca sō.śrūṇi tāṅ dṛṣṭvā madirēkṣaṇām.\n\nmumucē hanumāṅstatra namaścakrē ca rāghavam৷৷5.17.31৷৷\n\n"
    },
    {
        "sloka": "namaskṛtvā ca rāmāya lakṣmaṇāya ca vīryavān.\n\nsītādarśanasaṅhṛṣṭō hanumān saṅvṛtō.bhavat৷৷5.17.32৷৷\n\n"
    }
]