[
    {
        "sloka": "[Further description of  the aerial car, Pushpaka ]\n\nsa tasya madhyē bhavanasya saṅsthitaṅ\n\nmahadvimānaṅ maṇivajracitritam.\n\nprataptajāmbūnadajālakṛtrimaṅ \n\ndadarśa vīraḥ pavanātmajaḥ kapiḥ৷৷5.8.1৷৷\n\n"
    },
    {
        "sloka": "tadapramēyāpratikārakṛtrimaṅ\n\nkṛtaṅ svayaṅ sādhviti viśvakarmaṇā.\n\ndivaṅ gataṅ vāyupathapratiṣṭhitaṅ\n\nvyarājatādityapathasya lakṣmavat৷৷5.8.2৷৷\n\n"
    },
    {
        "sloka": "na tatra kiñcinna kṛtaṅ prayatnatō\n\nna tatra kiñcinna mahārharatnavat.\n\nna tē viśēṣā niyatāḥ surēṣvapi \n\nna tatra kiñcinna mahāviśēṣavat৷৷5.8.3৷৷\n\n"
    },
    {
        "sloka": "tapaḥ samādhānaparākramārjitaṅ\n\nmanaḥ samādhānavicāracāriṇam.\n\nanēkasaṅsthānaviśēṣanirmitaṅ \n\ntatastatastulyaviśēṣadarśanam৷৷5.8.4৷৷\n\n"
    },
    {
        "sloka": "viśēṣamālambya viśēṣasaṅsthitaṅ \n\nvicitrakūṭaṅ bahukūṭamaṇḍitam.\n\nmanō.bhirāmaṅ śaradindunirmalaṅ \n\nvicitrakūṭaṅ śikharaṅ girēryathā৷৷5.8.5৷৷\n\n"
    },
    {
        "sloka": "vahanti yaṅ kuṇḍalaśōbhitānanāḥ\n\nmahāśanā vyōmacarā niśācarāḥ.\n\nvivṛttavidhvastaviśālalōcanāḥ \n\nmahājavā bhūtagaṇāḥ sahasraśaḥ৷৷5.8.6৷৷\n\n"
    },
    {
        "sloka": "vasantapuṣpōtkaracārudarśanaṅ\n\nvasantamāsādapi kāntadarśanam.\n\nsa puṣpakaṅ tatra vimānamuttamaṅ\n\ndadarśa tadvānaravīrasattamaḥ৷৷5.8.7৷৷\n\n"
    },
    {
        "sloka": "[Further description of  the aerial car, Pushpaka ]\n\nsa tasya madhyē bhavanasya saṅsthitaṅ\n\nmahadvimānaṅ maṇivajracitritam.\n\nprataptajāmbūnadajālakṛtrimaṅ \n\ndadarśa vīraḥ pavanātmajaḥ kapiḥ৷৷5.8.1৷৷\n\n"
    },
    {
        "sloka": "tadapramēyāpratikārakṛtrimaṅ\n\nkṛtaṅ svayaṅ sādhviti viśvakarmaṇā.\n\ndivaṅ gataṅ vāyupathapratiṣṭhitaṅ\n\nvyarājatādityapathasya lakṣmavat৷৷5.8.2৷৷\n\n"
    },
    {
        "sloka": "na tatra kiñcinna kṛtaṅ prayatnatō\n\nna tatra kiñcinna mahārharatnavat.\n\nna tē viśēṣā niyatāḥ surēṣvapi \n\nna tatra kiñcinna mahāviśēṣavat৷৷5.8.3৷৷\n\n"
    },
    {
        "sloka": "tapaḥ samādhānaparākramārjitaṅ\n\nmanaḥ samādhānavicāracāriṇam.\n\nanēkasaṅsthānaviśēṣanirmitaṅ \n\ntatastatastulyaviśēṣadarśanam৷৷5.8.4৷৷\n\n"
    },
    {
        "sloka": "viśēṣamālambya viśēṣasaṅsthitaṅ \n\nvicitrakūṭaṅ bahukūṭamaṇḍitam.\n\nmanō.bhirāmaṅ śaradindunirmalaṅ \n\nvicitrakūṭaṅ śikharaṅ girēryathā৷৷5.8.5৷৷\n\n"
    },
    {
        "sloka": "vahanti yaṅ kuṇḍalaśōbhitānanāḥ\n\nmahāśanā vyōmacarā niśācarāḥ.\n\nvivṛttavidhvastaviśālalōcanāḥ \n\nmahājavā bhūtagaṇāḥ sahasraśaḥ৷৷5.8.6৷৷\n\n"
    },
    {
        "sloka": "vasantapuṣpōtkaracārudarśanaṅ\n\nvasantamāsādapi kāntadarśanam.\n\nsa puṣpakaṅ tatra vimānamuttamaṅ\n\ndadarśa tadvānaravīrasattamaḥ৷৷5.8.7৷৷\n\n"
    }
]