[
    {
        "sloka": "[Guards of Madhuvanam headed by Dadhimukha move to report to Sugriva.]\n\ntānuvāca hariśrēṣṭhō hanumānvānararṣabhaḥ.\n\navyagramanasō yūyaṅ madhu sēvata vānarāḥ৷৷5.62.1৷৷\n\nahamāvārayiṣyāmi yuṣmākaṅ paripanthinaḥ.\n\n"
    },
    {
        "sloka": "śrutvā hanumatō vākyaṅ harīṇāṅ pravarō.ṅgadaḥ৷৷5.62.2৷৷\n\npratyuvāca prasannātmā pibantu harayō madhu.\n\n"
    },
    {
        "sloka": "avaśyaṅ kṛtakāryasya vākyaṅ hanumatō mayā৷৷5.62.3৷৷\n\nakāryamapi kartavyaṅ kimaṅga punarīdṛśam.\n\n"
    },
    {
        "sloka": "aṅgadasya mukhācchrutvāvacanaṅ vānararṣabhāḥ৷৷5.62.4৷৷\n\nsādhusādhviti saṅhṛṣṭā vānarāḥ pratyapūjayan.\n\n"
    },
    {
        "sloka": "pūjayitvāṅgadaṅ sarvē vānarā vānararṣabham৷৷5.62.5৷৷\n\njagmurmadhuvanaṅ yatra nadīvēga iva drumam.\n\n"
    },
    {
        "sloka": "tē praviṣṭā madhuvanaṅ pālānākramya vīryataḥ৷৷5.62.6৷৷\n\natisargācca paṭavō dṛṣṭvā śrutvā ca maithilīm.\n\npapussarvē madhu tadā rasavatphalamādaduḥ৷৷5.62.7৷৷\n\n"
    },
    {
        "sloka": "utpatya ca tatassarvē vanapālān samāgatān.\n\ntāḍayanti sma śataśa ssaktānmadhuvanē tadā৷৷5.62.8৷৷\n\n"
    },
    {
        "sloka": "madhūni drōṇamātrāṇi bāhubhiḥ parigṛhya tē.\n\npibanti sahitā ssarvē nighnanti sma tathāparē৷৷5.62.9৷৷\n\n"
    },
    {
        "sloka": "kēcitpītvā pravidhyanti madhūni madhupiṅgalāḥ.\n\nmadhūcchiṣṭēna kēcicca jagmuranyōnyamutkaṭāḥ৷৷5.62.10৷৷\n\n"
    },
    {
        "sloka": "aparē vṛkṣamūlē tu śākhāṅ gṛhya vyavasthitāḥ.\n\natyarthaṅ ca madaglānāḥ parṇānyāstīrya śēratē৷৷5.62.11৷৷\n\n"
    },
    {
        "sloka": "unmattabhūtāḥ plavagā madhumattāśca hṛṣṭavat.\n\nkṣipanti ca tathānyōnyaṅ skhalanti ca tathā.parē৷৷5.62.12৷৷\n\n"
    },
    {
        "sloka": "kēcit kṣvēlāṅ prakurvanti kēcit kūjanti hṛṣṭavat.\n\nharayōmadhunā mattāḥ kēcitsuptā mahītalē৷৷5.62.13৷৷\n\n"
    },
    {
        "sloka": "kṛtvā kēciddhasantyanyē kēcitkurvanti cētarat.\n\nkṛtvā kēcidvadantyanyē kēcidbudhyanti cētarat৷৷5.62.14৷৷\n\n"
    },
    {
        "sloka": "yē.pyatra madhupālā ssyuḥ prēṣyā dadhimukhasya tu.\n\ntē.pi tairvānarairbhīmaiḥ pratiṣiddhā diśō gatāḥ৷৷5.62.15৷৷\n\n"
    },
    {
        "sloka": "jānubhistu prakṛṣṭāśca dēvamārgaṅ pradarśitāḥ.\n\nabruvan paramōdvignā gatvā dadhimukhaṅ vacaḥ৷৷5.62.16৷৷\n\n"
    },
    {
        "sloka": "hanūmatā dattavarairhataṅ madhuvanaṅ balāt.\n\nvayaṅ ca jānubhiḥ kṛṣṭā dēvamārgaṅ ca darśitāḥ৷৷5.62.17৷৷\n\n"
    },
    {
        "sloka": "tatō dadhimukha: kruddhō vanapastatra vānaraḥ.\n\nhataṅ madhuvanaṅ śrutvā sāntvayāmāsa tān harīn৷৷5.62.18৷৷\n\n"
    },
    {
        "sloka": "ihāgacchata gacchāmō vānarān baladarpitān.\n\nbalēna vārayiṣyāmō madhu bhakṣayatō vayam৷৷5.62.19৷৷\n\n"
    },
    {
        "sloka": "śrutvā dadhimukhasyēdaṅ vacanaṅ vānararṣabhāḥ.\n\npunarvīrā madhuvanaṅ tēnaiva sahasā yayuḥ৷৷5.62.20৷৷\n\n"
    },
    {
        "sloka": "madhyē caiṣāṅ dadhimukhaḥ pragṛhya tarasā tarum.\n\nsamabhyadhāvadvēgēna tē ca sarvē plavaṅgamāḥ৷৷5.62.21৷৷\n\n"
    },
    {
        "sloka": "tē śilāḥ pādapāṅścāpi parvatāṅścāpi vānarāḥ.\n\ngṛhītvā৷৷bhyagaman kruddhā yatra tē kapikuñjarāḥ৷৷5.62.22৷৷\n\n"
    },
    {
        "sloka": "tē svāmivacanaṅ vīrā hṛdayēṣvavasajya tat.\n\ntvarayā hyabhyadhāvanta sālatālaśilāyudhāḥ৷৷5.62.23৷৷\n\n"
    },
    {
        "sloka": "vṛkṣasthāṅśca talasthāṅśca vānarān baladarpitān.\n\nabhyakrāmaṅstatō vīrāḥ pālāstatra sahasraśaḥ৷৷5.62.24৷৷\n\n"
    },
    {
        "sloka": "atha dṛṣṭvā dadhimukhaṅ kruddhaṅ vānarapuṅgavāḥ.\n\nabhyadhāvanta vēgēna hanumatpramukhāstadā৷৷5.62.25৷৷\n\n"
    },
    {
        "sloka": "taṅ savṛkṣaṅ mahābāhumāpatantaṅ mahābalam.\n\nāryakaṅ prāharattatra bāhubhyāṅ kupitō.ṅgadaḥ৷৷5.62.26৷৷\n\n"
    },
    {
        "sloka": "madāndhaśca na vēdainamāryakō.yaṅ mamēti saḥ.\n\nathainaṅ niṣpipēṣāśu vēgavadvasudhātalē৷৷5.62.27৷৷\n\n"
    },
    {
        "sloka": "sa bhagnabāhūrubhujō vihvalaśśōṇitōkṣitaḥ.\n\nmumōha sahasā vīrō muhūrtaṅ kapikuñjaraḥ৷৷5.62.28৷৷\n\n"
    },
    {
        "sloka": "sa samāśvasya sahasā saṅkṛddhō rājamātulaḥ.\n\nvānarānvārayāmāsa daṇḍēna madhumōhitān৷৷5.62.29৷৷\n\n"
    },
    {
        "sloka": "sa kathañcidvimuktasstairvānarairvānararṣabhaḥ.\n\nuvācaikāntamāśritya bhṛtyān svān samupāgatān৷৷5.62.30৷৷\n\n"
    },
    {
        "sloka": "ētē tiṣṭhantu gacchāmō bhartā nō yatra vānaraḥ.\n\nsugrīvō vipulagrīvaḥ saha rāmēṇa tiṣṭhati৷৷5.62.31৷৷\n\n"
    },
    {
        "sloka": "sarvaṅ caivāṅgadē dōṣaṅ śrāvayiṣyāmi pārthivē.\n\namarṣī vacanaṅ śrutvā ghātayiṣyati vānarān৷৷5.62.32৷৷\n\n"
    },
    {
        "sloka": "iṣṭaṅ madhuvanaṅ hyētatpārthivasya mahātmanaḥ.\n\npitṛpaitāmahaṅ divyaṅ dēvairapi durāsadam৷৷5.62.33৷৷\n\n"
    },
    {
        "sloka": "sa vānarānimān sarvān madhulubdhān gatāyuṣaḥ.\n\nghātayiṣyati daṇḍēna sugrīvassasuhṛjjanān৷৷5.62.34৷৷\n\n"
    },
    {
        "sloka": "vadhyā hyētē durātmānō nṛpājñāparibhāvinaḥ.\n\namarṣaprabhavō rōṣassaphalō nō bhaviṣyati৷৷5.62.35৷৷\n\n"
    },
    {
        "sloka": "ēvamuktvā dadhimukhō vanapālānmahābalaḥ.\n\njagāma sahasōtpatya vanapālaissamanvitaḥ৷৷5.62.36৷৷\n\n"
    },
    {
        "sloka": "nimēṣāntaramātrēṇa sa hi prāptō vanālayaḥ.\n\nsahasrāṅśusutō dhīmān sugrīvō yatra vānaraḥ৷৷5.62.37৷৷\n\n"
    },
    {
        "sloka": "rāmaṅ ca lakṣmaṇaṅ caiva dṛṣṭvā sugrīvamēva ca.\n\nsamapratiṣṭhāṅ jagatīmākāśānnipapāta ha৷৷5.62.38৷৷\n\n"
    },
    {
        "sloka": "sannipatya mahāvīryassarvaistai: parivāritaḥ.\n\nharirdadhimukhaḥ pālaiḥ pālānāṅ paramēśvaraḥ৷৷5.62.39৷৷\n\nsa dīnavadanō bhūtvā kṛtvā śirasi cāñjalim.\n\nsugrīvasya śubhau mūrdhnā caraṇau patyapīḍayat৷৷5.62.40৷৷\n\n"
    },
    {
        "sloka": "[Guards of Madhuvanam headed by Dadhimukha move to report to Sugriva.]\n\ntānuvāca hariśrēṣṭhō hanumānvānararṣabhaḥ.\n\navyagramanasō yūyaṅ madhu sēvata vānarāḥ৷৷5.62.1৷৷\n\nahamāvārayiṣyāmi yuṣmākaṅ paripanthinaḥ.\n\n"
    },
    {
        "sloka": "śrutvā hanumatō vākyaṅ harīṇāṅ pravarō.ṅgadaḥ৷৷5.62.2৷৷\n\npratyuvāca prasannātmā pibantu harayō madhu.\n\n"
    },
    {
        "sloka": "avaśyaṅ kṛtakāryasya vākyaṅ hanumatō mayā৷৷5.62.3৷৷\n\nakāryamapi kartavyaṅ kimaṅga punarīdṛśam.\n\n"
    },
    {
        "sloka": "aṅgadasya mukhācchrutvāvacanaṅ vānararṣabhāḥ৷৷5.62.4৷৷\n\nsādhusādhviti saṅhṛṣṭā vānarāḥ pratyapūjayan.\n\n"
    },
    {
        "sloka": "pūjayitvāṅgadaṅ sarvē vānarā vānararṣabham৷৷5.62.5৷৷\n\njagmurmadhuvanaṅ yatra nadīvēga iva drumam.\n\n"
    },
    {
        "sloka": "tē praviṣṭā madhuvanaṅ pālānākramya vīryataḥ৷৷5.62.6৷৷\n\natisargācca paṭavō dṛṣṭvā śrutvā ca maithilīm.\n\npapussarvē madhu tadā rasavatphalamādaduḥ৷৷5.62.7৷৷\n\n"
    },
    {
        "sloka": "utpatya ca tatassarvē vanapālān samāgatān.\n\ntāḍayanti sma śataśa ssaktānmadhuvanē tadā৷৷5.62.8৷৷\n\n"
    },
    {
        "sloka": "madhūni drōṇamātrāṇi bāhubhiḥ parigṛhya tē.\n\npibanti sahitā ssarvē nighnanti sma tathāparē৷৷5.62.9৷৷\n\n"
    },
    {
        "sloka": "kēcitpītvā pravidhyanti madhūni madhupiṅgalāḥ.\n\nmadhūcchiṣṭēna kēcicca jagmuranyōnyamutkaṭāḥ৷৷5.62.10৷৷\n\n"
    },
    {
        "sloka": "aparē vṛkṣamūlē tu śākhāṅ gṛhya vyavasthitāḥ.\n\natyarthaṅ ca madaglānāḥ parṇānyāstīrya śēratē৷৷5.62.11৷৷\n\n"
    },
    {
        "sloka": "unmattabhūtāḥ plavagā madhumattāśca hṛṣṭavat.\n\nkṣipanti ca tathānyōnyaṅ skhalanti ca tathā.parē৷৷5.62.12৷৷\n\n"
    },
    {
        "sloka": "kēcit kṣvēlāṅ prakurvanti kēcit kūjanti hṛṣṭavat.\n\nharayōmadhunā mattāḥ kēcitsuptā mahītalē৷৷5.62.13৷৷\n\n"
    },
    {
        "sloka": "kṛtvā kēciddhasantyanyē kēcitkurvanti cētarat.\n\nkṛtvā kēcidvadantyanyē kēcidbudhyanti cētarat৷৷5.62.14৷৷\n\n"
    },
    {
        "sloka": "yē.pyatra madhupālā ssyuḥ prēṣyā dadhimukhasya tu.\n\ntē.pi tairvānarairbhīmaiḥ pratiṣiddhā diśō gatāḥ৷৷5.62.15৷৷\n\n"
    },
    {
        "sloka": "jānubhistu prakṛṣṭāśca dēvamārgaṅ pradarśitāḥ.\n\nabruvan paramōdvignā gatvā dadhimukhaṅ vacaḥ৷৷5.62.16৷৷\n\n"
    },
    {
        "sloka": "hanūmatā dattavarairhataṅ madhuvanaṅ balāt.\n\nvayaṅ ca jānubhiḥ kṛṣṭā dēvamārgaṅ ca darśitāḥ৷৷5.62.17৷৷\n\n"
    },
    {
        "sloka": "tatō dadhimukha: kruddhō vanapastatra vānaraḥ.\n\nhataṅ madhuvanaṅ śrutvā sāntvayāmāsa tān harīn৷৷5.62.18৷৷\n\n"
    },
    {
        "sloka": "ihāgacchata gacchāmō vānarān baladarpitān.\n\nbalēna vārayiṣyāmō madhu bhakṣayatō vayam৷৷5.62.19৷৷\n\n"
    },
    {
        "sloka": "śrutvā dadhimukhasyēdaṅ vacanaṅ vānararṣabhāḥ.\n\npunarvīrā madhuvanaṅ tēnaiva sahasā yayuḥ৷৷5.62.20৷৷\n\n"
    },
    {
        "sloka": "madhyē caiṣāṅ dadhimukhaḥ pragṛhya tarasā tarum.\n\nsamabhyadhāvadvēgēna tē ca sarvē plavaṅgamāḥ৷৷5.62.21৷৷\n\n"
    },
    {
        "sloka": "tē śilāḥ pādapāṅścāpi parvatāṅścāpi vānarāḥ.\n\ngṛhītvā৷৷bhyagaman kruddhā yatra tē kapikuñjarāḥ৷৷5.62.22৷৷\n\n"
    },
    {
        "sloka": "tē svāmivacanaṅ vīrā hṛdayēṣvavasajya tat.\n\ntvarayā hyabhyadhāvanta sālatālaśilāyudhāḥ৷৷5.62.23৷৷\n\n"
    },
    {
        "sloka": "vṛkṣasthāṅśca talasthāṅśca vānarān baladarpitān.\n\nabhyakrāmaṅstatō vīrāḥ pālāstatra sahasraśaḥ৷৷5.62.24৷৷\n\n"
    },
    {
        "sloka": "atha dṛṣṭvā dadhimukhaṅ kruddhaṅ vānarapuṅgavāḥ.\n\nabhyadhāvanta vēgēna hanumatpramukhāstadā৷৷5.62.25৷৷\n\n"
    },
    {
        "sloka": "taṅ savṛkṣaṅ mahābāhumāpatantaṅ mahābalam.\n\nāryakaṅ prāharattatra bāhubhyāṅ kupitō.ṅgadaḥ৷৷5.62.26৷৷\n\n"
    },
    {
        "sloka": "madāndhaśca na vēdainamāryakō.yaṅ mamēti saḥ.\n\nathainaṅ niṣpipēṣāśu vēgavadvasudhātalē৷৷5.62.27৷৷\n\n"
    },
    {
        "sloka": "sa bhagnabāhūrubhujō vihvalaśśōṇitōkṣitaḥ.\n\nmumōha sahasā vīrō muhūrtaṅ kapikuñjaraḥ৷৷5.62.28৷৷\n\n"
    },
    {
        "sloka": "sa samāśvasya sahasā saṅkṛddhō rājamātulaḥ.\n\nvānarānvārayāmāsa daṇḍēna madhumōhitān৷৷5.62.29৷৷\n\n"
    },
    {
        "sloka": "sa kathañcidvimuktasstairvānarairvānararṣabhaḥ.\n\nuvācaikāntamāśritya bhṛtyān svān samupāgatān৷৷5.62.30৷৷\n\n"
    },
    {
        "sloka": "ētē tiṣṭhantu gacchāmō bhartā nō yatra vānaraḥ.\n\nsugrīvō vipulagrīvaḥ saha rāmēṇa tiṣṭhati৷৷5.62.31৷৷\n\n"
    },
    {
        "sloka": "sarvaṅ caivāṅgadē dōṣaṅ śrāvayiṣyāmi pārthivē.\n\namarṣī vacanaṅ śrutvā ghātayiṣyati vānarān৷৷5.62.32৷৷\n\n"
    },
    {
        "sloka": "iṣṭaṅ madhuvanaṅ hyētatpārthivasya mahātmanaḥ.\n\npitṛpaitāmahaṅ divyaṅ dēvairapi durāsadam৷৷5.62.33৷৷\n\n"
    },
    {
        "sloka": "sa vānarānimān sarvān madhulubdhān gatāyuṣaḥ.\n\nghātayiṣyati daṇḍēna sugrīvassasuhṛjjanān৷৷5.62.34৷৷\n\n"
    },
    {
        "sloka": "vadhyā hyētē durātmānō nṛpājñāparibhāvinaḥ.\n\namarṣaprabhavō rōṣassaphalō nō bhaviṣyati৷৷5.62.35৷৷\n\n"
    },
    {
        "sloka": "ēvamuktvā dadhimukhō vanapālānmahābalaḥ.\n\njagāma sahasōtpatya vanapālaissamanvitaḥ৷৷5.62.36৷৷\n\n"
    },
    {
        "sloka": "nimēṣāntaramātrēṇa sa hi prāptō vanālayaḥ.\n\nsahasrāṅśusutō dhīmān sugrīvō yatra vānaraḥ৷৷5.62.37৷৷\n\n"
    },
    {
        "sloka": "rāmaṅ ca lakṣmaṇaṅ caiva dṛṣṭvā sugrīvamēva ca.\n\nsamapratiṣṭhāṅ jagatīmākāśānnipapāta ha৷৷5.62.38৷৷\n\n"
    },
    {
        "sloka": "sannipatya mahāvīryassarvaistai: parivāritaḥ.\n\nharirdadhimukhaḥ pālaiḥ pālānāṅ paramēśvaraḥ৷৷5.62.39৷৷\n\nsa dīnavadanō bhūtvā kṛtvā śirasi cāñjalim.\n\nsugrīvasya śubhau mūrdhnā caraṇau patyapīḍayat৷৷5.62.40৷৷\n\n"
    }
]