[
    {
        "sloka": "[Hanuman apprises Sri Rama of Sita's presence under the Simsupa tree surrounded by demonesses and presents the Chudamani to Rama in the presence of Sugriva.]\n\ntataḥ prasravaṇaṅ śailaṅ tē gatvā citrakānanam.\n\npraṇamya śirasā rāmaṅ lakṣmaṇaṅ ca mahābalam৷৷5.65.1৷৷\n\nyuvarājaṅ puraskṛtya sugrīvamabhivādya ca.\n\npravṛttimatha sītāyāḥ pravaktumupacakramuḥ৷৷5.65.2৷৷\n\n"
    },
    {
        "sloka": "rāvaṇāntaḥ purē rōdhaṅ rākṣasībhiśca tarjanam.\n\nrāmē samanurāgaṅ ca yaścāyaṅ samayaḥ kṛtaḥ৷৷5.65.3৷৷\n\nētadākhyānti tē sarvē harayō rāmasannidhau.\n\n"
    },
    {
        "sloka": "vaidēhīmakṣatāṅ śrutvā rāmastūttaramabravīt৷৷5.65.4৷৷\n\nkva sītā vartatē dēvī kathaṅ ca mayi vartatē.\n\nētanmē sarvamākhyāta vaidēhīṅ prati vānarāḥ৷৷5.65.5৷৷\n\n"
    },
    {
        "sloka": "rāmasya gaditaṅ śrutvā harayō rāmasannidhau.\n\ncōdayanti hanūmantaṅ sītāvṛttāntakōvidam৷৷5.65.6৷৷\n\n"
    },
    {
        "sloka": "śrutvā tu vacanaṅ tēṣāṅ hanumānmārutātmajaḥ.\n\npraṇamya śirasā dēvyai sītāyai tāṅ diśaṅ prati৷৷5.65.7৷৷\n\nuvāca vākyaṅ vākyajñassītāyā darśanaṅ yathā.\n\n"
    },
    {
        "sloka": "samudraṅ laṅghayitvāhaṅ śatayōjanamāyatam৷৷5.65.8৷৷\n\nagacchaṅ jānakīṅ sītāṅ mārgamāṇō didṛkṣayā.\n\n"
    },
    {
        "sloka": "tatra laṅkēti nagarī rāvaṇasya durātmanaḥ৷৷5.65.9৷৷\n\ndakṣiṇasya samudrasya tīrē vasati dakṣiṇē.\n\n"
    },
    {
        "sloka": "tatra dṛṣṭā mayā sītā rāvaṇāntaḥ purē satī৷৷5.65.10৷৷\n\nsannyasya tvayi jīvantī rāmā rāma manōratham.\n\n"
    },
    {
        "sloka": "dṛṣṭā mē rākṣasīmadhyē tarjyamānā muhurmuhuḥ৷৷5.65.11৷৷\n\nrākṣasībhirvirūpābhī rakṣitā pramadāvanē.\n\n"
    },
    {
        "sloka": "duḥkha māsādyatē dēvī tathā.duḥkhōcitā satī৷৷5.65.12৷৷\n\nrāvaṇāntaḥ purē ruddhā rākṣasībhi ssurakṣitā.\n\nēkavēṇīdharā dīnā tvayi cintāparāyaṇā৷৷5.65.13৷৷\n\nadhaḥśayyā vivarṇāṅgī padminīva himāgamē.\n\nrāvaṇādvinivṛttārthā martavyakṛtaniścayā৷৷5.65.14৷৷\n\ndēvī kathañcitkākutstha tvanmanā mārgitā mayā.\n\n"
    },
    {
        "sloka": "ikṣvākuvaṅśavikhyātiṅ śanaiḥ kīrtayatānagha৷৷5.65.15৷৷\n\nsā mayā naraśārdūla viśvāsamupapāditā.\n\n"
    },
    {
        "sloka": "tata ssambhāṣitā dēvī sarvamarthaṅ ca darśitā৷৷5.65.16৷৷\n\nrāmasugrīvasakhyaṅ ca śrutvā prītimupāgatā.\n\nniyata ssamudācārō bhaktiścāsyāstathā tvayi৷৷5.65.17৷৷\n\n"
    },
    {
        "sloka": "ēvaṅ mayā mahābhāgā dṛṣṭā janakanandinī.\n\nugrēṇa tapasā yuktā tvadbhaktyā puruṣarṣabha৷৷5.65.18৷৷\n\n"
    },
    {
        "sloka": "abhijñānaṅ ca mē dattaṅ yathā vṛttaṅ tavāntikē.\n\ncitrakūṭē mahāprājña vāyasaṅ prati rāghava৷৷5.65.19৷৷\n\n"
    },
    {
        "sloka": "vijñāpyaśca naravyāghrō rāmō vāyusuta tvayā.\n\nakhilēnēha yaddhṛṣṭamiti māmāha jānakī৷৷5.65.20৷৷\n\n"
    },
    {
        "sloka": "ayaṅ cāsmai pradātavyō yatnātsuparirakṣitaḥ.\n\nbruvatā vacanānyēvaṅ sugrīvasyōpaśṛṇvataḥ৷৷5.65.21৷৷\n\n"
    },
    {
        "sloka": "ēṣa cūḍāmaṇiśśrīmān mayā suparirakṣitaḥ.\n\nmanaśśilāyāstilakō gaṇḍapārśvē nivēśitaḥ৷৷5.65.22৷৷\n\ntvayā praṇaṣṭhē tilakē taṅ kila smartumarhasi.\n\n"
    },
    {
        "sloka": "ēṣa niryātitaśśrīmānmayā tē vāri sambhavaḥ.\n\nētaṅ dṛṣṭvā prahṛṣyāmi vyasanē tvāmivānagha৷৷5.65.23৷৷\n\n"
    },
    {
        "sloka": "jīvitaṅ dhārayiṣyāmi māsaṅ daśarathātmaja৷৷5.65.24৷৷\n\nūrdhvaṅ māsānna jīvēyaṅ rakṣasāṅ vaśamāgatā.\n\n"
    },
    {
        "sloka": "iti māmabravītsītā kṛśāṅgī dharmacāriṇī৷৷5.65.25৷৷\n\nrāvaṇāntaḥ purē ruddhā mṛgīvōtphullalōcanā.\n\n"
    },
    {
        "sloka": "ētadēva mayākhyātaṅ sarvaṅ rāghava yadyathā৷৷5.65.26৷৷\n\nsarvathā sāgarajalē saṅtāraḥ pravidhīyatām.\n\n"
    },
    {
        "sloka": "tau jātāśvāsau rājaputrau viditvā taccābhijñānaṅ rāghavāya pradāya.\n\ndēvyā cākhyātaṅ sarvamēvānupūrvyādvācā sampūrṇaṅ vāyuputtra śśaśaṅsa৷৷5.65.27৷৷\n\n"
    },
    {
        "sloka": "[Hanuman apprises Sri Rama of Sita's presence under the Simsupa tree surrounded by demonesses and presents the Chudamani to Rama in the presence of Sugriva.]\n\ntataḥ prasravaṇaṅ śailaṅ tē gatvā citrakānanam.\n\npraṇamya śirasā rāmaṅ lakṣmaṇaṅ ca mahābalam৷৷5.65.1৷৷\n\nyuvarājaṅ puraskṛtya sugrīvamabhivādya ca.\n\npravṛttimatha sītāyāḥ pravaktumupacakramuḥ৷৷5.65.2৷৷\n\n"
    },
    {
        "sloka": "rāvaṇāntaḥ purē rōdhaṅ rākṣasībhiśca tarjanam.\n\nrāmē samanurāgaṅ ca yaścāyaṅ samayaḥ kṛtaḥ৷৷5.65.3৷৷\n\nētadākhyānti tē sarvē harayō rāmasannidhau.\n\n"
    },
    {
        "sloka": "vaidēhīmakṣatāṅ śrutvā rāmastūttaramabravīt৷৷5.65.4৷৷\n\nkva sītā vartatē dēvī kathaṅ ca mayi vartatē.\n\nētanmē sarvamākhyāta vaidēhīṅ prati vānarāḥ৷৷5.65.5৷৷\n\n"
    },
    {
        "sloka": "rāmasya gaditaṅ śrutvā harayō rāmasannidhau.\n\ncōdayanti hanūmantaṅ sītāvṛttāntakōvidam৷৷5.65.6৷৷\n\n"
    },
    {
        "sloka": "śrutvā tu vacanaṅ tēṣāṅ hanumānmārutātmajaḥ.\n\npraṇamya śirasā dēvyai sītāyai tāṅ diśaṅ prati৷৷5.65.7৷৷\n\nuvāca vākyaṅ vākyajñassītāyā darśanaṅ yathā.\n\n"
    },
    {
        "sloka": "samudraṅ laṅghayitvāhaṅ śatayōjanamāyatam৷৷5.65.8৷৷\n\nagacchaṅ jānakīṅ sītāṅ mārgamāṇō didṛkṣayā.\n\n"
    },
    {
        "sloka": "tatra laṅkēti nagarī rāvaṇasya durātmanaḥ৷৷5.65.9৷৷\n\ndakṣiṇasya samudrasya tīrē vasati dakṣiṇē.\n\n"
    },
    {
        "sloka": "tatra dṛṣṭā mayā sītā rāvaṇāntaḥ purē satī৷৷5.65.10৷৷\n\nsannyasya tvayi jīvantī rāmā rāma manōratham.\n\n"
    },
    {
        "sloka": "dṛṣṭā mē rākṣasīmadhyē tarjyamānā muhurmuhuḥ৷৷5.65.11৷৷\n\nrākṣasībhirvirūpābhī rakṣitā pramadāvanē.\n\n"
    },
    {
        "sloka": "duḥkha māsādyatē dēvī tathā.duḥkhōcitā satī৷৷5.65.12৷৷\n\nrāvaṇāntaḥ purē ruddhā rākṣasībhi ssurakṣitā.\n\nēkavēṇīdharā dīnā tvayi cintāparāyaṇā৷৷5.65.13৷৷\n\nadhaḥśayyā vivarṇāṅgī padminīva himāgamē.\n\nrāvaṇādvinivṛttārthā martavyakṛtaniścayā৷৷5.65.14৷৷\n\ndēvī kathañcitkākutstha tvanmanā mārgitā mayā.\n\n"
    },
    {
        "sloka": "ikṣvākuvaṅśavikhyātiṅ śanaiḥ kīrtayatānagha৷৷5.65.15৷৷\n\nsā mayā naraśārdūla viśvāsamupapāditā.\n\n"
    },
    {
        "sloka": "tata ssambhāṣitā dēvī sarvamarthaṅ ca darśitā৷৷5.65.16৷৷\n\nrāmasugrīvasakhyaṅ ca śrutvā prītimupāgatā.\n\nniyata ssamudācārō bhaktiścāsyāstathā tvayi৷৷5.65.17৷৷\n\n"
    },
    {
        "sloka": "ēvaṅ mayā mahābhāgā dṛṣṭā janakanandinī.\n\nugrēṇa tapasā yuktā tvadbhaktyā puruṣarṣabha৷৷5.65.18৷৷\n\n"
    },
    {
        "sloka": "abhijñānaṅ ca mē dattaṅ yathā vṛttaṅ tavāntikē.\n\ncitrakūṭē mahāprājña vāyasaṅ prati rāghava৷৷5.65.19৷৷\n\n"
    },
    {
        "sloka": "vijñāpyaśca naravyāghrō rāmō vāyusuta tvayā.\n\nakhilēnēha yaddhṛṣṭamiti māmāha jānakī৷৷5.65.20৷৷\n\n"
    },
    {
        "sloka": "ayaṅ cāsmai pradātavyō yatnātsuparirakṣitaḥ.\n\nbruvatā vacanānyēvaṅ sugrīvasyōpaśṛṇvataḥ৷৷5.65.21৷৷\n\n"
    },
    {
        "sloka": "ēṣa cūḍāmaṇiśśrīmān mayā suparirakṣitaḥ.\n\nmanaśśilāyāstilakō gaṇḍapārśvē nivēśitaḥ৷৷5.65.22৷৷\n\ntvayā praṇaṣṭhē tilakē taṅ kila smartumarhasi.\n\n"
    },
    {
        "sloka": "ēṣa niryātitaśśrīmānmayā tē vāri sambhavaḥ.\n\nētaṅ dṛṣṭvā prahṛṣyāmi vyasanē tvāmivānagha৷৷5.65.23৷৷\n\n"
    },
    {
        "sloka": "jīvitaṅ dhārayiṣyāmi māsaṅ daśarathātmaja৷৷5.65.24৷৷\n\nūrdhvaṅ māsānna jīvēyaṅ rakṣasāṅ vaśamāgatā.\n\n"
    },
    {
        "sloka": "iti māmabravītsītā kṛśāṅgī dharmacāriṇī৷৷5.65.25৷৷\n\nrāvaṇāntaḥ purē ruddhā mṛgīvōtphullalōcanā.\n\n"
    },
    {
        "sloka": "ētadēva mayākhyātaṅ sarvaṅ rāghava yadyathā৷৷5.65.26৷৷\n\nsarvathā sāgarajalē saṅtāraḥ pravidhīyatām.\n\n"
    },
    {
        "sloka": "tau jātāśvāsau rājaputrau viditvā taccābhijñānaṅ rāghavāya pradāya.\n\ndēvyā cākhyātaṅ sarvamēvānupūrvyādvācā sampūrṇaṅ vāyuputtra śśaśaṅsa৷৷5.65.27৷৷\n\n"
    }
]