[
    {
        "sloka": "[Hanuman further narrates his story to Sita -- Gives description of Rama and Lakshmana] \n\ntāṅ tu rāmakathāṅ śrutvā vaidēhī vānararṣabhāt.\n\nuvāca vacanaṅ sāntvamidaṅ madhurayā girā৷৷5.35.1৷৷\n\n"
    },
    {
        "sloka": "kva tē rāmēṇa saṅsargaḥ kathaṅ jānāsi lakṣmaṇam.\n\nvānarāṇāṅ narāṇāṅ ca kathamāsītsamāgamaḥ৷৷5.35.2৷৷\n\n"
    },
    {
        "sloka": "yāni rāmasya liṅgāni lakṣmaṇasya ca vānara.\n\ntāni bhūyassamācakṣva na māṅ śōkassamāviśēt৷৷5.35.3৷৷\n\n"
    },
    {
        "sloka": "kīdṛśaṅ tasya saṅsthānaṅ rūpaṅ rāmasya kīdṛśam.\n\nkathamūrū kathaṅ bāhū lakṣmaṇasya ca śaṅsa mē৷৷5.35.4৷৷\n\n"
    },
    {
        "sloka": "ēvamuktastu vaidēhyā hanumānmārutātmajaḥ.\n\ntatō rāmaṅ yathātattvamākhyātumupacakramē৷৷5.35.5৷৷\n\n"
    },
    {
        "sloka": "jānantī bata diṣṭyā māṅ vaidēhi paripṛcchasi.\n\nbhartuḥ kamalapattrākṣi saṅsthānaṅ lakṣmaṇasya ca৷৷5.35.6৷৷\n\n"
    },
    {
        "sloka": "yāni rāmasya cihnāni lakṣmaṇasya ca yāni vai.\n\nlakṣitāni viśālākṣi vadataśśṛṇu tāni mē৷৷5.35.7৷৷\n\n"
    },
    {
        "sloka": "rāmaḥ kamalapattrākṣa ssarvasattvamanōharaḥ.\n\nrūpadākṣiṇyasampannaḥ prasūtō janakātmajē৷৷5.35.8৷৷\n\n"
    },
    {
        "sloka": "tējasā.ditya saṅkāśaḥ kṣamayā pṛthivīsamaḥ.\n\nbṛhaspatisamō buddhyā yaśasā vāsavōpamaḥ৷৷5.35.9৷৷\n\n"
    },
    {
        "sloka": "rakṣitā jīvalōkasya svajanasyābhirakṣitā.\n\nrakṣitā svasya vṛttasya dharmasya ca parantapaḥ৷৷5.35.10৷৷\n\n"
    },
    {
        "sloka": "rāmō bhāmini lōkasya cāturvarṇyasya rakṣitā.\n\nmaryādānāṅ ca lōkasya kartā kārayitā ca saḥ৷৷5.35.11৷৷\n\n"
    },
    {
        "sloka": "arciṣmānarcitō.tyarthaṅ brahmacaryavratē sthitaḥ.\n\nsādhūnāmupakārajñaḥ pracārajñaśca karmaṇām৷৷5.35.12৷৷\n\n"
    },
    {
        "sloka": "rājavidyāvinītaśca brāhmaṇānāmupāsitā.\n\nśrutavānśīlasampannō vinītaśca parantapaḥ৷৷5.35.13৷৷\n\n"
    },
    {
        "sloka": "yajurvēdavinītaśca vēdavidbhissupūjitaḥ.\n\ndhanurvēdē ca vēdēṣu vēdāṅgēṣu ca niṣṭhitaḥ৷৷5.35.14৷৷\n\n"
    },
    {
        "sloka": "vipulāṅsō mahābāhuḥ kambugrīvaśśubhānanaḥ.\n\ngūḍhajatrussutāmrākṣō rāmō dēvi janai śśrutaḥ৷৷5.35.15৷৷\n\n"
    },
    {
        "sloka": "dundubhisvananirghōṣa ssnigdhavarṇaḥ pratāpavān.\n\nsama ssamavibhaktāṅgō varṇaṅ śyāmaṅ samāśritaḥ৷৷5.35.16৷৷\n\n"
    },
    {
        "sloka": "tristhirastripralambaśca trisamastriṣu cōnnataḥ.\n\ntritāmrastriṣu ca snigdhō gambhīrastriṣu nityaśaḥ৷৷5.35.17৷৷\n\n"
    },
    {
        "sloka": "trivalīvāṅstryavanataścaturvyaṅgastriśīrṣavān.\n\ncatuṣkalaścaturlēkhaścatuṣkiṣkuścatu ssamaḥ৷৷5.35.18৷৷\n\n"
    },
    {
        "sloka": "caturdaśasamadvandvaścaturdaṅṣṭraścaturgatiḥ.\n\nmahōṣṭhahanunāsaśca pañcasnigdhō.ṣṭavaṅśavān৷৷5.35.19৷৷\n\n"
    },
    {
        "sloka": "daśapadmō daśabṛhattribhirvyāptō dviśuklavān.\n\nṣaḍunnatō navatanustribhirvyāpnōti rāghavaḥ৷৷5.35.20৷৷\n\n"
    },
    {
        "sloka": "satyadharmaparaśśrīmān saṅgrahānugrahē rataḥ.\n\ndēśakālavibhāgajñassarvalōkapriyaṅvadaḥ৷৷5.35.21৷৷\n\n"
    },
    {
        "sloka": "bhrātā tasya ca dvaimātrassaumitriraparājitaḥ.\n\nanurāgēṇa rūpēṇa guṇaiścaiva tathāvidhaḥ৷৷5.35.22৷৷\n\n"
    },
    {
        "sloka": "tāvubhau naraśārdūlau tvaddarśanasamutsukau.\n\nvicinvantau mahīṅ kṛtsnāmasmābhirabhisaṅgatau৷৷5.35.23৷৷\n\n"
    },
    {
        "sloka": "tvāmēva mārgamāṇau tau vicarantau vasundharām.\n\ndadarśaturmṛgapatiṅ pūrvajēnāvarōpitam৷৷5.35.24৷৷\n\nṛśyamūkasya pṛṣṭhē tu bahupādapasaṅkulē.\n\nbhrāturbhayārtamāsīnaṅ sugrīvaṅ priyadarśanam৷৷5.35.25৷৷\n\n"
    },
    {
        "sloka": "vayaṅ tu harirājaṅ taṅ sugrīvaṅ satyasaṅgaram.\n\nparicaryāmahē rājyātpūrvajēnāvarōpitam৷৷5.35.26৷৷\n\n"
    },
    {
        "sloka": "tatastau cīravasanau dhanuḥ pravarapāṇinau.\n\nṛśyamūkasya śailasya ramyaṅ dēśamupāgatau৷৷5.35.27৷৷\n\n"
    },
    {
        "sloka": "sa tau dṛṣṭvā naravyāghrau dhanvinau vānararṣabhaḥ.\n\navaplutō girēstasya śikharaṅ bhayamōhitaḥ৷৷5.35.28৷৷\n\n"
    },
    {
        "sloka": "tatassa śikharē tasminvānarēndrō vyavasthitaḥ.\n\ntayōssamīpaṅ māmēva prēṣayāmāsa satvaram৷৷5.35.29৷৷\n\n"
    },
    {
        "sloka": "tāvahaṅ puruṣavyāghrau sugrīvavacanātprabhū.\n\nrūpalakṣaṇasampannau kṛtāñjalirupasthitaḥ৷৷5.35.30৷৷\n\n"
    },
    {
        "sloka": "tau parijñātatattvārthau mayā prītisamanvitau.\n\npṛṣṭhamārōpya taṅ dēśaṅ prāpitau puruṣarṣabhau৷৷5.35.31৷৷\n\n"
    },
    {
        "sloka": "nivēditau ca tattvēna sugrīvāya mahātmanē.\n\ntayōranyōnyasallāpādbhṛśaṅ prītirajāyata৷৷5.35.32৷৷\n\n"
    },
    {
        "sloka": "tatastau prītisampannau harīśvaranarēśvarau.\n\nparasparakṛtāśvāsau kathayā pūrvavṛttayā৷৷5.35.33৷৷\n\n"
    },
    {
        "sloka": "tatassa sāntvayāmāsa sugrīvaṅ lakṣmaṇāgrajaḥ.\n\nstrīhētōrvālinā bhrātrā nirastamurutējasā৷৷5.35.34৷৷\n\n"
    },
    {
        "sloka": "tatastvannāśajaṅ śōkaṅ rāmasyākliṣṭakarmaṇaḥ.\n\nlakṣmaṇō vānarēndrāya sugrīvāya nyavēdayat৷৷5.35.35৷৷\n\n"
    },
    {
        "sloka": "sa śrutvā vānarēndrastu lakṣmaṇēnēritaṅ vacaḥ.\n\ntadāsīnniṣprabhō.tyarthaṅ grahagrasta ivāṅśumān৷৷5.35.36৷৷\n\n"
    },
    {
        "sloka": "tatastvadgātraśōbhīni rakṣasā hriyamāṇayā.\n\nyānyābharaṇajālāni pātitāni mahītalē৷৷5.35.37৷৷\n\ntāni sarvāṇi rāmāya ānīya hariyūthapāḥ.\n\nsaṅhṛṣṭā darśayāmāsurgatiṅ tu na vidustava৷৷5.35.38৷৷\n\n"
    },
    {
        "sloka": "tāni rāmāya dattāni mayaivōpahṛtāni ca.\n\nsvanavantyavakīrṇāni tasminvigatacētasi৷৷5.35.39৷৷\n\n"
    },
    {
        "sloka": "tānyaṅkē darśanīyāni kṛtvā bahuvidhaṅ tava.\n\ntēna dēvaprakāśēna dēvēna paridēvitam৷৷5.35.40৷৷\n\n"
    },
    {
        "sloka": "paśyatastāni rudatastāmyataśca punaḥ punaḥ.\n\nprādīpayandāśarathēstāni śōkahutāśanam৷৷5.35.41৷৷\n\n"
    },
    {
        "sloka": "śayitaṅ ca ciraṅ tēna duḥkhārtēna mahātmanā.\n\nmayāpi vividhairvākyaiḥ kṛcchrādutthāpitaḥ punaḥ৷৷5.35.42৷৷\n\n"
    },
    {
        "sloka": "tāni dṛṣṭvā mahābāhurdarśayitvā muhurmuhuḥ.\n\nrāghavassaha saumitrissugrīvē sa nyavēdayat৷৷5.35.43৷৷\n\n"
    },
    {
        "sloka": "sa tavādarśanādāryē rāghavaḥ paritapyatē.\n\nmahatā jvalatā nityamagninēvāgniparvataḥ৷৷5.35.44৷৷\n\n"
    },
    {
        "sloka": "tvatkṛtē tamanidrā ca śōkaścintā ca rāghavam.\n\ntāpayanti mahātmānamagnyagāramivāgnayaḥ৷৷5.35.45৷৷\n\n"
    },
    {
        "sloka": "tavādarśanaśōkēna rāghavaḥ pravicālyatē.\n\nmahatā bhūmikampēna mahāniva śilōccayaḥ৷৷5.35.46৷৷\n\n"
    },
    {
        "sloka": "kānanāni suramyāṇi nadīḥ prasravaṇāni ca.\n\ncaranna ratimāpnōti tvāmapaśyannṛpātmajē৷৷5.35.47৷৷\n\n"
    },
    {
        "sloka": "sa tvāṅ manujaśārdūlaḥ kṣipraṅ prāpsyati rāghavaḥ.\n\nsamitrabāndhavaṅ hatvā rāvaṇaṅ janakātmajē৷৷5.35.48৷৷\n\n"
    },
    {
        "sloka": "sahitau rāmasugrīvāvubhāvakurutāṅ tadā.\n\nsamayaṅ vālinaṅ hantuṅ tava cānvēṣaṇaṅ tathā৷৷5.35.49৷৷\n\n"
    },
    {
        "sloka": "tatastābhyāṅ kumārābhyāṅ vīrābhyāṅ sa harīśvaraḥ.\n\nkiṣkindhāṅ samupāgamya vālī yuddhē nipātitaḥ৷৷5.35.50৷৷\n\n"
    },
    {
        "sloka": "tatō nihatya tarasā rāmō vālinamāhavē.\n\nsarvarkṣaharisaṅghānāṅ sugrīvamakarōtpatim৷৷5.35.51৷৷\n\n"
    },
    {
        "sloka": "rāmasugrīvayōraikyaṅ dēvyēvaṅ samajāyata.\n\nhanumantaṅ ca māṅ viddhi tayōrdūtamihāgatam৷৷5.35.52৷৷\n\n"
    },
    {
        "sloka": "svarājyaṅ prāpya sugrīvassamānīya harīśvarān.\n\ntvadarthaṅ prēṣayāmāsa diśō daśa mahābalān৷৷5.35.53৷৷\n\n"
    },
    {
        "sloka": "ādiṣṭā vānarēndrēṇa sugrīvēṇa mahaujasā.\n\nadrirājapratīkāśāssarvataḥ prasthitau mahīm৷৷5.35.54৷৷\n\n"
    },
    {
        "sloka": "tatastē mārgamāṇā vai sugrīvavacanāturāḥ.\n\ncaranti vasudhāṅ kṛtsnāṅ vayamanyē ca vānarāḥ৷৷5.35.55৷৷\n\n"
    },
    {
        "sloka": "aṅgadō nāma lakṣmīvānvālisūnurmahābalaḥ.\n\nprasthitaḥ kapiśārdūlastribhāgabalasaṅvṛtaḥ৷৷5.35.56৷৷\n\n"
    },
    {
        "sloka": "tēṣāṅ nō vipraṇaṣṭānāṅ vindhyē parvatasattamē.\n\nbhṛśaṅ śōkaparītānāmahōrātragaṇā gatāḥ৷৷5.35.57৷৷\n\n"
    },
    {
        "sloka": "tē vayaṅ kāryanairāśyātkālasyātikramēṇa ca.\n\nbhayācca kapirājasya prāṇāṅstyaktuṅ vyavasthitāḥ৷৷5.35.58৷৷\n\n"
    },
    {
        "sloka": "vicitya vanadurgāṇi giriprasravaṇāni ca.\n\nanāsādya padaṅ dēvyāḥ prāṇāṅstyaktuṅ samudyatāḥ৷৷5.35.59৷৷\n\n"
    },
    {
        "sloka": "dṛṣṭvā prāyōpaviṣṭāṅśca sarvānvānarapuṅgavān.\n\nbhṛśaṅ śōkārṇavē magnaḥ paryadēvayadaṅgadaḥ৷৷5.35.60৷৷\n\ntava nāśaṅ ca vaidēhi vālinaśca vadhaṅ tathā.\n\nprāyōpavēśamasmākaṅ maraṇaṅ ca jaṭāyuṣaḥ৷৷5.35.61৷৷\n\n"
    },
    {
        "sloka": "tēṣāṅ nasvāmisandēśānnirāśānāṅ mumūrṣatām.\n\nkāryahētōrivāyātaśśakunirvīryavānmahān৷৷5.35.62৷৷\n\n"
    },
    {
        "sloka": "gṛdhrarājasya sōdaryaḥ sampātirnāma gṛdhrarāṭ.\n\nśrutvā bhrātṛvadhaṅ kōpādidaṅ vacanamabravīt৷৷5.35.63৷৷\n\n"
    },
    {
        "sloka": "yavīyānkēna mē bhrātā hataḥ kva ca nipātitaḥ.\n\nētadākhyātumicchāmi bhavadbhirvānarōttamāḥ৷৷5.35.64৷৷\n\n"
    },
    {
        "sloka": "aṅgadō.kathayattasya janasthānē mahadvadham.\n\nrakṣasā bhīmarūpēṇa tvāmuddiśya yathātatham৷৷5.35.65৷৷\n\n"
    },
    {
        "sloka": "jaṭāyuṣō vadhaṅ śrutvā duḥkhitassō.ruṇātmajaḥ.\n\ntvāṅ śaśaṅsa varārōhē vasantīṅ rāvaṇālayē৷৷5.35.66৷৷\n\n"
    },
    {
        "sloka": "tasya tadvacanaṅ śrutvā sampātēḥ prītivardhanam.\n\naṅgadapramukhāstūrṇaṅ tatassamprasthitā vayam৷৷5.35.67৷৷\n\n"
    },
    {
        "sloka": "vindhyādutthāya samprāptā ssāgarasyāntamuttaram.\n\ntvaddharśanakṛtōtsāhā hṛṣṭāstuṣṭāḥ plavaṅgamāḥ৷৷5.35.68৷৷\n\n"
    },
    {
        "sloka": "aṅgadapramukhāssarvē vēlōpāntamupasthitāḥ.\n\ncintāṅ jagmuḥ punarbhītāstvaddarśanasamutsukāḥ৷৷5.35.69৷৷\n\n"
    },
    {
        "sloka": "athāhaṅ harisainyasya sāgaraṅ prēkṣya sīdataḥ.\n\nvyavadhūya bhayaṅ tīvraṅ yōjanānāṅ śataṅ plutaḥ৷৷5.35.70৷৷\n\n"
    },
    {
        "sloka": "laṅkā cāpi mayā rātrau praviṣṭā rākṣasākulā.\n\nrāvaṇaśca mayā dṛṣṭastvaṅ ca śōkapariplutā৷৷5.35.71৷৷\n\n"
    },
    {
        "sloka": "ētattē sarvamākhyātaṅ yathāvṛttamananditē.\n\nabhibhāṣasva māṅ dēvi dūtō dāśarathēraham৷৷5.35.72৷৷\n\n"
    },
    {
        "sloka": "taṅ māṅ rāmakṛtōdyōgaṅ tvannimittamihāgatam.\n\nsugrīvasacivaṅ dēvi buddhyasva pavanātmajam৷৷5.35.73৷৷\n\n"
    },
    {
        "sloka": "kuśalī tava kākutsthassarvaśastrabhṛtāṅ varaḥ.\n\ngurōrārādhanē yuktō lakṣmaṇaśca sulakṣaṇaḥ৷৷5.35.74৷৷\n\n"
    },
    {
        "sloka": "tasya vīryavatō dēvi bhartustava hitē rataḥ.\n\nahamēkastu samprāpta ssugrīvavacanādiha৷৷5.35.75৷৷\n\n"
    },
    {
        "sloka": "mayēyamasahāyēna caratā kāmarūpiṇā.\n\ndakṣiṇā diganukrāntā tvanmārgavicayaiṣiṇā৷৷5.35.76৷৷\n\n"
    },
    {
        "sloka": "diṣṭyāhaṅ harisainyānāṅ tvannāśamanuśōcatām.\n\napanēṣyāmi santāpaṅ tavābhigamaśaṅsanāt৷৷5.35.77৷৷\n\n"
    },
    {
        "sloka": "diṣṭyā hi mama na vyarthaṅ dēvi sāgaralaṅghanam.\n\nprāpsyāmyahamidaṅ diṣṭyā tvaddarśanakṛtaṅ yaśaḥ৷৷5.35.78৷৷\n\n"
    },
    {
        "sloka": "rāghavaśca mahāvīryaḥ kṣipraṅ tvāmabhipatsyatē.\n\nsamitrabāndhavaṅ hatvā rāvaṇaṅ rākṣasādhipam৷৷5.35.79৷৷\n\n"
    },
    {
        "sloka": "mālyavānnāma vaidēhi girīṇāmuttamō giriḥ.\n\ntatō gacchati gōkarṇaṅ parvataṅ kēsarī hariḥ৷৷5.35.80৷৷\n\n"
    },
    {
        "sloka": "sa ca dēvarṣibhirdiṣṭaḥ pitā mama mahākapiḥ.\n\ntīrthē nadīpatēḥ puṇyē śambasādanamuddharat৷৷5.35.81৷৷\n\n"
    },
    {
        "sloka": "tasyāhaṅ hariṇaḥ kṣētrē jātō vātēna maithili.\n\nhanumāniti vikhyātō lōkē svēnaiva karmaṇā৷৷5.35.82৷৷\n\n"
    },
    {
        "sloka": "viśvāsārthaṅ tu vaidēhi bharturuktā mayā guṇāḥ.\n\nacirādrāghavō dēvi tvāmitō nayitā.naghē৷৷5.35.83৷৷\n\n"
    },
    {
        "sloka": "ēvaṅ viśvāsitā sītā hētubhiśśōkakarśitā.\n\nupapannairabhijñānairdūtaṅ tamavagacchati৷৷5.35.84৷৷\n\n"
    },
    {
        "sloka": "atulaṅ ca gatā harṣaṅ praharṣēṇa ca jānakī.\n\nnētrābhyāṅ vakrapakṣmābhyāṅ mumōcānandajaṅ jalam৷৷5.35.85৷৷\n\n"
    },
    {
        "sloka": "cāru tadvadanaṅ tasyāstāmraśuklāyatēkṣaṇam.\n\naśōbhata viśālākṣyā rāhumukta ivōḍurāṭ৷৷5.35.86৷৷\n\n"
    },
    {
        "sloka": "hanumantaṅ kapiṅ vyaktaṅ manyatē nānyathēti sā.\n\nathōvāca hanūmāṅstāmuttaraṅ priyadarśanām৷৷5.35.87৷৷\n\n"
    },
    {
        "sloka": "ētattē sarvamākhyātaṅ samāśvasihi maithili.\n\nkiṅ karōmi kathaṅ vā tē rōcatē pratiyāmyaham৷৷5.35.88৷৷\n\n"
    },
    {
        "sloka": "hatē.surē saṅyati śambasādanē kapipravīrēṇa maharṣicōdanāt.\n\ntatō.smi vāyuprabhavō hi maithili prabhāvatastatpratimaśca vānaraḥ৷৷5.35.89৷৷\n\n"
    },
    {
        "sloka": "[Hanuman further narrates his story to Sita -- Gives description of Rama and Lakshmana] \n\ntāṅ tu rāmakathāṅ śrutvā vaidēhī vānararṣabhāt.\n\nuvāca vacanaṅ sāntvamidaṅ madhurayā girā৷৷5.35.1৷৷\n\n"
    },
    {
        "sloka": "kva tē rāmēṇa saṅsargaḥ kathaṅ jānāsi lakṣmaṇam.\n\nvānarāṇāṅ narāṇāṅ ca kathamāsītsamāgamaḥ৷৷5.35.2৷৷\n\n"
    },
    {
        "sloka": "yāni rāmasya liṅgāni lakṣmaṇasya ca vānara.\n\ntāni bhūyassamācakṣva na māṅ śōkassamāviśēt৷৷5.35.3৷৷\n\n"
    },
    {
        "sloka": "kīdṛśaṅ tasya saṅsthānaṅ rūpaṅ rāmasya kīdṛśam.\n\nkathamūrū kathaṅ bāhū lakṣmaṇasya ca śaṅsa mē৷৷5.35.4৷৷\n\n"
    },
    {
        "sloka": "ēvamuktastu vaidēhyā hanumānmārutātmajaḥ.\n\ntatō rāmaṅ yathātattvamākhyātumupacakramē৷৷5.35.5৷৷\n\n"
    },
    {
        "sloka": "jānantī bata diṣṭyā māṅ vaidēhi paripṛcchasi.\n\nbhartuḥ kamalapattrākṣi saṅsthānaṅ lakṣmaṇasya ca৷৷5.35.6৷৷\n\n"
    },
    {
        "sloka": "yāni rāmasya cihnāni lakṣmaṇasya ca yāni vai.\n\nlakṣitāni viśālākṣi vadataśśṛṇu tāni mē৷৷5.35.7৷৷\n\n"
    },
    {
        "sloka": "rāmaḥ kamalapattrākṣa ssarvasattvamanōharaḥ.\n\nrūpadākṣiṇyasampannaḥ prasūtō janakātmajē৷৷5.35.8৷৷\n\n"
    },
    {
        "sloka": "tējasā.ditya saṅkāśaḥ kṣamayā pṛthivīsamaḥ.\n\nbṛhaspatisamō buddhyā yaśasā vāsavōpamaḥ৷৷5.35.9৷৷\n\n"
    },
    {
        "sloka": "rakṣitā jīvalōkasya svajanasyābhirakṣitā.\n\nrakṣitā svasya vṛttasya dharmasya ca parantapaḥ৷৷5.35.10৷৷\n\n"
    },
    {
        "sloka": "rāmō bhāmini lōkasya cāturvarṇyasya rakṣitā.\n\nmaryādānāṅ ca lōkasya kartā kārayitā ca saḥ৷৷5.35.11৷৷\n\n"
    },
    {
        "sloka": "arciṣmānarcitō.tyarthaṅ brahmacaryavratē sthitaḥ.\n\nsādhūnāmupakārajñaḥ pracārajñaśca karmaṇām৷৷5.35.12৷৷\n\n"
    },
    {
        "sloka": "rājavidyāvinītaśca brāhmaṇānāmupāsitā.\n\nśrutavānśīlasampannō vinītaśca parantapaḥ৷৷5.35.13৷৷\n\n"
    },
    {
        "sloka": "yajurvēdavinītaśca vēdavidbhissupūjitaḥ.\n\ndhanurvēdē ca vēdēṣu vēdāṅgēṣu ca niṣṭhitaḥ৷৷5.35.14৷৷\n\n"
    },
    {
        "sloka": "vipulāṅsō mahābāhuḥ kambugrīvaśśubhānanaḥ.\n\ngūḍhajatrussutāmrākṣō rāmō dēvi janai śśrutaḥ৷৷5.35.15৷৷\n\n"
    },
    {
        "sloka": "dundubhisvananirghōṣa ssnigdhavarṇaḥ pratāpavān.\n\nsama ssamavibhaktāṅgō varṇaṅ śyāmaṅ samāśritaḥ৷৷5.35.16৷৷\n\n"
    },
    {
        "sloka": "tristhirastripralambaśca trisamastriṣu cōnnataḥ.\n\ntritāmrastriṣu ca snigdhō gambhīrastriṣu nityaśaḥ৷৷5.35.17৷৷\n\n"
    },
    {
        "sloka": "trivalīvāṅstryavanataścaturvyaṅgastriśīrṣavān.\n\ncatuṣkalaścaturlēkhaścatuṣkiṣkuścatu ssamaḥ৷৷5.35.18৷৷\n\n"
    },
    {
        "sloka": "caturdaśasamadvandvaścaturdaṅṣṭraścaturgatiḥ.\n\nmahōṣṭhahanunāsaśca pañcasnigdhō.ṣṭavaṅśavān৷৷5.35.19৷৷\n\n"
    },
    {
        "sloka": "daśapadmō daśabṛhattribhirvyāptō dviśuklavān.\n\nṣaḍunnatō navatanustribhirvyāpnōti rāghavaḥ৷৷5.35.20৷৷\n\n"
    },
    {
        "sloka": "satyadharmaparaśśrīmān saṅgrahānugrahē rataḥ.\n\ndēśakālavibhāgajñassarvalōkapriyaṅvadaḥ৷৷5.35.21৷৷\n\n"
    },
    {
        "sloka": "bhrātā tasya ca dvaimātrassaumitriraparājitaḥ.\n\nanurāgēṇa rūpēṇa guṇaiścaiva tathāvidhaḥ৷৷5.35.22৷৷\n\n"
    },
    {
        "sloka": "tāvubhau naraśārdūlau tvaddarśanasamutsukau.\n\nvicinvantau mahīṅ kṛtsnāmasmābhirabhisaṅgatau৷৷5.35.23৷৷\n\n"
    },
    {
        "sloka": "tvāmēva mārgamāṇau tau vicarantau vasundharām.\n\ndadarśaturmṛgapatiṅ pūrvajēnāvarōpitam৷৷5.35.24৷৷\n\nṛśyamūkasya pṛṣṭhē tu bahupādapasaṅkulē.\n\nbhrāturbhayārtamāsīnaṅ sugrīvaṅ priyadarśanam৷৷5.35.25৷৷\n\n"
    },
    {
        "sloka": "vayaṅ tu harirājaṅ taṅ sugrīvaṅ satyasaṅgaram.\n\nparicaryāmahē rājyātpūrvajēnāvarōpitam৷৷5.35.26৷৷\n\n"
    },
    {
        "sloka": "tatastau cīravasanau dhanuḥ pravarapāṇinau.\n\nṛśyamūkasya śailasya ramyaṅ dēśamupāgatau৷৷5.35.27৷৷\n\n"
    },
    {
        "sloka": "sa tau dṛṣṭvā naravyāghrau dhanvinau vānararṣabhaḥ.\n\navaplutō girēstasya śikharaṅ bhayamōhitaḥ৷৷5.35.28৷৷\n\n"
    },
    {
        "sloka": "tatassa śikharē tasminvānarēndrō vyavasthitaḥ.\n\ntayōssamīpaṅ māmēva prēṣayāmāsa satvaram৷৷5.35.29৷৷\n\n"
    },
    {
        "sloka": "tāvahaṅ puruṣavyāghrau sugrīvavacanātprabhū.\n\nrūpalakṣaṇasampannau kṛtāñjalirupasthitaḥ৷৷5.35.30৷৷\n\n"
    },
    {
        "sloka": "tau parijñātatattvārthau mayā prītisamanvitau.\n\npṛṣṭhamārōpya taṅ dēśaṅ prāpitau puruṣarṣabhau৷৷5.35.31৷৷\n\n"
    },
    {
        "sloka": "nivēditau ca tattvēna sugrīvāya mahātmanē.\n\ntayōranyōnyasallāpādbhṛśaṅ prītirajāyata৷৷5.35.32৷৷\n\n"
    },
    {
        "sloka": "tatastau prītisampannau harīśvaranarēśvarau.\n\nparasparakṛtāśvāsau kathayā pūrvavṛttayā৷৷5.35.33৷৷\n\n"
    },
    {
        "sloka": "tatassa sāntvayāmāsa sugrīvaṅ lakṣmaṇāgrajaḥ.\n\nstrīhētōrvālinā bhrātrā nirastamurutējasā৷৷5.35.34৷৷\n\n"
    },
    {
        "sloka": "tatastvannāśajaṅ śōkaṅ rāmasyākliṣṭakarmaṇaḥ.\n\nlakṣmaṇō vānarēndrāya sugrīvāya nyavēdayat৷৷5.35.35৷৷\n\n"
    },
    {
        "sloka": "sa śrutvā vānarēndrastu lakṣmaṇēnēritaṅ vacaḥ.\n\ntadāsīnniṣprabhō.tyarthaṅ grahagrasta ivāṅśumān৷৷5.35.36৷৷\n\n"
    },
    {
        "sloka": "tatastvadgātraśōbhīni rakṣasā hriyamāṇayā.\n\nyānyābharaṇajālāni pātitāni mahītalē৷৷5.35.37৷৷\n\ntāni sarvāṇi rāmāya ānīya hariyūthapāḥ.\n\nsaṅhṛṣṭā darśayāmāsurgatiṅ tu na vidustava৷৷5.35.38৷৷\n\n"
    },
    {
        "sloka": "tāni rāmāya dattāni mayaivōpahṛtāni ca.\n\nsvanavantyavakīrṇāni tasminvigatacētasi৷৷5.35.39৷৷\n\n"
    },
    {
        "sloka": "tānyaṅkē darśanīyāni kṛtvā bahuvidhaṅ tava.\n\ntēna dēvaprakāśēna dēvēna paridēvitam৷৷5.35.40৷৷\n\n"
    },
    {
        "sloka": "paśyatastāni rudatastāmyataśca punaḥ punaḥ.\n\nprādīpayandāśarathēstāni śōkahutāśanam৷৷5.35.41৷৷\n\n"
    },
    {
        "sloka": "śayitaṅ ca ciraṅ tēna duḥkhārtēna mahātmanā.\n\nmayāpi vividhairvākyaiḥ kṛcchrādutthāpitaḥ punaḥ৷৷5.35.42৷৷\n\n"
    },
    {
        "sloka": "tāni dṛṣṭvā mahābāhurdarśayitvā muhurmuhuḥ.\n\nrāghavassaha saumitrissugrīvē sa nyavēdayat৷৷5.35.43৷৷\n\n"
    },
    {
        "sloka": "sa tavādarśanādāryē rāghavaḥ paritapyatē.\n\nmahatā jvalatā nityamagninēvāgniparvataḥ৷৷5.35.44৷৷\n\n"
    },
    {
        "sloka": "tvatkṛtē tamanidrā ca śōkaścintā ca rāghavam.\n\ntāpayanti mahātmānamagnyagāramivāgnayaḥ৷৷5.35.45৷৷\n\n"
    },
    {
        "sloka": "tavādarśanaśōkēna rāghavaḥ pravicālyatē.\n\nmahatā bhūmikampēna mahāniva śilōccayaḥ৷৷5.35.46৷৷\n\n"
    },
    {
        "sloka": "kānanāni suramyāṇi nadīḥ prasravaṇāni ca.\n\ncaranna ratimāpnōti tvāmapaśyannṛpātmajē৷৷5.35.47৷৷\n\n"
    },
    {
        "sloka": "sa tvāṅ manujaśārdūlaḥ kṣipraṅ prāpsyati rāghavaḥ.\n\nsamitrabāndhavaṅ hatvā rāvaṇaṅ janakātmajē৷৷5.35.48৷৷\n\n"
    },
    {
        "sloka": "sahitau rāmasugrīvāvubhāvakurutāṅ tadā.\n\nsamayaṅ vālinaṅ hantuṅ tava cānvēṣaṇaṅ tathā৷৷5.35.49৷৷\n\n"
    },
    {
        "sloka": "tatastābhyāṅ kumārābhyāṅ vīrābhyāṅ sa harīśvaraḥ.\n\nkiṣkindhāṅ samupāgamya vālī yuddhē nipātitaḥ৷৷5.35.50৷৷\n\n"
    },
    {
        "sloka": "tatō nihatya tarasā rāmō vālinamāhavē.\n\nsarvarkṣaharisaṅghānāṅ sugrīvamakarōtpatim৷৷5.35.51৷৷\n\n"
    },
    {
        "sloka": "rāmasugrīvayōraikyaṅ dēvyēvaṅ samajāyata.\n\nhanumantaṅ ca māṅ viddhi tayōrdūtamihāgatam৷৷5.35.52৷৷\n\n"
    },
    {
        "sloka": "svarājyaṅ prāpya sugrīvassamānīya harīśvarān.\n\ntvadarthaṅ prēṣayāmāsa diśō daśa mahābalān৷৷5.35.53৷৷\n\n"
    },
    {
        "sloka": "ādiṣṭā vānarēndrēṇa sugrīvēṇa mahaujasā.\n\nadrirājapratīkāśāssarvataḥ prasthitau mahīm৷৷5.35.54৷৷\n\n"
    },
    {
        "sloka": "tatastē mārgamāṇā vai sugrīvavacanāturāḥ.\n\ncaranti vasudhāṅ kṛtsnāṅ vayamanyē ca vānarāḥ৷৷5.35.55৷৷\n\n"
    },
    {
        "sloka": "aṅgadō nāma lakṣmīvānvālisūnurmahābalaḥ.\n\nprasthitaḥ kapiśārdūlastribhāgabalasaṅvṛtaḥ৷৷5.35.56৷৷\n\n"
    },
    {
        "sloka": "tēṣāṅ nō vipraṇaṣṭānāṅ vindhyē parvatasattamē.\n\nbhṛśaṅ śōkaparītānāmahōrātragaṇā gatāḥ৷৷5.35.57৷৷\n\n"
    },
    {
        "sloka": "tē vayaṅ kāryanairāśyātkālasyātikramēṇa ca.\n\nbhayācca kapirājasya prāṇāṅstyaktuṅ vyavasthitāḥ৷৷5.35.58৷৷\n\n"
    },
    {
        "sloka": "vicitya vanadurgāṇi giriprasravaṇāni ca.\n\nanāsādya padaṅ dēvyāḥ prāṇāṅstyaktuṅ samudyatāḥ৷৷5.35.59৷৷\n\n"
    },
    {
        "sloka": "dṛṣṭvā prāyōpaviṣṭāṅśca sarvānvānarapuṅgavān.\n\nbhṛśaṅ śōkārṇavē magnaḥ paryadēvayadaṅgadaḥ৷৷5.35.60৷৷\n\ntava nāśaṅ ca vaidēhi vālinaśca vadhaṅ tathā.\n\nprāyōpavēśamasmākaṅ maraṇaṅ ca jaṭāyuṣaḥ৷৷5.35.61৷৷\n\n"
    },
    {
        "sloka": "tēṣāṅ nasvāmisandēśānnirāśānāṅ mumūrṣatām.\n\nkāryahētōrivāyātaśśakunirvīryavānmahān৷৷5.35.62৷৷\n\n"
    },
    {
        "sloka": "gṛdhrarājasya sōdaryaḥ sampātirnāma gṛdhrarāṭ.\n\nśrutvā bhrātṛvadhaṅ kōpādidaṅ vacanamabravīt৷৷5.35.63৷৷\n\n"
    },
    {
        "sloka": "yavīyānkēna mē bhrātā hataḥ kva ca nipātitaḥ.\n\nētadākhyātumicchāmi bhavadbhirvānarōttamāḥ৷৷5.35.64৷৷\n\n"
    },
    {
        "sloka": "aṅgadō.kathayattasya janasthānē mahadvadham.\n\nrakṣasā bhīmarūpēṇa tvāmuddiśya yathātatham৷৷5.35.65৷৷\n\n"
    },
    {
        "sloka": "jaṭāyuṣō vadhaṅ śrutvā duḥkhitassō.ruṇātmajaḥ.\n\ntvāṅ śaśaṅsa varārōhē vasantīṅ rāvaṇālayē৷৷5.35.66৷৷\n\n"
    },
    {
        "sloka": "tasya tadvacanaṅ śrutvā sampātēḥ prītivardhanam.\n\naṅgadapramukhāstūrṇaṅ tatassamprasthitā vayam৷৷5.35.67৷৷\n\n"
    },
    {
        "sloka": "vindhyādutthāya samprāptā ssāgarasyāntamuttaram.\n\ntvaddharśanakṛtōtsāhā hṛṣṭāstuṣṭāḥ plavaṅgamāḥ৷৷5.35.68৷৷\n\n"
    },
    {
        "sloka": "aṅgadapramukhāssarvē vēlōpāntamupasthitāḥ.\n\ncintāṅ jagmuḥ punarbhītāstvaddarśanasamutsukāḥ৷৷5.35.69৷৷\n\n"
    },
    {
        "sloka": "athāhaṅ harisainyasya sāgaraṅ prēkṣya sīdataḥ.\n\nvyavadhūya bhayaṅ tīvraṅ yōjanānāṅ śataṅ plutaḥ৷৷5.35.70৷৷\n\n"
    },
    {
        "sloka": "laṅkā cāpi mayā rātrau praviṣṭā rākṣasākulā.\n\nrāvaṇaśca mayā dṛṣṭastvaṅ ca śōkapariplutā৷৷5.35.71৷৷\n\n"
    },
    {
        "sloka": "ētattē sarvamākhyātaṅ yathāvṛttamananditē.\n\nabhibhāṣasva māṅ dēvi dūtō dāśarathēraham৷৷5.35.72৷৷\n\n"
    },
    {
        "sloka": "taṅ māṅ rāmakṛtōdyōgaṅ tvannimittamihāgatam.\n\nsugrīvasacivaṅ dēvi buddhyasva pavanātmajam৷৷5.35.73৷৷\n\n"
    },
    {
        "sloka": "kuśalī tava kākutsthassarvaśastrabhṛtāṅ varaḥ.\n\ngurōrārādhanē yuktō lakṣmaṇaśca sulakṣaṇaḥ৷৷5.35.74৷৷\n\n"
    },
    {
        "sloka": "tasya vīryavatō dēvi bhartustava hitē rataḥ.\n\nahamēkastu samprāpta ssugrīvavacanādiha৷৷5.35.75৷৷\n\n"
    },
    {
        "sloka": "mayēyamasahāyēna caratā kāmarūpiṇā.\n\ndakṣiṇā diganukrāntā tvanmārgavicayaiṣiṇā৷৷5.35.76৷৷\n\n"
    },
    {
        "sloka": "diṣṭyāhaṅ harisainyānāṅ tvannāśamanuśōcatām.\n\napanēṣyāmi santāpaṅ tavābhigamaśaṅsanāt৷৷5.35.77৷৷\n\n"
    },
    {
        "sloka": "diṣṭyā hi mama na vyarthaṅ dēvi sāgaralaṅghanam.\n\nprāpsyāmyahamidaṅ diṣṭyā tvaddarśanakṛtaṅ yaśaḥ৷৷5.35.78৷৷\n\n"
    },
    {
        "sloka": "rāghavaśca mahāvīryaḥ kṣipraṅ tvāmabhipatsyatē.\n\nsamitrabāndhavaṅ hatvā rāvaṇaṅ rākṣasādhipam৷৷5.35.79৷৷\n\n"
    },
    {
        "sloka": "mālyavānnāma vaidēhi girīṇāmuttamō giriḥ.\n\ntatō gacchati gōkarṇaṅ parvataṅ kēsarī hariḥ৷৷5.35.80৷৷\n\n"
    },
    {
        "sloka": "sa ca dēvarṣibhirdiṣṭaḥ pitā mama mahākapiḥ.\n\ntīrthē nadīpatēḥ puṇyē śambasādanamuddharat৷৷5.35.81৷৷\n\n"
    },
    {
        "sloka": "tasyāhaṅ hariṇaḥ kṣētrē jātō vātēna maithili.\n\nhanumāniti vikhyātō lōkē svēnaiva karmaṇā৷৷5.35.82৷৷\n\n"
    },
    {
        "sloka": "viśvāsārthaṅ tu vaidēhi bharturuktā mayā guṇāḥ.\n\nacirādrāghavō dēvi tvāmitō nayitā.naghē৷৷5.35.83৷৷\n\n"
    },
    {
        "sloka": "ēvaṅ viśvāsitā sītā hētubhiśśōkakarśitā.\n\nupapannairabhijñānairdūtaṅ tamavagacchati৷৷5.35.84৷৷\n\n"
    },
    {
        "sloka": "atulaṅ ca gatā harṣaṅ praharṣēṇa ca jānakī.\n\nnētrābhyāṅ vakrapakṣmābhyāṅ mumōcānandajaṅ jalam৷৷5.35.85৷৷\n\n"
    },
    {
        "sloka": "cāru tadvadanaṅ tasyāstāmraśuklāyatēkṣaṇam.\n\naśōbhata viśālākṣyā rāhumukta ivōḍurāṭ৷৷5.35.86৷৷\n\n"
    },
    {
        "sloka": "hanumantaṅ kapiṅ vyaktaṅ manyatē nānyathēti sā.\n\nathōvāca hanūmāṅstāmuttaraṅ priyadarśanām৷৷5.35.87৷৷\n\n"
    },
    {
        "sloka": "ētattē sarvamākhyātaṅ samāśvasihi maithili.\n\nkiṅ karōmi kathaṅ vā tē rōcatē pratiyāmyaham৷৷5.35.88৷৷\n\n"
    },
    {
        "sloka": "hatē.surē saṅyati śambasādanē kapipravīrēṇa maharṣicōdanāt.\n\ntatō.smi vāyuprabhavō hi maithili prabhāvatastatpratimaśca vānaraḥ৷৷5.35.89৷৷\n\n"
    }
]