[
    {
        "sloka": "[Ravana appeals to Sita -- asks the demon guards to change her mind -- gives ultimatum to Sita] \n\nsītāyā vacanaṅ śrutvā paruṣaṅ rākṣasādhipaḥ.\n\npratyuvāca tataḥ sītāṅ vipriyaṅ priyadarśanām৷৷5.22.1৷৷\n\n"
    },
    {
        "sloka": "yathā yathā sāntvayitā vaśyaḥ strīṇāṅ tathā tathā.\n\nyathā yathā priyaṅ vaktā paribhūtastathā tathā৷৷5.22.2৷৷\n\n"
    },
    {
        "sloka": "sanniyacchati mē krōdhaṅ tvayi kāmaḥ samutthitaḥ.\n\ndravatō.mārgamāsādya hayāniva susārathiḥ৷৷5.22.3৷৷\n\n"
    },
    {
        "sloka": "vāmaḥ kāmō manuṣyāṇāṅ yasmin kila nibadhyatē.\n\njanē tasmiṅstvanukrōśaḥ snēhaśca kila jāyatē৷৷5.22.4৷৷\n\n"
    },
    {
        "sloka": "ētasmātkāraṇānna tvāṅ ghātayāmi varānanē.\n\nvadhārhāmavamānārhāṅ mithyāpravrajitē ratām৷৷5.22.5৷৷\n\n"
    },
    {
        "sloka": "paruṣāṇīha vākyāni yāni yāni bravīṣi mām.\n\ntēṣu tēṣu vadhō yuktastava maithili dāruṇaḥ৷৷5.22.6৷৷\n\n"
    },
    {
        "sloka": "ēvamuktvā tu vaidēhīṅ rāvaṇō rākṣasādhipaḥ.\n\nkrōdhasaṅrambhasaṅyuktaḥ sītāmuttaramabravīt৷৷5.22.7৷৷\n\n"
    },
    {
        "sloka": "dvau māsau rakṣitavyau mē yō.vadhistē mayā kṛtaḥ.\n\ntataḥ śayanamārōha mama tvaṅ varavarṇini৷৷5.22.8৷৷\n\n"
    },
    {
        "sloka": "ūrdhvaṅ dvābhyāṅ tu māsābhyāṅ bhartāraṅ māmanicchatīm.\n\nmama tvāṅ prātarāśārthamālabhantē mahānasē৷৷5.22.9৷৷\n\n"
    },
    {
        "sloka": "tāṅ tarjyamānāṅ samprēkṣya rākṣasēndrēṇa jānakīm.\n\ndēvagandharvakanyāstā viṣēdurvikṛtēkṣaṇāḥ৷৷5.22.10৷৷\n\n"
    },
    {
        "sloka": "ōṣṭhaprakārairaparā vaktranētraistathāparāḥ.\n\nsītāmāśvāsayāmāsustarjitāṅ tēna rakṣasā৷৷5.22.11৷৷\n\n"
    },
    {
        "sloka": "tābhirāśvāsitā sītā rāvaṇaṅ rākṣasādhipam.\n\nuvācātmahitaṅ vākyaṅ vṛttaśauṇḍīryagarvitam৷৷5.22.12৷৷\n\n"
    },
    {
        "sloka": "nūnaṅ na tē janaḥ kaścidasti niḥśrēyasē sthita:.\n\nnivārayati yō na tvāṅ karmaṇō.smādvigarhitāt৷৷5.22.13৷৷\n\n"
    },
    {
        "sloka": "māṅ hi dharmātmanaḥ patnīṅ śacīmiva śacīpatēḥ.\n\ntvadanyastriṣu lōkēṣu prārthayēnmanasāpi kaḥ৷৷5.22.14৷৷\n\n"
    },
    {
        "sloka": "rākṣasādhama rāmasya bhāryāmamitatējasaḥ.\n\nuktavānasi yatpāpaṅ kva gatastasya mōkṣyasē৷৷5.22.15৷৷\n\n"
    },
    {
        "sloka": "yathā dṛptaśca mātaṅgaḥ śaśaśca saddṛśō yudhi.\n\ntathā mātaṅgavadrāmastvaṅ nīca: śaśavat smṛtaḥ৷৷5.22.16৷৷\n\n"
    },
    {
        "sloka": "sa tvamikṣvākunāthaṅ vai kṣipanniha na lajjasē.\n\ncakṣuṣōrviṣayaṅ tasya na tāvadupagacchasi৷৷5.22.17৷৷\n\n"
    },
    {
        "sloka": "imē tē nayanē krūrē virūpē kṛṣṇapiṅgalē.\n\nkṣitau na patitē kasmānmāmanārya nirīkṣitaḥ৷৷5.22.18৷৷\n\n"
    },
    {
        "sloka": "tasya dharmātmanaḥ patnīṅ snuṣāṅ daśarathasya ca.\n\nkathaṅ vyāharatō māṅ tē na jihvā vyavaśīryatē৷৷5.22.19৷৷\n\n"
    },
    {
        "sloka": "asandēśāttu rāmasya tapasaścānupālanāt.\n\nna tvāṅ kurmi daśagrīva bhasma bharmārha tējasā৷৷5.22.20৷৷\n\n"
    },
    {
        "sloka": "nāpahartumahaṅ śakyā tvayā rāmasya dhīmataḥ.\n\nvidhistava vadhārthāya vihitō nātra saṅśayaḥ৷৷5.22.21৷৷\n\n"
    },
    {
        "sloka": "śūrēṇa dhanadabhrātrā balaiḥ samuditēna ca.\n\napōhya rāmaṅ kasmāddhi dāracauryaṅ tvayā kṛtam৷৷5.22.22৷৷\n\n"
    },
    {
        "sloka": "sītāyā vacanaṅ śrutvā rāvaṇō rākṣasādhipaḥ.\n\nvivṛtya nayanē krūrē jānakīmanvavaikṣata৷৷5.22.23৷৷\n\n"
    },
    {
        "sloka": "nīlajīmūtasaṅkāśō mahābhujaśirōdharaḥ.\n\nsiṅhasattvagatiḥ śrīmān dīpta jihvāgralōcanaḥ৷৷5.22.24৷৷\n\n"
    },
    {
        "sloka": "calāgramakuṭaprāṅśuścitramālyānulēpanaḥ.\n\nraktamālyāmbaradhara tatsaṅgadavibhūṣaṇaḥ৷৷5.22.25৷৷\n\n"
    },
    {
        "sloka": "śrōṇisūtrēṇa mahatā mēcakēna susaṅvṛtaḥ.\n\namṛtōtpādanaddhēna bhujagēnēva mandaraḥ৷৷5.22.26৷৷\n\n"
    },
    {
        "sloka": "tābhyāṅ sa paripūrṇābhyāṅ bhujābhyāṅ rākṣasēśvaraḥ.\n\nśuśubhē.calasaṅkāśaḥ śṛṅgābhyāmiva mandaraḥ৷৷5.22.27৷৷\n\n"
    },
    {
        "sloka": "taruṇādityavarṇābhyāṅ kuṇḍalābhyāṅ vibhūṣitaḥ.\n\nraktapallavapuṣpābhyāmaśōkābhyāmivācalaḥ৷৷5.22.28৷৷\n\n"
    },
    {
        "sloka": "sa kalpavṛkṣapratimō vasanta iva mūrtimān.\n\nśmaśānacaityapratimō bhūṣitō.pi bhayaṅkaraḥ৷৷5.22.29৷৷\n\n"
    },
    {
        "sloka": "avēkṣamāṇō vaidēhīṅ kōpasaṅraktalōcanaḥ.\n\nuvāca rāvaṇaḥ sītāṅ bhujaṅga iva niḥśvasan৷৷5.22.30৷৷\n\n"
    },
    {
        "sloka": "anayēnābhisampannamarthahīnamanuvratē.\n\nnāśayāmyahamadya tvāṅ sūryaḥ sandhyāmivaujasā৷৷5.22.31৷৷\n\n"
    },
    {
        "sloka": "ityuktvā maithilīṅ rājā rāvaṇaḥ śatrurāvaṇaḥ.\n\nsandidēśa tataḥ sarvā rākṣasīrghōradarśanāḥ৷৷5.22.32৷৷\n\n"
    },
    {
        "sloka": "ēkākṣīmēkakarṇāṅ ca karṇaprāvaraṇāṅ tathā.\n\ngōkarṇīṅ hastikarṇīṅ ca lambakarṇīmakarṇikām৷৷5.22.33৷৷\n\nhastipādyaśvapādyau ca gōpādīṅ pādacūlikām.\n\nēkākṣīmēkapādīṅ ca pṛthupādīmapādikām৷৷5.22.34৷৷\n\natimātraśirōgrīvāmatimātrakucōdarīm.\n\natimātrāsyanētrāṅ ca dīrghajihvāmajihvikām৷৷5.22.35৷৷\n\nanāsikāṅ siṅhamukhīṅ gōmukhīṅ sūkarīmukhīm.\n\n"
    },
    {
        "sloka": "yathā madvaśagā sītā kṣipraṅ bhavati jānakī৷৷5.22.36৷৷\n\ntathā kuruta rākṣasyaḥ sarvāḥ kṣipraṅ samētya ca.\n\n"
    },
    {
        "sloka": "pratilōmānulōmaiśca sāmadānādibhēdanaiḥ৷৷5.22.37৷৷\n\nāvarjayata vaidēhīṅ daṇḍasyōdyamanēna ca.\n\n"
    },
    {
        "sloka": "iti pratisamādiśya rākṣasēndraḥ punaḥ punaḥ৷৷5.22.38৷৷\n\nkāmamanyuparītātmā jānakīṅ paryatarjayat.\n\n"
    },
    {
        "sloka": "upagamya tataḥ śīghraṅ rākṣasī dhānyamālinī৷৷5.22.39৷৷\n\npariṣvajya daśagrīvamidaṅ vacanamabravīt.\n\n"
    },
    {
        "sloka": "mayā krīḍa mahārāja sītayā kiṅ tavānayā৷৷5.22.40৷৷\n\nvivarṇayā kṛpaṇayā mānuṣyā rākṣasēśvara.\n\n"
    },
    {
        "sloka": "nūnamasyā mahārāja na divyān bhōgasattamān৷৷5.22.41৷৷\n\nvidadhātyamaraśrēṣṭhastava bāhubalārjitān.\n\n"
    },
    {
        "sloka": "akāmāṅ kāmayānasya śarīramupatapyatē৷৷5.22.42৷৷\n\nicchantīṅ kāmayānasya prītirbhavati śōbhanā.\n\n"
    },
    {
        "sloka": "ēvamuktastu rākṣasyā samutkṣiptastatō balī৷৷5.22.43৷৷\n\nprahasanmēghasaṅkāśō rākṣasaḥ sa nyavartata.\n\n"
    },
    {
        "sloka": "prasthitaḥ sa daśagrīvaḥ kampayanniva mēdinīm৷৷5.22.44৷৷\n\njvaladbhāskaravarṇābhaṅ pravivēśa nivēśanam.\n\n"
    },
    {
        "sloka": "dēvagandharvakanyāśca nāgakanyāśca sarvataḥ৷৷5.22.45৷৷\n\nparivārya daśagrīvaṅ viviśustaṅ gṛhōttamam.\n\n"
    },
    {
        "sloka": "sa maithilīṅ dharmaparāmavasthitāṅ prapēpamānāṅ paribhartsya rāvaṇaḥ.\n\nvihāya sītāṅ madanēna mōhitaḥ svamēva vēśma pravivēśa bhāsvaram৷৷5.22.46৷৷\n\n"
    },
    {
        "sloka": "[Ravana appeals to Sita -- asks the demon guards to change her mind -- gives ultimatum to Sita] \n\nsītāyā vacanaṅ śrutvā paruṣaṅ rākṣasādhipaḥ.\n\npratyuvāca tataḥ sītāṅ vipriyaṅ priyadarśanām৷৷5.22.1৷৷\n\n"
    },
    {
        "sloka": "yathā yathā sāntvayitā vaśyaḥ strīṇāṅ tathā tathā.\n\nyathā yathā priyaṅ vaktā paribhūtastathā tathā৷৷5.22.2৷৷\n\n"
    },
    {
        "sloka": "sanniyacchati mē krōdhaṅ tvayi kāmaḥ samutthitaḥ.\n\ndravatō.mārgamāsādya hayāniva susārathiḥ৷৷5.22.3৷৷\n\n"
    },
    {
        "sloka": "vāmaḥ kāmō manuṣyāṇāṅ yasmin kila nibadhyatē.\n\njanē tasmiṅstvanukrōśaḥ snēhaśca kila jāyatē৷৷5.22.4৷৷\n\n"
    },
    {
        "sloka": "ētasmātkāraṇānna tvāṅ ghātayāmi varānanē.\n\nvadhārhāmavamānārhāṅ mithyāpravrajitē ratām৷৷5.22.5৷৷\n\n"
    },
    {
        "sloka": "paruṣāṇīha vākyāni yāni yāni bravīṣi mām.\n\ntēṣu tēṣu vadhō yuktastava maithili dāruṇaḥ৷৷5.22.6৷৷\n\n"
    },
    {
        "sloka": "ēvamuktvā tu vaidēhīṅ rāvaṇō rākṣasādhipaḥ.\n\nkrōdhasaṅrambhasaṅyuktaḥ sītāmuttaramabravīt৷৷5.22.7৷৷\n\n"
    },
    {
        "sloka": "dvau māsau rakṣitavyau mē yō.vadhistē mayā kṛtaḥ.\n\ntataḥ śayanamārōha mama tvaṅ varavarṇini৷৷5.22.8৷৷\n\n"
    },
    {
        "sloka": "ūrdhvaṅ dvābhyāṅ tu māsābhyāṅ bhartāraṅ māmanicchatīm.\n\nmama tvāṅ prātarāśārthamālabhantē mahānasē৷৷5.22.9৷৷\n\n"
    },
    {
        "sloka": "tāṅ tarjyamānāṅ samprēkṣya rākṣasēndrēṇa jānakīm.\n\ndēvagandharvakanyāstā viṣēdurvikṛtēkṣaṇāḥ৷৷5.22.10৷৷\n\n"
    },
    {
        "sloka": "ōṣṭhaprakārairaparā vaktranētraistathāparāḥ.\n\nsītāmāśvāsayāmāsustarjitāṅ tēna rakṣasā৷৷5.22.11৷৷\n\n"
    },
    {
        "sloka": "tābhirāśvāsitā sītā rāvaṇaṅ rākṣasādhipam.\n\nuvācātmahitaṅ vākyaṅ vṛttaśauṇḍīryagarvitam৷৷5.22.12৷৷\n\n"
    },
    {
        "sloka": "nūnaṅ na tē janaḥ kaścidasti niḥśrēyasē sthita:.\n\nnivārayati yō na tvāṅ karmaṇō.smādvigarhitāt৷৷5.22.13৷৷\n\n"
    },
    {
        "sloka": "māṅ hi dharmātmanaḥ patnīṅ śacīmiva śacīpatēḥ.\n\ntvadanyastriṣu lōkēṣu prārthayēnmanasāpi kaḥ৷৷5.22.14৷৷\n\n"
    },
    {
        "sloka": "rākṣasādhama rāmasya bhāryāmamitatējasaḥ.\n\nuktavānasi yatpāpaṅ kva gatastasya mōkṣyasē৷৷5.22.15৷৷\n\n"
    },
    {
        "sloka": "yathā dṛptaśca mātaṅgaḥ śaśaśca saddṛśō yudhi.\n\ntathā mātaṅgavadrāmastvaṅ nīca: śaśavat smṛtaḥ৷৷5.22.16৷৷\n\n"
    },
    {
        "sloka": "sa tvamikṣvākunāthaṅ vai kṣipanniha na lajjasē.\n\ncakṣuṣōrviṣayaṅ tasya na tāvadupagacchasi৷৷5.22.17৷৷\n\n"
    },
    {
        "sloka": "imē tē nayanē krūrē virūpē kṛṣṇapiṅgalē.\n\nkṣitau na patitē kasmānmāmanārya nirīkṣitaḥ৷৷5.22.18৷৷\n\n"
    },
    {
        "sloka": "tasya dharmātmanaḥ patnīṅ snuṣāṅ daśarathasya ca.\n\nkathaṅ vyāharatō māṅ tē na jihvā vyavaśīryatē৷৷5.22.19৷৷\n\n"
    },
    {
        "sloka": "asandēśāttu rāmasya tapasaścānupālanāt.\n\nna tvāṅ kurmi daśagrīva bhasma bharmārha tējasā৷৷5.22.20৷৷\n\n"
    },
    {
        "sloka": "nāpahartumahaṅ śakyā tvayā rāmasya dhīmataḥ.\n\nvidhistava vadhārthāya vihitō nātra saṅśayaḥ৷৷5.22.21৷৷\n\n"
    },
    {
        "sloka": "śūrēṇa dhanadabhrātrā balaiḥ samuditēna ca.\n\napōhya rāmaṅ kasmāddhi dāracauryaṅ tvayā kṛtam৷৷5.22.22৷৷\n\n"
    },
    {
        "sloka": "sītāyā vacanaṅ śrutvā rāvaṇō rākṣasādhipaḥ.\n\nvivṛtya nayanē krūrē jānakīmanvavaikṣata৷৷5.22.23৷৷\n\n"
    },
    {
        "sloka": "nīlajīmūtasaṅkāśō mahābhujaśirōdharaḥ.\n\nsiṅhasattvagatiḥ śrīmān dīpta jihvāgralōcanaḥ৷৷5.22.24৷৷\n\n"
    },
    {
        "sloka": "calāgramakuṭaprāṅśuścitramālyānulēpanaḥ.\n\nraktamālyāmbaradhara tatsaṅgadavibhūṣaṇaḥ৷৷5.22.25৷৷\n\n"
    },
    {
        "sloka": "śrōṇisūtrēṇa mahatā mēcakēna susaṅvṛtaḥ.\n\namṛtōtpādanaddhēna bhujagēnēva mandaraḥ৷৷5.22.26৷৷\n\n"
    },
    {
        "sloka": "tābhyāṅ sa paripūrṇābhyāṅ bhujābhyāṅ rākṣasēśvaraḥ.\n\nśuśubhē.calasaṅkāśaḥ śṛṅgābhyāmiva mandaraḥ৷৷5.22.27৷৷\n\n"
    },
    {
        "sloka": "taruṇādityavarṇābhyāṅ kuṇḍalābhyāṅ vibhūṣitaḥ.\n\nraktapallavapuṣpābhyāmaśōkābhyāmivācalaḥ৷৷5.22.28৷৷\n\n"
    },
    {
        "sloka": "sa kalpavṛkṣapratimō vasanta iva mūrtimān.\n\nśmaśānacaityapratimō bhūṣitō.pi bhayaṅkaraḥ৷৷5.22.29৷৷\n\n"
    },
    {
        "sloka": "avēkṣamāṇō vaidēhīṅ kōpasaṅraktalōcanaḥ.\n\nuvāca rāvaṇaḥ sītāṅ bhujaṅga iva niḥśvasan৷৷5.22.30৷৷\n\n"
    },
    {
        "sloka": "anayēnābhisampannamarthahīnamanuvratē.\n\nnāśayāmyahamadya tvāṅ sūryaḥ sandhyāmivaujasā৷৷5.22.31৷৷\n\n"
    },
    {
        "sloka": "ityuktvā maithilīṅ rājā rāvaṇaḥ śatrurāvaṇaḥ.\n\nsandidēśa tataḥ sarvā rākṣasīrghōradarśanāḥ৷৷5.22.32৷৷\n\n"
    },
    {
        "sloka": "ēkākṣīmēkakarṇāṅ ca karṇaprāvaraṇāṅ tathā.\n\ngōkarṇīṅ hastikarṇīṅ ca lambakarṇīmakarṇikām৷৷5.22.33৷৷\n\nhastipādyaśvapādyau ca gōpādīṅ pādacūlikām.\n\nēkākṣīmēkapādīṅ ca pṛthupādīmapādikām৷৷5.22.34৷৷\n\natimātraśirōgrīvāmatimātrakucōdarīm.\n\natimātrāsyanētrāṅ ca dīrghajihvāmajihvikām৷৷5.22.35৷৷\n\nanāsikāṅ siṅhamukhīṅ gōmukhīṅ sūkarīmukhīm.\n\n"
    },
    {
        "sloka": "yathā madvaśagā sītā kṣipraṅ bhavati jānakī৷৷5.22.36৷৷\n\ntathā kuruta rākṣasyaḥ sarvāḥ kṣipraṅ samētya ca.\n\n"
    },
    {
        "sloka": "pratilōmānulōmaiśca sāmadānādibhēdanaiḥ৷৷5.22.37৷৷\n\nāvarjayata vaidēhīṅ daṇḍasyōdyamanēna ca.\n\n"
    },
    {
        "sloka": "iti pratisamādiśya rākṣasēndraḥ punaḥ punaḥ৷৷5.22.38৷৷\n\nkāmamanyuparītātmā jānakīṅ paryatarjayat.\n\n"
    },
    {
        "sloka": "upagamya tataḥ śīghraṅ rākṣasī dhānyamālinī৷৷5.22.39৷৷\n\npariṣvajya daśagrīvamidaṅ vacanamabravīt.\n\n"
    },
    {
        "sloka": "mayā krīḍa mahārāja sītayā kiṅ tavānayā৷৷5.22.40৷৷\n\nvivarṇayā kṛpaṇayā mānuṣyā rākṣasēśvara.\n\n"
    },
    {
        "sloka": "nūnamasyā mahārāja na divyān bhōgasattamān৷৷5.22.41৷৷\n\nvidadhātyamaraśrēṣṭhastava bāhubalārjitān.\n\n"
    },
    {
        "sloka": "akāmāṅ kāmayānasya śarīramupatapyatē৷৷5.22.42৷৷\n\nicchantīṅ kāmayānasya prītirbhavati śōbhanā.\n\n"
    },
    {
        "sloka": "ēvamuktastu rākṣasyā samutkṣiptastatō balī৷৷5.22.43৷৷\n\nprahasanmēghasaṅkāśō rākṣasaḥ sa nyavartata.\n\n"
    },
    {
        "sloka": "prasthitaḥ sa daśagrīvaḥ kampayanniva mēdinīm৷৷5.22.44৷৷\n\njvaladbhāskaravarṇābhaṅ pravivēśa nivēśanam.\n\n"
    },
    {
        "sloka": "dēvagandharvakanyāśca nāgakanyāśca sarvataḥ৷৷5.22.45৷৷\n\nparivārya daśagrīvaṅ viviśustaṅ gṛhōttamam.\n\n"
    },
    {
        "sloka": "sa maithilīṅ dharmaparāmavasthitāṅ prapēpamānāṅ paribhartsya rāvaṇaḥ.\n\nvihāya sītāṅ madanēna mōhitaḥ svamēva vēśma pravivēśa bhāsvaram৷৷5.22.46৷৷\n\n"
    }
]