[
    {
        "sloka": "[ Accompanied by Rama and Lakshmana, Viswamitra reaches the hermitage of Kama at the confluence of Sarayu and Ganga.]\n\nprabhātāyāṅ tu śarvaryāṅ viśvāmitrō mahāmuni:.\n\nabhyabhāṣata kākutsthau śayānau parṇasaṅstarē৷৷1.23.1৷৷\n\n"
    },
    {
        "sloka": "kausalyā suprajā rāma! pūrvā sandhyā pravartatē.\n\nuttiṣṭha naraśārdūla! kartavyaṅ daivamāhnikam৷৷1.23.2৷৷\n\n"
    },
    {
        "sloka": "tasyarṣē: paramōdāraṅ vacaśśrutvā nṛpātmajau .\n\nsnātvā kṛtōdakau vīrau jēpatu: paramaṅ japam৷৷1.23.3৷৷\n\n"
    },
    {
        "sloka": "kṛtāhnikau mahāvīryau viśvāmitraṅ tapōdhanam.\n\nabhivādyābhisaṅhṛṣṭau gamanāyābhitasthatu:৷৷1.23.4৷৷\n\n"
    },
    {
        "sloka": "tau prayātau mahāvīryau divyāṅ tripathagāṅ nadīm.\n\ndadṛśātē tatastatra sarayvāssaṅgamē śubhē৷৷1.23.5৷৷\n\n"
    },
    {
        "sloka": "tatrāśramapadaṅ puṇyamṛṣīṇāmagyratējasām .\n\nbahuvarṣasahasrāṇi tapyatāṅ paramaṅ tapa:৷৷1.23.6৷৷\n\n"
    },
    {
        "sloka": "taṅ dṛṣṭvā paramaprītau rāghavau puṇyamāśramam.\n\nūcatustaṅ mahātmānaṅ viśvāmitramidaṅ vaca:৷৷1.23.7৷৷\n\n"
    },
    {
        "sloka": "kasyāyamāśrama: puṇya: kōnvasminvasatē pumān.\n\nbhagavan! śrōtumicchāva: paraṅ kautūhalaṅ hi nau৷৷1.23.8৷৷\n\n"
    },
    {
        "sloka": "tayōstadvacanaṅ śrutvā prahasya munipuṅgava:.\n\nabravīcchrūyatāṅ rāma! yasyāyaṅ pūrva āśrama:৷৷1.23.9 ৷৷\n\n"
    },
    {
        "sloka": "kandarpō mūrtimānāsītkāma ityucyatē budhai:.\n\ntapasyantamiha sthāṇuṅ niyamēna samāhitam৷৷1.23.10৷৷ \n\nkṛtōdvāhaṅ tu dēvēśaṅ gacchantaṅ samarudgagaṇam.\n\ndharṣayāmāsa durmēdhā huṅkṛtaśca mahātmanā৷৷1.23.11৷৷\n\n"
    },
    {
        "sloka": "avadagdhasya raudrēṇa cakṣuṣā raghunandana!.\n\nvyaśīryanta śarīrātsvātsarvagātrāṇi durmatē:৷৷1.23.12৷৷\n\n"
    },
    {
        "sloka": "tasya gātraṅ hataṅ tatra nirdagthasya mahātmanā.\n\naśarīra: kṛta: kāma: krōdhāddēvēśvarēṇa hi৷৷1.23.13৷৷\n\n"
    },
    {
        "sloka": "anaṅga iti vikhyātastadāprabhṛti rāghava!.\n\nsa cāṅgaviṣayaśśrīmānyatrāṅgaṅ pramumōca ha৷৷1.23.14৷৷\n\n"
    },
    {
        "sloka": "tasyāyamāśrama: puṇyastasyēmē munaya: purā.\n\nśiṣyā dharmaparā nityaṅ tēṣāṅ pāpaṅ na vidyatē৷৷1.23.15৷৷\n\n"
    },
    {
        "sloka": "ihādya rajanīṅ rāma! vasēma śubhadarśana.\n\npuṇyayōssaritōrmadhyē śvastariṣyāmahē vayam৷৷1.23.16৷৷\n\n"
    },
    {
        "sloka": "abhigacchāmahē sarvē śucaya: puṇyamāśramam.\n\nsnātāśca kṛtajapyāśca hutahavyā narōttama!৷৷1.23.17৷৷\n\n"
    },
    {
        "sloka": "tēṣāṅ saṅvadatāṅ tatra tapōdīrghēṇa cakṣuṣā.\n\nvijñāya paramaprītā munayō harṣamāgaman৷৷1.23.18৷৷\n\n"
    },
    {
        "sloka": "arghyaṅ pādyaṅ tathā.tithyaṅ nivēdya kuśikātmajē.\n\nrāmalakṣmaṇayō: paścādakurvannatithikriyām৷৷1.23.19৷৷\n\n"
    },
    {
        "sloka": "satkāraṅ samanuprāpya kathābhirabhirañjayan.\n\nyathārhamajapan sandhyāmṛṣayastē samāhitā:৷৷1.23.20৷৷ \n\n"
    },
    {
        "sloka": "tatra vāsibhirānītā munibhissuvratai: saha.\n\nnyavasan susukhaṅ tatra kāmāśramapadē tadā৷৷1.23.21৷৷\n\n"
    },
    {
        "sloka": "kathābhirabhirāmābhirabhirāmau nṛpātmajau.\n\nramayāmāsa dharmātmā kauśikō munipuṅgava:৷৷1.23.22৷৷\n\n"
    }
]