[
    {
        "sloka": "[Sumantra narrates the manner in which Rsyasringa was brought to Anga--Romapada sends courtesans to lure Rsyasringa and to get him to famine-stricken Anga--rains follow ending  famine- Rsyasringa marries Santa, daughter of Romapada.]           \n\nsumantraścōditō rājñā prōvācēdaṅ vacastadā.\n\nyatharśyaśṛṅgastvānīta śśruṇu mē mantribhissaha৷৷1.10.1৷৷ \n\n"
    },
    {
        "sloka": "rōmapādamuvācēdaṅ sahāmātya: purōhita:.\n\nupāyō nirapāyō.yamasmābhirabhicintita:৷৷ 1.10.2৷৷ \n\n"
    },
    {
        "sloka": "ṛśyaśṛṅgō vanacarastapassvādhyayanē rata:.\n\nanabhijñassa nārīṇāṅ viṣayāṇāṅ sukhasya ca.1.10.3৷৷ \n\n"
    },
    {
        "sloka": "indriyārthairabhimatairnaracittapramāthibhi: .\n\npuramānāyayiṣyāma: kṣipraṅ cādhyavasīyatām৷৷ 1.10.4৷৷ \n\n"
    },
    {
        "sloka": "gaṇikāstatra gacchantu rūpavatyassvalaṅkṛtā:.\n\npralōbhya vividhōpāyairānēṣyantīha satkṛtā:৷৷1.10.5৷৷ \n\n"
    },
    {
        "sloka": "śrutvā tathēti rājā ca pratyuvāca purōhitam.\n\npurōhitō mantriṇaśca tathā cakruśca tē tadā৷৷1.10.6৷৷ \n\n"
    },
    {
        "sloka": "vāramukhyāśca tacchrutvā vanaṅ praviviśurmahat.\n\nāśramasyāvidūrē.smin yatnaṅ kurvanti darśanē৷৷1.10.7৷৷\n\nṛṣiputrasya dhīrasya nityamāśramavāsina:. \n\n"
    },
    {
        "sloka": "pitussanityasantuṣṭō nāticakrāma cāśramāt৷৷1.10.8৷৷\n\nna tēna janmaprabhṛti dṛṣṭapūrvaṅ tapasvinā.\n\nstrī vā pumānvā yaccānyatsarvaṅ nagararāṣṭrajam৷৷ 1.10.9৷৷ \n\n"
    },
    {
        "sloka": "tata: kadācittaṅ dēśamājagāma yadṛcchayā.\n\nvibhaṇḍakasutastatra tāścāpaśyadvarāṅganā:৷৷1.10.10৷৷ \n\n"
    },
    {
        "sloka": "tāścitravēṣā: pramadā gāyantyō madhurasvarā:.\n\nṛṣiputramupāgamya sarvā vacanamabruvan৷৷ 1.10.11৷৷ \n\n"
    },
    {
        "sloka": "kastvaṅ kiṅ vartasē brahman jñātumicchāmahē vayam.\n\nēkastvaṅ vijanē ghōrē vanē carasi śaṅsa na:৷৷ 1.10.12৷৷ \n\n"
    },
    {
        "sloka": "adṛṣṭarūpāstāstēna kāmyarūpā vanē striya:.\n\nhārdāttasya matirjātā vyākhyātuṅ pitaraṅ svakam৷৷1.10.13৷৷ \n\n"
    },
    {
        "sloka": "pitā vibhaṇḍakō.smākaṅ tasyāhaṅ suta aurasa:.\n\nṛśyaśṛṅga iti khyātaṅ nāma karma ca mē bhuvi৷৷1.10.14৷৷ \n\n"
    },
    {
        "sloka": "ihāśramapadō.smākaṅ samīpē śubhadarśanā:.\n\nkariṣyē vō.tra pūjāṅ vai sarvēṣāṅ vidhipūrvakam৷৷1.10.15৷৷ \n\n"
    },
    {
        "sloka": "ṛṣiputravacaśśrutvā sarvāsāṅ matirāsa vai.\n\ntadāśramapadaṅ draṣṭuṅ jagmussarvāśca tēna tā:৷৷ 1.10.16৷৷ \n\n"
    },
    {
        "sloka": "āgatānāṅ tata: pūjāmṛṣiputraścakāra ha.\n\nidamarghyamidaṅ pādyamidaṅ mūlamidaṅ phalaṅ ca na:৷৷1.10.17৷৷ \n\n"
    },
    {
        "sloka": "pratigṛhya ca tāṅ pūjāṅ sarvā ēva samutsukā:.\n\nṛṣērbhītāśca śīghraṅ tā gamanāya matiṅ dadhu:৷৷1.10.18৷৷ \n\n"
    },
    {
        "sloka": "asmākamapi mukhyāni phalānīmāni vai dvija .\n\ngṛhāṇa prati bhadraṅ tē bhakṣayasva ca mā ciram৷৷1.10.19৷৷ \n\n"
    },
    {
        "sloka": "tatastāstaṅ samāliṅgya sarvā harṣasamanvitā:.\n\nmōdakānpradadustasmai bhakṣyāṅśca vividhān bahūn৷৷1.10.20৷৷ \n\n"
    },
    {
        "sloka": "tāni cāsvādya tējasvī phalānīti sma manyatē.\n\nanāsvāditapūrvāṇi vanē nityanivāsinām৷৷1.10.21৷৷ \n\n"
    },
    {
        "sloka": "āpṛcchya ca tadā vipraṅ vratacaryāṅ nivēdya ca.\n\ngacchanti smāpadēśāttā bhītāstasya pitusstriya:৷৷1.10.22৷৷ \n\n"
    },
    {
        "sloka": "gatāsu tāsu sarvāsu kāśyapasyātmajō dvija:.\n\nasvasthahṛdayaścāsīddu:khaṅ sma parivartatē৷৷1.10.23৷৷ \n\n"
    },
    {
        "sloka": "tatō.parēdyustaṅ dēśamājagāma sa vīryavān.\n\nmanōjñā yatra tā dṛṣṭā vāramukhyāssvalaṅkṛtāḥ৷৷1.10.24৷৷ \n\n"
    },
    {
        "sloka": "dṛṣṭvaiva ca tāstadā vipramāyāntaṅ hṛṣṭamānasā:.\n\nupasṛtya tatassarvāstāstamūcuridaṅ vaca:৷৷1.10.25৷৷ \n\n"
    },
    {
        "sloka": "ēhyāśramapadaṅ saumya! hyasmākamiti cābruvan.\n\ntatrāpyēṣa vidhiśśrīmān viśēṣēṇa bhaviṣyati৷৷1.10.26৷৷ \n\n"
    },
    {
        "sloka": "śrutvā tu vacanaṅ tāsāṅ sarvāsāṅ hṛdayaṅgamam.\n\ngamanāya matiṅ cakrē taṅ ca ninyustadā striya:৷৷1.10.27৷৷ \n\n"
    },
    {
        "sloka": "tatra cānīyamānē tu viprē tasminmahātmani.\n\nvavarṣa sahasā dēvō jagatprahlādayaṅstadā৷৷1.10.28৷৷ \n\n"
    },
    {
        "sloka": "varṣēṇaivāgataṅ vipraṅ viṣayaṅ svaṅ narādhipa:.\n\npratyudgamya muniṅ prahvaśśirasā ca mahīṅ gata:৷৷1.10.29৷৷ \n\n"
    },
    {
        "sloka": "arghyaṅ ca pradadau tasmai nyāyatassusamāhita:.\n\nvavrē prasādaṅ viprēndrānmā vipraṅ manyurāviśēt৷৷1.10.30৷৷ \n\n"
    },
    {
        "sloka": "anta:puraṅ praviśyāsmai kanyāṅ dattvā yathāvidhi.\n\nśāntāṅ śāntēna manasā rājā harṣamavāpa sa:৷৷1.10.31৷৷ \n\nēvaṅ sa nyavasattatra sarvakāmaissupūjita:.\n\n"
    }
]