[
    {
        "sloka": "[Birth of Karttikeya.]\n\ntapyamānē tapō dēvē dēvā: sarṣigaṇā: purā.\n\nsēnāpatimabhīpsanta: pitāmahamupāgaman৷৷1.37.1৷৷\n\n"
    },
    {
        "sloka": "tatō.bruvan surāssarvē bhagavantaṅ pitāmaham.\n\npraṇipatya surāssarvē sēndrāssāgnipurōgamā:৷৷1.37.2৷৷\n\n"
    },
    {
        "sloka": "yō na ssēnāpatirdēva dattō bhagavatā purā.\n\ntapa: paramamāsthāya tapyatē sma sahōmayā৷৷1.37.3৷৷\n\n"
    },
    {
        "sloka": "yadatrānantaraṅ kāryaṅ lōkānāṅ hitakāmyayā.\n\nsaṅvidhatsva vidhānajña tvaṅ hi na: paramā gati:৷৷1.37.4৷৷\n\n"
    },
    {
        "sloka": "dēvatānāṅ vacaśśrutvā sarvalōkapitāmaha:.\n\nsāntvayanmadhurairvākyaistridaśānidamabravīt৷৷1.37.5৷৷\n\n"
    },
    {
        "sloka": "śaila putryā yaduktaṅ tanna prajāsyatha patniṣu .\n\ntasyā vacanamakliṣṭaṅ satyamētanna saṅśaya:৷৷1.37.6৷৷\n\n"
    },
    {
        "sloka": "iyamākāśagā gaṅgā yasyāṅ putraṅ hutāśana:.\n\njanayiṣyati dēvānāṅ sēnāpatimarindamam৷৷1.37.7৷৷\n\n"
    },
    {
        "sloka": "jyēṣṭhā śailēndraduhitā mānayiṣyati tatsutam.\n\numāyāstadbahumataṅ bhaviṣyati na saṅśaya:৷৷1.37.8৷৷\n\n"
    },
    {
        "sloka": "tacchrutvā vacanaṅ tasya kṛtārthā raghunandana.\n\npraṇipatya surāssarvē pitāmahamapūjayan৷৷1.37.9৷৷\n\n"
    },
    {
        "sloka": "tē gatvā parvataṅ rāma! kailāsaṅ dhātumaṇḍitam.\n\nagniṅ niyōjayāmāsu: putrārthaṅ sarvadēvatā:৷৷1.37.10৷৷ \n\n"
    },
    {
        "sloka": "dēvakāryamidaṅ dēva! saṅvidhatsva hutāśana.\n\nśailaputryāṅ mahātējō gaṅgāyāṅ tēja utsṛja৷৷1.37.11৷৷\n\n"
    },
    {
        "sloka": "dēvatānāṅ pratijñāya gaṅgāmabhyētya pāvaka:.\n\ngarbhaṅ dhāraya vai dēvi! dēvatānāmidaṅ priyam৷৷1.37.12৷৷\n\n"
    },
    {
        "sloka": "tasya tadvacanaṅ śrutvā divyaṅ rūpamadhārayat.\n\ndṛṣṭvā tanmahimānaṅ sa samantādavakīryata৷৷1.37.13৷৷\n\n"
    },
    {
        "sloka": "samantatastadā dēvīmabhyaṣiñcata pāvaka:.\n\nsarvasrōtāṅsi pūrṇāni gaṅgāyā raghunandana!৷৷1.37.14৷৷\n\n"
    },
    {
        "sloka": "tamuvāca tatō gaṅgā sarvadēvapurōhitam.\n\naśaktā dhāraṇē dēva! tava tēja ssamuddhatam.\n\ndahyamānāgninā tēna sampravyathitacētanā৷৷1.37.15৷৷\n\n"
    },
    {
        "sloka": "athābravīdidaṅ gaṅgāṅ sarvadēvahutāśana:.\n\niha haimavatī pādē garbhō.yaṅ sannivēśyatām৷৷1.37.16৷৷\n\n"
    },
    {
        "sloka": "śrutvā tvagnivacō gaṅagā taṅ garbhamatibhāsvaram.\n\nutsasarja mahātēja ssrōtōbhyō hi tadānagha !৷৷1.37.17৷৷\n\n"
    },
    {
        "sloka": "yadasyā nirgataṅ tasmāttaptajāmbūnadaprabham .\n\nkāñcanaṅ dharaṇīṅ prāptaṅ hiraṇyamamalaṅ śubham৷৷1.37.18৷৷\n\n"
    },
    {
        "sloka": "tāmraṅ kārṣṇāyasaṅ caiva taikṣṇyādēvābhyajāyata৷৷1.37.19৷৷\n\nmalaṅ tasyābhavattatra trapu sīsakamēva ca.\n\ntadētaddharaṇīṅ prāpya nānādhāturavardhata৷৷1.37.20৷৷\n\n"
    },
    {
        "sloka": "nikṣiptamātrē garbhē tu tējōbhirabhirañjitam.\n\nsarvaṅ parvatasannaddhaṅ sauvarṇamabhavadvanam৷৷1.37.21৷৷ \n\n"
    },
    {
        "sloka": "jātarūpamiti khyātaṅ tadā prabhṛti rāghava.\n\nsuvarṇaṅ puruṣavyāghra hutāśanasamaprabham৷৷1.37.22৷৷\n\ntṛṇavṛkṣalatāgulmaṅ sarvaṅ bhavati kāñcanam.\n\n"
    },
    {
        "sloka": "taṅ kumāraṅ tatō jātaṅ sēndrāssaha marudgaṇā:৷৷1.37.23৷৷\n\nkṣīrasaṅbhāvanārthāya kṛttikāssamayōjan.\n\n"
    },
    {
        "sloka": "tā: kṣīraṅ jātamātrasya kṛtvā samayamuttamam৷৷1.37.24৷৷\n\ndadu: putrō.yamasmākaṅ sarvāsāmiti niścitā:.\n\n"
    },
    {
        "sloka": "tatastu dēvatā ssarvā: kārtikēya iti bruvan৷৷1.37.25৷৷\n\nputrastrailōkyavikhyātō bhaviṣyati na saṅśaya:.4-\n\n"
    },
    {
        "sloka": "tēṣāṅ tadvacanaṅ śrutvā skannaṅ garbhaparisravē৷৷1.37.26৷৷\n\nsnāpayan parayā lakṣmyā dīpyamānaṅ yathānalam.\n\n"
    },
    {
        "sloka": "skanda ityabruvan dēvā: skannaṅ garbhaparisravāt৷৷1.37.27৷৷\n\nkārtikēyaṅ mahābhāgaṅ kākutstha! jvalanōpamam.\n\n"
    },
    {
        "sloka": "prādurbhūtaṅ tata: kṣīraṅ kṛttikānāmanuttamam ৷৷1.37.28৷৷\n\nṣaṇṇāṅ ṣaḍānanō bhūtvā jagrāha stanajaṅ paya:.\n\n"
    },
    {
        "sloka": "gṛhītvā kṣīramēkāhnā sukumāravapustadā৷৷1.37.29৷৷\n\najayatsvēna vīryēṇa daityasēnāgaṇān vibhu:.\n\n"
    },
    {
        "sloka": "surasēnāgaṇapatiṅ tatastamatuladyutim৷৷1.37.30৷৷\n\nabhyaṣiñcan suragaṇā ssamētyāgnipurōgamā:.\n\n"
    },
    {
        "sloka": "ēṣa tē rāma gaṅgāyā vistarō.bhihitō mayā৷৷1.37.31৷৷\n\nkumārasambhavaścaiva dhanya: puṇyastathaiva ca. \n\n"
    },
    {
        "sloka": "bhaktaśca ya: kārtikēyē kākutstha bhuvi mānavaḥ.\n\nāyuṣmān putrapautraiśca skandasālōkyatāṅ vrajēt৷৷1.37.32৷৷\n\n"
    }
]