[
    {
        "sloka": "[Viswamitra confers celestial weapons on Rama]  \n\natha tāṅ rajanīmuṣya viśvāmitrō mahāyaśāḥ.\n\nprahasya rāghavaṅ vākyamuvāca madhurākṣaram৷৷1.27.1৷৷\n\n"
    },
    {
        "sloka": "parituṣṭō.smi bhadraṅ tē rājaputra! mahāyaśaḥ.\n\nprītyā paramayā yuktō dadāmyastrāṇi sarvaśaḥ৷৷1.27.2৷৷\n\n"
    },
    {
        "sloka": "dēvāsuragaṇānvāpi sagandharvōragānapi.\n\nyairamitrān prasahyājau vaśīkṛtya jayiṣyasi৷৷1.27.3৷৷\n\ntāni divyāni bhadraṅ tē dadāmyastrāṇi sarvaśaḥ .\n\n"
    },
    {
        "sloka": "daṇḍacakraṅ mahaddivyaṅ tava dāsyāmi rāghava৷৷1.27.4৷৷\n\ndharmacakraṅ tatō vīra! kālacakraṅ tathaiva ca.\n\nviṣṇucakraṅ tathātyugramaindramastraṅ tathaiva ca৷৷1.27.5৷৷\n\nvajramastraṅ naraśrēṣṭha śaivaṅ śūlavaraṅ tathā.\n\nastraṅ brahmaśiraścaiva aiṣīkamapi rāghava৷৷1.27.6৷৷ \n\ndadāmi tē mahābāhō! brāhmamastramanuttamam.\n\n"
    },
    {
        "sloka": "gadē dvē caiva kākutstha mōdakī śikharī ubhē৷৷1.27.7৷৷\n\npradīptē naraśārdūla prayacchāmi nṛpātmaja.\n\n"
    },
    {
        "sloka": "dharmapāśamahaṅ rāma! kālapāśaṅ tathaiva ca৷৷1.27.8৷৷\n\npāśaṅ vāruṇamastraṅ ca dadāmyahamanuttamam.\n\n"
    },
    {
        "sloka": "aśanī dvē prayacchāmi śuṣkārdrē raghunandana৷৷1.27.9৷৷\n\ndadāmi cāstraṅ painākamastraṅ nārāyaṇaṅ tathā.\n\n"
    },
    {
        "sloka": "āgnēyamastraṅ dayitaṅ śikharaṅ nāma nāmataḥ৷৷1.27.10৷৷\n\nvāyavyaṅ prathanaṅ nāma dadāmi ca tavānagha . \n\n"
    },
    {
        "sloka": "astraṅ hayaśirō nāma krauñcamastraṅ tathaiva ca.\n\nśaktidvayaṅ ca kākutstha! dadāmi tava rāghava৷৷1.27.11৷৷\n\n"
    },
    {
        "sloka": "kaṅkālaṅ musalaṅ ghōraṅ kāpālamatha kaṅkaṇam.\n\ndhārayantyasurā yāni dadāmyētāni sarvaśaḥ৷৷1.27.12৷৷\n\n"
    },
    {
        "sloka": "vaidyādharaṅ mahāstraṅ ca nandanaṅ nāma nāmataḥ.\n\nasiratnaṅ mahābāhō dadāmi ca nṛpātmaja৷৷1.27.13৷৷\n\n"
    },
    {
        "sloka": "gāndharvamastraṅ dayitaṅ mānavaṅ nāma nāmataḥ.\n\nprasvāpanapraśamanē dadmi sauraṅ ca rāghava৷৷1.27.14৷৷\n\n"
    },
    {
        "sloka": "darpaṇaṅ śōṣaṇaṅ caiva santāpanavilāpanē.\n\nmadanaṅ caiva durdharṣaṅ kandarpadayitaṅ tathā৷৷1.27.15৷৷\n\npaiśācamastraṅ dayitaṅ mōhanaṅ nāma nāmataḥ.\n\npratīccha naraśārdūla! rājaputra! mahāyaśaḥ৷৷1.27.16৷৷\n\n"
    },
    {
        "sloka": "tāmasaṅ naraśārdūla! saumanaṅ ca mahābala.\n\nsaṅvardhaṅ caiva durdharṣaṅ mausalaṅ ca nṛpātmaja৷৷1.27.17৷৷\n\nsatyamastraṅ mahābāhō tathā māyādharaṅ param.\n\nghōraṅ tējaḥ prabhaṅ nāma paratējō.pakarṣaṇam৷৷1.27.18৷৷\n\nsaumyāstraṅ śiśiraṅ nāma tvaṣṭurastraṅ sudāmanam.\n\ndāruṇaṅ ca bhagasyāpi śitēṣu matha mānavam৷৷1.27.19৷৷\n\n"
    },
    {
        "sloka": "ētān rāma! mahābāhō! kāmarūpān mahābalān .\n\ngṛhāṇa paramōdārān kṣipramēva nṛpātmaja৷৷1.27.20৷৷ \n\n"
    },
    {
        "sloka": "sthitastu prāṅmukhō bhūtvā śucirmunivarastadā.\n\ndadau rāmāya suprītō mantragrāmamanuttamam৷৷1.27.21৷৷\n\n"
    },
    {
        "sloka": "sarvasaṅgrahaṇaṅ yēṣāṅ daivatairapi durlabham.\n\ntānyastrāṇi tadā viprō rāghavāya nyavēdayat৷৷1.27.22৷৷\n\n"
    },
    {
        "sloka": "japatastu munēstasya viśvāmitrasya dhīmataḥ.\n\nupatasthurmahārhāṇi sarvāṇyastrāṇi rāghavam৷৷1.27.23৷৷\n\n"
    },
    {
        "sloka": "ūcuśca muditāssarvē rāmaṅ prāñjalayastadā.\n\nimē sma paramōdārāḥ kiṅkarāstava rāghava৷৷1.27.24৷৷\n\n"
    },
    {
        "sloka": "pratigṛhya ca kākutsthaḥ samālabhya ca pāṇinā.\n\nmānasā mē bhaviṣyadhvamiti tānabhyacōdayat৷৷1.27.25৷৷\n\n"
    },
    {
        "sloka": "tataḥ prītamanā rāmō viśvāmitraṅ mahāmunim.\n\nabhivādya mahātējā gamanāyōpacakramē৷৷1.27.26৷৷\n\n"
    }
]