[
    {
        "sloka": "[Saint Narada visits hermitage of Valmiki -- Valmiki queries about a single perfect individual bestowed with all good qualities enumerated by him -- Narada, knower of past, present and future, identifies such a man -- describes virtues, qualities of Sri Rama -- narrates briefly the story of his life.]\n\ntapassvādhyāyanirataṅ tapasvī vāgvidāṅ varam .\n\nnāradaṅ paripapraccha vālmīkirmunipuṅgavam ৷৷1.1.1৷৷ \n\n"
    },
    {
        "sloka": "kōnvasminsāmprataṅ lōkē guṇavānkaśca vīryavān .\n\ndharmajñaśca kṛtajñaśca satyavākyō dṛḍhavrata:৷৷1.1.2৷৷ \n\n"
    },
    {
        "sloka": "cāritrēṇa ca kō yuktassarvabhūtēṣu kō hita: .\n\nvidvānka: kassamarthaśca kaścaikapriyadarśana: ৷৷1.1.3৷৷ \n\n"
    },
    {
        "sloka": "ātmavānkō jitakrōdhō dyutimānkō.nasūyaka: .\n\nkasya bibhyati dēvāśca jātarōṣasya saṅyugē ৷৷1.1.4৷৷ \n\n"
    },
    {
        "sloka": "ētadicchāmyahaṅ śrōtuṅ paraṅ kautūhalaṅ hi mē .\n\nmaharṣē tvaṅ samarthō.si jñātumēvaṅvidhaṅ naram ৷৷1.1.5৷৷ \n\n"
    },
    {
        "sloka": "śrutvā caitatitralōkajñō vālmīkērnāradō vaca: .\n\nśrūyatāmiti cāmanttrya prahṛṣṭō vākyamabravīt ৷৷1.1.6৷৷  \n\n"
    },
    {
        "sloka": "bahavō durlabhāścaiva yē tvayā kīrtitā guṇā: .\n\nmunē vakṣyāmyahaṅ buddhvā tairyuktaśśrūyatānnara: ৷৷1.1.7৷৷ \n\n"
    },
    {
        "sloka": "ikṣvākuvaṅśaprabhavō rāmō nāma janaiśśruta: .\n\nniyatātmā mahāvīryō dyutimāndhṛtimān vaśī ৷৷1.1.8৷৷ \n\n"
    },
    {
        "sloka": "buddhimānnītimānvāgmī śrīmān śatrunibarhaṇa: .\n\nvipulāṅsō mahābāhu: kambugrīvō mahāhanu: ৷৷1.1.9৷৷\n\n"
    },
    {
        "sloka": "mahōraskō mahēṣvāsō gūḍhajatrurarindamaḥ .\n\nājānubāhussuśirāssulalāṭassuvikramaḥ ৷৷1.1.10৷৷\n\n"
    },
    {
        "sloka": "samassamavibhaktāṅgassnigdhavarṇa: pratāpavān . \n\npīnavakṣā viśālākṣō lakṣmīvān śubhalakṣaṇaḥ ৷৷ 1.1.11৷৷ \n\n"
    },
    {
        "sloka": "dharmajñassatyasandhaśca prajānāṅ ca hitē rataḥ .\n\nyaśasvī jñānasampannaśśucirvaśyassamādhimān ৷৷1.1.12৷৷ \n\n"
    },
    {
        "sloka": "prajāpatisamaśśrīmān dhātā ripuniṣūdanaḥ .\n\nrakṣitā jīvalōkasya dharmasya parirakṣitā ৷৷1.1.13৷৷\n\n"
    },
    {
        "sloka": "rakṣitā svasya dharmasya svajanasya ca rakṣitā .\n\nvēdavēdāṅgatattvajñō dhanurvēdē ca niṣṭhitaḥ ৷৷1.1.14৷৷ \n\n"
    },
    {
        "sloka": "sarvaśāstrārthatattvajñassmṛtimānpratibhānavān .\n\nsarvalōkapriyassādhuradīnātmā vicakṣaṇaḥ ৷৷1.1.15৷৷ \n\n"
    },
    {
        "sloka": "sarvadābhigatassadbhissamudra iva sindhubhiḥ .\n\nāryassarvasamaścaiva sadaikapriyadarśanaḥ ৷৷1.1.16৷৷ \n\n"
    },
    {
        "sloka": "sa ca sarvaguṇōpēta: kausalyānandavardhana: .\n\nsamudra iva gāmbhīryē dhairyēṇa himavāniva ৷৷1.1.17৷৷ \n\n"
    },
    {
        "sloka": "viṣṇunā sadṛśō vīryē sōmavatpriyadarśana: .\n\nkālāgnisadṛśa: krōdhē kṣamayā pṛthivīsama: ৷৷1.1.18৷৷\n\ndhanadēna samastyāgē satyē dharma ivāpara: .\n\n"
    },
    {
        "sloka": "tamēvaṅ guṇasampannaṅ rāmaṅ satyaparākramam ৷৷1.1.19৷৷\n\njyēṣṭhaṅ śrēṣṭhaguṇairyuktaṅ priyaṅ daśarathassutam . 1-1-19-\n\nprakṛtīnāṅ hitairyuktaṅ prakṛtipriyakāmyayā ৷৷1.1.20৷৷\n\nyauvarājyēna saṅyōktumaicchatprītyā mahīpati: . 1-1-20-      \n\n"
    },
    {
        "sloka": "tasyābhiṣēkasambhārāndṛṣṭvā bhāryā.tha kaikayī ৷৷1.1.21৷৷\n\npūrvaṅ dattavarā dēvī varamēnamayācata .  \n\nvivāsanaṅ ca rāmasya bharatasyābhiṣēcanam ৷৷1.1.22৷৷ \n\n"
    },
    {
        "sloka": "sa satyavacanādrājā dharmapāśēna saṅyata: .\n\nvivāsayāmāsa sutaṅ rāmaṅ daśaratha: priyam ৷৷1.1.23৷৷ \n\n"
    },
    {
        "sloka": "sa jagāma vanaṅ vīra: pratijñāmanupālayan.\n\npiturvacananirdēśātkaikēyyā: priyakāraṇāt ৷৷1.1.24৷৷ \n\n"
    },
    {
        "sloka": "taṅ vrajantaṅ priyō bhrātā lakṣmaṇō.nujagāma ha .\n\nsnēhādvinayasampannassumitrānandavardhana: ৷৷1.1.25৷৷\n\nbhrātaraṅ dayitō bhrātussaubhrātramanudarśayan . \n\n"
    },
    {
        "sloka": "rāmasya dayitā bhāryā nityaṅ prāṇasamā hitā ৷৷1.1.26৷৷\n\njanakasya kulē jātā dēvamāyēva nirmitā .\n\nsarvalakṣaṇasampannā nārīṇāmuttamā vadhū: ৷৷1.1.27৷৷\n\nsītāpyanugatā rāmaṅ śaśinaṅ rōhiṇī yathā . \n\n"
    },
    {
        "sloka": "paurairanugatō dūraṅ pitrā daśarathēna ca ৷৷1.1.28৷৷\n\nśṛṅgibērapurē sūtaṅ gaṅgākūlē vyasarjayat . \n\nguhamāsādya dharmātmā niṣādādhipatiṅ priyam ৷৷1.1.29৷৷\n\nguhēna sahitō rāmō lakṣmaṇēna ca sītayā . \n\n"
    },
    {
        "sloka": "tē vanēna vanaṅ gatvā nadīstīrtvā bahūdakā: ৷৷1.1.30৷৷\n\ncitrakūṭamanuprāpya bharadvājasya śāsanāt .\n\nramyamāvasathaṅ kṛtvā ramamāṇā vanē traya: ৷৷1.1.31৷৷\n\ndēvagandharvasaṅkāśāstatra tē nyavasan sukham .\n\n"
    },
    {
        "sloka": "citrakūṭaṅ gatē rāmē putraśōkāturastathā ৷৷1.1.32৷৷\n\nrājā daśarathassvargaṅ jagāma vilapansutam .\n\n"
    },
    {
        "sloka": "mṛtē tu tasminbharatō vasiṣṭhapramukhairdvijai: ৷৷ 1.1.33৷৷\n\nniyujyamānō rājyāya naicchadrājyaṅ mahābala:. \n\n"
    },
    {
        "sloka": "sa jagāma vanaṅ vīrō rāmapādaprasādaka: ৷৷ 1.1.34 ৷৷ \n\n"
    },
    {
        "sloka": "gatvā tu sumahātmānaṅ rāmaṅ satyaparākramam .\n\nayācadbhrātaraṅ rāmamāryabhāvapuraskṛta: ৷৷1.1.35৷৷  \n\ntvamēva rājā dharmajña iti rāmaṅ vacō.bravīt . \n\n"
    },
    {
        "sloka": "rāmō.pi paramōdārassumukhassumahāyaśā: .\n\nna caicchatpiturādēśādrājyaṅ rāmō mahābala: ৷৷1.1.36৷৷ \n\n"
    },
    {
        "sloka": "pādukē cāsya rājyāya nyāsaṅ datvā puna:puna: .\n\nnivartayāmāsa tatō bharataṅ bharatāgraja: ৷৷1.1.37৷৷ \n\n"
    },
    {
        "sloka": "sa kāmamanavāpyaiva rāmapādāvupaspṛśan ৷৷1.1.38৷৷\n\nnandigrāmē.karōdrājyaṅ rāmāgamanakāṅkṣayā . \n\n"
    },
    {
        "sloka": "gatē tu bharatē śrīmān satyasandhō jitēndriya: ৷৷1.1.39৷৷\n\nrāmastu punarālakṣya nāgarasya janasya ca .  \n\ntatrāgamanamēkāgrō daṇḍakānpravivēśa ha ৷৷1.1.40৷৷ \n\n"
    },
    {
        "sloka": "praviśya tu mahāraṇyaṅ rāmō rājīvalōcanaḥ .\n\nvirādhaṅ rākṣasaṅ hatvā śarabhaṅgaṅ dadarśa ha ৷৷1.1.41৷৷\n\nsutīkṣṇaṅ cāpyagastyaṅ ca agastyabhrātaraṅ tathā . \n\n"
    },
    {
        "sloka": "agastyavacanāccaiva jagrāhaindraṅ śarāsanam ৷৷1.1.42৷৷\n\nkhaḍgaṅ ca paramaprītastūṇī cākṣayasāyakau . \n\n"
    },
    {
        "sloka": "vasatastasya rāmasya vanē vanacaraissaha .\n\nṛṣayō.bhyāgamansarvē vadhāyāsurarakṣasām ৷৷1.1.43৷৷ \n\n"
    },
    {
        "sloka": "sa tēṣāṅ pratiśuśrāva rākṣasānāṅ tathā vanē ৷৷1.1.44৷৷ \n\npratijñātaśca rāmēṇa vadhassaṅyati rakṣasām .\n\nṛṣīṇāmagnikalpānāṅ daṇḍakāraṇyavāsinām ৷৷1.1.45৷৷ \n\n"
    },
    {
        "sloka": "tēna tatraiva vasatā janasthānanivāsinī .\n\nvirūpitā śūrpaṇakhā rākṣasī kāmarūpiṇī ৷৷1.1.46৷৷\n\n"
    },
    {
        "sloka": "tataśśūrpaṇakhāvākyādudyuktānsarvarākṣasān .\n\nkharaṅ triśirasaṅ caiva dūṣaṇaṅ caiva rākṣasam ৷৷1.1.47৷৷\n\nnijaghāna vanē rāmastēṣāṅ caiva padānugān .\n\n"
    },
    {
        "sloka": "vanē tasminnivasatā janasthānanivāsinām ৷৷1.1.48৷৷\n\nrakṣasāṅ nihatānyāsansahasrāṇi caturdaśa . \n\n"
    },
    {
        "sloka": "tatō jñātivadhaṅ śrutvā rāvaṇaḥ krōdhamūrchitaḥ ৷৷1.1.49৷৷\n\nsahāyaṅ varayāmāsa mārīcaṅ nāma rākṣasam .                   \n\n"
    },
    {
        "sloka": "vāryamāṇassubahuśō mārīcēna sa rāvaṇaḥ ৷৷1.1.50৷৷\n\nna virōdhō balavatā kṣamō rāvaṇa tēna tē . \n\n"
    },
    {
        "sloka": "anādṛtya tu tadvākyaṅ rāvaṇa: kālacōdita: ৷৷1.1.51৷৷\n\njagāma saha mārīcastasyāśramapadaṅ tadā .\n\n"
    },
    {
        "sloka": "tēna māyāvinā dūramapavāhya nṛpātmajau ৷৷1.1.52৷৷\n\njahāra bhāryāṅ rāmasya gṛdhraṅ hatvā jaṭāyuṣam . \n\n"
    },
    {
        "sloka": "gṛdhraṅ ca nihataṅ dṛṣṭvā hṛtāṅ śrutvā ca maithilīm ৷৷1.1.53৷৷\n\nrāghavaśśōkasantaptō vilalāpākulēndriya: . \n\n"
    },
    {
        "sloka": "tatastēnaiva śōkēna gṛdhraṅ dagdhvā jaṭāyuṣam ৷৷1.1.54৷৷\n\nmārgamāṇō vanē sītāṅ rākṣasaṅ sandadarśa ha .\n\nkabandhannāma rūpēṇa vikṛtaṅ ghōradarśanam ৷৷1.1.55৷৷ \n\n"
    },
    {
        "sloka": "taṅ nihatya mahābāhurdadāha svargataśca  sa: . \n\nsa cāsya kathayāmāsa śabarīṅ dharmacāriṇīm ৷৷1.1.56৷৷\n\nśramaṇīṅ dharmanipuṇāmabhigacchēti rāghava . 1-1-51-\n\n"
    },
    {
        "sloka": "sō.bhyagacchanmahātējāśśabarīṅ śatrusūdana: ৷৷1.1.57৷৷\n\nśabaryā pūjitassamyagrāmō daśarathātmaja: . \n\n"
    },
    {
        "sloka": "pampātīrē hanumatā saṅgatō vānarēṇa ha ৷৷1.1.58৷৷\n\nhanumadvacanāccaiva sugrīvēṇa samāgata: . \n\n"
    },
    {
        "sloka": "sugrīvāya ca tatsarvaṅ śaṅsadrāmō mahābala: ৷৷1.1.59৷৷\n\nāditastadyathāvṛttaṅ sītāyāśca viśēṣata: .                 \n\n"
    },
    {
        "sloka": "sugrīvaścāpi tatsarvaṅ śrutvā rāmasya vānara: ৷৷1.1.60৷৷\n\ncakāra sakhyaṅ rāmēṇa prītaścaivāgnisākṣikam . \n\n"
    },
    {
        "sloka": "tatō vānararājēna vairānukathanaṅ prati ৷৷1.1.61৷৷\n\nrāmāyāvēditaṅ sarvaṅ praṇayāddu:khitēna ca .\n\n"
    },
    {
        "sloka": "pratijñātaṅ ca rāmēṇa tadā vālivadhaṅ prati ৷৷1.1.62৷৷\n\nvālinaśca balaṅ tatra kathayāmāsa vānara: . \n\n"
    },
    {
        "sloka": "sugrīvaśśaṅkitaścāsīnnityaṅ vīryēṇa rāghavē ৷৷1.1.63৷৷\n\nrāghavapratyayārthaṅ tu dundubhē: kāyamuttamam .\n\ndarśayāmāsa sugrīvō mahāparvatasannibham ৷৷1.1.64৷৷ \n\n"
    },
    {
        "sloka": "utsmayitvā mahābāhu: prēkṣya cāsthi mahābala: .\n\npādāṅguṣṭhēna cikṣēpa sampūrṇaṅ daśayōjanam ৷৷1.1.65৷৷ \n\n"
    },
    {
        "sloka": "bibhēda ca punassālānsaptaikēna mahēṣuṇā .\n\ngiriṅ rasātalaṅ caiva janayanpratyayaṅ tathā ৷৷1.1.66৷৷ \n\n"
    },
    {
        "sloka": "tata: prītamanāstēna viśvastassa mahākapi: .\n\nkiṣkindhāṅ rāmasahitō jagāma ca guhāṅ tadā ৷৷1.1.67৷৷ \n\n"
    },
    {
        "sloka": "tatō.garjaddharivara: sugrīvō hēmapiṅgala: .\n\ntēna nādēna mahatā nirjagāma harīśvara: ৷৷1.1.68৷৷ \n\n"
    },
    {
        "sloka": "anumānya tadā tārāṅ sugrīvēṇa samāgata: .\n\nnijaghāna ca tatrainaṅ śarēṇaikēna rāghava: ৷৷1.1.69৷৷ \n\n"
    },
    {
        "sloka": "tatassugrīvavacanāddhatvā vālinamāhavē .\n\nsugrīvamēva tadrājyē rāghava: pratyapādayat ৷৷1.1.70৷৷ \n\n"
    },
    {
        "sloka": "sa ca sarvānsamānīya vānarānvānararṣabha: .\n\ndiśa: prasthāpayāmāsa didṛkṣurjanakātmajām ৷৷1.1.71৷৷ \n\n"
    },
    {
        "sloka": "tatō gṛdhrasya vacanātsampātērhanumānbalī.\n\nśatayōjanavistīrṇaṅ pupluvē lavaṇārṇavam৷৷1.1.72৷৷ \n\n"
    },
    {
        "sloka": "tatra laṅkāṅ samāsādya purīṅ rāvaṇapālitām .\n\ndadarśa sītāṅ dhyāyantīmaśōkavanikāṅ gatām ৷৷1.1.73৷৷ \n\n"
    },
    {
        "sloka": "nivēdayitvā৷৷bhijñānaṅ pravṛttiṅ ca nivēdya ca .\n\nsamāśvāsya ca vaidēhīṅ mardayāmāsa tōraṇam ৷৷1.1.74৷৷ \n\n"
    },
    {
        "sloka": "pañca sēnāgragānhatvā saptamantrisutānapi .\n\nśūramakṣaṅ ca niṣpiṣya grahaṇaṅ samupāgamat ৷৷1.1.75৷৷\n\n"
    },
    {
        "sloka": "astrēṇōnmuktamātmānaṅ jñātvā paitāmahādvarāt .\n\nmarṣayanrākṣasānvīrō yantriṇastānyadṛcchayā ৷৷1.1.76৷৷ \n\ntatō dagdhvā purīṅ laṅkāmṛtē sītāṅ ca maithilīm .\n\nrāmāya priyamākhyātuṅ punarāyānmahākapi: ৷৷1.1.77৷৷ \n\n"
    },
    {
        "sloka": "sō.dhigamya mahātmānaṅ kṛtvā rāmaṅ pradakṣiṇam .\n\nnyavēdayadamēyātmā dṛṣṭā sītēti tattvata: ৷৷1.1.78৷৷ \n\n"
    },
    {
        "sloka": "tatassugrīvasahitō gatvā tīraṅ mahōdadhē: .\n\nsamudraṅ kṣōbhayāmāsa śarairādityasannibhai: ৷৷1.1.79৷৷ \n\n"
    },
    {
        "sloka": "darśayāmāsa cātmānaṅ samudrassaritāṅ pati: .\n\nsamudravacanāccaiva nalaṅ sētumakārayat ৷৷1.1.80৷৷ \n\n"
    },
    {
        "sloka": "tēna gatvā purīṅ laṅkāṅ hatvā rāvaṇamāhavē .\n\nrāma: sītāmanuprāpya parāṅ vrīḍāmupāgamat ৷৷1.1.81৷৷ \n\n"
    },
    {
        "sloka": "tāmuvāca tatō rāma: paruṣaṅ janasaṅsadi .\n\namṛṣyamāṇā sā sītā vivēśa jvalanaṅ satī ৷৷1.1.82৷৷\n\n"
    },
    {
        "sloka": "tatō.gnivacanātsītāṅ jñātvā vigatakalmaṣām .\n\nbabhau rāmassamprahṛṣṭa: pūjitassarvadaivatai: ৷৷1.1.83৷৷\n\n"
    },
    {
        "sloka": "karmaṇā tēna mahatā trailōkyaṅ sacarācaram .\n\nsadēvarṣigaṇaṅ tuṣṭaṅ rāghavasya mahātmana: ৷৷1.1.84৷৷ \n\n"
    },
    {
        "sloka": "abhiṣicya ca laṅkāyāṅ rākṣasēndraṅ vibhīṣaṇam .\n\nkṛtakṛtyastadā rāmō vijvara: pramumōda ha ৷৷1.1.85৷৷ \n\n"
    },
    {
        "sloka": "dēvatābhyō varaṅ prāpya samutthāpya ca vānarān .\n\nayōdhyāṅ prasthitō rāma: puṣpakēṇa suhṛdvṛta: ৷৷1.1.86৷৷\n\n"
    },
    {
        "sloka": "bharadvājāśramaṅ gatvā rāmassatyaparākrama: .\n\nbharatasyāntikaṅ rāmō hanūmantaṅ vyasarjayat ৷৷1.1.87৷৷ \n\n"
    },
    {
        "sloka": "punarākhyāyikāṅ jalpansugrīvasahitaśca sa: .\n\npuṣpakaṅ tatsamāruhya nandigrāmaṅ yayau tadā ৷৷1.1.88৷৷ \n\n"
    },
    {
        "sloka": "nandigrāmē jaṭāṅ hitvā bhrātṛbhissahitō.nagha: .\n\nrāmassītāmanuprāpya rājyaṅ punaravāptavān ৷৷1.1.89৷৷ \n\n"
    },
    {
        "sloka": "prahṛṣṭamuditō lōkastuṣṭa: puṣṭassudhārmika: .\n\nnirāmayō hyarōgaśca durbhikṣabhayavarjita: ৷৷1.1.90৷৷ \n\n"
    },
    {
        "sloka": "na putramaraṇaṅ kiñciddrakṣyanti puruṣā: kvacit .\n\nnāryaścāvidhavā nityaṅ bhaviṣyanti pativratā: ৷৷1.1.91৷৷ \n\n"
    },
    {
        "sloka": "na cāgnijaṅ bhayaṅ kiñcinnāpsu majjanti jantava: .\n\nna vātajaṅ bhayaṅ kiñcinnāpi jvarakṛtaṅ tathā ৷৷1.1.92৷৷ \n\nna cāpi kṣudbhayaṅ tatra na taskarabhayaṅ tathā .\n\n"
    },
    {
        "sloka": "nagarāṇi ca rāṣṭrāṇi dhanadhānyayutāni ca ৷৷1.1.93৷৷\n\nnityaṅ pramuditāssarvē yathā kṛtayugē tathā . \n\n"
    },
    {
        "sloka": "aśvamēdhaśatairiṣṭvā tathā bahusuvarṇakai: ৷৷1.1.94৷৷\n\ngavāṅ kōṭyayutaṅ datvā brahmalōkaṅ prayāsyati .\n\nasaṅkhyēyaṅ dhanaṅ datvā brāhmaṇēbhyō mahāyaśā: ৷৷1.1.95৷৷  \n\n"
    },
    {
        "sloka": "rājavaṅśānśataguṇānsthāpayiṣyati rāghava: .\n\ncāturvarṇyaṅ ca lōkē.smin svē svē dharmē niyōkṣyati ৷৷1.1.96৷৷  \n\n"
    },
    {
        "sloka": "daśavarṣasahasrāṇi daśavarṣaśatāni ca .\n\nrāmō rājyamupāsitvā brahmalōkaṅ prayāsyati ৷৷ 1.1.97৷৷ \n\n"
    },
    {
        "sloka": "idaṅ pavitraṅ pāpaghnaṅ puṇyaṅ vēdaiśca sammitam .\n\nya: paṭhēdrāmacaritaṅ sarvapāpai: pramucyatē ৷৷1.1.98৷৷ \n\n"
    },
    {
        "sloka": "ētadākhyānamāyuṣyaṅ paṭhanrāmāyaṇaṅ nara: .\n\nsaputrapautrassagaṇa: prētya svargē mahīyatē ৷৷ 1.1.99৷৷\n\n"
    },
    {
        "sloka": "paṭhandvijō vāgṛṣabhatvamīyāt\n\nsyātkṣatriyō bhūmipatitvamīyāt .\n\nvaṇigjana: paṇyaphalatvamīyāt\n\njanaśca śūdrō.pi mahatvamīyāt ৷৷1.1.100৷৷ \n\n"
    }
]