[
    {
        "sloka": "[Viswamitra attempts to take Kamadhenu by force--Kamadhenu creates hordes of \n\nwarriors --- the army of Viswamitra gets killed.] \n\nkāmadhēnuṅ vasiṣṭhō.pi yadā na tyajyatē muni:.\n\ntadāsya śabalāṅ rāma viśvāmitrō.nvakarṣata৷৷1.54.1৷৷\n\n"
    },
    {
        "sloka": "nīyamānā tu śabalā rāma rājñā mahātmanā.\n\ndu:khitā cintayāmāsa rudantī śōkakarśitā৷৷1.54.2৷৷\n\n"
    },
    {
        "sloka": "parityaktā vasiṣṭhēna kimahaṅ sumahātmanā.\n\nyāhaṅ rājabhaṭairdīnā hriyēya bhṛśadu:khitā৷৷1.54.3৷৷\n\n"
    },
    {
        "sloka": "kiṅ mayā.pakṛtaṅ tasya maharṣērbhāvitātmana:.\n\nyanmāmanāgasaṅ bhaktāmiṣṭāṅ tyajati dhārmika:৷৷1.54.4৷৷\n\n"
    },
    {
        "sloka": "iti sā cintayitvā tu viniśśvasya puna:puna:.\n\nnirdhūya tāṅstadā bhṛtyān śataśaśśatrusūdana .\n\njagāmānilavēgēna pādamūlaṅ mahātmana:৷৷1.54.5৷৷\n\n"
    },
    {
        "sloka": "śabalā sā rudantī ca krōśantī cēdamabravīt.\n\nvasiṣṭhasyāgratassthitvā mēghadundubhirāviṇī৷৷1.54.6৷৷\n\n"
    },
    {
        "sloka": "bhagavan kiṅ parityaktā tvayā.haṅ brahmaṇassuta!.\n\nyasmādrājabhṛtā māṅ hi nayantē tvatsakāśata:৷৷1.54.7৷৷\n\n"
    },
    {
        "sloka": "ēvamuktastu brahmarṣiridaṅ vacanamabravīt.\n\nśōkasantaptahṛdayāṅ svasāramiva du:khitām৷৷1.54.8৷৷\n\n"
    },
    {
        "sloka": "na tvāṅ tyajāmi śabalē! nāpi mē.pakṛtaṅ tvayā.\n\nēṣa tvāṅ nayatē rājā balōnmattō mahābala:৷৷1.54.9৷৷\n\n"
    },
    {
        "sloka": "na hi tulyaṅ balaṅ mahyaṅ rājā tvadya viśēṣata:.\n\nbalī rājā kṣatriyaśca pṛthivyā: patirēva ca৷৷1.54.10৷৷     \n\n"
    },
    {
        "sloka": "iyamakṣauhiṇī pūrṇā savājirathasaṅkulā.\n\nhastidhvajasamākīrṇā tēnāsau balavattara:৷৷1.54.11৷৷\n\n"
    },
    {
        "sloka": "ēvamuktā vasiṣṭhēna pratyuvāca vinītavat.\n\nvacanaṅ vacanajñā sā brahmarṣimamitaprabham৷৷1.54.12৷৷\n\n"
    },
    {
        "sloka": "na balaṅ kṣatriyasyāhurbrāhmaṇō balavattara:.\n\nbrahman brahmabalaṅ divyaṅ kṣatrāttu balavattaram৷৷1.54.13৷৷\n\n"
    },
    {
        "sloka": "apramēyabalaṅ tubhyaṅ na tvayā balavattara:.\n\nviśvāmitrō mahāvīryastēja stava durāsadam৷৷1.54.14৷৷\n\n"
    },
    {
        "sloka": "niyuṅkṣva māṅ mahābhāga tvadbrahmabalasambhṛtām.\n\ntasya darpabalaṅ yattannāśayāmi durātmana:৷৷1.54.15৷৷\n\n"
    },
    {
        "sloka": "ityuktastu tayā rāma vasiṣṭha ssumahāyaśā:.\n\nsṛjasvēti tadōvāca balaṅ parabalārdanam৷৷1.54.16৷৷\n\n"
    },
    {
        "sloka": "tasya tadvacanaṅ śrutvā surabhissā.sṛjattadā৷৷1.54.17৷৷\n\ntasyā humbhāravōtsṛṣṭā: paplavāśśataśō nṛpa. \n\nnāśayanti balaṅ sarvaṅ viśvāmitrasya paśyata:৷৷1.54.18৷৷\n\n"
    },
    {
        "sloka": "balaṅ bhagnaṅ tatō dṛṣṭvā rathēnākramya kauśika:.\n\nsa rājā paramakruddhō rōṣavisphāritēkṣaṇa:.\n\npaplavānnāśayāmāsa śastrairuccāvacairapi৷৷1.54.19৷৷\n\n"
    },
    {
        "sloka": "viśvāmitrārditān dṛṣṭvā paplavāñchataśastadā.\n\nbhūya ēvāsṛjatkōpācchakān yavanamiśritān৷৷1.54.20৷৷\n\n"
    },
    {
        "sloka": "tairāsīt saṅvṛtā bhūmi śśakairyavanamiśritai:.\n\nprabhāvadbhirmahāvīryairhēmakiñjalkasannibhai:৷৷1.54.21৷৷ \n\n"
    },
    {
        "sloka": "dīrghāsipaṭṭiśadharaiḥmavarṇāmbarāvṛtai:.\n\nnirdagdhaṅ tadbalaṅ sarvaṅ pradīptairiva pāvakai:৷৷1.54.22৷৷\n\n"
    },
    {
        "sloka": "tatō.strāṇi mahātējā viśvāmitrō mumōca ha.\n\ntaistairyavanakāmbhōjā: paplavāścākulīkṛtā:৷৷1.54.23৷৷\n\n"
    }
]