[
    {
        "sloka": "[Viswamitra leaves for the Himavat mountain--king Janaka offers gifts to his daughters--King Dasaratha departs for his kingdom-encounter with Parasurama.]\n\natha rātryāṅ vyatītāyāṅ viśvāmitrō mahāmuniḥ.\n\nāpṛṣṭvā tau ca rājānau jagāmōttaraparvatam\t৷৷1.74.1৷৷\n\nāśīrbhi: pūrayitvā ca kumārāṅśca sarāghavān.\n\n"
    },
    {
        "sloka": "viśvāmitrē gatē rājā vaidēhaṅ mithilādhipam\t.\n\nāpṛṣṭvā.tha jagāmāśu rājā daśaratha: purīm৷৷1.74.2৷৷\n\n"
    },
    {
        "sloka": "gacchantaṅ taṅ tu rājānamanvagacchannarādhipa:৷৷1.74.3৷৷\n\natha rājā vidēhānāṅ dadau kanyādhanaṅ bahu.\n\n"
    },
    {
        "sloka": "gavāṅ śatasahasrāṇi bahūni mithilēśvara:.\n\nkambalānāṅ ca mukhyānāṅ kṣaumakōṭyaṅbarāṇi ca৷৷1.74.4৷৷\n\nhastyaśvarathapādātaṅ divyarūpaṅ svalaṅkṛtam\t.\n\ndadau kanyāpitā tāsāṅ dāsīdāsamanuttamam\t৷৷1.74.5৷৷\n\n"
    },
    {
        "sloka": "hiraṇyasya suvarṇasya muktānāṅ vidrumasya ca৷৷1.74.6৷৷\n\ndadau paramasaṅhṛṣṭa: kanyādhanamanuttamam.\n\n"
    },
    {
        "sloka": "dattvā bahu dhanaṅ rājā samanujñāpya pārthivam৷৷1.74.7৷৷\n\npravivēśa svanilayaṅ mithilāṅ mithilēśvara:.\n\n"
    },
    {
        "sloka": "rājā.pyayōdhyādhipatissaha putrairmahātmabhi:.\n\nṛṣīn sarvān puraskṛtya jagāma sabalānuga:৷৷1.74.8৷৷\n\n"
    },
    {
        "sloka": "gacchantaṅ taṅ naravyāghraṅ sarṣisaṅghaṅ sarāghavam৷৷1.74.9৷৷\n\nghōrā: sma pakṣiṇō vācō vyāharanti tatastata:.\n\n"
    },
    {
        "sloka": "bhaumāścaiva mṛgā ssarvē gacchanti sma pradakṣiṇam৷৷1.74.10৷৷\n\ntān dṛṣṭvā rājaśārdūlō vasiṣṭhaṅ paryapṛcchata. \n\n"
    },
    {
        "sloka": "asaumyā: pakṣiṇō ghōrā mṛgāścāpi pradakṣiṇā:৷৷1.74.11৷৷\n\nkimidaṅ hṛdayōtkampi manō mama viṣīdati.\n\n"
    },
    {
        "sloka": "rājñō daśarathasyaitacchrutvā vākyaṅ mahānṛṣi:৷৷1.74.12৷৷\n\nuvāca madhurāṅ vāṇīṅ śrūyatāmasya yatphalam.\n\n"
    },
    {
        "sloka": "upasthitaṅ bhayaṅ ghōraṅ divyaṅ pakṣimukhāccyutam৷৷1.74.13৷৷\n\nmṛgā: praśamayantyētē santāpastyajyatāmayam.\n\n"
    },
    {
        "sloka": "tēṣāṅ saṅvadatāṅ tatra vāyu: prādurbabhūva ha৷৷1.74.14৷৷\n\nkampayan pṛthivīṅ sarvāṅ pātayaṅśca drumāṅcchubhān.\n\n"
    },
    {
        "sloka": "tamasā saṅvṛtassūrya ssarvā na prababhurdiśa৷৷1.74.15৷৷\n\nbhasmanā cāvṛtaṅ sarvaṅ saṅmūḍhamiva tadbalam.\n\n"
    },
    {
        "sloka": "vasiṣṭhaścarṣayaścānyē rājā ca sasutastadā\t৷৷1.74.16৷৷\n\nsaṅsajñā iva tatrāsan sarvamanyadvicētanam.\n\n"
    },
    {
        "sloka": "tasmiṅstamasi ghōrē tu bhasmacchannēva sā camū:৷৷1.74.17৷৷\n\ndadarśa bhīmasaṅkāśaṅ jaṭāmaṇḍaladhāriṇam. \n\nbhārgavaṅ jāmadagnyaṅ taṅ rājarājavimardinam৷৷1.74.18৷৷\n\nkailāsamiva durdharṣaṅ kālāgnimiva dussaham. \n\njvalaṅtamiva tējōbhirdurnirīkṣyaṅ pṛthagjanai:৷৷1.74.19৷৷\n\nskandhē cāsajya paraśuṅ dhanurvidyudgaṇōpamam\t. \n\npragṛhya śaramukhyaṅ ca tripuraghnaṅ yathā śivam৷৷1.74.20৷৷\n\n"
    },
    {
        "sloka": "taṅ dṛṣṭvā bhīmasaṅkāśaṅ jvalantamiva pāvakam.\n\nvasiṣṭhapramukhā viprā japahōmaparāyaṇā:৷৷1.74.21৷৷\n\nsaṅgatā munayassarvē sañjajalpurathō mitha:. \n\n"
    },
    {
        "sloka": "kaccitpitṛvadhāmarṣī kṣatraṅ nōtsādayiṣyati৷৷1.74.22৷৷\n\npūrvaṅ kṣatravadhaṅ kṛtvā gatamanyurgatajvara:.\n\nkṣatrasyōtsādanaṅ bhūyō na khalvasya cikīrṣitam৷৷1.74.23৷৷\n\n"
    },
    {
        "sloka": "ēvamuktvā.rghyamādāya bhārgavaṅ bhīmadarśanam.\n\nṛṣayō rāma rāmēti vacō madhuramabruvan৷৷1.74.24৷৷\n\n"
    },
    {
        "sloka": "pratigṛhya tu tāṅ pūjāmṛṣidattāṅ pratāpavān.\n\nrāmaṅ dāśarathiṅ rāmō jāmadagnyō.bhyabhāṣata৷৷1.74.25৷৷\n\n"
    }
]