[
    {
        "sloka": "[Rama, further enquires Viswamitra narrates the birth of Tataka, her marriage, curse, etc., and convinces Rama to slay her.]\n\natha tasyāpramēyasya munērvacanamuttamam.\n\nśrutvā puruṣaśārdūla: pratyuvāca śubhāṅ giram৷৷1.25.1৷৷\n\n"
    },
    {
        "sloka": "alpavīryā yadā yakṣā śśrūyantē munipuṅgava.\n\nkathannāgasahasrasya dhārayatyabalā balam৷৷1.25.2৷৷\n\n"
    },
    {
        "sloka": "viśvāmitrō.bravīdvākyaṅ śṛṇa yēna balōttarā. \n\nvaradānakṛtaṅ vīryaṅ dhārayatyabalā balam৷৷1.25.3৷৷\n\n"
    },
    {
        "sloka": "pūrvamāsīnmahāyakṣassukēturnāma vīryavān.\n\nanapatyaśśubhācārassa ca tēpē mahattapa:৷৷1.25.4৷৷\n\n"
    },
    {
        "sloka": "pitāmahastu suprītastasya yakṣapatē stadā.\n\nkanyāratnaṅ dadau rāma tāṭakāṅ nāma nāmata:৷৷1.25.5৷৷\n\n"
    },
    {
        "sloka": "dadau nāgasahasrasya balaṅ cāsyā: pitāmaha:.\n\nnatvēva putraṅ yakṣāya dadau brahmā mahāyaśā:৷৷1.25.6৷৷\n\n"
    },
    {
        "sloka": "tāṅ tu jātāṅ vivardhantīṅ rūpayauvanaśālinīm.\n\njharjhaputrāya sundāya dadau bhāryāṅ yaśasvinīm৷৷1.25.7৷৷\n\n"
    },
    {
        "sloka": "kasyacittvatha kālasya yakṣī putramajāyata.\n\nmārīcaṅ nāma durdharṣaṅ yaśśāpādrākṣasō.bhavat৷৷1.25.8৷৷\n\n"
    },
    {
        "sloka": "sundē tu nihatē rāma sāgastyamṛṣisattamam.\n\ntāṭakā saha putrēṇa pradharṣayitumicchati৷৷1.25.9৷৷ \n\n"
    },
    {
        "sloka": "bhakṣārthaṅ jātasaṅrambhā garjantī sābhyadhāvata.0\n\nāpatantīṅ tu tāṅ dṛṣṭvā agastyō bhagavānṛṣi:৷৷1.25.10৷৷\n\nrākṣasatvaṅ bhajasvēti mārīcaṅ vyājahāra sa:. 1\n\n"
    },
    {
        "sloka": "agastya: paramakruddhastāṭakāmapi śaptavān৷৷1.25.11৷৷\n\npuruṣādī mahāyakṣī virūpā vikṛtānanā.\n\nidaṅ rūpaṅ vihāyātha dāruṇaṅ rūpamastu tē৷৷1.25.12৷৷\n\n"
    },
    {
        "sloka": "saiṣā śāpakṛtāmarṣā tāṭakā krōdhamūrchitā.\n\ndēśamutsādayatyēnamagastyacaritaṅ śubham৷৷1.25.13৷৷\n\n"
    },
    {
        "sloka": "ēnāṅ rāghava! durvṛttāṅ yakṣīṅ paramadāruṇām.\n\ngōbrāhmaṇahitārthāya jahi duṣṭaparākramām৷৷1.25.14৷৷\n\n"
    },
    {
        "sloka": "na hyēnāṅ śāpasamspṛṣṭāṅ kaścidutsahatē pumān.\n\nnihantuṅ triṣu lōkēṣu tvāmṛtē raghunandana৷৷1.25.15৷৷\n\n"
    },
    {
        "sloka": "na hi tē strīvadhakṛtē ghṛṇā kāryā narōttama.\n\ncāturvaṇyahitārthāya kartavyaṅ rājasūnunā৷৷1.25.16৷৷\n\n"
    },
    {
        "sloka": "nṛśaṅsamanṛśaṅsaṅ vā prajārakṣaṇakāraṇāt.\n\npātakaṅ vā sadōṣaṅ vā kartavyaṅ rakṣatā satā৷৷1.25.17৷৷\n\n"
    },
    {
        "sloka": "rājyabhāraniyuktānāmēṣa dharmassanātana:.\n\nadharmyāṅ jahi kākutstha! dharmōhyasyā na vidyatē৷৷1.25.18৷৷\n\n"
    },
    {
        "sloka": "śrūyatē hi purā śakrō virōcanasutāṅ nṛpa!.\n\npṛthivīṅ hantumicchantīṅ mantharāmabhyasūdayat৷৷1.25.19৷৷\n\n"
    },
    {
        "sloka": "viṣṇunāpi purā rāma bhṛgupatnī dṛḍhavratā.\n\nanindraṅ lōkamicchantī kāvyamātā niṣūditā৷৷1.25.20৷৷\n\n"
    },
    {
        "sloka": "ētaiścānyaiśca bahubhī rājaputra! mahātmabhi:.\n\nadharmasahitā nāryō hatā: puruṣasattamai:৷৷1.25.21৷৷\n\n"
    }
]