[
    {
        "sloka": "[Dasaratha sends Rama and Lakshmana with Viswamitra--Viswamitra confers \n\nknowledge of bala and atibala to Rama and Lakshmana.]\n\nprahṛṣṭavadanō rāmamājuhāva salakṣmaṇam৷৷1.22.1৷৷ \n\n"
    },
    {
        "sloka": "kṛtasvastyayanaṅ mātrā pitrā daśarathēna ca.\n\npurōdhasā vasiṣṭhēna maṅgalairabhimantritam৷৷1.22.2৷৷\n\nsa putraṅ mūrdhnyupāghrāya rājā daśaratha: priyam.\n\ndadau kuśikaputrāya suprītēnāntarātmanā৷৷1.22.3৷৷\n\n"
    },
    {
        "sloka": "tatō vāyussukhasparśō nīrajaskō vavau tadā.\n\nviśvāmitragataṅ dṛṣṭvā rāmaṅ rājīvalōcanam৷৷1.22.4৷৷\n\n"
    },
    {
        "sloka": "puṣpavṛṣṭirmahatyāsīddēvadundubhinisvanai:.\n\nśaṅkhadundubhinirghōṣa: prayātē tu mahātmani৷৷1.22.5৷৷\n\n"
    },
    {
        "sloka": "viśvāmitrō yayāvagrē tatō rāmō dhanurdhara:.\n\nkākapakṣadharō dhanvī taṅ ca saumitriranvagāt৷৷1.22.6৷৷\n\n"
    },
    {
        "sloka": "kalāpinau dhanuṣpāṇī śōbhamānau diśō daśa .\n\nviśvāmitraṅ mahātmānaṅ triśīrṣāviva pannagau৷৷1.22.7৷৷\n\nanujagmaturakṣudrau pitāmahamivāśvinau. \n\n"
    },
    {
        "sloka": "tadā kuśikaputraṅ tu dhanuṣpāṇī svalaṅkṛtau৷৷1.22.8৷৷\n\nbaddhagōdhāṅgulitrāṇau khaḍgavantau mahādyutī .\n\nkumārau cāruvapuṣau bhrātarau rāmalakṣmaṇau   ৷৷1.22.9৷৷\n\nanuyātau śriyā dīptau śōbhayētāmaninditau.\n\nsthāṇuṅ dēvamivācintyaṅ kumārāviva pāvakī ৷৷1.22.10৷৷\n\n"
    },
    {
        "sloka": "adhyardhayōjanaṅ gatvā sarayvā dakṣiṇē taṭē.\n\nrāmēti madhurāṅ vāṇīṅ viśvāmitrō.bhyabhāṣata৷৷1.22.11৷৷ \n\n"
    },
    {
        "sloka": "gṛhāṇa vatsa! salilaṅ mā bhūtkālasya paryaya:.\n\nmantragrāmaṅ gṛhāṇa tvaṅ balāmatibalāṅ tathā৷৷1.22.12৷৷ \n\n"
    },
    {
        "sloka": "na śramō na jvarō vā tē na rūpasya viparyaya:.\n\nna ca suptaṅ pramattaṅ vā dharṣayiṣyanti nairaṛtā:৷৷1.22.13৷৷\n\n"
    },
    {
        "sloka": "na bāhvōssadṛśō vīryē pṛthivyāmasti kaścana.\n\ntriṣu lōkēṣu vai rāma! na bhavētsadṛśastava ৷৷1.22.14৷৷\n\n"
    },
    {
        "sloka": "na saubhāgyē na dākṣiṇyē na jñānē buddhiniścayē.\n\nnōttarē prativaktavyē samō lōkē tavā.nagha৷৷1.22.15৷৷\n\n"
    },
    {
        "sloka": "ētadvidyādvayē labdhē bhavitā nāsti tē sama:.\n\nbalātvatibalā caiva sarvajñānasya mātarau৷৷1.22.16৷৷\n\n"
    },
    {
        "sloka": "kṣutpipāsē na tē rāma! bhaviṣyētē narōttama !.\n\nbalāmatibalāṅ caiva paṭhata: pathi rāghava৷৷1.22.17৷৷ \n\n"
    },
    {
        "sloka": "vidyādvayamadhīyānē yaśaścāpyatulaṅ tvayi.\n\npitāmahasutē hyētē vidyē tējassamanvitē৷৷1.22.18৷৷\n\npradātuṅ tava kākutstha! sadṛśastvaṅ hi dhārmika!.\n\n"
    },
    {
        "sloka": "kāmaṅ bahuguṇāssarvē tvayyētē nātra saṅśaya:.\n\ntapasā sambhṛtē caitē bahurūpē bhaviṣyata:৷৷1.22.19৷৷\n\n"
    },
    {
        "sloka": "tatō rāmō jalaṅ spṛṣṭvā prahṛṣṭavadanaśśuci:.\n\npratijagrāha tē vidyē maharṣērbhāvitātmana:৷৷1.22.20৷৷\n\n"
    },
    {
        "sloka": "vidyāsamuditō rāmaśśuśubhē bhūrivikrama:.\n\nsahasraraśmirbhagavān śaradīva divākara:৷৷1.22.21৷৷ \n\ngurukāryāṇi sarvāṇi niyujya kuśikātmajē.\n\nūṣustāṅ rajanīṅ tatra sarayvāṅ susukhaṅ traya:৷৷1.22.22৷৷\n\n"
    },
    {
        "sloka": "daśarathanṛpasūnusattamābhyāṅ\n\ntṛṇaśayanē.nucitē sahōṣitābhyām.\n\nkuśikasutavacō.nulālitābhyāṅ\n\nsukhamiva sā vibabhau vibhāvarī ca৷৷1.22.23৷৷\n\n"
    }
]