[
    {
        "sloka": "[Dasaratha performs aswamedhayaga on the bank of  Sarayu according to vedic rites]\n\natha saṅvatsarē pūrṇē tasminprāptē turaṅgamē.\n\nsarayvāścōttarē tīrē rājñō yajñō.bhyavartata৷৷1.14.1৷৷\n\n"
    },
    {
        "sloka": "ṛśyaśṛṅgaṅ puraskṛtya karma cakrurdvijarṣabhā:.\n\naśvamēdhē mahāyajñē rājñō.sya sumahātmana:৷৷1.14.2৷৷\n\n"
    },
    {
        "sloka": "karma kurvanti vidhivadyājakā vēdapāragā:.\n\nyathāvidhi yathānyāyaṅ parikrāmanti śāstrata:৷৷1.14.3৷৷\n\n"
    },
    {
        "sloka": "pravargyaṅ śāstrata: kṛtvā tathaivōpasadaṅ dvijā:\n\ncakruśca vidhivatsarvamadhikaṅ karma śāstrata:৷৷1.14.4৷৷\n\n"
    },
    {
        "sloka": "abhipūjya tatō hṛṣṭāssarvē cakruryathāvidhi.\n\nprātassavanapūrvāṇi karmāṇi munipuṅgavā:৷৷1.14.5৷৷\n\n"
    },
    {
        "sloka": "aindraśca vidhivaddattō rājā cābhiṣutō.nagha:.\n\nmādhyandinaṅ ca savanaṅ prāvartata yathākramam৷৷1.14.6৷৷\n\n"
    },
    {
        "sloka": "tṛtīyasavanaṅ caiva rājñō.sya sumahātmana:.\n\ncakrustēśāstratō dṛṣṭvā tathā brāhmaṇapuṅgavā:৷৷1.14.7৷৷\n\n"
    },
    {
        "sloka": "na cāhutamabhūttatra skhalitaṅ vāpi kiñcana .\n\ndṛśyatē brahmavatsarvaṅ kṣēmayuktaṅ hi cakrirē৷৷1.14.8৷৷\n\n"
    },
    {
        "sloka": "na tēṣvahassu śrāntō vā kṣudhitō vāpi dṛśyatē.\n\nnāvidvānbrāhmaṇastatra nāśatānucarastathā৷৷1.14.9৷৷\n\n"
    },
    {
        "sloka": "brāhmaṇā bhuñjatē nityaṅ nāthavantaśca bhuñjatē.\n\ntāpasā bhuñjatē cāpi śramaṇā bhuñjatētathā৷৷1.14.10৷৷\n\n"
    },
    {
        "sloka": "vṛddhāśca vyādhitāścaiva striyō bālāstathaiva ca .\n\naniśaṅ bhuñjamānānāṅ na tṛptirupalabhyatē৷৷1.14.11৷৷\n\n"
    },
    {
        "sloka": "dīyatāṅ dīyatāmannaṅ vāsāṅsi vividhāni ca.\n\niti sañcōditāstatra tathā cakruranēkaśa:৷৷1.14.12৷৷\n\n"
    },
    {
        "sloka": "annakūṭāśca bahavō dṛśyantē parvatōpamā:.\n\ndivasē divasē tatra siddhasya vidhivattadā৷৷1.14.13৷৷\n\n"
    },
    {
        "sloka": "nānādēśādanuprāptā: puruṣāsstrīgaṇāstathā.\n\nannapānaissuvihitāstasminyajñē mahātmana:৷৷1.14.14৷৷\n\n"
    },
    {
        "sloka": "annaṅ hi vidhivatsādhu praśaṅsanti dvijarṣabhā:.\n\nahō tṛptā: sma bhadraṅ tē iti śuśrāva rāghava:৷৷1.14.15৷৷\n\n"
    },
    {
        "sloka": "svalaṅkṛtāśca puruṣā brāhmaṇānparyavēṣayan.\n\nupāsatē ca tānanyē sumṛṣṭamaṇikuṇḍalā:৷৷1.14.16৷৷\n\n"
    },
    {
        "sloka": "karmāntarē tadā viprā hētuvādānbahūnapi.\n\nprāhuśca vāgminō dhīrā: parasparajigīṣayā৷৷1.14.17৷৷\n\n"
    },
    {
        "sloka": "divasē divasē tatra saṅstarē kuśalā dvijā:.\n\nsarvakarmāṇi cakrustē yathāśāstraṅ pracōditā:৷৷1.14.18৷৷\n\n"
    },
    {
        "sloka": "nāṣaḍaṅgavidatrāsīnnāvratō nābahuśruta:.\n\nsadasyāstasya vai rājñō nāvādakuśalā dvijā:৷৷1.14.19৷৷\n\n"
    },
    {
        "sloka": "prāptē yūpōcchrayē tasminṣaḍbailvā: khādirāstathā.\n\ntāvantō bilvasahitā: parṇinaśca tathāparē৷৷1.14.20৷৷\n\nślēṣmātakamayastvēkō dēvadārumayastathā.\n\ndvāvēva vihitau tatra bāhuvyastaparigrahau৷৷1.14.21৷৷\n\n"
    },
    {
        "sloka": "kāritāssarva ēvaitē śāstrajñairyajñakōvidai:.\n\nśōbhārthaṅ tasya yajñasya kāñcanālaṅkṛtā.bhavan৷৷1.14.22৷৷\n\n"
    },
    {
        "sloka": "ēkaviṅśatiyūpāstē ēkaviṅśatyaratnaya:.\n\nvāsōbhirēkaviṅśadbhirēkaikaṅ samalaṅkṛtā:৷৷1.14.23৷৷\n\n"
    },
    {
        "sloka": "vinyastā vidhivatsarvē śilpibhissukṛtā dṛḍhā:.\n\naṣṭāśrayassarva ēva ślakṣṇarūpasamanvitā:৷৷1.14.24৷৷\n\n"
    },
    {
        "sloka": "ācchāditāstē vāsōbhi: puṣpairgandhaiśca bhūṣitā:.\n\nsaptarṣayō dīptimantō virājantē yathā divi৷৷1.14.25৷৷\n\n"
    },
    {
        "sloka": "iṣṭakāśca yathānyāyaṅ kāritāśca pramāṇata:.\n\ncitō.gnirbrāhmaṇaistatra kuśalaiśśulbakarmaṇi ৷৷1.14.26৷৷\n\n"
    },
    {
        "sloka": "sacityō rājasiṅhasya sañcita: kuśalairdvijai:.\n\ngaruḍō rukmapakṣō vai triguṇō.ṣṭādaśātmaka:৷৷1.14.27৷৷\n\n"
    },
    {
        "sloka": "niyuktāstatra paśavastattaduddiśya daivatam.\n\nuragā: pakṣiṇaścaiva yathāśāstraṅ pracōditā:৷৷1.14.28৷৷\n\n"
    },
    {
        "sloka": "śāmitrē tu hayastatra tathā jalacarāśca yē.\n\nṛtvigbhissarvamēvaitanniyuktaṅ śāstratastadā৷৷1.14.29৷৷\n\n"
    },
    {
        "sloka": "paśūnāṅ triśataṅ tatra yūpēṣu niyataṅ tadā.\n\naśvaratnōttamaṅ tasya rājñō daśarathasya ca ৷৷1.14.30৷৷\n\n"
    },
    {
        "sloka": "kausalyā taṅ hayaṅ tatra paricarya samantata:.\n\nkṛpāṇairviśaśāsainaṅ tribhi: paramayā mudā ৷৷1.14.31৷৷\n\n"
    },
    {
        "sloka": "patatriṇā tadā sārdhaṅ susthitēna ca cētasā.\n\navasadrajanīmēkāṅ kauśalyā dharmakāmyayā৷৷1.14.32৷৷\n\n"
    },
    {
        "sloka": "hōtā.dhvaryustathōdgātā hastēna samayōjayan.\n\nmahiṣyā parivṛttyā ca vāvātāṅ ca tathāparām৷৷1.14.33৷৷\n\n"
    },
    {
        "sloka": "patatriṇastasya vapā muddhṛtya niyatēndriya:.\n\nṛtvikparamasampanna: śrapayāmāsa śāstrata:৷৷1.14.34৷৷\n\n"
    },
    {
        "sloka": "dhūmagandhaṅ vapāyāstu jighrati sma narādhipa:.\n\nyathākālaṅ yathānyāyaṅ nirṇudanpāpamātmana:৷৷1.14.35৷৷\n\n"
    },
    {
        "sloka": "hayasya yāni cāṅgāni tāni sarvāṇi brāhmaṇā:.\n\nagnau prāsyanti vidhivatsamantrāṣṣōḍaśartvija:৷৷1.14.36৷৷\n\n"
    },
    {
        "sloka": "plakṣaśākhāsu yajñānāmanyēṣāṅ kriyatē havi:.\n\naśvamēdhasya yajñasya vaitasō bhāga iṣyatē৷৷1.14.37৷৷ \n\n"
    },
    {
        "sloka": "tryahō.śvamēdhassaṅkhyāta: kalpasūtrēṇa brāhmaṇai:. 37\n\ncatuṣṭōmamahastasya prathamaṅ parikalpitam৷৷1.14.38৷৷ \n\n"
    },
    {
        "sloka": "ukthyaṅ dvitīyaṅ saṅkhyātamatirātraṅ tathōttaram. \n\nkāritāstatra bahavō vihitāśśāstradarśanāt৷৷1.14.39৷৷ \n\n"
    },
    {
        "sloka": "jyōtiṣṭōmāyuṣī caivamatirātrau vinirmitau.\n\nabhijidviśvajiccaivamaptōryāmō mahākratu:৷৷1.14.40৷৷\n\n"
    },
    {
        "sloka": "prācīṅ hōtrē dadau rājā diśaṅ svakulavardhana:.\n\nadhvaryavē pratīcīṅ tu brahmaṇē dakṣiṇāṅ diśam৷৷1.14.41৷৷\n\nudgātrē ca tathōdīcīṅ dakṣiṇaiṣā vinirmitā.\n\nhayamēdhē mahāyajñē svayaṅbhūvihitē purā৷৷1.14.42৷৷\n\n"
    },
    {
        "sloka": "kratuṅ samāpya tu tadā nyāyata: puruṣarṣabha: .\n\nṛtvigbhyō hi dadau rājā tāṅ dharāṅ kulavardhana:৷৷1.14.43৷৷\n\n"
    },
    {
        "sloka": "ṛtvijastvabruvansarvē rājānaṅ gatakalmaṣam.\n\nbhavānēva mahīṅ kṛtsnāmēkō rakṣitumarhati৷৷1.14.44৷৷\n\n"
    },
    {
        "sloka": "na bhūmyā kāryamasmākaṅ na hi śaktāssma pālanē.\n\nratāssvādhyāyakaraṇē vayaṅ nityaṅ hi bhūmipa৷৷1.14.45৷৷\n\nniṣkrayaṅ kiñcidēvēha prayacchatu bhavāniti. 4 \n\n"
    },
    {
        "sloka": "maṇiratnaṅ suvarṇaṅ vā gāvō yadvā samudyatam.\n\ntatprayaccha naraśrēṣṭha dharaṇyā na prayōjanam৷৷1.14.46৷৷\n\n"
    },
    {
        "sloka": "ēvamuktō narapatirbrāhmaṇairvēdapāragai:৷৷1.14.47৷৷\n\ngavāṅ śatasahasrāṇi daśa tēbhyō dadau nṛpa:. 4 \n\nśatakōṭīssuvarṇasya rajatasya caturguṇam ৷৷1.14.48৷৷\n\n"
    },
    {
        "sloka": "ṛtvijaśca tatassarvē pradadussahitā vasu.\n\nṛśyaśṛṅgāya munayē vasiṣṭhāya ca dhīmatē৷৷1.14.49৷৷ \n\n"
    },
    {
        "sloka": "tatastē nyāyata: kṛtvā pravibhāgaṅ dvijōttamā:.\n\nsuprītamanasassarvē pratyūcurmuditā bhṛśam৷৷1.14.50৷৷\n\n"
    },
    {
        "sloka": "tata: prasarpakaibhyastu hiraṇyaṅ susamāhita:.\n\njāmbūnadaṅ kōṭisaṅkhyaṅ brāhmaṇēbhyō dadau tadā৷৷1.14.51৷৷\n\n"
    },
    {
        "sloka": "daridrāya dvijāyātha hastābharaṇamuttamam.\n\nkasmaicidyācamānāya dadau rāghavanandana:৷৷1.14.52৷৷\n\n"
    },
    {
        "sloka": "tata: prītēṣu nṛpatirdvijēṣu dvijavatsala:.\n\npraṇāmamakarōttēṣāṅ harṣaparyākulēkṣaṇa:৷৷1.14.53৷৷\n\n"
    },
    {
        "sloka": "tasyāśiṣō.tha vidhivadbrāhmaṇaissamudīritā:.\n\nudārasya nṛvīrasya dharaṇyāṅ praṇatasya ca ৷৷1.14.54৷৷\n\n"
    },
    {
        "sloka": "tata: prītamanā rājā prāpya yajñamanuttamam.\n\npāpāpahaṅ svarnayanaṅ duṣkaraṅ pārthivarṣabhai:৷৷1.14.55৷৷\n\n"
    },
    {
        "sloka": "tatō.bravīdṛśyaśṛṅgaṅ rājā daśarathastadā.\n\nkulasya vardhanaṅ tvaṅ tu kartumarhasi suvrata!৷৷1.14.56৷৷\n\n"
    },
    {
        "sloka": "tathēti ca sa rājānamuvāca dvijasattama:.\n\nbhaviṣyanti sutā rājaṅścatvārastē kulōdvahā:৷৷1.14.57৷৷\n\n"
    }
]