[
    {
        "sloka": "[ After receiving the message from Janaka, king Dasaratha accompanied by his ministers arrives at Mithila.]\n\njanakēna samādiṣṭā dūtāstē klāntavāhanā:.\n\ntrirātramuṣitā mārgē tē.yōdhyāṅ prāviśan purīm৷৷1.68.1৷৷\n\n"
    },
    {
        "sloka": "rājñō bhavanamāsādya dvārasthānidamabruvan.\n\nśīghraṅ nivēdyatāṅ rājñē dūtānnō janakasya ca৷৷1.68.2৷৷\n\n"
    },
    {
        "sloka": "ityuktā dvārapālāstē rāghavāya nyavēdayan.\n\ntē rājavacanāddūtā rājavēśmapravēśitā:.\n\ndadṛśurdēvasaṅkāśaṅ vṛddhaṅ daśarathaṅ nṛpam৷৷1.68.3৷৷\n\n"
    },
    {
        "sloka": "baddhāñjalipuṭā ssarvē dūtā vigatasādhvasā:.\n\nrājānaṅ prayatā vākyamabruvanmadhurākṣaram৷৷1.68.4৷৷\n\n"
    },
    {
        "sloka": "maithilō janakō rājā sāgnihōtrapuraskṛtam .\n\nkuśalaṅ cāvyayaṅ caiva sōpādhyāyapurōhitam৷৷1.68.5৷৷\n\nmuhurmuhurmadhurayā snēhasaṅyuktayā girā.\n\njanakastvāṅ mahārāja pṛcchatē sapurassaram৷৷1.68.6৷৷\n\n"
    },
    {
        "sloka": "pṛṣṭvā kuśalamavyagraṅ vaidēhō mithilādhipa:.\n\nkauśikānumatē vākyaṅ bhavantamidamabravīt৷৷1.68.7৷৷\n\n"
    },
    {
        "sloka": "pūrvaṅ pratijñā viditā vīryaśulkā mamātmajā.\n\nrājānaśca kṛtāmarṣānirvīryā vimukhīkṛtā:৷৷1.68.8৷৷\n\n"
    },
    {
        "sloka": "sēyaṅ mama sutā rājan viśvāmitrapurassarai:.\n\nyadṛcchayāgatairvīrairnirjitā tava putrakai:৷৷1.68.9৷৷\n\n"
    },
    {
        "sloka": "tacca rājan dhanurdivyaṅ madhyē bhagnaṅ mahātmanā.\n\nrāmēṇa hi mahārāja mahatyāṅ janasaṅsadi৷৷1.68.10৷৷ \n\n"
    },
    {
        "sloka": "asmai dēyā mayā sītā vīryaśulkā mahātmanē.\n\npratijñāṅ kartumicchāmi tadanujñātumarhasi৷৷1.68.11৷৷\n\n"
    },
    {
        "sloka": "sōpādhyāyō mahārāja purōhitapurassara:.\n\nśīghramāgaccha bhadraṅ tē draṣṭumarhasi rāghavau ৷৷1.68.12৷৷\n\n"
    },
    {
        "sloka": "prītiṅ ca mama rājēndra nirvartayitumarhasi.\n\nputrayōrubhayōrēva prītiṅ tvamapi lapsyasē৷৷1.68.13৷৷\n\n"
    },
    {
        "sloka": "ēvaṅ vidēhādhipatirmadhuraṅ vākyamabravīt৷৷1.68.14৷৷\n\nviśvāmitrābhyanujñāta śśatānandamatē sthita:.\n\nityuktvā viratā dūtā rājagauravaśaṅkitā:৷৷1.68.15৷৷ \n\n"
    },
    {
        "sloka": "dūtavākyaṅ ca tacchrutvā rājā paramaharṣita:.\n\nvasiṣṭhaṅ vāmadēvaṅ ca mantriṇō.nyāṅśca sō.bravīt৷৷1.68.16৷৷\n\n"
    },
    {
        "sloka": "gupta: kuśikaputrēṇa kausalyānandavardhana:.\n\nlakṣmaṇēna saha bhrātrā vidēhēṣu vasatyasau৷৷1.68.17৷৷\n\n"
    },
    {
        "sloka": "dṛṣṭavīryastu kākutsthō janakēna mahātmanā.\n\nsampradānaṅ sutāyāstu rāghavē kartumicchati৷৷1.68.18৷৷\n\n"
    },
    {
        "sloka": "yadi vō rōcatē vṛttaṅ janakasya mahātmana:.\n\npurīṅ gacchāmahē śīghraṅ mā bhūtkālasya paryaya:৷৷1.68.19৷৷\n\n"
    },
    {
        "sloka": "mantriṇō bāḍhamityāhu: saha sarvairmaharṣibhi:.\n\nsuprītaścābravīdrājā śvō yātrēti sa mantriṇa:৷৷1.68.20৷৷\n\n"
    },
    {
        "sloka": "mantriṇastu narēndrasya rātriṅ paramasatkṛtā:.\n\nūṣu stēmuditā ssarvē guṇai ssarvaissamanvitā:৷৷1.68.21৷৷ \n\n"
    }
]