[
    {
        "sloka": "[Viswamitra  accompanied by the two princes departs for Mithila they halt on the bank of Sona on their way] \n\natha tāṅ rajanīṅ tatra kṛtārthau rāmalakṣmaṇau.\n\nūṣaturmuditau vīrau prahṛṣṭēnāntarātmanā৷৷1.31.1৷৷\n\n"
    },
    {
        "sloka": "prabhātāyāṅ tu śarvaryāṅ kṛtapaurvāhṇikakriyau.\n\nviśvāmitramṛṣīṅścānyān sahitāvabhijagmatu:৷৷1.31.2৷৷\n\n"
    },
    {
        "sloka": "abhivādya muniśrēṣṭhaṅ jvalantamiva pāvakam.\n\nūcaturmadhurōdāraṅ vākyaṅ madhurabhāṣiṇau৷৷1.31.3৷৷\n\n"
    },
    {
        "sloka": "imau sma muniśārdūla kiṅkarau samupasthitau.\n\nājñāpaya yathēṣṭaṅ vai śāsanaṅ karavāva kim৷৷1.31.4৷৷\n\n"
    },
    {
        "sloka": "ēvamuktā statastābhyāṅ sarva ēva maharṣaya:.\n\nviśvāmitraṅ puraskṛtya rāmaṅ vacanamabruvan৷৷1.31.5৷৷\n\n"
    },
    {
        "sloka": "maithilasya naraśrēṣṭha! janakasya bhaviṣyati.\n\nyajña: paramadharmiṣṭhastasya yāsyāmahē vayam৷৷1.31.6৷৷\n\n"
    },
    {
        "sloka": "tvaṅ caiva naraśārdūla! sahāsmābhirgamiṣyasi.\n\nadbhutaṅ dhanuratnaṅ ca tatra tadraṣṭumarhasi৷৷1.31.7৷৷\n\n"
    },
    {
        "sloka": "taddhi pūrvaṅ naraśrēṣṭha! dattaṅ sadasi daivatai:.\n\napramēyabalaṅ ghōraṅ makhē paramabhāsvaram৷৷1.31.8৷৷\n\n"
    },
    {
        "sloka": "nāsya dēvā na gandharvā nāsurā na ca rākṣasā:.\n\nkartumārōpaṇaṅ śaktā na kathañcana mānuṣā:৷৷1.31.9৷৷\n\n"
    },
    {
        "sloka": "dhanuṣastasya vīryaṅ tu jijñāsantō mahīkṣita:.\n\nna śēkurārōpayituṅ rājaputrā mahābalā:৷৷1.31.10৷৷ \n\n"
    },
    {
        "sloka": "taddhanurnaraśārdūla! maithilasya mahātmana:.\n\ntatra drakṣyasi kākutstha! yajñaṅ cādbhutadarśanam৷৷1.31.11৷৷\n\n"
    },
    {
        "sloka": "taddhi yajñaphalaṅ tēna maithilēnōttamaṅ dhanu:.\n\nyācitaṅ naraśārdūla! sunābhaṅ sarvadaivatai:৷৷1.31.12৷৷\n\n"
    },
    {
        "sloka": "āyāgabhūtaṅ nṛpatēstasya vēśmani rāghava.\n\narcitaṅ vividhairgandhairdhūpaiścāgarugandhibhi:৷৷1.31.13৷৷\n\n"
    },
    {
        "sloka": "ēvamuktvā munivara: prasthānamakarōttadā.\n\nsarṣisaṅgha ssakākutstha: āmantrya vanadēvatā:৷৷1.31.14৷৷\n\n"
    },
    {
        "sloka": "svasti vō.stu gamiṣyāmi sidvassiddhāśramādaham.\n\nuttarē jāhnavītīrē himavantaṅ śilōccayam৷৷1.31.15৷৷\n\n"
    },
    {
        "sloka": "pradakṣiṇaṅ tata: kṛtvā siddhāśramamanuttamam.\n\nuttarāṅ diśamuddiśya prasthātumupacakramē৷৷1.31.16৷৷\n\n"
    },
    {
        "sloka": "taṅ prayāntaṅ munivaramanvayādanusāriṇam.\n\nśakaṭīśatamātraṅ tu prāyēṇa brahmavādinām৷৷1.31.17৷৷\n\n"
    },
    {
        "sloka": "mṛgapakṣigaṇāścaiva siddhāśramanivāsina:.\n\nanujagmurmahātmānaṅ viśvāmitraṅ mahāmunim৷৷1.31.18৷৷\n\nnivartayāmāsa tata: pakṣisaṅghān mṛgānapi.\n\n"
    },
    {
        "sloka": "tē gatvā dūramadhvānaṅ lambamānē divākarē.\n\nvāsaṅ cakrurmunigaṇāḥ śōṇākūlē samāhitā:৷৷1.31.19৷৷\n\n"
    },
    {
        "sloka": "tē.staṅ gatē dinakarē snātvā hutahutāśanā:.\n\nviśvāmitraṅ puraskṛtya niṣēduramitaujasa:৷৷1.31.20৷৷ \n\n"
    },
    {
        "sloka": "rāmō.pi sahasaumitrirmunīṅ stānabhipūjya ca.\n\nagratō niṣasādātha viśvāmitrasya dhīmata:৷৷1.31.21৷৷\n\n"
    },
    {
        "sloka": "atha rāmō mahātējāḥ viśvāmitraṅ mahāmunim.\n\npapraccha naraśārdūla: kautūhalasamanvita:৷৷1.31.22৷৷\n\n"
    },
    {
        "sloka": "bhagavan kō.nvayaṅ dēśassamṛddhavanaśōbhita:.\n\nśrōtumicchāmi bhadraṅ tē vaktumarhasi tattvata:৷৷1.31.23৷৷\n\n"
    },
    {
        "sloka": "cōditō rāmavākyēna kathayāmāsa suvrata:.\n\ntasya dēśasya nikhilamṛṣimadhyē mahātapā:৷৷1.31.24৷৷\n\n"
    }
]