[
    {
        "sloka": "[Sumantra gives further details of the  story narrated by Sanatkumara--on the advice of Sumantra, king Dasaratha goes to Romapada - requests Rsyasringa's help to conduct aswamedha yaga- Rsyasringa comes to Ayodhya.]\n\nbhūya ēva hi rājēndra! śṛṇu mē vacanaṅ hitam.\n\nyathā sa dēvapravara: kathāyāmēvamabravīt৷৷1.11.1৷৷ \n\n"
    },
    {
        "sloka": "ikṣvākūṇāṅ kulē jātō bhaviṣyati sudhārmika:.\n\nrājā daśarathō nāmnā śrīmānsatyapratiśrava:৷৷1.11.2৷৷ \n\n"
    },
    {
        "sloka": "aṅgarājēna sakhyaṅ ca tasya rājñō bhaviṣyati.\n\nkanyā cāsya mahābhāgā śāntā nāma bhaviṣyati৷৷1.11.3৷৷ \n\n"
    },
    {
        "sloka": "putrastu sō.ṅgarājasya rōmapāda iti śruta:.\n\ntaṅ sa rājā daśarathō gamiṣyati mahāyaśā:৷৷1.11.4৷৷ \n\n"
    },
    {
        "sloka": "anapatyō.smi dharmātman! śāntābhartā mama kratum.\n\nāharēta tvayājñaptassantānārthaṅ kulasya ca৷৷1.11.5৷৷ \n\n"
    },
    {
        "sloka": "śrutvā rājñō.tha tadvākyaṅ manasā sa vicintya ca.\n\npradāsyatē putravantaṅ śāntābhartāramātmavān৷৷1.11.6৷৷ \n\n"
    },
    {
        "sloka": "pratigṛhya ca taṅ vipraṅ sa rājā vigatajvara:.\n\nāhariṣyati taṅ yajñaṅ prahṛṣṭēnāntarātmanā৷৷1.11.7৷৷ \n\n"
    },
    {
        "sloka": "taṅ ca rājā daśarathō yaṣṭukāma: kṛtāñjali:.\n\nṛśyaśṛṅgaṅ dvijaśrēṣṭhaṅ varayiṣyati dharmavit৷৷ 1.11.8৷৷ \n\nyajñārthaṅ prasavārthaṅ ca svargārthaṅ ca narēśvara:.\n\nlabhatē ca sa taṅ kāmaṅ dvijamukhyādviśāṅpati:৷৷1.11.9৷৷ \n\n"
    },
    {
        "sloka": "putrāścāsya bhaviṣyanti catvārō.mitavikramā:.\n\nvaṅśapratiṣṭhānakarāssarvalōkēṣu viśrutā:৷৷1.11.10৷৷ \n\n"
    },
    {
        "sloka": "ēvaṅ sa dēvapravara: pūrvaṅ kathitavānkathām.\n\nsanatkumārō bhagavānpurā dēvayugē prabhu:৷৷1.11.11৷৷ \n\n"
    },
    {
        "sloka": "sa tvaṅ puruṣaśārdūla! tamānaya susatkṛtam.\n\nsvayamēva mahārāja! gatvā sabalavāhana:৷৷1.11.12৷৷ \n\n"
    },
    {
        "sloka": "anumānya vasiṣṭhaṅ ca sūtavākyaṅ niśamya ca.\n\nsānta:purassahāmātya: prayayau yatra sa dvija:৷৷1.11.13৷৷ \n\n"
    },
    {
        "sloka": "vanāni saritaścaiva vyatikramya śanaiśśanai:.\n\nabhicakrāma taṅ dēśaṅ yatra vai munipuṅgava:৷৷1.11.14৷৷ \n\n"
    },
    {
        "sloka": "āsādya taṅ dvijaśrēṣṭhaṅ rōmapādasamīpagam.\n\nṛṣiputraṅ dadarśādau dīpyamānamivānalam৷৷1.11.15৷৷ \n\n"
    },
    {
        "sloka": "tatō rājā yathānyāyaṅ pūjāṅ cakrē viśēṣata:.\n\nsakhitvāttasya vai rājña: prahṛṣṭēnāntarātmanā৷৷1.11.16৷৷ \n\n"
    },
    {
        "sloka": "rōmapādēna cākhyātamṛṣiputrāya dhīmatē.\n\nsakhyaṅ sambandhakaṅ caiva tadā taṅ pratyapūjayat৷৷1.11.17৷৷ \n\n"
    },
    {
        "sloka": "ēvaṅ susatkṛtastēna sahōṣitvā nararṣabha:.\n\nsaptāṣṭadivasānrājā rājānamidamabravīt৷৷1.11.18৷৷ \n\n"
    },
    {
        "sloka": "śāntā tava sutā rājan! saha bhartrā viśāṅpatē.\n\nmadīyanagaraṅ yātu kāryaṅ hi mahadudyatam৷৷1.11.19৷৷ \n\n"
    },
    {
        "sloka": "tathēti rājā saṅśrutya gamanaṅ tasya dhīmata:.\n\nuvāca vacanaṅ vipraṅ gaccha tvaṅ saha bhāryayā৷৷1.11.20৷৷ \n\n"
    },
    {
        "sloka": "ṛṣiputra: pratiśrutya tathētyāha nṛpaṅ tadā.\n\nsa nṛpēṇābhyanujñāta: prayayau saha bhāryayā৷৷1.11.21৷৷ \n\n"
    },
    {
        "sloka": "tāvanyōnyāñjaliṅ kṛtvā snēhātsaṅśliṣya cōrasā.\n\nnanandaturdaśarathō rōmapādaśca vīryavān৷৷1.11.22৷৷ \n\n"
    },
    {
        "sloka": "tatassuhṛdamāpṛcchya prasthitō raghunandana:.\n\npaurēbhya: prēṣayāmāsa dūtānvai śīghragāmina:৷৷1.11.23৷৷ \n\n"
    },
    {
        "sloka": "kriyatāṅ nagaraṅ sarvaṅ kṣipramēva svalaṅkṛtam.\n\ndhūpitaṅ siktasammṛṣṭaṅ patākābhiralaṅkṛtam৷৷1.11.24৷৷ \n\n"
    },
    {
        "sloka": "tata: prahṛṣṭā: paurāstē śrutvā rājānamāgatam.\n\ntathā pracakrustatsarvaṅ rājñā yatprēṣitaṅ tadā ৷৷1.11.25৷৷ \n\n"
    },
    {
        "sloka": "tatassvalaṅkṛtaṅ rājā nagaraṅ pravivēśa ha.\n\nśaṅkhadundubhinirghōṣai: puraskṛtya dvijarṣabham৷৷1.11.26৷৷ \n\n"
    },
    {
        "sloka": "tata: pramuditāssarvē dṛṣṭvā taṅ nāgarā dvijam.\n\npravēśyamānaṅ satkṛtya narēndrēṇēndrakarmaṇā৷৷1.11.27৷৷ \n\n"
    },
    {
        "sloka": "anta:puraṅ pravēśyainaṅ pūjāṅ kṛtvā ca śāstrata:.\n\nkṛtakṛtyaṅ tadātmānaṅ mēnē tasyōpavāhanāt৷৷1.11.28৷৷ \n\n"
    },
    {
        "sloka": "anta:purastriyassarvāśśāntāṅ dṛṣṭvā tathāgatām.\n\nsaha bhartrā viśālākṣīṅ prītyānandamupāgaman৷৷1.11.29৷৷ \n\n"
    },
    {
        "sloka": "pūjyamānā ca tābhissā rājñā caiva viśēṣata:.\n\nuvāsa tatra sukhitā kañcitkālaṅ sahartvijā৷৷1.11.30৷৷ \n\n"
    }
]