[
    {
        "sloka": "[Trisanku ascends to heaven and gets  expelled by Indra-Viswamitra  creates another heaven for him]\n\ntapōbalahatān kṛtvā vāsiṣṭhān samahōdayān.\n\nṛṣimadhyē mahātējā viśvāmitrō.bhyabhāṣata৷৷1.60.1৷৷\n\n"
    },
    {
        "sloka": "ayamikṣvākudāyādastriśaṅkuriti viśruta:.\n\ndharmiṣṭhaśca vadānyaśca māṅ caiva śaraṇaṅ gata:৷৷1.60.2৷৷\n\ntēnānēna śarīrēṇa dēvalōkajigīṣayā.\n\n"
    },
    {
        "sloka": "yathā.yaṅ svaśarīrēṇa svargalōkaṅ gamiṣyati৷৷1.60.3৷৷\n\ntathā pravartyatāṅ yajñē bhavadbhiśca mayā saha.\n\n"
    },
    {
        "sloka": "viśvāmitravaca śśrutvā sarva ēva maharṣaya:৷৷1.60.4৷৷\n\nūcussamētya sahitā dharmajñā dharmasaṅhitam.\n\n"
    },
    {
        "sloka": "ayaṅ kuśikadāyādō muni: paramakōpana:৷৷1.60.5৷৷\n\nyadāha vacanaṅ samyagētatkāryaṅ na saṅśaya:.\n\nagnikalpō hi bhagavān śāpaṅ dāsyati rōṣita:৷৷1.60.6৷৷\n\n"
    },
    {
        "sloka": "tasmātpravartyatāṅ yajña ssaśarīrō yathā divam.\n\ngacchēdikṣvākudāyādō viśvāmitrasya tējasā৷৷1.60.7৷৷\n\ntathā pravartyatāṅ yajña ssarvē samadhitiṣṭhata.\n\n"
    },
    {
        "sloka": "ēvamuktvā maharṣayaḥ cakrustāstā:kriyāstadā৷৷1.60.8৷৷\n\nyājakaśca mahātējā viśvāmitrō.bhavatkratau. \n\n"
    },
    {
        "sloka": "ṛtvijaścānupūrvyēṇa mantravanmantrakōvidā:৷৷1.60.9৷৷\n\ncakru: karmāṇi sarvāṇi yathākalpaṅ yathāvidhi.\n\n"
    },
    {
        "sloka": "tata: kālēna mahatā viśvāmitrō mahātapā:৷৷1.60.10৷৷ \n\ncakārāvāhanaṅ tatra bhāgārthaṅ sarvadēvatā:.\n\n"
    },
    {
        "sloka": "nābhyāgamaṅstadāhūtā bhāgārthaṅ sarvadēvatā:৷৷1.60.11৷৷\n\ntata: krōdhasamāviṣṭō viśvāmitrō mahāmuni:.\n\nsruvamudyamya sakrōdhastriśaṅkumidamabravīt৷৷1.60.12৷৷ \n\n"
    },
    {
        "sloka": "paśya mē tapasō vīryaṅ svārjitasya narēśvara! .\n\nēṣa tvāṅ saśarīrēṇa nayāmi svargamōjasā৷৷1.60.13৷৷\n\nduṣprāpaṅ saśarīrēṇa divaṅ gaccha narādhipa.\n\n"
    },
    {
        "sloka": "svārjitaṅ kiñcidapyasti mayā hi tapasa:phalam৷৷1.60.14৷৷ \n\nrājan svatējasā tasya saśarīrō divaṅ vraja.\n\n"
    },
    {
        "sloka": "uktavākyē munau tasmin saśarīrō narēśvara:৷৷1.60.15৷৷\n\ndivaṅ jagāma kākutstha munīnāṅ paśyatāṅ tadā.\n\n"
    },
    {
        "sloka": "dēvalōkagataṅ dṛṣṭvā triśaṅkuṅ pākaśāsana:৷৷1.60.16৷৷\n\nsaha sarvaissuragaṇairidaṅ vacanamabravīt.\n\n"
    },
    {
        "sloka": "triśaṅkō gaccha bhūyastvaṅ nāsi svargakṛtālaya:৷৷1.60.17৷৷\n\nguruśāpahatō mūḍha! pata bhūmimavākchirā:. \n\n"
    },
    {
        "sloka": "ēvamuktō mahēndrēṇa triśaṅkurapatatpuna:৷৷1.60.18৷৷\n\nvikrōśamānastrāhīti viśvāmitraṅ tapōdhanam.\n\n"
    },
    {
        "sloka": "tacchrutvā vacanaṅ tasya krōśamānasya kauśika:৷৷1.60.19৷৷\n\nrōṣamāhārayattīvraṅ tiṣṭha tiṣṭhēti cābravīt.\n\n"
    },
    {
        "sloka": "ṛṣimadhyē sa tējassvī prajāpatirivāpara:৷৷1.60.20৷৷\n\nsṛjan dakṣiṇamārgasthān saptarṣīnaparān puna:.\n\nnakṣatramālāmaparāmasṛjatkrōdhamūrcchita:৷৷1.60.21৷৷\n\ndakṣiṇāṅ diśamāsthāya munimadhyē mahāyaśā:.\n\n"
    },
    {
        "sloka": "sṛṣṭvā nakṣatravaṅśaṅ ca krōdhēna kaluṣīkṛta:৷৷1.60.22৷৷\n\nanyamindraṅ kariṣyāmi lōkō vā syādanindraka:.\n\ndaivatānyapi sa krōdhā tsraṣṭuṅ samupacakramē৷৷1.60.23৷৷ \n\n"
    },
    {
        "sloka": "tata: paramasambhrāntāssarṣisaṅghāssurāsurā:.\n\nviśvāmitraṅ mahātmānamūcu: sānunayaṅ vaca:৷৷1.60.24৷৷\n\n"
    },
    {
        "sloka": "ayaṅ rājā mahābhāga guruśāpaparikṣata: .\n\nsaśarīrō divaṅ yātuṅ nārhatyēva tapōdhana! ৷৷1.60.25৷৷ \n\n"
    },
    {
        "sloka": "tēṣāṅ tadvacanaṅ śrutvā dēvānāṅ munipuṅgava: .\n\nabravītsumahadvākyaṅ kauśika: sarvadēvatā:৷৷1.60.26৷৷\n\n"
    },
    {
        "sloka": "saśarīrasya bhadraṅ vastriśaṅkōrasya bhūpatē:.\n\nārōhaṇaṅ pratijñāya nānṛtaṅ kartumutsahē৷৷1.60.27৷৷\n\n"
    },
    {
        "sloka": "svargō.stu saśarīrasya triśaṅkōrasya śāśvata:.\n\nnakṣatrāṇi ca sarvāṇi māmakāni dhruvāṇyatha৷৷1.60.28৷৷\n\nyāvallōkā dhariṣyanti tiṣṭhantvētāni sarvaśa:.\n\nmatkṛtāni surā ssarvē tadanujñātumarhatha৷৷1.60.29৷৷\n\n"
    },
    {
        "sloka": "ēvamuktā: surāssarvē pratyūcurmunipuṅgavam.\n\nēvaṅ bhavatu bhadraṅ tē tiṣṭhantvētāni sarvaśa:৷৷1.60.30৷৷                \n\ngaganē tānyanēkāni vaiśvānarapathādbahi:.\n\nnakṣatrāṇi muniśrēṣṭha tēṣu jyōtiṣṣu jājvalan৷৷1.60.31৷৷\n\navākchirāstriśaṅkuśca tiṣṭhatvamarasannibha:.\n\n"
    },
    {
        "sloka": "anuyāsyanti caitāni jyōtīṅṣi nṛpasattamam৷৷1.60.32৷৷\n\nkṛtārthaṅ kīrtimantaṅ ca svargalōkagataṅ yathā.\n\n"
    },
    {
        "sloka": "viśvāmitrastu dharmātmā sarvadēvairabhiṣṭuta:৷৷1.60.33৷৷\n\nṛṣibhiśca mahātējā bāḍhamityāha dēvatā:. \n\n"
    },
    {
        "sloka": "tatō dēvā mahātmānō munayaśca tapōdhanā:.\n\njagmuryathā৷৷gataṅ sarvē yajñasyāntē narōttama!৷৷1.60.34৷৷\n\n"
    }
]