[
    {
        "sloka": "[Viswamitra curses Rambha.]\n\nsurakāryamidaṅ rambhē kartavyaṅ sumahattvayā.\n\nlōbhanaṅ kauśikasyēha kāmamōhasamanvitam৷৷1.64.1৷৷ \n\n"
    },
    {
        "sloka": "tathōktā sā.psarā rāma sahasrākṣēṇa dhīmatā.\n\nvrīḍitā prāñjalirvākyaṅ pratyuvāca surēśvaram৷৷1.64.2৷৷\n\n"
    },
    {
        "sloka": "ayaṅ surapatē ghōrō viśvāmitrō mahāmuni:.\n\nghōramutsṛjatē krōdhaṅ mayi dēva na saṅśaya:৷৷1.64.3৷৷\n\ntatō hi mē bhayaṅ dēva prāsādaṅ kartumarhasi.\n\n"
    },
    {
        "sloka": "ēvamuktastayā rāma rambhayā bhītayā tadā৷৷1.64.4৷৷\n\ntāmuvāca sahasrākṣō vēpamānāṅ kṛtāñjalim.\n\n"
    },
    {
        "sloka": "mābhaiṣī rambhē bhadraṅ tē kuruṣva mama śāsanam৷৷1.64.5৷৷\n\nkōkilō hṛdayagrāhī mādhavē ruciradrumē.\n\nahaṅ kandarpasahita ssthāsyāmi tava pārśvata:৷৷1.64.6৷৷\n\n"
    },
    {
        "sloka": "tvaṅ hi rūpaṅ bahuguṇaṅ kṛtvā paramabhāsvaram.\n\ntamṛṣiṅ kauśikaṅ rambhē bhēdayasva tapasvinam৷৷1.64.7৷৷ \n\n"
    },
    {
        "sloka": "sā śrutvā vacanaṅ tasya kṛtvā rūpamanuttamam.\n\nlōbhayāmāsa lalitā viśvāmitraṅ śucismitā৷৷1.64.8৷৷\n\n"
    },
    {
        "sloka": "kōkilasya ca śuśrāva valgu vyāharata: svanam.\n\nsamprahṛṣṭēna manasā tata ēnāmudaikṣata৷৷1.64.9৷৷\n\n"
    },
    {
        "sloka": "atha tasya ca śabdēna gītēnāpratimēna ca.\n\ndarśanēna ca rambhāyā munissandēhamāgata:৷৷1.64.10৷৷\n\n"
    },
    {
        "sloka": "sahasrākṣasya tatkarma vijñāya munipuṅgava:.\n\nrambhāṅ krōdhasamāviṣṭa śśaśāpa kuśikātmaja:৷৷1.64.11৷৷ \n\n"
    },
    {
        "sloka": "yanmāṅ lōbhayasē rambhē kāmakrōdhajayaiṣiṇam.\n\ndaśavarṣasahasrāṇi śailī sthāsyasi durbhagē ৷৷1.64.12৷৷\n\n"
    },
    {
        "sloka": "brāhmaṇa ssumahātējā stapōbalasamanvita:.\n\nuddhariṣyati rambhē tvāṅ matkrōdhakaluṣīkṛtām৷৷1.64.13৷৷\n\n"
    },
    {
        "sloka": "ēvamuktvā mahātējā viśvāmitrō mahāmuni:.\n\naśaknuvan dhārayituṅ krōdhaṅ santāpamāgata:৷৷1.64.14৷৷\n\n"
    },
    {
        "sloka": "tasya śāpēna mahatā rambhā śailī tadā.bhavat.\n\nvacaśśṛtvā ca kandarpō maharṣēssa ca nirgata:৷৷1.64.15৷৷\n\n"
    },
    {
        "sloka": "kōpēna sa mahātējāstapō.paharaṇē kṛtē.\n\nindriyairajitai rāma! na lēbhē śāntimātmana:৷৷1.64.16৷৷\n\n"
    },
    {
        "sloka": "babhūvāsya manaścintā tapō.paharaṇē kṛtē .\n\nnaiva krōdhaṅ gamiṣyāmi na ca vakṣyē kathañcana৷৷1.64.17৷৷\n\n"
    },
    {
        "sloka": "athavā nōcchavasiṣyāmi saṅvatsaraśatānyapi.\n\nahaṅ viśōṣayiṣyāmi hyātmānaṅ vijitēndriya:৷৷1.64.18৷৷\n\n"
    },
    {
        "sloka": "tāvadyāvaddhi mē prāptaṅ brāhmaṇyaṅ tapasā৷৷rjitam.\n\nanucchavasannabhuñjāna stiṣṭhēyaṅ śāśvatīssamā:৷৷1.64.19৷৷\n\nna hi mē tapyamānasya kṣayaṅ yāsyanti mūrtaya:.\n\n"
    },
    {
        "sloka": "ēvaṅ varṣasahasrasya dīkṣāṅ sa munipuṅgava:৷৷1.64.20৷৷\n\ncakārāpratimāṅ lōkē pratijñāṅ raghunandana!.\n\n"
    }
]