[
    {
        "sloka": "[Valmiki composes the Ramayana in 24,000 verses -- teaches the verses to Kusa and Lava -- identifies Kusa and Lava for propagating the poem because of their melodious voice --- Kusa and Lava travel from place to place singing the Ramayana kavya--they sing at the assembly of rishis at aswamedha -- Sri Rama invites them to his palace and hears the Ramayana chanted by them.]\n\nprāptarājyasya rāmasya vālmīkirbhagavānṛṣi:.\n\ncakāra caritaṅ kṛtsnaṅ vicitrapadamātmavān৷৷1.4.1৷৷ \n\n"
    },
    {
        "sloka": "caturviṅśatsahasrāṇi ślōkānāmuktavānṛṣi:.\n\ntathā sargaśatānpañca ṣaṭkāṇḍāni tathōttaram ৷৷1.4.2৷৷ \n\n"
    },
    {
        "sloka": "kṛtvāpi tanmahāprājñassabhaviṣyaṅ sahōttaram.\n\ncintayāmāsa kōnvētatprayuñjīyāditi prabhu:৷৷1.4.3৷৷ \n\n"
    },
    {
        "sloka": "tasya cintayamānasya maharṣērbhāvitātmana:.\n\nagṛhṇītāṅ tata: pādau munivēṣau kuśīlavau ৷৷1.4.4৷৷ \n\n"
    },
    {
        "sloka": "kuśīlavau tu dharmajñau rājaputrau yaśasvinau.\n\nbhrātarau svarasampannau dadarśāśramavāsinau ৷৷1.4.5৷৷ \n\n"
    },
    {
        "sloka": "sa tu mēdhāvinau dṛṣṭvā vēdēṣu pariniṣṭhitau.\n\nvēdōpabṛṅhaṇārthāya tāvagrāhayata prabhu:৷৷1.4.6৷৷ \n\n"
    },
    {
        "sloka": "kāvyaṅ rāmāyaṇaṅ kṛtsnaṅ sītāyāścaritaṅ mahat.\n\npaulastyavadhamityēva cakāra caritavrata:৷৷1.4.7৷৷ \n\n"
    },
    {
        "sloka": "pāṭhyē gēyē ca madhuraṅ pramāṇaistribhiranvitam.\n\njātibhissaptabhirbaddhaṅ tantrīlayasamanvitam৷৷1.4.8৷৷ \n\nrasaiśśṛṅgārakāruṇyahāsyavīrabhayānakai:.\n\nraudrādibhiśca saṅyuktaṅ kāvyamētadagāyatām৷৷1.4.9৷৷ \n\ntau tu gāndharvatattvajñau mūrchanāsthānakōvidau.\n\nbhrātarau svarasampannau gandharvāviva rūpiṇau৷৷1.4.10৷৷ \n\nrūpalakṣaṇasampannau madhurasvarabhāṣiṇau.\n\nbimbādivōddhṛtau bimbau rāmadēhāttathā.parau৷৷1.4.11৷৷ \n\n"
    },
    {
        "sloka": "tau rājaputrau kārtsnyēna dharmyamākhyānamuttamam.   \n\nvācōvidhēyaṅ tatsarvaṅ kṛtvā kāvyamaninditau৷৷1.4.12৷৷ \n\nṛṣīṇāṅ ca dvijātīnāṅ sādhūnāṅ ca samāgamē.\n\nyathōpadēśaṅ tattvajñau jagatussusamāhitau৷৷1.4.13৷৷ \n\n"
    },
    {
        "sloka": "mahātmānau mahābhāgau sarvalakṣaṇalakṣitau. \n\ntau kadācitsamētānāmṛṣīṇāṅ bhāvitātmanām.\n\nāsīnānāṅ samīpasthāvidaṅ kāvyamagāyatām৷৷1.4.14৷৷ \n\n"
    },
    {
        "sloka": "tacchrutvā munayassarvē bāṣpaparyākulēkṣaṇā:.\n\nsādhusādhviti tāvūcu: paraṅ vismayamāgatā:৷৷1.4.15৷৷ \n\n"
    },
    {
        "sloka": "tē prītamanasassarvē munayō dharmavatsalā:.\n\npraśaśaṅsu: praśastavyau gāyamānau kuśīlavau৷৷1.4.16৷৷ \n\n"
    },
    {
        "sloka": "ahō gītasya mādhuryaṅ ślōkānāṅ ca viśēṣata:.\n\nciranirvṛttamapyētatpratyakṣamiva darśitam৷৷1.4.17৷৷ \n\n"
    },
    {
        "sloka": "praviśya tāvubhau suṣṭhu bhāvaṅ samyagagāyatām.\n\nsahitau madhuraṅ raktaṅ sampannaṅ svarasampadā৷৷1.4.18৷৷ \n\n"
    },
    {
        "sloka": "ēvaṅ praśasyamānau tau tapaśślāghyairmahātmabhi:.\n\nsaṅraktataramatyarthaṅ madhuraṅ tāvagāyatām৷৷1.4.19৷৷ \n\n"
    },
    {
        "sloka": "prīta: kaścinmunistābhyāṅ saṅsthita: kalaśaṅ dadau.\n\nprasannō valkalaṅ kaściddadau tābhyāṅ mahāyaśā:৷৷1.4.20৷৷ \n\n"
    },
    {
        "sloka": "āścaryamidamākhyānaṅ muninā samprakīrtitam.\n\nparaṅ kavīnāmādhāraṅ samāptaṅ ca yathākramam৷৷1.4.21৷৷ \n\n"
    },
    {
        "sloka": "abhigītamidaṅ gītaṅ sarvagītēṣu kōvidau.\n\nāyuṣyaṅ puṣṭijanakaṅ sarvaśrutimanōharam৷৷1.4.22৷৷ \n\npraśasyamānau sarvatra kadācittatra gāyakau .\n\nrathyāsu rājamārgēṣu dadarśa bharatāgraja:৷৷1.4.23৷৷ \n\n"
    },
    {
        "sloka": "svavēśma cānīya tadā bhrātarau sa kuśīlavau.\n\npūjayāmāsa pūjārhau rāmaśśatrunibarhaṇa:৷৷1.4.24৷৷ \n\n"
    },
    {
        "sloka": "āsīna: kāñcanē divyē sa ca siṅhāsanē prabhu:.\n\nupōpaviṣṭassacivairbhrātṛbhiśca parantapa:৷৷1.4.25৷৷ \n\n"
    },
    {
        "sloka": "dṛṣṭvā tu rūpasampannau tāvubhau niyatastathā.\n\nuvāca lakṣmaṇaṅ rāmaśśatrughnaṅ bharataṅ tadā৷৷1.4.26৷৷ \n\n"
    },
    {
        "sloka": "śrūyatāmidamākhyānamanayōrdēvavarcasō:.\n\nvicitrārthapadaṅ samyaggāyakau tāvacōdayat৷৷1.4.27৷৷ \n\n"
    },
    {
        "sloka": "tau cāpi madhuraṅ raktaṅ svañcitāyatanisvanam .\n\ntantrīlayavadatyarthaṅ viśrutārthamagāyatām ৷৷1.4.28৷৷ \n\n"
    },
    {
        "sloka": "hlādayatsarvagātrāṇi manāṅsi hṛdayāni ca.\n\nśrōtrāśrayasukhaṅ gēyaṅ tadbabhau janasaṅsadi৷৷1.4.29৷৷ \n\n"
    },
    {
        "sloka": "imau munī pārthivalakṣaṇānvitau\n\nkuśīlavau caiva mahātapasvinau.\n\nmamāpi tadbhūtikaraṅ pravakṣyatē\n\nmahānubhāvaṅ caritaṅ nibōdhata৷৷1.4.30৷৷ \n\n"
    },
    {
        "sloka": "tatastu tau rāmavaca:pracōditā-\n\nvagāyatāṅ mārgavidhānasampadā.\n\nsa cāpi rāma: pariṣadgataśśanaiḥ \n\nbubhūṣayā৷৷saktamanā babhūva ha৷৷1.4.31৷৷ \n\n"
    }
]