[
    {
        "sloka": "[Sri Rama kills Tataka]\n\nmunērvacanamaklībaṅ śrutvā naravarātmaja:.\n\nrāghava: prāñjalirbhūtvā pratyuvāca dṛḍhavrata:৷৷1.26.1৷৷\n\n"
    },
    {
        "sloka": "piturvacananirdēśātpiturvacanagauravāt.\n\nvacanaṅ kauśikasyēti kartavyamaviśaṅkayā৷৷1.26.2৷৷\n\n"
    },
    {
        "sloka": "anuśiṣṭō.smyayōdhyāyāṅ gurumadhyē mahātmanā.\n\npitrā daśarathēnāhaṅ nāvajñēyaṅ hi tadvaca:৷৷1.26.3৷৷\n\n"
    },
    {
        "sloka": "sō.haṅ piturvacaśśrutvā śāsanādbrahmavādina:.\n\nkariṣyāmi na sandēhastāṭakāvadhamuttamam৷৷1.26.4৷৷\n\n"
    },
    {
        "sloka": "gōbrāhmaṇahitārthāya dēśasyāsya sukhāya ca.\n\ntava caivāpramēyasya vacanaṅ kartumudyata:৷৷1.26.5৷৷\n\n"
    },
    {
        "sloka": "ēvamuktvā dhanurmadhyē badhvā muṣṭimarindama:.\n\njyāśabdamakarōttīvraṅ diśaśśabdēna nādayan৷৷1.26.6৷৷\n\n"
    },
    {
        "sloka": "tēna śabdēna vitrastāstāṭakāvanavāsina:.\n\ntāṭakā ca susaṅkruddhā tēna śabdēna mōhitā৷৷1.26.7৷৷\n\n"
    },
    {
        "sloka": "taṅ śabdamabhinidhyāya rākṣasī krōdhamūrchitā.\n\nśrutvā cābhyadravadvēgādyataśśabdō vinissṛta:৷৷1.26.8৷৷\n\n"
    },
    {
        "sloka": "tāṅ dṛṣṭvā rāghava: kruddhāṅ vikṛtāṅ vikṛtānanām.\n\npramāṇēnātivṛddhāṅ ca lakṣmaṇaṅ sō.bhyabhāṣata৷৷1.26.9৷৷\n\n"
    },
    {
        "sloka": "paśya lakṣmaṇa yakṣiṇyā bhairavaṅ dāruṇaṅ vapu:.\n\nbhidyēran darśanādasyā bhīrūṇāṅ hṛdayāni ca৷৷1.26.10৷৷ \n\n"
    },
    {
        "sloka": "ēnāṅ paśya durādharṣāṅ māyābalasamanvitām.\n\nvinivṛttāṅ karōmyadya hṛtakarṇāgranāsikām৷৷1.26.11৷৷\n\n"
    },
    {
        "sloka": "na hyēnāmutsahē hantuṅ strīsvabhāvēna rakṣitām.\n\nvīryaṅ cāsyāṅ gatiṅ cāpi haniṣyāmīti mē mati:৷৷1.26.12৷৷\n\n"
    },
    {
        "sloka": "ēvaṅ bruvāṇē rāmē tu tāṭakā krōdhamūrchitā.\n\nudyamya bāhū garjantī rāmamēvābhyadhāvata৷৷1.26.13৷৷ \n\n"
    },
    {
        "sloka": "viśvāmitrastu brahmarṣirhuṅkārēṇābhibhartsyatām.\n\nsvasti rāghavayōrastu jayaṅ caivābhyabhāṣata৷৷1.26.14৷৷ \n\n"
    },
    {
        "sloka": "uddhūnvānā rajō ghōraṅ tāṭakā rāghavāvubhau.\n\nrajōmōhēna mahatā muhūrtaṅ sā vyamōhayat৷৷1.26.15৷৷\n\n"
    },
    {
        "sloka": "tatō māyāṅ samāsthāya śilāvarṣēṇa rāghavau.\n\navākiratsumahatā tataścukrōdha rāghava:৷৷1.26.16৷৷\n\n"
    },
    {
        "sloka": "śilāvarṣaṅ mahattasyāśśaravarṣēṇa rāghava:.\n\npratihatyōpadhāvantyā: karau cicchēda patribhi: ৷৷1.26.17৷৷\n\n"
    },
    {
        "sloka": "tataśchinnabhujāṅ śrāntāmabhyāśē parigarjatīm.\n\nsaumitrirakarōtkrōdhāddhṛtakarṇāgranāsikām৷৷1.26.18৷৷\n\n"
    },
    {
        "sloka": "kāmarūpadharā sadya: kṛtvā rūpāṇyanēkaśa: .\n\nantardhānaṅ gatā yakṣī mōhayantīva māyayā ৷৷1.26.19৷৷\n\naśmavarṣaṅ vimuñcantī bhairavaṅ vicacāra ha . \n\n"
    },
    {
        "sloka": "tatastāvaśmavarṣēṇa kīryamāṇau samantata:৷৷1.26.20৷৷\n\ndṛṣṭvā gādhisutaśśrīmānidaṅ vacanamabravīt.   \n\n"
    },
    {
        "sloka": "alaṅ tē ghṛṇayā rāma pāpaiṣā duṣṭacāriṇī৷৷1.26.21৷৷\n\nyajñavighnakarī yakṣī purāvardhati māyayā.\n\n"
    },
    {
        "sloka": "vadhyatāṅ tāvadēvaiṣā purā sandhyā pravartatē৷৷1.26.22৷৷\n\nrakṣāṅsi sandhyākālēṣu durdharṣāṇi bhavanti vai.\n\n"
    },
    {
        "sloka": "ityuktastu tadā yakṣī aśmavṛṣṭyābhivarṣatīm৷৷1.26.23৷৷\n\ndarśayan śabdavēdhitvaṅ tāṅ rurōdha sa sāyakai:.\n\n"
    },
    {
        "sloka": "sā ruddhā śarajālēna māyābalasamanvitā৷৷1.26.24৷৷\n\nabhidudrāva kākutsthaṅ lakṣmaṇaṅ ca vinēduṣī.\n\n"
    },
    {
        "sloka": "tāmāpatantīṅ vēgēna vikrāntāmaśanīmiva৷৷1.26.25৷৷\n\nśarēṇōrasi vivyātha sā papāta mamāra ca.\n\n"
    },
    {
        "sloka": "tāṅ hatāṅ bhīmasaṅkāśāṅ dṛṣṭvā surapatistadā৷৷1.26.26৷৷\n\nsādhu sādhviti kākutsthaṅ surāśca samapūjayan.\n\n"
    },
    {
        "sloka": "uvāca paramaprīta ssahasrākṣa: purandara:৷৷1.26.27৷৷\n\nsurāśca sarvē saṅhṛṣṭā viśvāmitramathābruvan.\n\n"
    },
    {
        "sloka": "munē kauśika bhadraṅ tē sēndrāssarvē marudgaṇā:৷৷1.26.28৷৷\n\ntōṣitā: karmaṇā.nēna snēhaṅ darśaya rāghavē.\n\n"
    },
    {
        "sloka": "prajāpatērbhṛśāśvasya putrān satyaparākramān৷৷1.26.29৷৷\n\ntapōbalabhṛtō brahman rāghavāya nivēdaya.\n\n"
    },
    {
        "sloka": "pātrabhūtaśca tē brahmaṅstavānugamanē dhṛta:৷৷1.26.30৷৷\n\nkartavyaṅ ca mahatkarma surāṇāṅ rājasūnunā.  \n\n"
    },
    {
        "sloka": "ēvamuktvā surāssarvē hṛṣṭā jagmuryathāgatam৷৷1.26.31৷৷\n\nviśvāmitraṅ puraskṛtya tatassandhyā pravartatē.\n\n"
    },
    {
        "sloka": "tatō munivara: prītastāṭakāvadhatōṣita:৷৷1.26.32৷৷\n\nmūrdhni rāmamupāghrāya idaṅ vacanamabravīt.\n\n"
    },
    {
        "sloka": "ihādya rajanīṅ rāma vasēma śubhadarśana৷৷1.26.33৷৷\n\nśva: prabhātē gamiṣyāmastadāśramapadaṅ mama.\n\n"
    },
    {
        "sloka": "viśvāmitravaca: śrutvā hṛṣṭō daśarathātmaja:৷৷1.26.34৷৷\n\nuvāsa rajanīṅ tatra tāṭakāyā vanē sukham.\n\n"
    },
    {
        "sloka": "muktaśāpaṅ vanaṅ tacca tasminnēva tadāhani৷৷1.26.35৷৷\n\nramaṇīyaṅ vibabhrāja yathā caitrarathaṅ vanam.\n\n"
    },
    {
        "sloka": "nihatya tāṅ yakṣasutāṅ sa rāma:\n\npraśasyamānassurasiddhasaṅghai:.\n\nuvāsa tasminmuninā sahaiva\n\nprabhātavēlāṅ pratibōdhyamāna:৷৷1.26.36৷৷\n\n"
    }
]