[
    {
        "sloka": "[ At the instance of Brahma, devas procreate different forms of monkey chiefs and bears.]\n\nputratvaṅ tu gatē viṣṇau rājñastasya sumahātmana:.\n\nuvāca dēvatāssarvāssvayambhūrbhagavānidam৷৷1.17.1৷৷\n\n"
    },
    {
        "sloka": "satyasandhasya vīrasya sarvēṣānnō hitaiṣiṇa:.\n\nviṣṇōssahāyānbalinassṛjadhvaṅ kāmarūpiṇa:৷৷1.17.2৷৷\n\n"
    },
    {
        "sloka": "māyāvidaśca śūrāṅśca vāyuvēgasamāñjavē.\n\nnayajñānbuddhisampannānviṣṇutulyaparākramān৷৷1.17.3৷৷\n\nasaṅhāryānupāyajñān divyasaṅhananānvitān.\n\nsarvāstraguṇasampannānamṛtaprāśanāniva৷৷1.17.4৷৷\n\napsarassu ca mukhyāsu gandharvāṇāṅ tanūṣu ca .\n\nsṛjadhvaṅ harirūpēṇa putrāṅstulyaparākramān৷৷1.17.5৷৷\n\n"
    },
    {
        "sloka": "pūrvamēva mayā sṛṣṭō jāmbavānṛkṣapuṅgava:.\n\njṛmbhamāṇasya sahasā mama vaktrādajāyata৷৷1.17.6৷৷\n\n"
    },
    {
        "sloka": "tē tathōktā bhagavatā tatpratiśrutya śāsanam.\n\njanayāmāsurēvaṅ tē putrānvānararūpiṇa:৷৷1.17.7৷৷\n\n"
    },
    {
        "sloka": "ṛṣayaśca mahātmānassiddhavidyādharōragā:.\n\ncāraṇāśca sutānvīrānsasṛjurvanacāriṇa:৷৷1.17.8৷৷\n\n"
    },
    {
        "sloka": "vānarēndraṅ mahēndrābhamindrō vālinamūrjitam.\n\nsugrīvaṅ janayāmāsa tapanastapatāṅ vara:৷৷1.17.9৷৷\n\n"
    },
    {
        "sloka": "bṛhaspatistvajanayattāraṅ nāma mahāharim.\n\nsarvavānaramukhyānāṅ buddhimantamanuttamam৷৷1.17.10৷৷ \n\n"
    },
    {
        "sloka": "dhanadasya sutaśśrīmān vānarō gandhamādana:.\n\nviśvakarmātvajanayannalaṅ nāma mahāharim৷৷1.17.11৷৷\n\n"
    },
    {
        "sloka": "pāvakasya sutaśśrīmān nīlō.gnisadṛśaprabha:.\n\ntējasā yaśasā vīryādatyaricyata vānarān৷৷1.17.12৷৷\n\n"
    },
    {
        "sloka": "rūpadraviṇasampannāvaśvinau rūpasammatau.\n\nmaindaṅ ca dvividaṅ caiva janayāmāsatussvayam৷৷1.17.13৷৷\n\n"
    },
    {
        "sloka": "varuṇō janayāmāsa suṣēṇaṅ vānararṣabham.\n\nśarabhaṅ janayāmāsa parjanyastu mahābalam৷৷1.17.14৷৷\n\n"
    },
    {
        "sloka": "mārutasyātmajaśśrīmānhanumānnāma vīryavān .\n\nvajrasaṅhananōpētō vainatēyasamō javē৷৷1.17.15৷৷\n\n"
    },
    {
        "sloka": "tē sṛṣṭā bahusāhasrā daśagrīvavadhē ratā:.\n\napramēyabalā vīrā vikrāntā: kāmarūpiṇa:৷৷1.17.16৷৷\n\n"
    },
    {
        "sloka": "mērumandarasaṅkāśā vapuṣmantō mahābalā:.\n\nṛkṣavānaragōpucchā: kṣipramēvābhijajñirē৷৷1.17.17৷৷\n\n"
    },
    {
        "sloka": "yasya dēvasya yadrūpaṅ vēṣō yaśca parākrama:.\n\najāyata samastēna tasya tasya suta: pṛthak৷৷1.17.18৷৷\n\n"
    },
    {
        "sloka": "gōlāṅgūlīṣu cōtpannā: kēcitsammatavikramā:.\n\nṛkṣīṣu ca tathā jātā vānarā: kinnarīṣu ca৷৷1.17.19৷৷\n\n"
    },
    {
        "sloka": "dēvā maharṣigandharvāstārkṣyā yakṣā yaśasvina:.\n\nnāgā: kimpuruṣāścaiva siddhavidyādharōragā:৷৷1.17.20৷৷ \n\nbahavō janayāmāsurhṛṣṭāstatra sahasraśa:.\n\nvānarānsumahākāyānsarvānvai vanacāriṇa:৷৷1.17.21৷৷\n\napsarassu ca mukhyāsu tathā vidyādharīṣu ca.\n\nnāgakanyāsu ca tathā gandharvīṇāṅ tanūṣu ca ৷৷1.17.22৷৷\n\n"
    },
    {
        "sloka": "kāmarūpabalōpētā yathākāmaṅ vicāriṇa:.\n\nsiṅhaśārdūlasadṛśā darpēṇa ca balēna ca৷৷1.17.23৷৷\n\n"
    },
    {
        "sloka": "śilāpraharaṇāssarvē sarvē pādapayōdhina:৷৷1.17.24৷৷\n\nnakhadaṅṣṭrāyudhāssarvē sarvē sarvāstrakōvidā:. \n\n"
    },
    {
        "sloka": "vicālayēyuśśailēndrānbhēdayēyussthirāndrumān.\n\nkṣōbhayēyuśca vēgēna samudraṅ saritāṅ patim৷৷1.17.25৷৷\n\n"
    },
    {
        "sloka": "dārayēyu: kṣitiṅ padbhyāmāplavēyurmahārṇavam.\n\nnabha:sthalam viśēyuśca gṛhṇīyurapi tōyadān৷৷1.17.26৷৷\n\n"
    },
    {
        "sloka": "gṛhṇīyurapi mātaṅgānmattānpravrajatō vanē.\n\nnardamānāśca nādēna pātayēyurvihaṅgamān৷৷1.17.27৷৷\n\n"
    },
    {
        "sloka": "īdṛśānāṅ prasūtāni harīṇāṅ kāmarūpiṇām.\n\nśataṅ śatasahasrāṇi yūthapānāṅ mahātmanām৷৷1.17.28৷৷\n\n"
    },
    {
        "sloka": "tē pradhānēṣu yūthēṣu harīṇāṅ hariyūthapā:.\n\nbabhūvuryūthapaśrēṣṭhā vīrāṅścājanayan harīn৷৷1.17.29৷৷\n\n"
    },
    {
        "sloka": "anyē ṛkṣavata: prasthānavatasthu ssahasraśa:.\n\nanyē nānāvidhānśailānbhējirē kānanāni ca৷৷1.17.30৷৷ \n\n"
    },
    {
        "sloka": "sūryaputraṅ ca sugrīvaṅ śakraputraṅ ca vālinam.\n\nbhrātarāvupatasthustē sarva ēva harīśvarā:৷৷1.17.31৷৷\n\nnalaṅ nīlaṅ hanūmantamanyāṅśca hariyūthapān. 3\n\n"
    },
    {
        "sloka": "tē tārkṣyabalasampannāssarvē yuddhaviśāradā:.\n\nvicarantō.rdayandarpātsiṅhavyāghramahōragān৷৷1.17.32৷৷\n\n"
    },
    {
        "sloka": "tāṅśca sarvānmahābāhurvālī vipulavikrama:.\n\njugōpa bhujavīryēṇa ṛkṣagōpucchavānarān৷৷1.17.33৷৷\n\n"
    },
    {
        "sloka": "tairiyaṅ pṛthivī śūraissaparvatavanārṇavā.\n\nkīrṇā vividhasaṅsthānairnānāvyañjanalakṣaṇai:৷৷1.17.34৷৷\n\n"
    },
    {
        "sloka": "tairmēghabṛndācalakūṭakalpai:\n\nmahābalairvānarayūthapālai:.\n\nbabhūva bhūrbhīmaśarīrarūpai\n\nssamāvṛtā rāmasahāyahētō:৷৷1.17.35৷৷\n\n"
    }
]