[
    {
        "sloka": "[Vasishta destroys the weapons employed by Viswamitra with his Brahmadanda -- Viswamitra undertakes austerities to acquire brahminhood.]\n\nēvamuktō vasiṣṭhēna viśvāmitrō mahābala:.\n\nāgnēyamastramutkṣipya tiṣṭha tiṣṭhēti cābravīt৷৷1.56.1৷৷\n\n"
    },
    {
        "sloka": "brahmadaṇḍaṅ samutkṣipya kāladaṇḍamivā.param.\n\nvasiṣṭhō bhagavān krōdhādidaṅ vacanamabravīt৷৷1.56.2৷৷\n\n"
    },
    {
        "sloka": "kṣatrabandhō sthitōsmyēṣa yadbalaṅ tadvidarśaya.\n\nnāśayāmyadya tē darpaṅ śastrasya tava gādhija!৷৷1.56.3৷৷\n\n"
    },
    {
        "sloka": "kva ca tē kṣatriyabalaṅ kva ca brahmabalaṅ mahat.\n\npaśya brahmabalaṅ divyaṅ mama kṣatriyapāṅsana!৷৷1.56.4৷৷\n\n"
    },
    {
        "sloka": "tasyāstraṅ gādhiputrasya ghōramāgnēyamudyatam.\n\nbrahmadaṇḍēna tacchāntamagnērvēga ivāmbhasā৷৷1.56.5৷৷\n\n"
    },
    {
        "sloka": "vāruṇaṅ caiva raudraṅ ca aindraṅ pāśupataṅ tathā.\n\naiṣīkaṅ cāpi cikṣēpa kupitō gādhinandana:৷৷1.56.6৷৷\n\n"
    },
    {
        "sloka": "mānavaṅ mōhanaṅ caiva gāndharvaṅ svāpanaṅ tathā.\n\njṛmbhaṇaṅ mādanaṅ caiva saṅtāpanavilāpanē৷৷1.56.7৷৷\n\nśōṣaṇaṅ dāraṇaṅ caiva vajramastraṅ sudurjayam.\n\nbrahmapāśaṅ kālapāśaṅ vāruṇaṅ pāśamēva ca৷৷1.56.8৷৷\n\npainākāstraṅ ca dayitaṅ śuṣkārdrē aśanī ubhē.\n\ndaṇḍāstramatha paiśācaṅ krauñcamastraṅ tathaiva ca৷৷1.56.9৷৷\n\ndharmacakraṅ kālacakraṅ viṣṇucakraṅ tathaiva ca.\n\nvāyavyaṅ mathanaṅ caiva astraṅ hayaśirastathā৷৷1.56.10৷৷\n\nśaktidvayaṅ ca cikṣēpa kaṅkālaṅ musalaṅ tathā. 560\n\nvaidyādharaṅ mahāstraṅ ca kālāstramatha dāruṇam৷৷1.56.11৷৷\n\ntriśūlamastraṅ ghōraṅ ca kāpālamatha kaṅkaṇam.\n\nētānyastrāṇi cikṣēpa sarvāṇi raghunandana৷৷1.56.12৷৷ \n\nvasiṣṭhē japatāṅ śrēṣṭhē tadadbhutamivābhavat.\n\n"
    },
    {
        "sloka": "tāni sarvāṇi daṇḍēna grasatē brahmaṇassuta:৷৷1.56.13৷৷\n\ntēṣu śāntēṣu brahmāstraṅ kṣiptavān gādhinandana:.\n\n"
    },
    {
        "sloka": "tadastramudyataṅ dṛṣṭvā dēvāssāgnipurōgamā:৷৷1.56.14৷৷\n\ndēvarṣayaśca sambhrāntāgandharvāssamahōragā:.\n\ntrailōkyamāsītsantaptaṅ brahmāstrē samudīritē৷৷1.56.15.\n\n"
    },
    {
        "sloka": "tadapyastraṅ mahāghōraṅ brahmaṅ brāhmēṇa tējasā .\n\nvasiṣṭhō grasatē sarvaṅ brahmadaṇḍēna rāghava!৷৷1.56.16৷৷\n\n"
    },
    {
        "sloka": "brahmāstraṅ grasamānasya vasiṣṭhasya mahātmana:.\n\ntrailōkyamōhanaṅ raudraṅ rūpamāsītsudāruṇam৷৷1.56.17৷৷\n\n"
    },
    {
        "sloka": "rōmakūpēṣu sarvēṣu vasiṣṭhasya mahātmana:.\n\nmarīcya iva niṣpēturagnērdhūmākulārciṣa:৷৷1.56.18৷৷\n\n"
    },
    {
        "sloka": "prājvaladbrahmadaṇḍaśca vasiṣṭhasya karōdyata:.\n\nvidhūma iva kālāgniryamadaṇḍa ivāpara:৷৷1.56.19৷৷\n\n"
    },
    {
        "sloka": "tatō.stuvan munigaṇā vasiṣṭhaṅ japatāṅ varam.\n\namōghaṅ tē balaṅ brahman tējō dhāraya tējasā৷৷1.56.20৷৷\n\n"
    },
    {
        "sloka": "nigṛhītastvayā brahman! viśvāmitrō mahātapā:.\n\nprasīda japatāṅ śrēṣṭha! lōkāssantu gatavyathā:৷৷1.56.21৷৷  \n\n"
    },
    {
        "sloka": "ēvamuktō mahātējāśśamaṅ cakrē mahātapā:.\n\nviśvāmitrō.pi nikṛtō viniśvasyēdamabravīt৷৷1.56.22৷৷\n\n"
    },
    {
        "sloka": "dhigbalaṅ kṣatriyabalaṅ brahmatējō balaṅ balam.\n\nēkēna brahmadaṇḍēna sarvāstrāṇi hatāni mē৷৷1.56.23৷৷\n\n"
    },
    {
        "sloka": "tadētatsamavēkṣyāhaṅ prasannēndriyamānasa:.\n\ntapō mahatsamāsthāsyē yadvai brahmatvakāraṇam৷৷1.56.24৷৷\n\n"
    }
]