[
    {
        "sloka": "[King Bhagiratha performs funeral rites of his ancestors.]\n\nsa gatvā sāgaraṅ rājā gaṅgayā.nugatastadā .\n\npravivēśa talaṅ bhūmēryatra tē bhasmasātkṛtā:৷৷1.44.1৷৷\n\n"
    },
    {
        "sloka": "bhasmanyathā.plutē rāma gaṅgāyāssalilēna vai.\n\nsarvalōkaprabhurbrahmā rājānamidamabravīt৷৷1.44.2৷৷\n\n"
    },
    {
        "sloka": "tāritā naraśārdūla divaṅ yātāśca dēvavat.\n\nṣaṣṭhi: putrasahasrāṇi sagarasya mahātmana:৷৷1.44.3৷৷\n\n"
    },
    {
        "sloka": "sāgarasya jalaṅ lōkē yāvatsthāsyati pārthiva!.\n\nsagarasyātmajāstāvatsvargē sthāsyanti dēvavat৷৷1.44.4৷৷\n\n"
    },
    {
        "sloka": "iyaṅ ca duhitā jyēṣṭhā tava gaṅgā bhaviṣyati .\n\ntvatkṛtēna ca nāmnā.tha lōkē sthāsyati viśrutā৷৷1.44.5৷৷\n\n"
    },
    {
        "sloka": "gaṅgā tripathagā rājan divyā bhāgīrathīti ca.\n\ntrīn pathō bhāvayantīti tatastripathagā smṛtā৷৷1.44.6৷৷\n\n"
    },
    {
        "sloka": "pitāmahānāṅ sarvēṣāṅ tvamatra manujādhipa! .\n\nkuruṣva salilaṅ rājan! pratijñāmapavarjaya৷৷1.44.7৷৷\n\n"
    },
    {
        "sloka": "pūrvakēṇa hi tē rājaṅstēnātiyaśasā tadā.\n\ndharmiṇāṅ pravarēṇāpi naiṣa prāptō manōratha:৷৷1.44.8৷৷\n\n"
    },
    {
        "sloka": "tathaivāṅśumatā tāta! lōkē.pratimatējasā.\n\ngaṅgāṅ prārthayatānētuṅ pratijñā nāpavarjitā৷৷1.44.9৷৷\n\n"
    },
    {
        "sloka": "rājarṣiṇā guṇavatā maharṣisamatējasā.\n\nmattulyatapasā caiva kṣatradharmasthitēna ca৷৷1.44.10৷৷ \n\ndilīpēna mahābhāga! tava pitrā.ti tējasā.\n\npunarna śaṅkitā.nētuṅ gaṅgāṅ prārthayatā.nagha!৷৷1.44.11৷৷\n\n"
    },
    {
        "sloka": "sā tvayā samanukrāntā pratijñā puruṣarṣabha!.\n\nprāptō.si paramaṅ lōkē yaśa: paramasammatam৷৷1.44.12৷৷\n\n"
    },
    {
        "sloka": "yacca gaṅgāvataraṇaṅ tvayā kṛtamarindama.\n\nanēna ca bhavān prāptō dharmasyāyatanaṅ mahat৷৷1.44.13৷৷\n\n"
    },
    {
        "sloka": "plāvayasva tvamātmānaṅ narōttama! sadōcitē.\n\nsalilē puruṣavyāghra! śuci: puṇyaphalō bhava৷৷1.44.14৷৷\n\n"
    },
    {
        "sloka": "pitāmahānāṅ sarvēṣāṅ kuruṣva salilakriyām.\n\nsvasti tē.stu gamiṣyāmi svaṅ lōkaṅ gamyatāṅ nṛpa!৷৷1.44.15৷৷\n\n"
    },
    {
        "sloka": "bhagīrathō.pi rājarṣi: kṛtvā salilamuttamam.\n\nyathākramaṅ yathānyāyaṅ sāgarāṇāṅ mahāyaśā:৷৷1.44.17৷৷\n\nkṛtōdakaśśucī rājā svapuraṅ pravivēśa ha.\n\nsamṛddhārthō raghuśrēṣṭha svarājyaṅ praśaśāsa ha৷৷1.44.18৷৷\n\n"
    },
    {
        "sloka": "pramumōda ha lōkastaṅ nṛpamāsādya rāghava!.\n\nnaṣṭaśōkassamṛddhārthō babhūva vigatajvara:৷৷1.44.19৷৷\n\n"
    },
    {
        "sloka": "ēṣa tē rāma gaṅgāyā vistarō.bhihitō mayā.\n\nsvasti prāpnuhi bhadraṅ tē saṅdhyākālō.tivartatē৷৷1.44.20৷৷ \n\n"
    },
    {
        "sloka": "dhanyaṅ yaśasyamāyuṣyaṅ putryaṅ svargyamatīva ca.\n\nyaśśrāvayati viprēṣu kṣatriyēṣvitarēṣu ca৷৷1.44.21৷৷ \n\nprīyantē pitarastasya prīyantē daivatāni ca.\n\n"
    },
    {
        "sloka": "idamākhyānamavyagrō gaṅgāvataraṇaṅ śubham৷৷1.44.22৷৷\n\nyaśśṛṇōti ca kākutstha sarvān kāmānavāpnuyāt.\n\nsarvē pāpā: praṇaśyanti āyu: kīrtiśca vardhatē৷৷1.44.23৷৷\n\n"
    }
]