[
    {
        "sloka": "[Sumantra relates the story of sage Rsyasringa to Dasaratha- tells him he would get sons after performance of a sacrifice by Rsyasringa--Dasaratha plans to get Rsyasringa to Ayodhya.]\n\nētacchrutvā rahassūtō rājānamidamabravīt.\n\nṛtvigbhirupadiṣṭō.yaṅ purāvṛttō mayā śruta:৷৷1.9.1৷৷ \n\n"
    },
    {
        "sloka": "sanatkumārō bhagavānpūrvaṅ kathitavānkathām.\n\nṛṣīṇāṅ sannidhau rājan! tava putrāgamaṅ prati৷৷1.9.2৷৷ \n\n"
    },
    {
        "sloka": "kāśyapasyatu putrō.sti vibhaṇḍaka iti śruta:.\n\nṛṣyaśṛṅga iti khyātastasya putrō bhaviṣyati৷৷1.9.3৷৷ \n\n"
    },
    {
        "sloka": "sa vanē nityasaṅvṛddhō munirvanacarassadā .\n\nnānyaṅ jānāti viprēndrō nityaṅ pitranuvartanāt ৷৷1.9.4৷৷ \n\n"
    },
    {
        "sloka": "dvaividhyaṅ brahmacaryasya bhaviṣyati mahātmana:.\n\nlōkēṣu prathitaṅ rājanvipraiśca kathitaṅ sadā৷৷1.9.5৷৷ \n\n"
    },
    {
        "sloka": "tasyaivaṅ vartamānasya kālassamabhivartata .\n\nagniṅ śuśrūṣamāṇasya pitaraṅ ca yaśasvinam৷৷1.9.6৷৷ \n\n"
    },
    {
        "sloka": "ētasminnēva kālē tu rōmapāda: pratāpavān.\n\naṅgēṣu prathitō rājā bhaviṣyati mahābala:৷৷ 1.9.7৷৷ \n\n"
    },
    {
        "sloka": "tasya vyatikramādrājñō bhaviṣyati sudāruṇā .\n\nanāvṛṣṭissughōrā vai sarvabhūtabhayāvahā ৷৷1.9.8৷৷ \n\n"
    },
    {
        "sloka": "anāvṛṣṭyāṅ tu vṛttāyāṅ rājā du:khasamanvita:.\n\nbrāhmaṇānśrutavṛddhāṅśca samānīya pravakṣyati৷৷ 1.9.9৷৷ \n\n"
    },
    {
        "sloka": "bhavantaśśrutadharmāṇō lōkacāritravēdina: .\n\nsamādiśantu niyamaṅ prāyaścittaṅ yathā bhavēt ৷৷1.9.10৷৷ \n\n"
    },
    {
        "sloka": "vakṣyanti tē mahīpālaṅ brāhmaṇā vēdapāragā:.\n\nvibhaṇḍakasutaṅ rājansarvōpāyairihānaya৷৷1.9.11৷৷ \n\n"
    },
    {
        "sloka": "ānāyya ca mahīpāla! ṛśyaśṛṅgaṅ susatkṛtam.\n\nprayaccha kanyāṅ śāntāṅ vai vidhinā susamāhita: ৷৷1.9.12৷৷ \n\n"
    },
    {
        "sloka": "tēṣāṅ tu vacanaṅ śrutvā rājā cintāṅ prapatsyatē .\n\nkēnōpāyēna vai śakya ihānētuṅ sa vīryavān ৷৷1.9.13৷৷ \n\n"
    },
    {
        "sloka": "tatō rājā viniścitya saha mantribhirātmavān.\n\npurōhitamamātyāṅśca tata: prēṣyati satkṛtān৷৷1.9.14৷৷ \n\n"
    },
    {
        "sloka": "tē tu rājñō vacaśśruśṛtvā vyathitā vinatānanā:.\n\nna gacchēma ṛṣērbhītā anunēṣyanti taṅ nṛpam ৷৷ 1.9.15৷৷ \n\n"
    },
    {
        "sloka": "vakṣyanti cintayitvā tē tasyōpāyāṅśca tatkṣamān.\n\nānēṣyāmō vayaṅ vipraṅ na ca dōṣō bhaviṣyati৷৷ 1.9.16৷৷ \n\n"
    },
    {
        "sloka": "ēvamaṅgādhipēnaiva gaṇikābhi: ṛṣēssuta:.\n\nānītō.varṣayaddēvaśśāntā cāsmai pradīyatē৷৷1.9.17৷৷ \n\n"
    },
    {
        "sloka": "ṛśyaśṛṅgastu jāmātā putrāṅstava vidhāsyati.\n\nsanatkumārakathitamētāvadvyāhṛtaṅ mayā৷৷1.9.18৷৷ \n\n"
    },
    {
        "sloka": "atha hṛṣṭō daśarathassumantraṅ pratyabhāṣata.\n\nyatharśyaśṛṅgastvānītō vistarēṇa tvayōcyatām৷৷1.9.19৷৷ \n\n"
    }
]