[
    {
        "sloka": "[Indra steals King Ambarisha 's sacrificial horse -- sage Richika's middle son offers himself for sacrifice.]\n\nviśvāmitrō mahātmātha prasthitān prēkṣya tānṛṣīn.\n\nabravīnnaraśārdūlassarvāṅstānvanavāsina:৷৷1.61.1৷৷\n\n"
    },
    {
        "sloka": "mahānvighna: pravṛttō.yaṅ dakṣiṇāmāsthitō diśam.\n\ndiśamanyāṅ prapatsyāmastatra tapsyāmahē tapa:৷৷1.61.2৷৷\n\n"
    },
    {
        "sloka": "paścimāyāṅ viśālāyāṅ puṣkarēṣu mahātmana:.\n\nsukhaṅ tapaścariṣyāma: paraṅ taddhi tapōvanam৷৷1.61.3৷৷\n\n"
    },
    {
        "sloka": "ēvamuktvā mahātējā: puṣkarēṣu mahāmuni:.\n\ntapa ugraṅ durādharṣaṅ tēpē mūlaphalāśana:৷৷1.61.4৷৷\n\n"
    },
    {
        "sloka": "ētasminnēva kālē tu ayōdhyādhipatirnṛpa:.\n\nambarīṣa iti khyātō yaṣṭuṅ samupacakramē৷৷1.61.5৷৷\n\n"
    },
    {
        "sloka": "tasya vai yajamānasya paśumindrō jahāra ha.\n\npraṇaṣṭē tu paśau viprō rājānamidamabravīt৷৷1.61.6৷৷\n\n"
    },
    {
        "sloka": "paśuradya hṛtō rājan! praṇaṣṭastava durnayāt .\n\narakṣitāraṅ rājānaṅ ghnanti dōṣā narēśvara ৷৷1.61.7৷৷\n\n"
    },
    {
        "sloka": "prāyaścittaṅ mahaddhyētannaraṅ vā puruṣarṣabha !.\n\nānayasva paśuṅ śīghraṅ yāvatkarma pravartatē৷৷1.61.8৷৷\n\n"
    },
    {
        "sloka": "upādhyāyavacaśśrutvā sa rājā puruṣarṣabha!.\n\nanviyēṣa mahābuddhi: paśuṅ gōbhissahasraśa:৷৷1.61.9৷৷\n\n"
    },
    {
        "sloka": "dēśān janapadāṅstāṅ stānnagarāṇi vanāni ca.\n\nāśramāṇi ca puṇyāni mārgamāṇō mahīpati: ৷৷1.61.10৷৷ \n\nsa putrasahitaṅ tāta sabhāryaṅ raghunandana .\n\nbhṛgutuṅdē samāsīnamṛcīkaṅ sandadarśa ha৷৷1.61.11৷৷\n\n"
    },
    {
        "sloka": "tamuvāca mahātējā: praṇamyābhiprasādya ca.\n\nbrahmarṣiṅ tapasā dīptaṅ rājarṣiramitaprabha:৷৷1.61.12৷৷\n\npṛṣṭvā sarvatra kuśalamṛcīkaṅ tamidaṅ vaca:.\n\n"
    },
    {
        "sloka": "gavāṅ śatasahasrēṇa vikrīṇīṣē sutaṅ yadi৷৷1.61.13৷৷\n\npaśōrarthē mahābhāga! kṛtakṛtyō.smi bhārgava!.\n\n"
    },
    {
        "sloka": "sarvē parisṛtā dēśā yājñīyaṅ na labhē paśum৷৷1.61.14৷৷\n\ndātumarhasi mūlyēna sutamēkamitō mama.4\n\n"
    },
    {
        "sloka": "ēvamuktō mahātējā ṛcīkastvabravīdvaca:৷৷1.61.15৷৷\n\nnāhaṅ jyēṣṭhaṅ naraśrēṣṭha vikrīṇīyāṅ kathañcana.\n\n"
    },
    {
        "sloka": "ṛcīkasya vacaśśrutvā tēṣāṅ mātā mahātmanām৷৷1.61.16৷৷\n\nuvāca naraśārdūlamambarīṣaṅ tapasvinī.\n\n"
    },
    {
        "sloka": "avikrēyaṅ sutaṅ jyēṣṭhaṅ bhagavānāha bhārgava:৷৷1.61.17৷৷\n\nmamāpi dayitaṅ viddhi kaniṣṭhaṅ śunakaṅ nṛpa!.\n\ntasmātkanīyasaṅ putraṅ na dāsyē tava pārthiva! ৷৷1.61.18৷৷\n\n"
    },
    {
        "sloka": "prāyēṇa hi naraśrēṣṭha jyēṣṭhā: pitṛṣu vallabhā:.\n\nmātṛṇāṅ tu kanīyāṅsastasmādrakṣē kanīyasam ৷৷1.61.19৷৷\n\n"
    },
    {
        "sloka": "uktavākyē munau tasmin munipatnyāṅ tathaiva ca.\n\nśunaśśēphassvayaṅ rāma! madhyamō vākyamabravīt৷৷1.61.20৷৷\n\n"
    },
    {
        "sloka": "pitā jyēṣṭhamavikrēyaṅ mātā cāha kanīyasam.\n\nvikrītaṅ madhyamaṅ manyē rājan putraṅ nayasva mām৷৷1.61.21৷৷ \n\n"
    },
    {
        "sloka": "gavāṅ śatasahasrēṇa śunaśśēphaṅ narēśvara:.\n\ngṛhītvā paramaprītō jagāma raghunandana ৷৷1.61.22৷৷ \n\n"
    },
    {
        "sloka": "ambarīṣastu rājarṣī rathamārōpya satvara:.\n\nśunaśśēphaṅ mahātējā jagāmāśu mahāyaśā:৷৷1.61.23৷৷\n\n"
    }
]