[
    {
        "sloka": "[Description of riches, comforts, etc of the subjects of the kingdom during Dasaratha's reign]. \n\ntasyāṅ puryāmayōdhyāyāṅ vēdavitsarvasaṅgraha: .\n\ndīrghadarśī mahātējā: paurajānapadapriya: ৷৷1.6.1৷৷ \n\nikṣvākūṇāmatirathō yajvā dharmaratō vaśī .\n\nmaharṣikalpō rājarṣistriṣu lōkēṣu viśruta: ৷৷1.6.2৷৷ \n\nbalavānnihatāmitrō mitravānvijitēndriya: .\n\ndhanaiśca saṅgrahaiścānyaiśśakravaiśravaṇōpama: ৷৷1.6.3৷৷ \n\nyathā manurmahātējā lōkasya parirakṣitā .\n\ntathā daśarathō rājā vasañjagadapālayat ৷৷ 1.6.4৷৷ \n\n"
    },
    {
        "sloka": "tēna satyābhisandhēna trivargamanutiṣṭhatā .\n\npālitā sā purī śrēṣṭhā indrēṇēvāmarāvatī ৷৷1.6.5৷৷ \n\n"
    },
    {
        "sloka": "tasminpuravarē hṛṣṭā dharmātmānō bahuśrutā: .\n\nnarāstuṣṭā dhanaissvaissvairalubdhāssatyavādina: ৷৷1.6.6৷৷ \n\n"
    },
    {
        "sloka": "nālpasannicaya: kaścidāsīttasmin purōttamē .\n\nkuṭumbī yō hyasiddhārthō.gavāśvadhanadhānyavān ৷৷1.6.7৷৷ \n\n"
    },
    {
        "sloka": "kāmī vā na kadaryō vā nṛśaṅsa: puruṣa: kvacit .\n\ndraṣṭuṅ śakyamayōdhyāyānnāvidvānna ca nāstika: ৷৷1.6.8৷৷ \n\n"
    },
    {
        "sloka": "sarvē narāśca nāryaśca dharmaśīlāssusaṅyatā: .\n\nuditāśśīlavṛttābhyāṅ maharṣaya ivāmalā: ৷৷1.6.9৷৷ \n\n"
    },
    {
        "sloka": "nākuṇḍalī nāmakuṭī nāsragvī nālpabhōgavān .\n\nnāmṛṣṭō nānuliptāṅgō nāsugandhaśca vidyatē ৷৷1.6.10৷৷ \n\n"
    },
    {
        "sloka": "nāmṛṣṭabhōjī nādātā nāpyanaṅgadaniṣkadhṛk .\n\nnāhastābharaṇō vā.pi dṛśyatē nāpyanātmavān ৷৷1.6.11৷৷ \n\n"
    },
    {
        "sloka": "nānāhitāgnirnāyajvā na kṣudrō vā na taskara: .\n\nkaścidāsīdayōdhyāyānna ca nirvṛttasaṅkara: ৷৷1.6.12৷৷ \n\n"
    },
    {
        "sloka": "svakarmaniratā nityaṅ brāhmaṇā vijitēndriyā: .\n\ndānādhyayanaśīlāśca saṅyatāśca parigrahē ৷৷1.6.13৷৷ \n\n"
    },
    {
        "sloka": "na nāstikō nānṛtakō na kaścidabahuśruta: .\n\nnāsūyakō na cā.śaktō nāvidvānvidyatē tadā ৷৷1.6.14৷৷ \n\n"
    },
    {
        "sloka": "nāṣaḍaṅgavidatrāsīnnāvratō nāsahasrada: .\n\nna dīna: kṣiptacittō vā vyathitō vā.pi kaścana ৷৷1.6.15৷৷ \n\n"
    },
    {
        "sloka": "kaścinnarō vā nārī vā nāśrīmānnāpyarūpavān .\n\ndraṣṭuṅ śakyamayōdhyāyāṅ nāpi rājanyabhaktimān ৷৷1.6.16৷৷ \n\n"
    },
    {
        "sloka": "varṇēṣvagryacaturthēṣu dēvatātithipūjakā:.\n\nkṛtajñāśca vadānyāśca śūrā vikramasaṅyutā: ৷৷1.6.17৷৷ \n\ndīrghāyuṣō narāssarvē dharmaṅ satyaṅ ca saṅśritā: .\n\nsahitā: putrapautraiśca nityaṅ strībhi: purōttamē ৷৷1.6.18৷৷ \n\n"
    },
    {
        "sloka": "kṣatraṅ brahmamukhaṅ cāsīdvaiśyā: kṣatramanuvratā: .\n\nśūdrāssvadharmaniratāstrīnvarṇānupacāriṇa: ৷৷1.6.19৷৷ \n\n"
    },
    {
        "sloka": "sā tēnēkṣvākunāthēna purī suparirakṣitā .\n\nyathā purastānmanunā mānavēndrēṇa dhīmatā ৷৷1.6.20৷৷ \n\n"
    },
    {
        "sloka": "yōdhānāmagnikalpānāṅ pēśalānāmamarṣiṇām .\n\nsampūrṇā kṛtavidyānāṅ guhā kēsariṇāmiva ৷৷1.6.21৷৷ \n\n"
    },
    {
        "sloka": "kāmbhōjaviṣayē jātairbāhlīkaiśca hayōttamai: .\n\nvanāyujairnadījaiśca pūrṇā harihayōttamai:৷৷1.6.22৷৷ \n\n"
    },
    {
        "sloka": "vindhyaparvatajairmattai: pūrṇā haimavatairapi .\n\nmadānvitairatibalairmātaṅgai: parvatōpamai: ৷৷1.6.23৷৷ \n\nairāvatakulīnaiśca mahāpadmakulaistathā .\n\nañjanādapi niṣpannairvāmanādapi ca dvipaiḥ ৷৷1.6.24৷৷ \n\n"
    },
    {
        "sloka": "bhadrairmandrairmṛgaiścaiva bhadramandramṛgaistathā.\n\nbhadramandrairbhadramṛgairmṛgamandraiśca sā purī.\n\nnityamattaissadā pūrṇā nāgairacalasannibhai:৷৷1.6.25৷৷ \n\n"
    },
    {
        "sloka": "sā yōjanē ca dvē bhūya: satyanāmā prakāśatē .\n\nyasyāṅ daśarathō rājā vasan jagadapālayat ৷৷1.6.26৷৷ \n\n"
    },
    {
        "sloka": "tāṅ purīṅ sa mahātējā rājā daśarathō mahān .\n\nśaśāsa śamitāmitrō nakṣatrāṇīva candramā: ৷৷1.6.27৷৷ \n\n"
    },
    {
        "sloka": "tāṅ satyanāmāṅ dṛḍhatōraṇārgalāṅ\n\ngṛhairvicitrairupaśōbhitāṅ śivām .\n\npurīmayōdhyāṅ nṛsahasrasaṅkulāṅ\n\nśaśāsa vai śakrasamō mahīpati: ৷৷1.6.28৷৷ \n\n"
    }
]