[
    {
        "sloka": "[Diti  undergoes mortifications for the birth of a son with the consent of Kasyapa-- Indra serves her on an occasion when she was impure- enters her womb and  severes the embryo into seven parts.]\n\nhatēṣu tēṣu putrēṣu diti: paramadu:khitā.\n\nmārīcaṅ kāśyapaṅ rāma bhartāramidamabravīt৷৷1.46.1৷৷\n\n"
    },
    {
        "sloka": "hataputrā.smi bhagavaṅstava putrairmahābalai:.\n\nśakrahantāramicchāmi putraṅ dīrghatapō.rjitam৷৷1.46.2৷৷\n\n"
    },
    {
        "sloka": "sā.haṅ tapaścariṣyāmi garbhaṅ mē dātumarhasi.\n\nīśvaraṅ śakrahantāraṅ tvamanujñātumarhasi৷৷1.46.3৷৷\n\n"
    },
    {
        "sloka": "tasyāstadvacanaṅ śrutvā mārīca: kāśyapastadā.\n\npratyuvāca mahātējā ditiṅ paramadu:khitām৷৷1.46.4৷৷\n\n"
    },
    {
        "sloka": "ēvaṅ bhavatu, bhadraṅ tē śucirbhava tapōdhanē!.\n\njanayiṣyasi putraṅ tvaṅ śakrahantāramāhavē৷৷1.46.5৷৷\n\n"
    },
    {
        "sloka": "pūrṇē varṣasahasrē tu śuciryadi bhaviṣyasi.\n\nputraṅ trailōkyabhartāraṅ mattastvaṅ janayiṣyasi৷৷1.46.6৷৷\n\n"
    },
    {
        "sloka": "ēvamuktvā mahātējā: pāṇinā sa mamārja tām.\n\nsamālabhya tatassvastītyuktvā sa tapasē yayau৷৷1.46.7৷৷\n\n"
    },
    {
        "sloka": "gatē tasminnaraśśrēṣṭha diti: paramaharṣitā.\n\nkuśaplavanamāsādya tapastēpē sudāruṇam৷৷1.46.8৷৷\n\n"
    },
    {
        "sloka": "tapastasyāṅ hi kurvantyāṅ paricaryāṅ cakāra  ha.\n\nsahasrākṣō naraśśrēṣṭha parayā guṇasampadā৷৷1.46.9৷৷\n\n"
    },
    {
        "sloka": "agniṅ kuśān kāṣṭhamapa: phalaṅ mūlaṅ tathaiva ca.\n\nnyavēdayatsahasrākṣō yaccānyadapi kāṅkṣitam৷৷1.46.10৷৷ \n\n"
    },
    {
        "sloka": "gātrasaṅvahanaścaiva śramāpanayanaistathā.\n\nśakrassarvēṣu kālēṣu ditiṅ paricacāra ha ৷৷1.46.11৷৷\n\n"
    },
    {
        "sloka": "atha varṣasahasrē tu daśōnē raghunandana !.\n\nditi: paramasamprītā sahasrākṣamathābravīt৷৷1.46.12৷৷\n\n"
    },
    {
        "sloka": "yācitēna suraśrēṣṭha tava pitrā mahātmanā.\n\nvarō varṣasahasrāntē dattō mama sutaṅ prati৷৷1.46.13৷৷\n\n"
    },
    {
        "sloka": "tapaścarantyā varṣāṇi daśa vīryavatāṅ vara!.\n\navaśiṣṭāni bhadraṅ tē bhrātaraṅ drakṣyasē tata:৷৷1.46.14৷৷\n\n"
    },
    {
        "sloka": "tamahaṅ tvatkṛtē putra samādhāsyē jayōtsukam.\n\ntrailōkyavijayaṅ putra saha bhōkṣyasi vijvara:৷৷1.46.15৷৷\n\n"
    },
    {
        "sloka": "ēvamuktvā ditiśśakraṅ prāptē madhyaṅ divākarē.\n\nnidrayā.pahṛtā dēvī pādau kṛtvā.tha śīrṣata:৷৷1.46.16৷৷\n\n"
    },
    {
        "sloka": "dṛṣṭvā tāmaśuciṅ śakra: pādata: kṛtamūrdhajām.\n\nśirassthānē kṛtau pādau jahāsa ca mumōda ca৷৷1.46.17৷৷\n\n"
    },
    {
        "sloka": "tasyāśśarīravivaraṅ vivēśa ca purandara:.\n\ngarbhaṅ ca saptadhā rāma bibhēda paramātmavān৷৷1.46.18৷৷\n\n"
    },
    {
        "sloka": "bhidyamānastatō garbhō vajrēṇa śataparvaṇā.\n\nrurōda susvaraṅ rāma tatō ditirabudhyata৷৷1.46.19৷৷\n\n"
    },
    {
        "sloka": "mā rudō mā rudaścēti garbhaṅ śakrō.bhyabhāṣata.\n\nbibhēda ca mahātējā rudantamapi vāsava:৷৷1.46.20৷৷ \n\n"
    },
    {
        "sloka": "na hantavyō na hantavya ityēvaṅ ditirabravīt.\n\nniṣpapāta tataśśakrō māturvacanagauravāt৷৷1.46.21৷৷\n\n"
    },
    {
        "sloka": "prāñjalirvajrasahitō ditiṅ śakrō.bhyabhāṣata.\n\naśucirdēvi suptā.si pādayō: kṛtamūrdhajā৷৷1.46.22৷৷\n\n"
    },
    {
        "sloka": "tadantaramahaṅ labdhvā śakrahantāramāhavē.\n\nabhidaṅ saptadhā dēvi tanmē tvaṅ kṣantumarhasi৷৷1.46.23৷৷\n\n"
    }
]