[
    {
        "sloka": "[Viswamitra narrates the legend of  sacred  Ganga]\n\nupāsya rātriśēṣaṅ tu śōṇākūlē maharṣibhi:.\n\nniśāyāṅ suprabhātāyāṅ viśvāmitrō.bhyabhāṣata৷৷1.35.1৷৷\n\n"
    },
    {
        "sloka": "suprabhātā niśā rāma! pūrvā sandhyā pravartatē.\n\nuttiṣṭhōttiṣṭha bhadraṅ tē! gamanāyābhirōcaya ৷৷1.35.2৷৷\n\n"
    },
    {
        "sloka": "tacchrutvā vacanaṅ tasya kṛtvā paurvāhṇikīṅ kriyām .\n\ngamanaṅ rōcayāmāsa vākyaṅ cēdamuvāca ha৷৷1.35.3৷৷\n\n"
    },
    {
        "sloka": "ayaṅ śōṇaśśubhajalō.gādha: pulinamaṇḍita:.\n\nkatarēṇa pathā brahman! santariṣyāmahē vayam৷৷1.35.4৷৷\n\n"
    },
    {
        "sloka": "ēvamuktastu rāmēṇa viśvāmitrō.bravīdidam .\n\nēṣa panthā mayōddiṣṭō yēna yānti maharṣaya:৷৷1.35.5৷৷ \n\n"
    },
    {
        "sloka": "ēvamuktā maharṣayō viśvāmitrēṇa dhīmatā.\n\npaśyantastē prayātā vai vanāni vividhāni ca৷৷1.35.6৷৷\n\n"
    },
    {
        "sloka": "tē gatvā dūramadhvānaṅ gatē.rdhadivasē tadā.\n\njāhnavīṅ saritāṅ śrēṣṭhāṅ dadṛśurmunisēvitām৷৷1.35.7৷৷\n\n"
    },
    {
        "sloka": "tāṅ dṛṣṭvā puṇyasalilāṅ haṅsasārasasēvitām.\n\nbabhūvurmuditā ssarvē munayassaha rāghavā:৷৷1.35.8৷৷\n\n"
    },
    {
        "sloka": "tasyāstīrē tataścakrusta āvāsaparigraham.\n\ntatassnātvā yathānyāyaṅ santarpya pitṛdēvatā:৷৷1.35.9৷৷\n\nhutvā caivāgnihōtrāṇi prāśya cāmṛtavaddhavi: .\n\nviviśurjāhnavītīrē śucau muditamānasā:৷৷1.35.10৷৷\n\nviśvāmitraṅ mahātmānaṅ parivārya samantata:. \n\n"
    },
    {
        "sloka": "atha tatra tadā rāmō viśvāmitramathābravīt৷৷1.35.11৷৷ \n\nbhagavan! śrōtumicchāmi gaṅgāṅ tripathagāṅ nadīm.\n\ntrailōkyaṅ kathamākramya gatā nadanadīpatim৷৷1.35.12৷৷\n\n"
    },
    {
        "sloka": "cōditō rāmavākyēna viśvāmitrō mahāmuni:.\n\nvṛddhiṅ janma ca gaṅgāyā vaktumēvōpacakramē৷৷1.35.13৷৷\n\n"
    },
    {
        "sloka": "śailēndrō himavānnāma dhātūnāmākarō mahān.\n\ntasya kanyādvayaṅ rāma rūpēṇāpratimaṅ bhuvi৷৷1.35.14৷৷\n\n"
    },
    {
        "sloka": "yā mēruduhitā rāma! tayōrmātā sumadhyamā.\n\nnāmnā manōramā nāma patnī himavata: priyā৷৷1.35.15৷৷\n\n"
    },
    {
        "sloka": "tasyāṅ gaṅgēyamabhavajjyēṣṭhā himavatassutā.\n\numā nāma dvitīyābhūnnāmnā tasyaiva rāghava৷৷1.35.16৷৷\n\n"
    },
    {
        "sloka": "atha jyēṣṭhāṅ surāssarvē dēvatārthacikīrṣayā. \n\nśailēndraṅ varayāmāsurgaṅgāṅ tripathagāṅ nadīm৷৷1.35.17৷৷\n\n"
    },
    {
        "sloka": "dadau dharmēṇa himavān tanayāṅ lōkapāvanīm.\n\nsvacchandapathagāṅ gaṅgāṅ trailōkyahitakāmyayā৷৷1.35.18৷৷\n\n"
    },
    {
        "sloka": "pratigṛhya tatō dēvāstrilōkahitakāriṇa:.\n\ngaṅgāmādāya tē.gacchan kṛtārthēnāntarātmanā৷৷1.35.19৷৷\n\n"
    },
    {
        "sloka": "yā cānyā śailaduhitā kanyāsīdraghunandana!.\n\nugraṅ sā vratamāsthāya tapastēpē tapōdhanā৷৷1.35.20৷৷\n\n"
    },
    {
        "sloka": "ugrēṇa tapasā yuktāṅ dadau śailavarassutām.\n\nrudrāyāpratirūpāya umāṅ lōkanamaskṛtām৷৷1.35.21৷৷ \n\n"
    },
    {
        "sloka": "ētē tē śailarājasya sutē lōkanamaskṛtē.\n\ngaṅgā ca saritāṅ śrēṣṭhā umādēvī ca rāghava৷৷1.35.22৷৷\n\n"
    },
    {
        "sloka": "ētattē sarvamākhyātaṅ yathā tripathagā nadī.\n\nkhaṅ gatā prathamaṅ tāta gatiṅ gatimatāṅ vara ৷৷1.35.23৷৷\n\n"
    },
    {
        "sloka": "saiṣā suranadī ramyā śailēndrasya sutā tadā.\n\nsuralōkaṅ samārūḍhā vipāpā jalavāhinī৷৷1.35.24৷৷\n\n"
    }
]