[
    {
        "sloka": "[The Devatas restore the virility of Indra--Rama releases Ahalya from her curse- Gautama and Ahalya extend hospitality to Rama.]\n\naphalastu tataśśakrō dēvānagnipurōgamān.\n\nabravīttrastavadanassarṣissaṅghān sacāraṇān৷৷1.49.1৷৷      \n\n"
    },
    {
        "sloka": "kurvatā tapasō vighnaṅ gautamasya mahātmana:.\n\nkrōdhamutpādya hi mayā surakāryamidaṅ kṛtam৷৷1.49.2৷৷\n\n"
    },
    {
        "sloka": "aphalō.smi kṛtastēna krōdhātsā ca nirākṛtā.\n\nśāpamōkṣēṇa mahatā tapō.syāpahṛtaṅ mayā৷৷1.49.3৷৷\n\n"
    },
    {
        "sloka": "tasmātsuravarāssarvē sarṣissaṅghāssacāraṇā:! .\n\nsurasāhyakaraṅ sarvē saphalaṅ kartumarhatha৷৷1.49.4৷৷\n\n"
    },
    {
        "sloka": "śatakratōrvacaśśrutvā dēvāssāgnipurōgamā:.\n\npitṛdēvānupētyāhu ssaha sarvairmarudgaṇai:৷৷1.49.5৷৷\n\n"
    },
    {
        "sloka": "ayaṅ mēṣassavṛṣaṇaśśakrō hyavṛṣaṇa: kṛta:.\n\nmēṣasya vṛṣaṇau gṛhya śakrāyā.śu prayacchatha৷৷1.49.6৷৷\n\n"
    },
    {
        "sloka": "aphalastu kṛtō mēṣa: parāṅ tuṣṭiṅ pradāsyati.\n\nbhavatāṅ harṣaṇārthāya yē ca dāsyanti mānavā:৷৷1.49.7৷৷\n\n"
    },
    {
        "sloka": "agnēstu vacanaṅ śrutvā pitṛdēvāssamāgatā:.\n\nutpāṭya mēṣavṛṣaṇau sahasrākṣē nyavēśayan৷৷1.49.8৷৷\n\n"
    },
    {
        "sloka": "tadā prabhṛti kākutstha! pitṛdēvāssamāgatā:.\n\naphalān bhuñjatē mēṣān phalaistēṣāmayōjayan৷৷1.49.9৷৷\n\n"
    },
    {
        "sloka": "indrastu mēṣavṛṣaṇastadāprabhṛti rāghava!.\n\ngautamasya prabhāvēna tapasaśca mahātmana:৷৷1.49.10৷৷ \n\n"
    },
    {
        "sloka": "tadāgaccha mahātēja āśramaṅ puṇyakarmaṇa:.\n\ntārayaināṅ mahābhāgāmahalyāṅ dēvarūpiṇīm৷৷1.49.11৷৷\n\n"
    },
    {
        "sloka": "viśvāmitravacaśśrutvā rāghavassahalakṣmaṇa:.\n\nviśvāmitraṅ puraskṛtya tamāśramamathāviśat৷৷1.49.12৷৷\n\n"
    },
    {
        "sloka": "dadarśa ca mahābhāgāṅ tapasā dyōtitaprabhām.\n\nlōkairapi samāgamya durnirīkṣyāṅ surāsurai:৷৷1.49.13৷৷\n\nprayatnānnirmitāṅ dhātrā divyāṅ māyāmayīmiva.\n\nsa tuṣārāvṛtāṅ sābhrāṅ pūrṇacandraprabhāmiva৷৷1.49.14৷৷ \n\nmadhyēṅ.bhasō durādharṣāṅ dīptāṅ sūryaprabhāmiva.\n\n"
    },
    {
        "sloka": "sā hi gautamavākyēna durnirīkṣyā babhūva ha৷৷1.49.15৷৷\n\ntrayāṇāmapi lōkānāṅ yāvadrāmasya darśanam.\n\n"
    },
    {
        "sloka": "śāpasyāntamupāgamya tēṣāṅ darśanamāgatā৷৷1.49.16৷৷\n\nrāghavau tu tatastasyā: pādau jagṛhatustadā.\n\n"
    },
    {
        "sloka": "smarantī gautamavaca: pratijagrāha sā ca tau৷৷1.49.17৷৷\n\npādyamarghyaṅ tathā৷৷tithyaṅ cakāra susamāhitā.\n\npratijagrāha kākutsthō vidhidṛṣṭēna karmaṇā৷৷1.49.18৷৷\n\n"
    },
    {
        "sloka": "puṣpavṛṣṭirmahatyāsīddēvadundubhinisvanai:.\n\ngandharvāpsarasāṅ caiva mahānāsītsamāgama:৷৷1.49.19৷৷\n\n"
    },
    {
        "sloka": "sādhu sādhviti dēvāstāmahalyāṅ samapūjayan.\n\ntapōbalaviśuddhāṅgī gautamasya vaśānugām৷৷1.49.20৷৷\n\n"
    },
    {
        "sloka": "gautamō.pi mahātējā ahalyāsahitassukhī.\n\nrāmaṅ sampūjya vidhivattapastēpē mahātapā:৷৷1.49.21৷৷ \n\n"
    },
    {
        "sloka": "rāmō.pi paramāṅ pūjāṅ gautamasya mahāmunē:.\n\nsakāśādvidhivatprāpya jagāma mithilāṅ tata:৷৷1.49.22৷৷\n\n"
    }
]