[
    {
        "sloka": "[Dasaratha enters the city of Ayodhya with his sons and their wives--Bharata and Satrughna depart with their maternal uncle--Rama's virtues described.]\n\ngatē rāmē praśāntātmā rāmō dāśarathirdhanu:.\n\nvaruṇāyāpramēyāya dadau hastē sasāyakam৷৷1.77.1৷৷\n\n"
    },
    {
        "sloka": "abhivādya tatō rāmō vasiṣṭhapramukhānṛṣīn. \n\npitaraṅ vihvalaṅ dṛṣṭvā prōvāca raghunandana:৷৷1.77.2৷৷\n\n"
    },
    {
        "sloka": "jāmadagnyō gatō rāma: prayātu caturaṅgiṇī.\n\nayōdhyābhimukhī sēnā tvayā nāthēna pālitā৷৷1.77.3৷৷\n\n"
    },
    {
        "sloka": "sandiśasva mahārāja sēnāṅ tvacchāsanē sthitām.\n\nśāsanaṅ kāṅkṣatē sēnā cātakālirjalaṅ yathā৷৷1.77.4৷৷\n\n"
    },
    {
        "sloka": "rāmasya vacanaṅ śrutvā rājā daśaratha ssutam.\n\nbāhubhyāṅ sampariṣvajya mūrdhni cāghrāya rāghavam৷৷1.77.5৷৷\n\ngatō rāma iti śrutvā hṛṣṭa: pramuditō nṛpa:.\n\npunarjātaṅ tadā mēnē putramātmānamēva ca৷৷1.77.6৷৷\n\n"
    },
    {
        "sloka": "cōdayāmāsa tāṅ sēnāṅ jagāmāśu tata: purīm.\n\npatākādhvajinīṅ ramyāṅ tūryōdghuṣṭanināditām৷৷1.77.7৷৷\n\nsiktarāja pathāṅ ramyāṅ prakīrṇakusumōtkarām\t.\n\nrājapravēśasumukhai: paurairmaṅgalavādibhi:৷৷1.77.8৷৷\n\nsampūrṇāṅ prāviśadrājā janaughaissamalaṅkṛtām.\n\n"
    },
    {
        "sloka": "paurai: pratyudgatō dūraṅ dvijaiśca puravāsibhi:.\n\nputrairanugata śśrīmān śrīmadbhiśca mahāyaśā:\t৷৷1.77.9৷৷\n\npravivēśa gṛhaṅ rājā himavatsadṛśaṅ punaḥ.\n\n"
    },
    {
        "sloka": "nananda sajanō rājā gṛhē kāmai ssupūjita:৷৷1.77.10৷৷\n\nkausalyā ca sumitrā ca kaikēyī ca sumadhyamā.\n\nvadhūpratigrahē yuktā yāścānyā rājayōṣita:৷৷1.77.11৷৷\n\n"
    },
    {
        "sloka": "tatassītāṅ mahābhāgāmūrmilāṅ ca yaśasvinīm.\n\nkuśadhvajasutē cōbhē jagṛhurnṛpapatnaya:৷৷1.77.12৷৷\n\n"
    },
    {
        "sloka": "maṅgalālambhanaiścāpi śōbhitā: kṣaumavāsasa:. \n\ndēvatāyatanānyāśu sarvāstā: pratyapūjayan৷৷1.77.13৷৷\n\n"
    },
    {
        "sloka": "abhivādyābhivādyāṅśca sarvā rājasutāstadā.\n\nsvaṅ svaṅ gṛhamathāsādya kubērabhavanōpamam৷৷1.77.14৷৷\n\ngōbhirdhanaiśca dhānyaiśca tarpayitvā dvijōttamān.\n\nrēmirē muditā: sarvā bhartṛbhi: sahitā raha:৷৷1.77.15৷৷\n\n"
    },
    {
        "sloka": "kumārāśca mahātmānō vīryēṇāpratimā bhuvi .\n\nkṛtadārā: kṛtāstrāśca sadhanā: sasuhṛjjanā:৷৷1.77.16৷৷\n\nśuśrūṣamāṇā: pitaraṅ vartayanti nararṣabhā:.\n\n"
    },
    {
        "sloka": "kasyacittvatha kālasya rājā daśaratha: sutam.1.77.17৷৷\n\nbharataṅ kaikayīputra mabravīdraghunandana:.\n\n"
    },
    {
        "sloka": "ayaṅ kēkayarājasya putrō vasati putraka৷৷1.77.18৷৷\n\ntvāṅ nētumāgatō vīra yudhājinmātulastava.\n\n"
    },
    {
        "sloka": "prārthitastēna dharmajña midhilāyāmahaṅ tathā৷৷1.77.19৷৷\n\nṛṣimadhyē tu tasya tvaṅ prītiṅ kartumihārhasi.\n\n"
    },
    {
        "sloka": "śrutvā daśarathasyaitadbharata: kaikayīsuta:৷৷1.77.20৷৷\n\nabhivādya guruṅ rāmaṅ pariṣvajya ca lakṣmaṇam.                      \n\ngamanāyābhicakrāma śatrughnasahitastadā৷৷1.77.21৷৷\n\n"
    },
    {
        "sloka": "āpṛcchya pitaraṅ śūrō rāmaṅ cākliṣṭakāriṇam.\n\nmātṛścāpi naraśrēṣṭha śśatrughnasahitō yayau৷৷1.77.22৷৷ \n\n"
    },
    {
        "sloka": "gatē tu bharatē rāmō lakṣmaṇaśca mahābala:.\n\npitaraṅ dēvasaṅṅkāśaṅ pūjayāmāsatustadā৷৷1.77.23৷৷\n\n"
    },
    {
        "sloka": "piturājñāṅ puraskṛtya paurakāryāṇi sarvaśa:.\n\ncakāra rāmō dharmātmā priyāṇi ca hitāni ca৷৷1.77.24৷৷\n\n"
    },
    {
        "sloka": "mātṛbhyō mātṛkāryāṇi kṛtvā paramayantrita:.\n\ngurūṇāṅ gurukāryāṇi kālē kālē.nvavaikṣata৷৷1.77.25৷৷\n\n"
    },
    {
        "sloka": "ēvaṅ daśaratha: prītō brāhmaṇā naigamāstathā.\n\nrāmasya śīlavṛttēna sarvē viṣayavāsina:৷৷1.77.26৷৷\n\n"
    },
    {
        "sloka": "tēṣāmatiyaśā lōkē rāma ssatyaparākramaḥ.\n\nsvayambhūriva bhūtānāṅ babhūva guṇavattara:৷৷1.77.27৷৷ \n\n"
    },
    {
        "sloka": "rāmastu sītayā sārdhaṅ vijahāra bahūnṛtūn .\n\nmanassvī tadgatastasyāḥ nityaṅ hṛdi samarpita:৷৷1.77.28৷৷\n\n"
    },
    {
        "sloka": "priyā tu sītā rāmasya dārā: pitṛkṛtā iti.\n\nguṇādrūpaguṇāccāpi prītirbhūyō.bhyavardhata৷৷1.77.29৷৷\n\n"
    },
    {
        "sloka": "tasyāśca bhartā dviguṇaṅ hṛdayē parivartatē.\n\nantarjātamapi vyaktamākhyāti hṛdayaṅ hṛdā৷৷1.77.30৷৷\n\n"
    },
    {
        "sloka": "tasya bhūyō viśēṣēṇa maithilī janakātmajā.\n\ndēvatābhi ssamā rūpē sītā śrīriva rūpiṇī৷৷1.77.31৷৷\n\n"
    },
    {
        "sloka": "tayā sa rājarṣisutō.bhirāmayā\n\nsamēyivānuttamarājakanyayā.\n\natīva rāma śśuśubhē.bhirāmayā.\n\nvibhu śśriyā viṣṇurivāmarēśvara:৷৷1.77.32৷৷ \n\n"
    }
]