[
    {
        "sloka": "[Devatas and daityas churn the ocean of milk -- Rudra swallows venom -- Visnu assumes the form of tortoise and supports Mandara mountain on his back -- emergence of Dhanvantari, apsarasas, etc -- battle between devas and daityas for possession of nectar.]\n\nviśvāmitravacaśśrutvā rāghava ssahalakṣmaṇa:.\n\nvismayaṅ paramaṅ gatvā viśvāmitramathābravīt৷৷1.45.1৷৷\n\n"
    },
    {
        "sloka": "atyadbhutamidaṅ brahman kathitaṅ paramaṅ tvayā.\n\ngaṅgāvataraṇaṅ puṇyaṅ sāgarasyāpi pūraṇam৷৷1.45.2৷৷\n\n"
    },
    {
        "sloka": "tasya sā śarvarī sarvā saha saumitriṇā tadā.\n\njagāma cintayānasya viśvāmitrakathāṅ śubhām ৷৷1.45.3৷৷\n\n"
    },
    {
        "sloka": "tata: prabhātē vimalē viśvāmitraṅ mahāmunim.\n\nuvāca rāghavō vākyaṅ kṛtāhnikamarindama:৷৷1.45.4৷৷\n\n"
    },
    {
        "sloka": "gatā bhagavatī rātriśśrōtavyaṅ paramaṅ śrutam.\n\nkṣaṇabhūtēva nau rātri ssamvṛttēyaṅ mahātapa:৷৷1.45.5৷৷\n\nimāṅ cintayatassarvāṅ nikhilēna kathāṅ tava.\n\n"
    },
    {
        "sloka": "tarāma saritāṅ śrēṣṭhāṅ puṇyāṅ tripathagāṅ nadīm৷৷1.45.6৷৷\n\nnaurēṣā hi sukhāstīrṇā ṛṣīṇāṅ puṇyakarmaṇām.\n\nbhagavantamiha prāptaṅ jñātvā tvaritamāgatā৷৷1.45.7৷৷\n\n"
    },
    {
        "sloka": "tasya tadvacanaṅ śrutvā rāghavasya mahātmana:.\n\nsantāraṅ kārayāmāsa sarṣisaṅgha ssarāghava:৷৷1.45.8৷৷\n\n"
    },
    {
        "sloka": "uttaraṅ tīramāsādya sampūjyarṣigaṇaṅ tadā.\n\ngaṅgākūlē niviṣṭāstē viśālāṅ dadṛśu: purīm৷৷1.45.9৷৷\n\n"
    },
    {
        "sloka": "tatō munivarastūrṇaṅ jagāma saha rāghava: .\n\nviśālāṅ nagarīṅ ramyāṅ divyāṅ svargōpamāṅ tadā৷৷1.45.10৷৷\n\n"
    },
    {
        "sloka": "atha rāmō mahāprājñō viśvāmitraṅ mahāmunim .\n\npapraccha prāñjalirbhūtvā viśālāmuttamāṅ purīm৷৷1.45.11৷৷ \n\n"
    },
    {
        "sloka": "katarō rājavaṅśō.yaṅ viśālāyāṅ mahāmunē.\n\nśrōtumicchāmi bhadraṅ tē paraṅ kautūhalaṅ hi mē৷৷.1.45.12৷৷ \n\n"
    },
    {
        "sloka": "tasya tadvacanaṅ śrutvā rāmasya munipuṅgava:.\n\nākhyātuṅ tatsamārēbhē viśālasya purātanam৷৷1.45.13৷৷ \n\n"
    },
    {
        "sloka": "śrūyatāṅ rāma śakrasya kathāṅ kathayataśśubhām.\n\nasmin dēśē tu yadvṛttaṅ tadapi śṛṇu rāghava!৷৷1.45.14৷৷\n\n"
    },
    {
        "sloka": "pūrvaṅ kṛtayugē rāma! ditē: putrā mahābalā:.\n\naditēśca mahābhāga vīryavantassudhārmikā:৷৷1.45.15৷৷\n\n"
    },
    {
        "sloka": "tatastēṣāṅ naraśrēṣṭha buddhirāsīnmahātmanām .\n\namarā ajarāścaiva kathaṅ syāma nirāmayā:৷৷1.45.16৷৷\n\n"
    },
    {
        "sloka": "tēṣāṅ cintayatāṅ rāma buddhirāsīnmahātmanām.\n\nkṣīrōdamathanaṅ kṛtvā rasaṅ prāpsyāma tatra vai৷৷1.45.17৷৷\n\n"
    },
    {
        "sloka": "tatō niścitya mathanaṅ yōktraṅ kṛtvā ca vāsukim.\n\nmanthānaṅ mandaraṅ kṛtvā mamanthuramitaujasa:৷৷1.45.18৷৷\n\n"
    },
    {
        "sloka": "atha varṣasahasrēṇa yōktrasarpaśirāṅsi ca.\n\nvamantyati viṣaṅ tatra dadaṅśurdaśanaiśśilā:৷৷1.45.19৷৷\n\n"
    },
    {
        "sloka": "utpapātāgnisaṅkāśaṅ hālāhalamahāviṣam.\n\ntēna dagdhaṅ jagatsarvaṅ sadēvāsuramānuṣam৷৷1.45.20৷৷\n\n"
    },
    {
        "sloka": "atha dēvā mahādēvaṅ śaṅkaraṅ śaraṇārthina:.\n\njagmu: paśupatiṅ rudraṅ trāhi trāhīti tuṣṭuvu:৷৷1.45.21৷৷ \n\n"
    },
    {
        "sloka": "ēvamuktastatō dēvairdēvadēvēśvara: prabhu:.\n\nprādurāsīttatō.traiva śaṅkhacakradharō hari:৷৷1.45.22৷৷\n\n"
    },
    {
        "sloka": "uvācainaṅ smitaṅ kṛtvā rudraṅ śūlabhṛtaṅ hari:.\n\ndaivatairmathyamānē tu yatpūrvaṅ samupasthitam ৷৷1.45.23৷৷\n\ntvadīyaṅhi suraśrēṣṭha surāṇāmagrajō.si yat .\n\nagrapūjāmimāṅ matvā gṛhāṇēdaṅ viṣaṅ prabhō৷৷1.45.24৷৷\n\n"
    },
    {
        "sloka": "ityuktvā ca suraśrēṣṭhastatraivāntaradhīyata.\n\ndēvatānāṅ bhayaṅ dṛṣṭavāśrutvā vākyaṅ tu śārṅgiṇa:.\n\nhālāhalaviṣaṅ ghōraṅ sa jagrāhāmṛtōpamam৷৷1.45.25৷৷\n\n"
    },
    {
        "sloka": "dēvānvisṛjya dēvēśō jagāma bhagavān hara:.\n\ntatō dēvāsurāssarvē mamanthū raghunandana ৷৷1.45.26৷৷\n\n"
    },
    {
        "sloka": "pravivēśātha pātālaṅ manthāna: parvatō.nagha.\n\ntatō dēvāssagandharvāstuṣṭuvurmadhusūdanam৷৷1.45.27৷৷\n\n"
    },
    {
        "sloka": "tvaṅ gati: sarvabhūtānāṅ viśēṣēṇa divaukasām.\n\npālayāsmānmahābāhō girimuddhartumarhasi৷৷1.45.28৷৷\n\n"
    },
    {
        "sloka": "iti śrutvā hṛṣīkēśa: kāmaṭhaṅ rūpamāsthita:.  \n\nparvataṅ pṛṣṭhata: kṛtvā śiśyē tatrōdadhau hari:৷৷1.45.29৷৷\n\n"
    },
    {
        "sloka": "parvatāgrē tu lōkātmā hastēnākramya kēśava:.\n\ndēvānāṅ madhyata: sthitvā mamantha puruṣōttama:৷৷1.45.30৷৷\n\n"
    },
    {
        "sloka": "atha varṣasahasrēṇa sadaṇḍassakamaṇḍalu:.\n\npūrvaṅ dhanvantarirnāma apsarāśca suvarcasa:৷৷1.45.31৷৷ \n\n"
    },
    {
        "sloka": "apsu nirmathanādēva rasāstasmādvarastriya:.\n\nutpēturmanujaśrēṣṭha tasmādapsarasō.bhavan৷৷1.45.32৷৷  \n\n"
    },
    {
        "sloka": "ṣaṣṭi: kōṭyō.bhavaṅstāsām apsarāṇāṅ suvarcasām.\n\nasaṅkhyēyāstu kākutstha yāstāsāṅ paricārikā:৷৷1.45.33৷৷\n\n"
    },
    {
        "sloka": "na tāssma parigṛhṇanti sarvē tē dēvadānavā:.\n\napratigrahaṇāttāśca sarvāssādhāraṇāssmṛtā:৷৷1.45.34৷৷\n\n"
    },
    {
        "sloka": "varuṇasya tata: kanyā vāruṇī raghunandana! .\n\nutpapāta mahābhāgā mārgamāṇā parigraham৷৷1.45.35৷৷\n\n"
    },
    {
        "sloka": "ditē: putrā na tāṅ rāma! jagṛhurvaruṇātmajām.\n\naditēstu sutā vīra jagṛhustāmaninditām৷৷1.45.36৷৷\n\n"
    },
    {
        "sloka": "asurāstēna daitēyāssurāstēnāditēssutā:.\n\nhṛṣṭā: pramuditāścāsan vāruṇīgrahaṇātsurā:৷৷1.45.37৷৷\n\n"
    },
    {
        "sloka": "uccaiśśravā hayaśrēṣṭhō maṇiratnaṅ ca kaustubham.\n\nudatiṣṭhannaraśrēṣṭha! tathaivāmṛtamuttamam৷৷1.45.38৷৷\n\n"
    },
    {
        "sloka": "atha tasya kṛtē rāma mahānāsītkulakṣaya:.\n\naditēstu tata: putrā ditē: putrānasūdayan৷৷1.45.39৷৷ \n\n"
    },
    {
        "sloka": "ēkatō.bhyāgaman sarvē hyasurā rākṣasaissaha.\n\nyuddhamāsīnmahāghōraṅ vīra! trailōkyamōhanam৷৷1.45.40৷৷\n\n"
    },
    {
        "sloka": "yadā kṣayaṅ gataṅ sarvaṅ tadā viṣṇurmahābala:. \n\namṛtaṅ sō.haratttūrṇaṅ māyāmāsthāya mōhinīm৷৷1.45.41৷৷   \n\n"
    },
    {
        "sloka": "yē gatā.bhimukhaṅ viṣṇumakṣayaṅ puruṣōttamam.\n\nsampiṣṭāstē tadā yuddhē viṣṇunā prabhaviṣṇunā৷৷1.45.42৷৷\n\n"
    },
    {
        "sloka": "aditērātmajā vīrā ditē: putrānnijaghnirē.\n\ntasmin ghōrē mahāyuddhē daitēyādityayōrbhṛśam৷৷1.45.43৷৷\n\n"
    },
    {
        "sloka": "nihatya ditiputrāṅśca rājyaṅ prāpya purandara:.\n\nśaśāsa muditō lōkān sarṣisaṅghān sacāraṇān৷৷1.45.44৷৷\n\n"
    }
]