[
    {
        "sloka": "[Manthara informs Kaikeyi about the installation of Rama--happy over the news Kaikeyi gifts away her ornaments.]\n\njñātidāsī yatō jātā kaikēyyāstu sahōṣitā.\n\nprāsādaṅ candrasaṅkāśamārurōha yadṛcchayā৷৷2.7.1৷৷\n\n"
    },
    {
        "sloka": "siktarājapathāṅ kṛtsnāṅ prakīrṇakusumōtkarām.\n\nayōdhyāṅ mantharā tasmātprāsādādanvavaikṣata৷৷2.7.2৷৷\n\n"
    },
    {
        "sloka": "patākābhirvarārhābhirdhvajaiśca samalaṅkṛtām.\n\nvṛtāṅ chandapathaiścāpi śirassnātajanairvṛtām৷৷2.7.3৷৷\n\nmālyamōdakahastaiśca dvijēndrairabhināditām.\n\nśukladēvagṛhadvārāṅ sarvavāditranisvanām৷৷2.7.4৷৷\n\nsamprahṛṣṭajanākīrṇāṅ brahmaghōṣābhināditām.\n\nprahṛṣṭavarahastyaśvāṅ sampraṇarditagōvṛṣām৷৷2.7.5৷৷\n\nprahṛṣṭamuditaiḥ paurairucchritadhvajamālinīm.\n\nayōdhyāṅ mantharā dṛṣṭvā paraṅ vismayamāgatā৷৷2.7.6৷৷\n\n"
    },
    {
        "sloka": "praharṣōtphullanayanāṅ pāṇḍurakṣaumavāsinīm.\n\navidūrē sthitāṅ dṛṣṭvā dhātrīṅ papraccha mantharā৷৷2.7.7৷৷\n\n"
    },
    {
        "sloka": "uttamēnābhisaṅyuktā harṣēṇārthaparā satī.\n\nrāmamātā dhanaṅ kinnu janēbhyassamprayacchati৷৷2.7.8৷৷\n\n"
    },
    {
        "sloka": "atimātrapraharṣō.yaṅ kiṅ janasya ca śaṅsa mē.\n\nkārayiṣyati kiṅ vāpi samprahṛṣṭō mahīpatiḥ৷৷2.7.9৷৷\n\n"
    },
    {
        "sloka": "vidīryamāṇā harṣēṇa dhātrī tu parayā mudā.\n\nācacakṣē.tha kubjāyai bhūyasīṅ rāghava śriyam৷৷2.7.10৷৷\n\n"
    },
    {
        "sloka": "śvaḥ puṣyēṇa jitakrōdhaṅ yauvarājyēna rāghavam.\n\nrājā daśarathō rāmamabhiṣēcayitā.nagham৷৷2.7.11৷৷\n\n"
    },
    {
        "sloka": "dhātryāstu vacanaṅ śṛtvā kubjā kṣipramamarṣitā.\n\nkailāsaśikharākārā tprāsādādavarōhata৷৷2.7.12৷৷\n\n"
    },
    {
        "sloka": "sā dahyamānā kōpēna mantharā pāpadarśinī.\n\nśayānāmētya kaikēyīmidaṅ vacanamabravīt৷৷2.7.13৷৷\n\n"
    },
    {
        "sloka": "uttiṣṭha mūḍhē kiṅ śēṣē bhayaṅ tvāmabhivartatē.\n\nupaplutāmaughēna kimātmānaṅ na budhyasē৷৷2.7.14৷৷\n\n"
    },
    {
        "sloka": "aniṣṭē subhagākārē saubhāgyēna vikatthasē. \n\ncalaṅ hi tava saubhāgyaṅ nadyāssrōta ivōṣṇagē৷৷2.7.15৷৷\n\n"
    },
    {
        "sloka": "ēvamuktā tu kaikēyī ruṣṭayā paruṣaṅ vacaḥ.\n\nkubjayā pāpadarśinyā viṣādamagamatparam৷৷2.7.16৷৷\n\n"
    },
    {
        "sloka": "kaikēyī tvabravītkubjāṅ kaccitkṣēmaṅ nu mantharē.\n\nviṣaṇṇavadanāṅ hi tvāṅ lakṣayē bhṛśaduḥkhitām৷৷2.7.17৷৷\n\n"
    },
    {
        "sloka": "mantharā tu vaca śśrutvā kaikēyyā madhurākṣaram.\n\nuvāca krōdhasaṅyuktā vākyaṅ vākyaviśāradā৷৷2.7.18৷৷\n\n"
    },
    {
        "sloka": "sā viṣaṇṇatarā bhūtvā kubjā tasyā hitaiṣiṇī.\n\nviṣādayantī prōvāca bhēdayantī ca rāghavam৷৷2.7.19৷৷\n\n"
    },
    {
        "sloka": "akṣayyaṅ sumahaddēvi pravṛttaṅ tvadvināśanam.\n\nrāmaṅ daśarathō rājā yauvarājyē.bhiṣēkṣyati৷৷2.7.20৷৷\n\n"
    },
    {
        "sloka": "sā.smyagādhē bhayē magnā duḥkhaśōkasamanvitā.\n\ndahyamānā.nalēnēva tvaddhitārthamihāgatā৷৷2.7.21৷৷\n\n"
    },
    {
        "sloka": "tava duḥkhēna kaikēyi mama duḥkhaṅ mahadbhavēt.\n\ntvadvṛddhau mama vṛddhiśca bhavēdatra na saṅśayaḥ৷৷2.7.22৷৷\n\n"
    },
    {
        "sloka": "narādhipakulē jātā mahiṣī tvaṅ mahīpatēḥ!.\n\nugratvaṅ rājadharmāṇāṅ kathaṅ dēvi na budhyasē৷৷2.7.23৷৷\n\n"
    },
    {
        "sloka": "dharmāvādī śaṭhō bhartā ślakṣṇavādī ca dāruṇaḥ.\n\nśuddhabhāvē na jānīṣē tēnaiva matisandhitā৷৷2.7.24৷৷\n\n"
    },
    {
        "sloka": "upasthitaḥ prayuñjānastvayi sāntvamanarthakam.\n\narthēnaivādya tē bhartā kausalyāṅ yōjayiṣyati৷৷2.7.25৷৷\n\n"
    },
    {
        "sloka": "upavāhya sa duṣṭātmā bharataṅ tava bandhuṣu.\n\nkālyē sthāpayitā rāmaṅ rājyē nihatakaṇṭakē৷৷2.7.26৷৷\n\n"
    },
    {
        "sloka": "śatruḥ patipravādēna mātrēva hitakāmyayā.\n\nāśīviṣa ivāṅkēna bālē paridhṛtastvayā৷৷2.7.27৷৷\n\n"
    },
    {
        "sloka": "yathā hi kuryātsarpō vā śatrurvā pratyupēkṣitaḥ.\n\nrājñā daśarathēnādya saputrā tvaṅ tathā kṛtā৷৷2.7.28৷৷\n\n"
    },
    {
        "sloka": "pāpēnānṛtasāntvēna bālē! nityasukhōcitē.\n\nrāmaṅ sthāpayatā rājyē sānubandhā hatā hyasi৷৷2.7.29৷৷\n\n"
    },
    {
        "sloka": "sā prāptakālaṅ kaikēyi kṣipraṅ kuru hitaṅ tava.\n\ntrāyasva putramātmānaṅ māṅ ca vismayadarśanē৷৷2.7.30৷৷\n\n"
    },
    {
        "sloka": "manthārāyā vacaśśrutvā śayānā sā śubhānanā.\n\nuttasthau harṣasampūrṇā candralēkhēva śāradī৷৷2.7.31৷৷\n\n"
    },
    {
        "sloka": "atīva sā tu saṅhṛṣṭā kaikēyī vismayānvitā.\n\nēkamābharaṇaṅ tasyai kubjāyai pradadau śubham৷৷2.7.32৷৷\n\n"
    },
    {
        "sloka": "datvā tvābharaṇaṅ tasyai kubjāyai pramadōttamā.\n\nkaikēyī mantharāṅ dṛṣṭvā punarēvābravīdidam৷৷2.7.33৷৷\n\n"
    },
    {
        "sloka": "idaṅ tu mantharē mahyamākhyāsi paramaṅ priyam.\n\nētanmē priyamākhyātuḥ kiṅ vā bhūyaḥ karōmi tē৷৷2.7.34৷৷\n\n"
    },
    {
        "sloka": "rāmē vā bharatē vā.haṅ viśēṣaṅ nōpalakṣayē. \n\ntasmāttuṣṭā.smi yadrājā rāmaṅ rājyē.bhiṣēkṣyati৷৷2.7.35৷৷\n\n"
    },
    {
        "sloka": "na mē paraṅ kiñciditastvayā punaḥ\n\npriyaṅ priyārhē! suvacaṅ vacaḥparam.\n\ntathā hyavōcastvamataḥ priyōttaraṅ \n\nvaraṅ paraṅ tē pradadāmi taṅ vṛṇu৷৷2.7.36৷৷\n\n"
    }
]