[
    {
        "sloka": "[Dasaratha recalls the past he had shot an arrow at a hermit boy while he was filling a pot with water, mistaking the sound to be that of an elephant --- Dasaratha realizes the unintentional mistake in killing the boy.]\n\npratibuddhō muhūrtēna śōkōpahatacētanaḥ.\n\natha rājā daśarathassacintāmabhyapadyata৷৷2.63.1৷৷\n\n"
    },
    {
        "sloka": "rāmalakṣmaṇayōścaiva vivāsā dvāsavōpamam.\n\nāvivēśōpasargastaṅ tama ssūryamivāsuram৷৷2.63.2৷৷\n\n"
    },
    {
        "sloka": "sabhāryē nirgatē rāmē kausalyāṅ kōśalēśvaraḥ.\n\nvivakṣurasitāpāṅgāṅ smṛtvā duṣkṛtamātmanaḥ৷৷2.63.3৷৷\n\n"
    },
    {
        "sloka": "sa rājā rajanīṅ ṣaṣṭhīṅ rāmē pravrājitē vanam.\n\nardharātrē daśaratha ssaṅsmaran duṣkṛtaṅ kṛtam৷৷2.63.4৷৷\n\n"
    },
    {
        "sloka": "sa rājā putraśōkārtaḥ smṛtvā duṣkṛtamātmanaḥ.\n\nkausalyāṅ putraśōkārtāmidaṅ vacanamabravīt৷৷2.63.5৷৷\n\n"
    },
    {
        "sloka": "yadācarati kalyāṇi! śubhaṅ vā yadi vā.śubham.\n\ntadēva labhatē bhadrē! kartā karmajamātmanaḥ৷৷2.63.6৷৷\n\n"
    },
    {
        "sloka": "gurulāghavamarthānāmārambhē karmaṇāṅ phalam.\n\ndōṣaṅ vā yō na jānāti na bāla iti hōcyatē৷৷2.63.7৷৷\n\n"
    },
    {
        "sloka": "kaścidāmravaṇaṅ chittvā palāśāṅ śca niṣiñcati.\n\npuṣpaṅ dṛṣṭvā phalē gṛdhnu ssa śōcati phalāgamē৷৷2.63.8৷৷\n\n"
    },
    {
        "sloka": "avijñāya phalaṅ yō hi karma tvēvānudhāvati.\n\nsa śōcētphalavēlāyāṅ yathā kiṅśukasēcakaḥ৷৷2.63.9৷৷\n\n"
    },
    {
        "sloka": "sō.hamāmravaṇaṅ chitvā palāśāṅśca nyaṣēcayam.\n\nrāmaṅ phalāgamē tyaktvā paścācchōcāmi durmatiḥ৷৷2.63.10৷৷\n\n"
    },
    {
        "sloka": "labdhaśabdēna kausalyē! kumārēṇa dhanuṣmatā.\n\nkumāraśśabdavēdhīti mayā pāpamidaṅ kṛtam৷৷2.63.11৷৷\n\n"
    },
    {
        "sloka": "tadidaṅ mē.nusaṅmprāptaṅ dēvi! duḥkhaṅ svayaṅ kṛtam.\n\nsammōhādiha bālēna yathā syādbhakṣitaṅ viṣam৷৷2.63.12৷৷\n\n"
    },
    {
        "sloka": "yathānyaḥ puruṣaḥ kaścitpalāśairmōhitō bhavēt.\n\nēvaṅ mamā.pyavijñātaṅ śabdavēdhyamayaṅ phalam৷৷2.63.13৷৷\n\n"
    },
    {
        "sloka": "dēvyanūḍhā tvamabhavō yuvarājō bhavāmyaham.\n\ntataḥ prāvṛḍanuprāptā madakāmavivardhinī৷৷2.63.14৷৷\n\n"
    },
    {
        "sloka": "upāsya ca rasānbhaumāṅ staptvā ca jagadaṅśubhiḥ.\n\nparētācaritāṅ bhīmāṅ ravirāviśatē diśam৷৷2.63.15৷৷\n\n"
    },
    {
        "sloka": "uṣṇamantardadhē sadya ssnigdhā dadṛśirē ghanāḥ.\n\ntatō jahṛṣirē sarvē bhēkasāraṅgabarhiṇaḥ৷৷2.63.16৷৷\n\n"
    },
    {
        "sloka": "klinna pakṣōttarāssnātāḥ kṛcchrādiva patatriṇaḥ.\n\nvṛṣṭivātāvadhūtāgrānpādapānabhipēdirē৷৷2.63.17৷৷\n\n"
    },
    {
        "sloka": "patitēnāmbhasācchannaḥ patamānēna cāsakṛt.\n\nābabhau mattasāraṅgastōyarāśirivācalaḥ৷৷2.63.18৷৷\n\n"
    },
    {
        "sloka": "pāṇḍurāruṇavarṇāni srōtāṅsi vimalānyapi.\n\nsusruvurgiridhātubhyassabhasmāni bhujaṅgavat৷৷2.63.19৷৷\n\n"
    },
    {
        "sloka": "ākulāruṇa tōyāni srōtāṅsi vimalānyapi.\n\nunmārgajalavāhinī babhūvurjaladāgamē৷৷2.63.20৷৷\n\n"
    },
    {
        "sloka": "tasminnatisukhē kālē dhanuṣmāniṣumānrathī.\n\nvyāyāmakṛtasaṅkalpassarayūmanvagāṅ nadīm৷৷2.63.21৷৷\n\n"
    },
    {
        "sloka": "nipānē mahiṣaṅ rātrau gajaṅ vā.bhyāgataṅ nadīm.\n\nanyaṅ vā śvāpadaṅ kañcijjighāṅsu rajitēndriyaḥ.\n\ntasmiṅ statrāhamēkāntē rātrau vivṛtakārmukaḥ৷৷2.63.22৷৷\n\n"
    },
    {
        "sloka": "tatrāhaṅ saṅvṛtaṅ vanyaṅ hatavāṅstīramāgatam.\n\nanyaṅ cāpi mṛgaṅ hiṅsraṅ śabdaṅ śrutvā.bhyupāgatam৷৷2.63.23৷৷\n\n"
    },
    {
        "sloka": "athāndhakārē tvaśrauṣaṅ jalē kumbhasya pūryataḥ.\n\nacakṣurviṣayē ghōṣaṅ vāraṇasyēva nardataḥ৷৷2.63.24৷৷\n\n"
    },
    {
        "sloka": "tatō.haṅ śaramudhṛtya dīptamāśīviṣōpamam.\n\nśabdaṅ prati gajaprēpsurabhilakṣya tvapātayam৷৷2.63.25৷৷\n\n"
    },
    {
        "sloka": "amuñcaṅ niśitaṅ bāṇamahamāśīviṣōpamam.\n\ntatra vāguṣasi vyaktā prādurāsīdvanaukasaḥ৷৷2.63.26৷৷\n\nhāhēti patatastōyē bāṇābhihatamarmaṇaḥ৷৷2.63.27৷৷\n\n"
    },
    {
        "sloka": "tasminnipatitē bāṇē vāgabhūttatra mānuṣī. \n\nkathamasmadvidhē śastraṅ nipatēttu tapasvini৷৷2.63.28৷৷\n\n"
    },
    {
        "sloka": "praviviktāṅ nadīṅ rātrāvudāhā.rōhamāgataḥ.\n\niṣuṇā.bhihataḥ kēna kasya vā kiṅ kṛtaṅ mayā৷৷2.63.29৷৷\n\n"
    },
    {
        "sloka": "ṛṣērhinyastadaṇḍasya vanē vanyēna jīvataḥ.\n\nkathaṅ nu śasrēṇa vadhō madvidhasya vidhīyatē৷৷2.63.30৷৷\n\n"
    },
    {
        "sloka": "jaṭābhāradharasyaiva valkalājinavāsasaḥ.\n\nkō vadhēna mamarthī syātkiṅvā.syāpakṛtaṅ mayā৷৷2.63.31৷৷\n\n"
    },
    {
        "sloka": "ēvaṅ niṣphalamārabdhaṅ kēvalānarthasaṅhitam.\n\nna kaścitsādhu manyēta yathaiva gurutalpagam৷৷2.63.32৷৷\n\n"
    },
    {
        "sloka": "nāhaṅ tathā.nu śōcāmi jīvitakṣayamātmanaḥ.\n\nmātaraṅ pitaraṅ cōbhāvanuśōcāmi madvadhē৷৷2.63.33৷৷\n\n"
    },
    {
        "sloka": "tadētanmithunaṅ vṛddhaṅ cirakālabhṛtaṅ mayā.\n\nmayi pañcatvamāpannē kāṅ vṛttiṅ vartayiṣyati৷৷2.63.34৷৷\n\n"
    },
    {
        "sloka": "vṛddhai ca matāpitarāvahaṅ caikēṣuṇā hatā.\n\nkēna smanihatā ssarvē subālēnākṛtātmanā৷৷2.63.35৷৷\n\n"
    },
    {
        "sloka": "tāṅ giraṅ karuṇāṅ śrutvā mama dharmānukāṅkṣiṇaḥ.\n\nkarābhyāṅ saśaraṅ cāpaṅ vyathitasyāpatadbhuvi৷৷2.63.36৷৷\n\n"
    },
    {
        "sloka": "tasyāhaṅ karuṇaṅ śrutvā niśi lālavatō bahu.\n\nsambhrānta śśōkavēgēna bhṛśamāsaṅ vicētanaḥ৷৷2.63.37৷৷\n\n"
    },
    {
        "sloka": "taṅ dēśamahamāgamya dīnasattvassudurmanāḥ.\n\napaśyamiṣuṇā tīrē sarayvāstāpasaṅ hatam৷৷2.63.38৷৷\n\navakīrṇa jaṭābhāraṅ praviddhakalaśōdakam.\n\npāṅsuśōṇitadigdhāṅgaṅ śayānaṅ śalyapīḍitam৷৷2.63.39৷৷\n\n"
    },
    {
        "sloka": "sa māmudvīkṣya nētrābhyāṅ trastamasvasthacētasam.\n\nityuvāca tataḥ krūraṅ didhakṣanniva tējasā৷৷2.63.40৷৷\n\n"
    },
    {
        "sloka": "kiṅ tavāpakṛtaṅ rājanvanē nivasatā mayā.\n\njihīrṣurambhō gurvurthaṅ yadahaṅ tāḍitastvayā৷৷2.63.41৷৷\n\n"
    },
    {
        "sloka": "ēkēna khalu bāṇēna marmaṇyabhihatē mayi.\n\ndvāvandhau nihatau vṛddhau mātā janayitā ca mē৷৷2.63.42৷৷\n\n"
    },
    {
        "sloka": "tau kathaṅ durbalāvandhau matpratīkṣau pipāsitau.\n\nciramāśākṛtāṅ tṛṣṇāṅ kaṣṭāṅ sandhārayiṣyataḥ৷৷2.63.43৷৷\n\n"
    },
    {
        "sloka": "na nūnaṅ tapasō vāsti phalayōgaśśrutasya vā.\n\npitā yanmāṅ na jānāti śayānaṅ patitaṅ bhuvi৷৷2.63.44৷৷\n\n"
    },
    {
        "sloka": "jānannapi ca kiṅ kuryādaśaktiraparikramaḥ.\n\nbhidyamānamivāśakta stratumanyō nagō nagam৷৷2.63.45৷৷\n\n"
    },
    {
        "sloka": "pitustvamēva mē gatvā śīghramācakṣya rāghava.\n\nna tvāmanudahētkruddhō vanaṅ vahnirivaidhitaḥ৷৷2.63.46৷৷\n\n"
    },
    {
        "sloka": "iyamēkapadī rājanyatō mē piturāśramaḥ.\n\ntaṅ prasādaya gatvā tvaṅ na tvāṅ sa kupitaśśapēt৷৷2.63.47৷৷\n\n"
    },
    {
        "sloka": "viśalyaṅ kuru māṅ rājanmarma mē niśitaśśaraḥ.\n\nruṇaddhi mṛdusōtsēdhaṅ tīramamburayō yathā৷৷2.63.48৷৷\n\n"
    },
    {
        "sloka": "saśalyaḥ kliśyatē prāṇairviśalyō vinaśiṣyati.\n\niti māmaviśaccintā tasya śalyāpakarṣaṇē৷৷2.63.49৷৷\n\n"
    },
    {
        "sloka": "duḥkhitasya ca dīnasya mama śōkāturasya ca.\n\nlakṣayāmāsa hṛdayē cintāṅ munisutastadā৷৷2.63.50৷৷\n\n"
    },
    {
        "sloka": "tāmyamānassa māṅ kṛcchrāduvāca paramārtavat.\n\nsīdamānō vivṛttāṅgō vēṣṭamānō gataḥ kṣayam৷৷2.63.51৷৷\n\n"
    },
    {
        "sloka": "saṅstabhya śōkaṅ dhairyēṇa sthiracittō bhavāmyaham. \n\nbrahmahatyākṛtaṅ pāpaṅ hṛdayādapanīyatām৷৷2.63.52৷৷\n\n"
    },
    {
        "sloka": "na dvijātirahaṅ rājanmā bhūttē manasō vyathā.\n\nśūdrāyāmasmi vaiśyēna jātō janapadādhipa!৷৷2.63.53৷৷\n\n"
    },
    {
        "sloka": "itīva vadataḥ kṛcchrādbāṇābhihatamarmaṇaḥ vighūrṇatō vicēṣṭasya vēpamānasya bhūtalē.\n\ntasyatvānamyamānasya taṅ bāṇamahamuddharam sa māmudvīkṣya santrastō jahau prāṇāṅstapōdhanaḥ৷৷2.63.54৷৷\n\n"
    },
    {
        "sloka": "jalārdragātrantu vilapya kṛcchrānmarmavraṇaṅ santatamucchavasantam.\n\ntata ssarayvāṅ tamahaṅ śayānaṅ samīkṣya bhadrē.smi bhṛśaṅ viṣaṇṇaḥ৷৷2.63.55৷৷\n\n"
    }
]