[
    {
        "sloka": "[Lakshmana gets ready to accompany Rama- takes leave of his friends and collects divine weapons from preceptor Vasistha--Rama asks Lakshmana to  distribute his wealth among brahmins.]\n\nēvaṅ śṛtvā tu saṅvādaṅ lakṣmaṇaḥ pūrvamāgataḥ.\n\nbāṣpaparyākulamukhaḥ śōkaṅ sōḍhumaśaknuvan৷৷2.31.1৷৷\n\nsa bhrātuścaraṇau gāḍhaṅ nipīḍya raghunandanaḥ.\n\nsītāmuvācātiyaśāṅ rāghavaṅ ca mahāvratam৷৷2.31.2৷৷\n\n"
    },
    {
        "sloka": "ēvaṅ śṛtvā tu saṅvādaṅ lakṣmaṇaḥ pūrvamāgataḥ.\n\nbāṣpaparyākulamukhaḥ śōkaṅ sōḍhumaśaknuvan৷৷2.31.1৷৷\n\nsa bhrātuścaraṇau gāḍhaṅ nipīḍya raghunandanaḥ.\n\nsītāmuvācātiyaśāṅ rāghavaṅ ca mahāvratam৷৷2.31.2৷৷\n\n"
    },
    {
        "sloka": "yadi gantuṅ kṛtābuddhirvanaṅ mṛgagajāyutam.\n\nahaṅ tvānugamiṣyāmi vanamagrē dhanurdharaḥ৷৷2.31.3৷৷\n\n"
    },
    {
        "sloka": "mayā samētō.raṇyāni bahūni vicariṣyasi.\n\npakṣibhirmṛgayūthaiśca saṅghuṣṭāni samantataḥ৷৷2.31.4৷৷\n\n"
    },
    {
        "sloka": "na dēvalōkākramaṇaṅ nāmaratvamahaṅ vṛṇē.\n\naiśvaryaṅ vāpi lōkānāṅ kāmayē na tvayā vinā৷৷2.31.5৷৷\n\n"
    },
    {
        "sloka": "ēvaṅ bruvāṇassaumitrirvanavāsāya niścitaḥ.\n\nrāmēṇa bahubhissāntvairniṣidhdaḥ punarabravīt৷৷2.31.6৷৷\n\n"
    },
    {
        "sloka": "anujñātaśca bhavatā pūrvamēva yadasmyaham.\n\nkimidānīṅ punaridaṅ kriyatē mannivāraṇam৷৷2.31.7৷৷\n\n"
    },
    {
        "sloka": "yadarthaṅ pratiṣēdhō mē kriyatē gantumicchataḥ.\n\nētadicchāmi vijñātuṅ saṅśayō hi mamānagha!৷৷2.31.8৷৷\n\n"
    },
    {
        "sloka": "tatō.bravīnmahātējā rāmō lakṣmaṇamagrataḥ.\n\nsthitaṅ prāggāminaṅ vīraṅ yācamānaṅ kṛtāñjalim৷৷2.31.9৷৷\n\n"
    },
    {
        "sloka": "snigdhō dharmaratō vīrassatataṅ satpathē sthitaḥ.\n\npriyaḥ prāṇasamō vaśyō bhrātā cāpi sakhā ca mē৷৷2.31.10৷৷\n\n"
    },
    {
        "sloka": "mayā.dya saha saumitrē! tvayi gacchati tadvanam.\n\nkō bhariṣyati kausalyāṅ sumitrāṅ vā yaśasvinīm৷৷2.31.11৷৷\n\n"
    },
    {
        "sloka": "abhivarṣati kāmairyaḥ parjanyaḥ pṛthivīmiva.\n\nsa kāmapāśaparyastō mahātējā mahīpatiḥ৷৷2.31.12৷৷\n\n"
    },
    {
        "sloka": "sā hi rājyamidaṅ prāpya nṛpasyāśvapatē ssutā.\n\nduḥkhitānāṅ sapatnīnāṅ na kariṣyati śōbhanam৷৷2.31.13৷৷\n\n"
    },
    {
        "sloka": "na smariṣyati kausalyāṅ sumitrāṅ ca suduḥkhitām.\n\nbharatō rājyamāsādya kaikēyyāṅ paryavasthitaḥ৷৷2.31.14৷৷\n\n"
    },
    {
        "sloka": "tāmāryāṅ svayamēvēha rājānugrahaṇēna vā.\n\nsaumitrē! bhara kauśalyāmuktamarthamimaṅ cara৷৷2.31.15৷৷\n\n"
    },
    {
        "sloka": "ēvaṅ mama ca tē bhaktirbhaviṣyati sudarśitā.\n\ndharmajña gurupūjāyāṅ dharmaścāpyatulō mahān৷৷2.31.16৷৷\n\n"
    },
    {
        "sloka": "ēvaṅ kuruṣva saumitrē! matkṛtē raghunandana!.\n\nasmābhirviprahīṇāyā māturnō na bhavētsukham৷৷2.31.17৷৷\n\n"
    },
    {
        "sloka": "ēvamuktastu rāmēṇa lakṣmaṇa śślakṣṇayā girā.\n\npratyuvāca tadā rāmaṅ vākyajñō vākyakōvidam৷৷2.31.18৷৷\n\n"
    },
    {
        "sloka": "tavaiva tējasā vīra! bharataḥ pūjayiṣyati.\n\nkausalyāṅ ca sumitrāṅ ca prayatō nātra saṅśayaḥ৷৷2.31.19৷৷\n\n"
    },
    {
        "sloka": "kauśalyā bibhṛyādāryā sahasramapi madvidhān.\n\nyasyāssahasraṅ grāmāṇāṅ samprāpta mupajīvanam৷৷2.31.20৷৷\n\n"
    },
    {
        "sloka": "tadātmabharaṇē caiva mama mātustathaiva ca.\n\nparyāptā madvidhānāṅ ca bharaṇāya yaśasvinī৷৷2.31.21৷৷\n\n"
    },
    {
        "sloka": "kuruṣva māmanucaraṅ vaidharmyaṅ nēha vidyatē.\n\nkṛtārthō.haṅ bhaviṣyāmi tava cārthaḥ prakalpatē৷৷2.31.22৷৷\n\n"
    },
    {
        "sloka": "dhanurādāya saśaraṅ khanitrapiṭakādharaḥ.\n\nagratastē gamiṣyāmi panthānamanudarśayan৷৷2.31.23৷৷\n\n"
    },
    {
        "sloka": "āhariṣyāmi tē nityaṅ mūlāni ca phalāni ca.\n\nvanyāni yāni cānyāni svāhārāṇi tapasvinām৷৷2.31.24৷৷\n\n"
    },
    {
        "sloka": "bhavāṅstu saha vaidēhyā girisānuṣu raṅsyatē.\n\nahaṅ sarvaṅ kariṣyāmi jāgrata ssvapataśca tē৷৷2.31.25৷৷\n\n"
    },
    {
        "sloka": "rāmastvanēna vākyēna suprītaḥ pratyuvāca tam.\n\nvrajāpṛcchasva saumitrē! sarvamēva suhṛjjanam৷৷2.31.26৷৷\n\n"
    },
    {
        "sloka": "yē ca rājñō dadau divyē mahātmā varuṇa ssvayam.\n\njanakasya mahāyajñē dhanuṣī raudradarśanē৷৷2.31.27৷৷\n\nabhēdyakavacē divyē tūṇī cākṣayasāyakau.\n\nādityavimalau cōbhau khaḍgau hēmapariṣkṛtau৷৷2.31.28৷৷\n\nsatkṛtya nihitaṅ sarvamētadācāryasadmani.\n\nsarvamāyudhamādāya kṣipramāvraja lakṣmaṇa!৷৷2.31.29৷৷\n\n"
    },
    {
        "sloka": "sa suhṛjjanamāmantryavanavāsāya niścitaḥ.\n\nikṣvākugurumāgamya jagrāhāyudhamuttamam৷৷2.31.30৷৷\n\n"
    },
    {
        "sloka": "taddhivyaṅ rājaśārdūla satkṛtaṅ mālyabhūṣitam.\n\nrāmāya darśayāmāsa saumitrissarvamāyudham৷৷2.31.31৷৷\n\n"
    },
    {
        "sloka": "tamuvācātmavān rāmaḥ prītyā lakṣmaṇamāgatam.\n\nkālē tvamāgata saumya kāṅkṣitē mama lakṣmaṇa!৷৷2.31.32৷৷\n\n"
    },
    {
        "sloka": "ahaṅ pradātumicchāmi yadidaṅ māmakaṅ dhanam.\n\nbrāhmaṇēbhyastapasvibhyastvayā saha parantapa!৷৷2.31.33৷৷\n\n"
    },
    {
        "sloka": "vasantīha dṛḍhaṅ bhaktyā guruṣu dvijasattamāḥ.\n\ntēṣāmapi ca mē bhūyassarvēṣāñcōpajīvinām৷৷2.31.34৷৷\n\n"
    },
    {
        "sloka": "vaśiṣṭhaputraṅ tu suyajñamāryaṅ\n\ntvamānayāśu pravaraṅ dvijānām.\n\nabhiprayāsyāmi vanaṅ samastā-\n\nnabhyarcya śiṣṭānaparān dvijātīn৷৷2.31.35৷৷\n\n"
    }
]