[
    {
        "sloka": "[ Arrangements made for the journey to the forest.]\n\natha bhūmipradēśajñāssūtrakarmaviśāradāḥ.\n\nsvakarmābhiratāśśūrāḥ khanakā yantrakāstathā৷৷2.80.1৷৷\n\nkarmāntikāḥ sthapatayaḥ puruṣa yantrakōvidāḥ.\n\ntathā vārdhakayaścaiva mārgiṇō vṛkṣatakṣakāḥ৷৷2.80.2৷৷\n\nkūpakārāssudhākārārvaṅśakarmakṛtastathā.\n\nsamarthā yē ca draṣṭāraḥ puratastē pratasthirē৷৷2.80.3৷৷\n\n"
    },
    {
        "sloka": "atha bhūmipradēśajñāssūtrakarmaviśāradāḥ.\n\nsvakarmābhiratāśśūrāḥ khanakā yantrakāstathā৷৷2.80.1৷৷\n\nkarmāntikāḥ sthapatayaḥ puruṣa yantrakōvidāḥ.\n\ntathā vārdhakayaścaiva mārgiṇō vṛkṣatakṣakāḥ৷৷2.80.2৷৷\n\nkūpakārāssudhākārārvaṅśakarmakṛtastathā.\n\nsamarthā yē ca draṣṭāraḥ puratastē pratasthirē৷৷2.80.3৷৷\n\n"
    },
    {
        "sloka": "sa tu harṣāttamuddēśaṅ janaughō vipulaḥ prayān.\n\naśōbhata mahāvēgassamudra iva parvaṇi৷৷2.80.4৷৷\n\n"
    },
    {
        "sloka": "tē svavāraṅ samāsthāya vartmakarmaṇi kōvidāḥ.\n\nkaraṇairvividhōpētaiḥ purastātsampratasthirē৷৷2.80.5৷৷\n\n"
    },
    {
        "sloka": "latāvallī śca gulmāṅśca sthāṇūnaśmana ēva ca.\n\njanāyāṅcakrirē mārgaṅ chindantō vividhāndrumān৷৷2.80.6৷৷\n\n"
    },
    {
        "sloka": "avṛkṣēṣu ca dēśēṣu kēcidvṛkṣānarōpayan.\n\nkēcitkuṭhāraiṣṭaṅkaiśca dātraiścindankvacitkvacit৷৷2.80.7৷৷\n\n"
    },
    {
        "sloka": "aparē vīraṇastambhānbalinō balavattarāḥ.\n\nvidhamanti sma durgāṇi sthalāni ca tatastataḥ৷৷2.80.8৷৷\n\n"
    },
    {
        "sloka": "aparē.pūrayankūpānpāṅsubhi śśvabhramāyatam.\n\nnimnabhāgānstataḥ kēcitsamānścakru ssamantataḥ৷৷2.80.9৷৷\n\n"
    },
    {
        "sloka": "babandhurbandhanīyāṅśca kṣōdyānsañcukṣudustadā.\n\nbibhidurbhēdanīyāṅśca tāṅstāndēśānnarā stadā৷৷2.80.10৷৷\n\n"
    },
    {
        "sloka": "acirēṇaiva kālēna parivāhānbahūdakān.\n\ncakrurbahuvidhākārān sāgarapratimānbahūn৷৷2.80.11৷৷\n\n"
    },
    {
        "sloka": "nirjalēṣu ca dēśēṣu khānayāmāsuruttamān.\n\nudapānānbahuvidhānvēdikāparimaṇḍitān৷৷2.80.12৷৷\n\n"
    },
    {
        "sloka": "sasudhākuṭṭimatalaḥ prapuṣpitamahīruhaḥ.\n\nmattōdghuṣṭa dvijagaṇaḥ patākābhiralaṅkṛtaḥ৷৷2.80.13৷৷\n\ncandanōdakasaṅsiktō nānākusumabhūṣitaḥ.\n\nbahvaśōbhata sēnāyāḥ panthā ssurapathōpamaḥ৷৷2.80.14৷৷\n\n"
    },
    {
        "sloka": "ājñāpyātha yathā.jñapti yuktāstē.dhikṛtā narāḥ.\n\nramaṇīyēṣu dēśēṣu bahusvāduphalēṣu ca৷৷2.80.15৷৷\n\nyō nivēśastvabhiprētō bharatasya mahātmanaḥ.\n\nbhūyastaṅ śōbhayāmāsurbhūṣābhirbhūṣaṇōpamam৷৷2.80.16৷৷\n\n"
    },
    {
        "sloka": "nakṣatrēṣu praśastēṣu muhūrtēṣu ca tadvidaḥ.\n\nnivēśān sthāpayāmāsurbharatasya mahātmanaḥ৷৷2.80.17৷৷\n\n"
    },
    {
        "sloka": "bahupāṅsucayāścāpi parikhāparivāritāḥ.\n\ntatrēndrakīlapratimāḥ pratōlīvaraśōbhitāḥ৷৷2.80.18৷৷\n\nprāsādamālāvitatā ssaudhaprākārasaṅvṛtāḥ.\n\npatākāśōbhitā ssarvē sunirmitamahāpathāḥ৷৷2.80.19৷৷\n\nvisarpadbhirivā.kāśē viṭaṅkāgravimānakaiḥ.\n\nsamucchritairnivēśāstē babhuśśakrapurōpamāḥ৷৷2.80.20৷৷\n\n"
    },
    {
        "sloka": "jāhnavīṅ tu samāsādya vividhadrumakānanām.\n\nśītalāmalapānīyāṅ mahāmīnasamākulām৷৷2.80.21৷৷\n\n"
    },
    {
        "sloka": "sacandratārāgaṇamaṇḍitaṅ yathā nabhaḥ kṣapāyāmamalaṅ virājatē.\n\nnarēndramārgassa tathā vyarājata kramēṇa ramyaḥ śubhaśilpinirmitaḥ৷৷2.80.22৷৷\n\n"
    }
]