[
    {
        "sloka": "[Sumitra consoles Kausalya.]\n\nvilapantī tathā tāṅ tu kausalyāṅ pramadōttamām.\n\nidaṅ dharmē sthitā dharmyaṅ sumitrā vākyamabravīt৷৷2.44.1৷৷\n\n"
    },
    {
        "sloka": "tavāryē sadguṇairyuktaḥ putra ssa puruṣōttamaḥ.\n\nkiṅ tē vilapitēnaivaṅ kṛpaṇaṅ ruditēna vā৷৷2.44.2৷৷\n\n"
    },
    {
        "sloka": "yastavāryē gataḥ putrastyaktvā rājyaṅ mahābalaḥ.\n\nsādhu kurvan mahātmānaṅ pitaraṅ satyavādinam৷৷2.44.3৷৷\n\nśiṣṭairācaritē samyakchaśvatprētyaphalōdayē.\n\nrāmō dharmē sthita śrēṣṭhō na sa śōcyaḥ kadācana৷৷2.44.4৷৷\n\n"
    },
    {
        "sloka": "vartatē cōttamāṅ vṛttiṅ lakṣmaṇō.smin sadānaghaḥ.\n\ndayāvān sarvabhūtēṣu lābhastasya mahātmanaḥ৷৷2.44.5৷৷\n\n"
    },
    {
        "sloka": "araṇyavāsē yadduḥkhaṅ jānatī vai sukhōcitā.\n\nanugacchati vaidēhī dharmātmānaṅ tavātmajam৷৷2.44.6৷৷\n\n"
    },
    {
        "sloka": "kīrtibhūtāṅ patākāṅ yō lōkē bhramayati prabhuḥ.\n\ndharmasatyavratadhanaḥ kiṅ na prāptastavātmajaḥ৷৷2.44.7৷৷\n\n"
    },
    {
        "sloka": "vyaktaṅ rāmasya vijñāya śaucaṅ māhātmyamuttamam.\n\nna gātramaṅśubhi ssūrya ssantāpayitumarhati৷৷2.44.8৷৷\n\n"
    },
    {
        "sloka": "śivassarvēṣu kālēṣu kānanēbhyō vinissṛtaḥ.\n\nrāghavaṅ yuktaśītōṣṇassēviṣyati sukhō.nilaḥ৷৷2.44.9৷৷\n\n"
    },
    {
        "sloka": "śayānamanaghaṅ rātrau pitēvābhipariṣvajan.\n\nraśmibhi ssaṅspṛśan śītaiścandramāhlādayiṣyati৷৷2.44.10৷৷\n\n"
    },
    {
        "sloka": "dadau cāstrāṇi divyāni yasmai brahmā mahaujasē.\n\ndānavēndraṅ hataṅ dṛṣṭvā timidhvajasutaṅ raṇē৷৷2.44.11৷৷\n\nsa śūraḥ puruṣavyāghraḥ svabāhubalamāśritaḥ.\n\nasantrastō.pyaraṇasthō vēśmanīva nivatsyati৷৷2.44.12৷৷\n\n"
    },
    {
        "sloka": "yasyēṣupathamāsādya vināśaṅ yānti śatravaḥ.\n\nkathaṅ na pṛthivī tasya śāsanē sthātumarhati৷৷2.44.13৷৷\n\n"
    },
    {
        "sloka": "yā śrī śśauryaṅ ca rāmasya yā ca kalyāṇasatvatā.\n\nnivṛttāraṇyavāsa ssa kṣipraṅ rājyamavāpsyati৷৷2.44.14৷৷\n\n"
    },
    {
        "sloka": "sūryasyāpi bhavētsūryō hyagnēragni prabhōḥ prabhuḥ.\n\nśriyaḥ śrīśca bhavēdagryā kīrtiḥ kīrtyāḥ kṣamākṣamā৷৷2.44.15৷৷\n\ndaivataṅ daivatānāṅ ca bhūtānāṅ bhūtasattamaḥ. \n\ntasya kē hyaguṇā dēvi! vanē vāpyathavā purē৷৷2.44.16৷৷\n\n"
    },
    {
        "sloka": "pṛthivyā saha vaidēhyā śriyā ca puruṣarṣabhaḥ.\n\nkṣipraṅ tisṛbhirētābhi ssaha rāmō.bhiṣēkṣyatē৷৷2.44.17৷৷\n\n"
    },
    {
        "sloka": "duḥkhajaṅ visṛjantyasraṅ niṣkrāmantamudīkṣya yam.\n\nayōdhyāyāṅ janāssarvē śōkavēgasamāhatāḥ.2.44.18৷৷\n\nkuśacīradharaṅ dēvaṅ gacchantamaparājitam.\n\nsītēvānugatā lakṣmī stasya kiṅ nāma durlabham৷৷2.44.19৷৷\n\n"
    },
    {
        "sloka": "dhanurgrahavarō yasya bāṇakhaḍgāstrabhṛtsvayam.\n\nlakṣmaṇō vrajati hyagrē tasya kiṅ nāma durlabham৷৷2.44.20৷৷\n\n"
    },
    {
        "sloka": "nivṛttavanavāsaṅ taṅ draṣṭāsi punarāgatam.\n\njahiśōkaṅ ca mōhaṅ ca dēvi! satyaṅ bravīmi tē৷৷2.44.21৷৷\n\n"
    },
    {
        "sloka": "śirasā caraṇāvētau vandamānamaninditē!\n\npunardrakṣyasi kalyāṇi! putraṅ candramivōditam৷৷2.44.22৷৷\n\n"
    },
    {
        "sloka": "punaḥ praviṣṭaṅ dṛṣṭvā tamabhiṣiktaṅ mahāśriyam. \n\nsamutsrakṣyasi nētrābhyāṅ kṣipramānandajaṅ payaḥ৷৷2.44.23৷৷\n\n"
    },
    {
        "sloka": "mā śōkō dēvi! duḥkhaṅ vā na rāmē dṛśyatē.śivam.\n\nkṣipraṅ drakṣyasi putraṅ tvaṅ sasītaṅ sahalakṣmaṇam৷৷2.44.24৷৷\n\n"
    },
    {
        "sloka": "tvayā śēṣō janaścaiva samāśvāsyō yadā.naghē!.\n\nkimidānīmidaṅ dēvi! karōṣi hṛdi viklabam৷৷2.44.25৷৷\n\n"
    },
    {
        "sloka": "nārhā tvaṅ śōcituṅ dēvi! yasyāstē rāghavassutaḥ.\n\nna hi rāmātparō lōkē vidyatē satpathē sthitaḥ৷৷2.44.26৷৷\n\n"
    },
    {
        "sloka": "abhivādayamānaṅ taṅ dṛṣṭvā sasuhṛdaṅ sutam.\n\nmudā.śrṛ mōkṣyasē kṣipraṅ mēghalēkhēva vārṣikī৷৷2.44.27৷৷\n\n"
    },
    {
        "sloka": "putrastē varadaḥ kṣipramayōdhyāṅ punarāgataḥ.\n\npāṇibhyāṅ mṛdupīnābhyāṅ caraṇau pīḍayiṣyati৷৷2.44.28৷৷\n\n"
    },
    {
        "sloka": "abhivādya namasyantaṅ śūraṅ sasuhṛdaṅ sutam.\n\nmudā.sraiḥ prōkṣyasi punarmēgharājirivācalam৷৷2.44.29৷৷\n\n"
    },
    {
        "sloka": "āśvāsayantī vividhaiśca vākyai-\n\nrvākyōpacārē kuśalā.navadyā.\n\nrāmasya tāṅ mātaramēvamuktvā\n\ndēvī sumitrā virarāma rāmā৷৷2.44.30৷৷\n\n"
    },
    {
        "sloka": "niśamya tallakṣmaṇamātṛvākyaṅ\n\nrāmasya māturnaradēvapatnyā:.\n\nsadyaśśarīrē vinanāśa śōkaḥ\n\nśaradgatō mēgha ivālpatōyaḥ৷৷2.44.31৷৷\n\n"
    }
]