[
    {
        "sloka": "[Dasaratha's death --- heart-broken Kausalya and Sumitra --- palace echoes with the lamentations of Dasaratha's wives.]\n\natha rātryāṅ vyatītāyāṅ prātarēvāparē.hani.\n\nvandinaḥ paryupātiṣṭhaṅstatpārthiva nivēśanam৷৷2.65.1৷৷\n\nsūtāḥ paramasaṅskārā maṅgalāścōttamaśrutāḥ.\n\ngāyakā: stutiśīlāśca nigadantaḥ pṛthak pṛthak৷৷2.65.2৷৷\n\n"
    },
    {
        "sloka": "atha rātryāṅ vyatītāyāṅ prātarēvāparē.hani.\n\nvandinaḥ paryupātiṣṭhaṅstatpārthiva nivēśanam৷৷2.65.1৷৷\n\nsūtāḥ paramasaṅskārā maṅgalāścōttamaśrutāḥ.\n\ngāyakā: stutiśīlāśca nigadantaḥ pṛthak pṛthak৷৷2.65.2৷৷\n\n"
    },
    {
        "sloka": "rājānaṅ stuvatāṅ tēṣāmudāttābhihitāśiṣām.\n\nprāsādā.bhōgavistīrṇaḥ stutiśabdōhyavartata৷৷2.65.3৷৷\n\n"
    },
    {
        "sloka": "tatastu stuvatāṅ tēṣāṅ sūtānāṅ pāṇivādakāḥ.\n\napadānānyudāhṛtya pāṇivādā navādayan৷৷2.65.4৷৷\n\n"
    },
    {
        "sloka": "tēna śabdēna vihagāḥ pratibuddhā visasvanuḥ.\n\nśākhāsthāḥ pañjarasthāśca yē rājakulagōcarāḥ৷৷2.65.5৷৷\n\n"
    },
    {
        "sloka": "vyāhṛtāḥ puṇyaśabdāśca vīṇānāṅ cāpi nissvanāḥ.\n\nāśīrgēyaṅ ca gāthānāṅ pūrayāmāsa vēśma tat৷৷2.65.6৷৷\n\n"
    },
    {
        "sloka": "tata śśucisamācārāḥ paryupasthānakōvidāḥ.\n\nstrīvarṣa dharabhūyiṣṭhā upatasthuryathāpuram৷৷2.65.7৷৷\n\n"
    },
    {
        "sloka": "haricandanasampṛktamudakaṅ kāñcanairghaṭaiḥ.\n\nāninyussnānaśikṣājñā yathākālaṅ yathāvidhi৷৷2.65.8৷৷\n\n"
    },
    {
        "sloka": "maṅgalālambhanīyāni prāśanīyānyupaskarān.\n\nupaninyustathāpyanyāḥ kumārībahulāḥ striyaḥ৷৷2.65.9৷৷\n\n"
    },
    {
        "sloka": "sarvalakṣaṇasampannaṅ sarvaṅ vidhivadarcitam.\n\nsarvaṅ suguṇalakṣmīvattadbabhūvābhihārikam৷৷2.65.10৷৷\n\n"
    },
    {
        "sloka": "tata ssūryōdayaṅ yāvatsarvaṅ parisamutsukam.\n\ntasthāvanupasamprāptaṅ kiṅsvidityupaśaṅkitam৷৷2.65.11৷৷\n\n"
    },
    {
        "sloka": "atha yāḥ kōsalēndrasya śayanaṅ pratyanantarāḥ.\n\ntāḥ striyastu samāgamya bhartāraṅ pratyabōdhayan৷৷2.65.12৷৷\n\n"
    },
    {
        "sloka": "tathāpyucitavṛttā stā vinayēna nayēna ca.\n\nnahyasya śayanaṅ spṛṣṭvā kiñcidapyupalēbhirē৷৷2.65.13৷৷\n\n"
    },
    {
        "sloka": "tāḥ striyassvapnaśīlajñāścēṣṭāsañcalanādiṣu \n\ntā vēpathuparītāśca rājñaḥ prāṇēṣu śaṅkitāḥ.\n\npratisrōtastṛṇāgrāṇāṅ sadṛśaṅ sañcakāśirē৷৷2.65.14৷৷\n\n"
    },
    {
        "sloka": "atha sandēhamānānāṅ strīṇāṅ dṛṣṭvā ca pārthivam.\n\nyattadāśaṅkitaṅ pāpaṅ tasya jajñē viniścayaḥ৷৷2.65.15৷৷\n\n"
    },
    {
        "sloka": "kausalyā ca sumatraca putraśōkaparājitē.\n\nprasuptē na prabudhyētē yathā kālasamanvitē৷৷2.65.16৷৷\n\n"
    },
    {
        "sloka": "niṣprabhā ca vivarṇā ca sannā śōkēna sannatā.\n\nna vyarājata kausalyā tārēva timirāvṛtā৷৷2.65.17৷৷\n\n"
    },
    {
        "sloka": "kausalyā.nantaraṅ rājñassumitrā tadantanaram.\n\nna sma vibhrājatē dēvī śōkāśrululitānanā৷৷2.65.18৷৷\n\n"
    },
    {
        "sloka": "tē ca dṛṣṭvā tathā suptē śubhē dēvyau ca taṅ nṛpam.\n\nsuptamēvōdgataprāṇamantaḥpuramadṛśyata৷৷2.65.19৷৷\n\n"
    },
    {
        "sloka": "tataḥ pracukruśurdīnā ssasvaraṅ tā varāṅganāḥ.\n\nkarēṇava ivāraṇyē sthānapracyutayūthapāḥ৷৷2.65.20৷৷\n\n"
    },
    {
        "sloka": "tāsāmākrandaśabdēna sahasōddhatacētanē.\n\nkausalyā ca sumitrā ca tyakta nidrē babhūvatuḥ৷৷2.65.21৷৷\n\n"
    },
    {
        "sloka": "kausalyā ca sumitrā ca dṛṣṭvā spaṛṣṭvā ca pārthivam.\n\nhā nāthēti parikruśya pētaturdharaṇītalē৷৷2.65.22৷৷\n\n"
    },
    {
        "sloka": "sā kōsalēndraduhitā vēṣṭamānā mahītalē.\n\nna babhrāja rajōdhvastā tārēva gaganāccyutā৷৷2.65.23৷৷\n\n"
    },
    {
        "sloka": "nṛpē śāntaguṇē jātē kausalyāṅ patitāṅ bhuvi.\n\napaśyaṅstāḥ striyaḥ sarvā hatāṅ nāgavadhūmiva৷৷2.65.24৷৷\n\n"
    },
    {
        "sloka": "tatassarvā narēndrasya kaikēyīpramukhāḥ striyaḥ.\n\nrudantya śśōkasantaptā nipēturgatacētanāḥ৷৷2.65.25৷৷\n\n"
    },
    {
        "sloka": "tābhissa balavānnādaḥ krōśantībhiranudrutaḥ.\n\nyēna sphītīkṛtaṅ bhūyastadgṛhaṅ samanādayat ৷৷ 2.65.26 ৷৷\n\n"
    },
    {
        "sloka": "tat paritrastantrasambhrānta paryutsukajanākulam.\n\nsarvatastumulākrandaṅ paritāpārtabāndhavam৷৷2.65.27৷৷\n\nsadyō nipatitānandaṅ dīnaviklabadarśanam.\n\nbabhūva naradēvasya sadma diṣṭāntamīyuṣaḥ৷৷2.65.28৷৷\n\n"
    },
    {
        "sloka": "atītamājñāya tu pārthivarṣabhaṅ yaśasvinaṅ samparivārya patnayaḥ.\n\nbhṛśaṅ rudantyaḥ karuṇaṅ suduḥkhitāḥ pragṛhya bāhū vyalapannanāthavat৷৷2.65.29৷৷\n\n"
    }
]