[
    {
        "sloka": "[Rama convinces Lakshmana that destiny is all-powerful--cancels all arrangements for his consecration ceremony.]   \n\natha taṅ vyathayā dīnaṅ saviśēṣamamarṣitam. \n\nśvasantamiva nāgēndraṅ rōṣavisphāritēkṣaṇam৷৷2.22.1৷৷\n\nāsādya rāmassaumitriṅ suhṛdaṅ bhrātaraṅ priyam.\n\nuvācēdaṅ sa dhairyēṇa dhārayansattvamātmavān৷৷2.22.2৷৷\n\n"
    },
    {
        "sloka": "atha taṅ vyathayā dīnaṅ saviśēṣamamarṣitam. \n\nśvasantamiva nāgēndraṅ rōṣavisphāritēkṣaṇam৷৷2.22.1৷৷\n\nāsādya rāmassaumitriṅ suhṛdaṅ bhrātaraṅ priyam.\n\nuvācēdaṅ sa dhairyēṇa dhārayansattvamātmavān৷৷2.22.2৷৷\n\n"
    },
    {
        "sloka": "nigṛhya rōṣaṅ śōkaṅ ca dhairyamāśritya kēvalam.\n\navamānaṅ nirasyēmaṅ gṛhītvā harṣamuttamam৷৷2.22.3৷৷\n\nupaklṛptaṅ hi yatkiñcidabhiṣēkārthamadya mē\n\nsarvaṅ visarjaya kṣipraṅ kuru kāryaṅ niratyayam৷৷2.22.4৷৷\n\n"
    },
    {
        "sloka": "saumitrē! yō.bhiṣēkārthē mama sambhāra sambhramaḥ.\n\nabhiṣēkanivṛttyarthē sō.stu saṅbhārasambhramaḥ৷৷2.22.5৷৷\n\n"
    },
    {
        "sloka": "yasyā madabhiṣēkārthē mānasaṅ paritapyatē.\n\nmātā mē sā yathā na syātsaviśaṅkā tathā kuru৷৷2.22.6৷৷\n\n"
    },
    {
        "sloka": "tasyāśśaṅkāmayaṅ duḥkhaṅ muhūrtamapi nōtsahē.\n\nmanasi pratisaṅjātaṅ saumitrē.hamupēkṣitum৷৷2.22.7৷৷\n\n"
    },
    {
        "sloka": "na buddhipūrvaṅ nābuddhaṅ smarāmīha kadācana.\n\nmātṛṇāṅ vā piturvā.haṅ kṛtamalpaṅ ca vipriyam৷৷2.22.8৷৷\n\n"
    },
    {
        "sloka": "satyassatyābhisandhaśca nityaṅ satyaparākramaḥ.\n\nparalōkabhayādbhītō nirbhayō.stu pitā mama৷৷2.22.9৷৷\n\n"
    },
    {
        "sloka": "tasyā.pi hi bhavēdasminkarmaṇyapratisaṅhṛtē.\n\nsatyaṅ nēti manastāpastasya tāpastapēcca mām৷৷2.22.10৷৷\n\n"
    },
    {
        "sloka": "abhiṣēkavidhānaṅ tu tasmātsaṅhṛtya lakṣmaṇa!.\n\nanvagēvāhamicchāmi vanaṅ gantumitaḥpunaḥ৷৷2.22.11৷৷\n\n"
    },
    {
        "sloka": "mama pravrājanādadya kṛtakṛtyā nṛpātmajā.\n\nsutaṅ bharatamavyagramabhiṣēcayitā tataḥ৷৷2.22.12৷৷\n\n"
    },
    {
        "sloka": "mayi cīrājinadharē jaṭāmaṇḍaladhāriṇi.\n\ngatē.raṇyaṅ ca kaikēyyā bhaviṣyati manassukham৷৷2.22.13৷৷\n\n"
    },
    {
        "sloka": "buddhiḥ praṇītā yēnēyaṅ manaśca susamāhitam.\n\ntaṅ tu nārhāmi saṅklēṣṭuṅ pravrajiṣyāmi mā ciram৷৷2.22.14৷৷\n\n"
    },
    {
        "sloka": "kṛtāntastvēva saumitrē! draṣṭavyō matpravāsanē.\n\nrājyasya ca vitīrṇasya punarēva nivartanē৷৷2.22.15৷৷\n\n"
    },
    {
        "sloka": "kaikēyyāḥ pratipattirhi kathaṅ syānmama pīḍanē.\n\nyadi bhāvō na daivō.yaṅ kṛtāntavihitō bhavēt৷৷2.22.16৷৷\n\n"
    },
    {
        "sloka": "jānāsi hi yathā saumya! na mātṛṣu mamāntaram.\n\nbhūtapūrvaṅ viśēṣō vā tasyā mayi sutē.pi vā৷৷2.22.17৷৷\n\n"
    },
    {
        "sloka": "sō.bhiṣēkanivṛttyarthaipravāsārthaiśca durvacaiḥ.\n\nugrairvākyairahaṅ tasyā nānyaddaivātsamarthayē৷৷2.22.18৷৷\n\n"
    },
    {
        "sloka": "kathaṅ prakṛtisampannā rājaputrī tathāguṇā.\n\nbrūyātsā prākṛtēva strī matpīḍāṅ bhartṛsannidhau৷৷2.22.19৷৷\n\n"
    },
    {
        "sloka": "yadacintyantu taddaivaṅ bhūtēṣvapi na vihanyatē.\n\nvyaktaṅ mayi ca tasyāṅ ca patitō hi viparyayaḥ৷৷2.22.20৷৷\n\n"
    },
    {
        "sloka": "kaściddaivēna saumitrē! yōddhumutsahatē pumān.\n\nyasya na grahaṇaṅ kiñcitkarmaṇō.nyatra dṛśyatē৷৷2.22.21৷৷\n\n"
    },
    {
        "sloka": "sukhaduḥkhē bhayakrōdhau lābhālābhau bhavābhavau.\n\nyacca kiñcittathābhūtaṅ nanu daivasya karma tat৷৷2.22.22৷৷\n\n"
    },
    {
        "sloka": "ṛṣayō.pyugratapasō daivēnābhiprapīḍitāḥ.\n\nutsṛjya niyamāṅstīvrānbhraśyantē kāmamanyubhiḥ৷৷2.22.23৷৷\n\n"
    },
    {
        "sloka": "asaṅkalpitamēvēha yadakasmātpravartatē.\n\nnivartyārambhamārabdhaṅ nanu daivasya karma tat৷৷2.22.24৷৷\n\n"
    },
    {
        "sloka": "ētayā tattvayā buddhyā saṅstabhyātmānamātmanā.\n\nvyāhatē.pyabhiṣēkē mē paritāpō na vidyatē৷৷2.22.25৷৷\n\n"
    },
    {
        "sloka": "tasmādaparitāpassaṅstvamapyanuvidhāya mām.\n\npratisaṅhāraya kṣipramābhiṣēcanikīṅ kriyām৷৷2.22.26৷৷\n\n"
    },
    {
        "sloka": "ēbhirēva ghaṭai ssarvairabhiṣēcanasambhṛtaiḥ.\n\nmama lakṣmaṇa! tāpasyē vratasnānaṅ bhaviṣyati৷৷2.22.27৷৷\n\n"
    },
    {
        "sloka": "athavā kiṅ mamaitēna rājadravyamayēna tu.\n\nuddhṛtaṅ mē svayaṅ tōyaṅ vratādēśaṅ kariṣyati৷৷2.22.28৷৷\n\n"
    },
    {
        "sloka": "mā ca lakṣmaṇa! santāpaṅ kārṣīrlakṣmyā viparyayē.\n\nrājyaṅ vā vanavāsō vā vanavāsō mahōdayaḥ৷৷2.22.29৷৷\n\n"
    },
    {
        "sloka": "na lakṣmaṇāsminkhalu karmavighnē\n\nmātā yavīyasyatiśaṅkanīyā.\n\ndaivābhipannā hi vadatyaniṣṭaṅ\n\njānāsi daivaṅ ca tathā prabhāvam৷৷2.22.30৷৷\n\n"
    }
]