[
    {
        "sloka": "[On the departure of Rama to the forest, citizens of Ayodhya and women from the inner apartment lament]\n\ntasminstu puruṣavyāghrē viniryāti kṛtāñjalau.\n\nārtaśabdō.hi sañjajñē strīṇāmanta:purē mahān৷৷2.41.1৷৷\n\n"
    },
    {
        "sloka": "anāthasya janasyāsya durbalasya tapasvinaḥ.\n\nyō gatiśśaraṇaṅ cāsītsa nāthaḥ kva nu gacchati৷৷2.41.2৷৷\n\n"
    },
    {
        "sloka": "na krudhyatyabhiśaptō.pi krōdhanīyāni varjayan.\n\nkruddhānprasādayansarvān samaduḥkhaḥ kva gajchati৷৷2.41.3৷৷\n\n"
    },
    {
        "sloka": "kauśalyāyāṅ mahātējā yathā mātari vartatē.\n\ntathā yō vartatē.smāsu mahātmā kva nu gacchati৷৷2.41.4৷৷\n\n"
    },
    {
        "sloka": "kaikēyyā kliśyamānēna rājñā sañcōditō vanam.\n\nparitrātā janasyāsya jagataḥ kva nu gacchati৷৷2.41.5৷৷\n\n"
    },
    {
        "sloka": "ahō! niścētanō rājā jīvalōkasya sampriyam.\n\ndharmyaṅ satyavrataṅ rāmaṅ vanavāsē pravatsyati৷৷2.41.6৷৷\n\n"
    },
    {
        "sloka": "iti sarvā mahiṣyastā vivatsā iva dhēnavaḥ.\n\nruruduścaiva duḥkhārtāḥ sasvaraṅ ca vicukruśuḥ৷৷2.41.7৷৷\n\n"
    },
    {
        "sloka": "sa tamantaḥ purē ghōramārtaśabdaṅ mahīpatiḥ.\n\nputraśōkābhisantaptaḥ śrutvā cāsītsuduḥkhitaḥ৷৷2.41.8৷৷\n\n"
    },
    {
        "sloka": "nāgnihōtrāṇyahūyanta nāpacan gṛhamēdhinaḥ\n\nakurvanna prajāḥ kāryaṅ sūryaścāntaradhīyata৷৷2.41.9৷৷\n\n"
    },
    {
        "sloka": "vyasṛjan kabalānnāgā gāvō vatsānna pāyayan.\n\nputraṅ prathamajaṅ labdhvā jananī nābhyanandata৷৷2.41.10৷৷\n\n"
    },
    {
        "sloka": "triśaṅkurlōhitāṅgaśca bṛhaspatibudhāvapi.\n\ndāruṇā ssōmamabhyētya grahāssarvē vyavasthitāḥ৷৷2.41.11৷৷\n\n"
    },
    {
        "sloka": "nakṣatrāṇi gatārcīṅṣi grahāśca gatatējasaḥ.\n\nviśākhāstu sadhūmāśca nabhasi pracakāśirē৷৷2.41.12৷৷\n\n"
    },
    {
        "sloka": "kālikānilavēgēna mahōdadhirivōtthitaḥ.\n\nrāmē vanaṅ pravrajitē nagaraṅ pracacāla tat৷৷2.41.13৷৷\n\n"
    },
    {
        "sloka": "diśaḥ paryākulāssarvā stimirēṇēva saṅvṛtāḥ.\n\nna grahō nāpi nakṣatraṅ pracakāśē nakiñcana৷৷2.41.14৷৷\n\n"
    },
    {
        "sloka": "akasmānnāgarassarvō janō dainyamupāgamat.\n\nāhārē vā vihārē vā na kaścidakarōnmanaḥ৷৷2.41.15৷৷\n\n"
    },
    {
        "sloka": "śōkaparyāyasantapta ssatataṅ dīrghamucchavasan.\n\nayōdhyāyāṅ janassarva śśuśōca jagatīpatim৷৷2.41.16৷৷\n\n"
    },
    {
        "sloka": "bāṣpaparyākulamukhō rājamārgagatō janaḥ.\n\nna hṛṣṭō lakṣyatē kaścitsarva śśōkaparāyaṇaḥ৷৷2.41.17৷৷\n\n"
    },
    {
        "sloka": "na vāti pavana śśītō na śaśī saumyadarśanaḥ.\n\nna sūryastapatē lōkaṅ sarvaṅ paryākulaṅ jagat৷৷2.41.18৷৷\n\n"
    },
    {
        "sloka": "anarthinassutāḥ strīṇāṅ bhartārō bhrātarastathā.\n\nsarvē sarvaṅ parityajya rāmamēvānvacintayan৷৷2.41.19৷৷\n\n"
    },
    {
        "sloka": "yē tu rāmasya suhṛda ssarvē tē mūḍhacētasaḥ.\n\nśōkabhārēṇa cākrāntā śśayanaṅ na jahustadā৷৷2.41.20৷৷\n\n"
    },
    {
        "sloka": "tatastvayōdhyā rahitā mahātmanā\n\npurandarēṇēva mahī saparvatā.\n\ncacāla ghōraṅ bhayaśōkapīḍitā\n\nsanāgayōdhāśvagaṇā nanāda ca৷৷2.41.21৷৷\n\n"
    }
]