[
    {
        "sloka": "[Sumantra pleads with Kaikeyi to change her mind--Kaikeyi refuses.]\n\ntatō nirdhūya sahasā śirō niśśvasya cāsakṛt. \n\npāṇau pāṇiṅ viniṣpiṣya dantān kaṭakaṭāpya ca ৷৷2.35.1৷৷\n\nlōcanē kōpasaṅraktē varṇaṅ pūrvōcitaṅ jahat. \n\nkōpābhibhūtassahasā santāpamaśubhaṅ gataḥ৷৷2.35.2৷৷\n\nmanaḥ samīkṣamāṇaśca sūtō daśarathasya saḥ. \n\nkampayanniva kaikēyyā hṛdayaṅ vākcharaiśśitaiḥ ৷৷2.35.3৷৷\n\nvākyavajrairanupamairnirbhindanniva cāśubhaiḥ. \n\nkaikēyyā ssarvamarmāṇi sumantraḥ pratyabhāṣata৷৷2.35.4৷৷\n\n"
    },
    {
        "sloka": "tatō nirdhūya sahasā śirō niśśvasya cāsakṛt. \n\npāṇau pāṇiṅ viniṣpiṣya dantān kaṭakaṭāpya ca ৷৷2.35.1৷৷\n\nlōcanē kōpasaṅraktē varṇaṅ pūrvōcitaṅ jahat. \n\nkōpābhibhūtassahasā santāpamaśubhaṅ gataḥ৷৷2.35.2৷৷\n\nmanaḥ samīkṣamāṇaśca sūtō daśarathasya saḥ. \n\nkampayanniva kaikēyyā hṛdayaṅ vākcharaiśśitaiḥ ৷৷2.35.3৷৷\n\nvākyavajrairanupamairnirbhindanniva cāśubhaiḥ. \n\nkaikēyyā ssarvamarmāṇi sumantraḥ pratyabhāṣata৷৷2.35.4৷৷\n\n"
    },
    {
        "sloka": "yasyāstava patistyaktō rājā daśarathaḥ svayam. \n\nbhartā sarvasya jagataḥ sthāvarasya carasya ca৷৷2.35.5৷৷\n\nna hyakāryatamaṅ kiñcittava dēvīha vidyatē. \n\n"
    },
    {
        "sloka": "patighnīṅ tvāmahaṅ manyē kulaghnīmapi cāntataḥ৷৷2.35.6৷৷\n\nyanmahēndramivājayyaṅ duṣprakampyamivācalam.\n\nmahōdadhimivākṣōbhyaṅ santāpayasi karmabhiḥ৷৷2.35.7৷৷\n\n"
    },
    {
        "sloka": "māvamaṅsthā daśarathaṅ bhartāraṅ varadaṅ patim. \n\nbharturicchā hi nārīṇāṅ putrakōṭyā viśiṣyatē৷৷2.35.8৷৷\n\n"
    },
    {
        "sloka": "yathāvayō hi rājyāni prāpnuvanti nṛpakṣayē. \n\nikṣvākukulanāthē.smiṅ stallōpayitumicchasi৷৷2.35.9৷৷\n\n"
    },
    {
        "sloka": "rājā bhavatu tē putrō bharataśśāstu mēdinīm.\n\nvayaṅ tatra gamiṣyāmō rāmō yatra gamiṣyati৷৷2.35.10৷৷\n\n"
    },
    {
        "sloka": "na hi tē viṣayē kaścid rbrāhmaṇō vastumarhati. \n\ntādṛśaṅ tvamamaryādamadya karma cikīrṣasi৷৷2.35.11৷৷\n\n"
    },
    {
        "sloka": "nūnaṅ sarvē gamiṣyāmō mārgaṅ rāmaniṣēvitam.\n\ntyaktāyā bāndhavaiḥ sarvairbrāhmaṇaiḥ sādhubhiḥ sadā৷৷2.35.12৷৷\n\nkā prītī rājyalābhēna tava dēvi bhaviṣyati. \n\ntādṛśaṅ tvamamaryādaṅ karma kartuṅ cikīrṣasi৷৷2.35.13৷৷\n\n"
    },
    {
        "sloka": "āścaryamiva paśyāmi yasyāstē vṛttamīdṛśam.\n\nācarantyā na vivṛtā sadyō bhavati mēdinī৷৷2.35.14৷৷\n\n"
    },
    {
        "sloka": "mahābrahmarṣisṛṣṭāḥ vā jvalantō bhīmadarśanāḥ.\n\ndhigvāgdaṇḍā na hiṅsanti rāmapravrājanē sthitām৷৷2.35.15৷৷\n\n"
    },
    {
        "sloka": "āRmraṅ chitvā kuṭhārēṇa nimbaṅ paricarēttu yaḥ.\n\nyaścainaṅ payasā siñcēnnaivāsya madhurō bhavēt৷৷2.35.16৷৷\n\n"
    },
    {
        "sloka": "abhijātyaṅ hi tē manyē  yathā mātustathaiva ca.\n\nna hi nimbātsravēt kṣaidraṅ lōkē nigaditaṅ vacaḥ৷৷2.35.17৷৷\n\n"
    },
    {
        "sloka": "tava māturasadgrāhaṅ vidmaḥ pūrvaṅ yathāśrutam.\n\npitustē varadaḥ kaściddadau varamanuttamam৷৷2.35.18৷৷\n\nsarvabhūtarutaṅ tasmātsaṅjajñē vasudhādhipaḥ. \n\ntēna tiryaggatānāṅ ca bhūtānāṅ viditaṅ vacaḥ৷৷2.35.19৷৷\n\n"
    },
    {
        "sloka": "tatō jṛmbhasya śayanē virutādbhūrivarcasaḥ.\n\npitustē viditō bhāva ssa tatra bahudhā.hasat৷৷2.35.20৷৷\n\n"
    },
    {
        "sloka": "tatra tē jananī kruddhā mṛtyupāśamabhīpsatī.\n\nhāsaṅ tē nṛpatē! saumya jijñāsāmīti cābravīt৷৷2.35.21৷৷\n\n"
    },
    {
        "sloka": "nṛpaścōvāca tāṅ dēvīṅ dēvi! śaṅsāmi tē yadi. \n\ntatō mē maraṇaṅ sadyō bhaviṣyati na saṅśayaḥ৷৷2.35.22৷৷\n\n"
    },
    {
        "sloka": "mātā tē pitaraṅ dēvi! tataḥ kēkayamabravīt. \n\nśaṅsa mē jīva vā mā vā na māmapahasiṣyasi৷৷2.35.23৷৷\n\n"
    },
    {
        "sloka": "priyayā ca tathōkta ssan kēkayaḥ pṛthivīpatiḥ.\n\ntasmai taṅ varadāyārthaṅ kathayāmāsa tattvataḥ৷৷2.35.24৷৷\n\n"
    },
    {
        "sloka": "tataḥ ssa varadaḥ sādhurājānaṅ pratyabhāṣata.\n\nmriyatāṅ dhvaṅsatāṅ vēyaṅ mā kṛthāstvaṅ mahīpatē!৷৷2.35.25৷৷\n\n"
    },
    {
        "sloka": "sa tacchrutvā vacastasya prasannamanasō nṛpaḥ. \n\nmātaraṅ tē nirasyāśu vijahāra kubēravat৷৷2.35.26৷৷\n\n"
    },
    {
        "sloka": "tathā tvamapi rājānaṅ durjanācaritē pathi. \n\nasadgrāhamimaṅ mōhātkuruṣē pāpadarśini৷৷2.35.27৷৷\n\n"
    },
    {
        "sloka": "satyaścādya pravādō.yaṅ laukikaḥ pratibhāti mā. \n\npitṛn samanujāyantē narā mātaramaṅganāḥ৷৷2.35.28৷৷\n\n"
    },
    {
        "sloka": "naivaṅ bhava gṛhāṇēdaṅ yadāha vasudhādhipaḥ.\n\nbharturicchāmupāsvēha janasyāsya gatirbhava৷৷2.35.29৷৷\n\n"
    },
    {
        "sloka": "mā tvaṅ prōtsāhitā pāpairdēvarājasamaprabham. \n\nbhartāraṅ lōkabhartāramasaddharmamupādadhāḥ৷৷2.35.30৷৷\n\n"
    },
    {
        "sloka": "na hi mithyā pratijñātaṅ kariṣyati tavānaghaḥ. \n\nśrīmāndaśarathō rājā dēvi! rājīvalōcanaḥ৷৷2.35.31৷৷\n\n"
    },
    {
        "sloka": "jyēṣṭhō vadānyaḥ karmaṇyaḥ svadharmaparirakṣitā. \n\nrakṣitā jīvalōkasya balī rāmō.bhiṣicyatām৷৷2.35.32৷৷\n\n"
    },
    {
        "sloka": "parivādō hi tē dēvi! mahāllōkē cariṣyati. \n\nyadi rāmō vanaṅ yāti vihāya pitaraṅ nṛpam৷৷2.35.33৷৷\n\n"
    },
    {
        "sloka": "sa rājyaṅ rāghavaḥ pātu bhava tvaṅ vigatajvarā.\n\nna hi tē rāghavādanyaḥ kṣamaḥ puravarē vasēt৷৷2.35.34৷৷\n\n"
    },
    {
        "sloka": "rāmē hi yauvarājyasthē rājā daśarathō vanam. \n\npravēkṣyati mahēṣvāsaḥ pūrvavṛttamanusmaran৷৷2.35.35৷৷\n\n"
    },
    {
        "sloka": "iti sāntvaiśca tīkṣṇaiśca kaikēyīṅ rājasaṅsadi. \n\nsumantraḥ kṣōbhayāmāsa bhūya ēva kṛtājjaliḥ৷৷2.35.36৷৷\n\n"
    },
    {
        "sloka": "naiva sā kṣubhyatē dēvī na ca sma paridūyatē. \n\nna cāsyā mukhavarṇasya vikriyā lakṣyatē tadā৷৷2.35.37৷৷\n\n"
    }
]