[
    {
        "sloka": "[Instigated by Manthara, Kaikeyi enters the chamber of wrath.]\n\nēvamuktā tu kaikēyī krōdhēna jvalitānanā.\n\ndīrghamuṣṇaṅ viniśvasya mantharāmidamabravīt৷৷2.9.1৷৷\n\n"
    },
    {
        "sloka": "adya rāmamitaḥ kṣipraṅ vanaṅ prasthāpayāmyaham.\n\nyauvarājyē ca bharataṅ kṣipramēvābhiṣēcayē৷৷2.9.2৷৷\n\n"
    },
    {
        "sloka": "idaṅ tvidānīṅ sampaśya kēnōpāyēna mantharē.\n\nbharataḥ prāpnuyādrājyaṅ na tu rāmaḥ kathañcana৷৷2.9.3৷৷\n\n"
    },
    {
        "sloka": "ēvamuktā tayā dēvyā mantharā pāpadarśinī.\n\nrāmārthamupahiṅsantī kaikēyīmidamabravīt৷৷2.9.4৷৷\n\n"
    },
    {
        "sloka": "hantēdānīṅ pravakṣyāmi kaikēyi! śrūyatāṅ ca mē.\n\nyathā tē bharatō rājyaṅ putraḥ prāpsyati kēvalam৷৷2.9.5৷৷\n\n"
    },
    {
        "sloka": "kiṅ na smarasi kaikēyi! smarantī vā nigūhasē.\n\nyaducyamānamātmārthaṅ mattastvaṅ śrōtumicchasi৷৷2.9.6৷৷\n\n"
    },
    {
        "sloka": "mayōcyamānaṅ yadi tē śrōtuṅ chandō vilāsini!.\n\nśrūyatāmabhidhāsyāmi śrutvā cāpi vimṛśyatām৷৷2.9.7৷৷\n\n"
    },
    {
        "sloka": "śrutvaivaṅ vacanaṅ tasyā mantharāyāstu kaikēyī.\n\nkiñcidutthāya śayanātsvāstīrṇādidamabravīt৷৷2.9.8৷৷\n\n"
    },
    {
        "sloka": "kathaya tvaṅ mamōpāyaṅ kēnōpāyēna mantharē!.\n\nbharataḥ prāpnuyādrājyaṅ na tu rāmaḥ kathañcana৷৷2.9.9৷৷\n\n"
    },
    {
        "sloka": "ēvamuktā tayā dēvyā mantharā pāpadarśinī.\n\nrāmārthamupahiṅsantī kubjā vacanamabravīt৷৷2.9.10৷৷\n\n"
    },
    {
        "sloka": "tava daivāsurē yuddhē saha rājarṣibhiḥ patiḥ.\n\nagacchattvāmupādāya dēvarājasya sāhyakṛt৷৷2.9.11৷৷\n\ndiśamāsthāya vai dēvi! dakṣiṇāṅ daṇḍakānprati.\n\nvaijayantamiti khyātaṅ puraṅ yatra timidhvajaḥ৷৷2.9.12৷৷\n\n"
    },
    {
        "sloka": "sa śambara iti khyātaśśatamāyō mahāsuraḥ.\n\ndadau śakrasya saṅgrāmaṅ dēvasaṅghairanirjitaḥ৷৷2.9.13৷৷\n\n"
    },
    {
        "sloka": "tasminmahati saṅgrāmē puruṣānkṣatavikṣatān.\n\nrātrau prasuptānghnanti sma tarasā৷৷sādya rākṣasāḥ৷৷2.9.14৷৷\n\n"
    },
    {
        "sloka": "tatrākarōnmahadyuddhaṅ rājā daśarathastadā.\n\nasuraiśca mahābāhuśśastraiśca śakalīkṛtaḥ৷৷2.9.15৷৷\n\n"
    },
    {
        "sloka": "apavāhya tvayā dēvi! saṅgrāmānnaṣṭacētanaḥ.\n\ntatrāpi vikṣataśśastraiḥ patistē rakṣitastvayā৷৷2.9.16৷৷\n\n"
    },
    {
        "sloka": "tuṣṭēna tēna dattau tē dvau varau śubhadarśanē!.\n\nsa tvayōktaḥ patirdēvi  yadēcchēyaṅ tadā varau৷৷2.9.17৷৷\n\ngṛhṇīyāmiti tattēna tathētyuktaṅ mahātmanā.\n\n"
    },
    {
        "sloka": "anabhijñāmhyahaṅ dēvi! tvayaiva kathitā purā৷৷2.9.18৷৷\n\nkathaiṣā tava tu snēhānmanasā dhāryatē mayā.\n\nrāmābhiṣēkasambhārānnigṛhya vinivartaya৷৷2.9.19৷৷\n\n"
    },
    {
        "sloka": "tau varau yāca bhartāraṅ bharatasyābhiṣēcanam.\n\npravrājanaṅ ca rāmasya tvaṅ varṣāṇi caturdaśa৷৷2.9.20৷৷\n\n"
    },
    {
        "sloka": "caturdaśa hi varṣāṇi rāmē pravrājitē vanam.\n\nprajābhāvagatasnēhassthiraḥ putrō bhaviṣyati৷৷2.9.21৷৷\n\n"
    },
    {
        "sloka": "krōdhāgāraṅ praviśyā.dya kruddhēvāśvapatēssutē!.\n\nśēṣvā.nantarhitāyāṅ tvaṅ bhūmau malinavāsinī৷৷2.9.22৷৷\n\n"
    },
    {
        "sloka": "māsmainaṅ pratyudīkṣēthā mā cainamabhibhāṣathāḥ.\n\nrudantī cāpi taṅ dṛṣṭvā jagatyāṅ śōkalālasā৷৷2.9.23৷৷\n\n"
    },
    {
        "sloka": "dayitā tvaṅ sadā bharturatra mē nāsti saṅśayaḥ.\n\ntvatkṛtē sa mahārājō viśēdapi hutāśanam৷৷2.9.24৷৷\n\n"
    },
    {
        "sloka": "na tvāṅ krōdhayituṅ śaktō na krṛddhāṅ pratyudīkṣitum.\n\ntava priyārthaṅ rājā hi prāṇānapi parityajēt৷৷2.9.25৷৷\n\n"
    },
    {
        "sloka": "na hyatikramituṅ śaktastava vākyaṅ mahīpatiḥ.\n\nmandasvabhāvē budhyasva saubhāgyabalamātmanaḥ৷৷2.9.26৷৷\n\n"
    },
    {
        "sloka": "maṇimuktaṅ suvarṇāni ratnāni vividhāni ca.\n\ndadyāddaśarathō rājā māsma tēṣu manaḥ kṛthāḥ৷৷2.9.27৷৷\n\n"
    },
    {
        "sloka": "yau tau daivāsurē yuddhē varau daśarathō.dadāt.\n\ntau smāraya mahābhāgē! sō.rthō na tvāmatikramēt৷৷2.9.28৷৷\n\n"
    },
    {
        "sloka": "yadātu tē varaṅ dadyātsvayamutthāpya rāghavaḥ.\n\nvyavasthāpya mahārājaṅ tvamimaṅ vṛṇuyā varam৷৷2.9.29৷৷\n\n"
    },
    {
        "sloka": "rāmaṅ pravrājayāraṇyē nava varṣāṇi pañca ca.\n\nbharataḥ kriyatāṅ rājā pṛthivyāḥ pārthivarṣabhaḥ৷৷2.9.30৷৷\n\n"
    },
    {
        "sloka": "caturdaśa hi varṣāṇi rāmē pravrājitē vanam.\n\nrūḍhaśca kṛtamūlaśca śēṣaṅ sthāsyati tē sutaḥ৷৷2.9.31৷৷\n\n"
    },
    {
        "sloka": "rāmapravrājanaṅ caiva dēvi! yācasva taṅ varam.\n\nēvaṅ siddhyanti putrasya sarvārthāstava bhāmini!৷৷2.9.32৷৷\n\n"
    },
    {
        "sloka": "ēvaṅ pravrājitaścaiva rāmō.rāmō bhaviṣyati.\n\nbharataśca hatāmitrastava rājā bhaviṣyati৷৷2.9.33৷৷\n\n"
    },
    {
        "sloka": "yēna kālēna rāmaśca vanātpratyāgamiṣyati.\n\ntēna kālēna putrastē kṛtamūlō bhaviṣyati৷৷2.9.34৷৷\n\nsugṛhītamanuṣyaśca suhṛdbhissārdhamātmavān.\n\n"
    },
    {
        "sloka": "prāptakālaṅ nu manyē.haṅ rājānaṅ vītasādhvasā৷৷2.9.35৷৷\n\nrāmābhiṣēkasaṅkalpānnigṛhya vinivartaya.\n\n"
    },
    {
        "sloka": "anarthamartharūpēṇa grāhitā sā tatastayā৷৷2.9.36৷৷\n\nhṛṣṭā pratītā kaikēyī mantharāmidamabravīt.\n\n"
    },
    {
        "sloka": "sā hi vākyēna kubjāyāḥ kiśōrīvōtpathaṅ gatā৷৷2.9.37৷৷\n\nkaikēyī vismayaṅ prāptā paraṅ paramadarśanā.\n\n"
    },
    {
        "sloka": "kubjē tvāṅ nābhijānāmi śrēṣṭhāṅ śrēṣṭhābhithāyinīm৷৷2.9.38৷৷\n\npṛthivyāmasi kubjānāmuttamā buddhiniścayē.\n\n"
    },
    {
        "sloka": "tvamēva tu mamā.rthēṣu nityayuktā hitaiṣiṇī৷৷2.9.39৷৷\n\nnāhaṅ samavabudhyēyaṅ kubjē! rājñaścikīrṣitam.\n\n"
    },
    {
        "sloka": "santi dussaṅsthitāḥ kubjā vakrāḥ paramadāruṇāḥ৷৷2.9.40৷৷\n\ntvaṅ padmamiva vātēna sannatā priyadarśanā.\n\ntvaṅ padmamiva vātēna sannatā priyadarśanā.\n\n"
    },
    {
        "sloka": "urastē.bhiniviṣṭaṅ vai yāvatskandhāt samunnataṅ৷৷2.9.41৷৷\n\nadhastāccōdaraṅ śātaṅ sunābhamiva lajjitam.\n\n"
    },
    {
        "sloka": "paripūrṇaṅ tu jaghanaṅ supīnau ca payōdharau৷৷2.9.42৷৷\n\nvimalēndusamaṅ vaktramahōrājasi mantharē!.\n\n"
    },
    {
        "sloka": "jaghanaṅ tava nirghuṣṭaṅ raśanādāmaśōbhitam৷৷2.9.43৷৷\n\njaṅghē bhṛśamupanyastē pādau cāpyāyatāvubhau.\n\n"
    },
    {
        "sloka": "tvamāyatābhyāṅ sakthibhyāṅ mantharē! kṣaumavāsinī৷৷2.9.44৷৷\n\nagratō mama gacchantī rājahaṅsīva rājasē.\n\n"
    },
    {
        "sloka": "āsanyāśśambarē māyāssahasramasurādhipē৷৷2.9.45৷৷\n\nsarvāstvayi niviṣṭāstā bhūyaścānyāssahasraśaḥ.\n\n"
    },
    {
        "sloka": "tavēdaṅ sthagu yaddīrghaṅ rathaghōṇamivāyatam৷৷2.9.46৷৷\n\nmatayaḥ kṣatravidyāśca māyāścātra vasanti tē.\n\n"
    },
    {
        "sloka": "atra tē pratimōkṣyāmi mālāṅ kubjē! hiraṇmayīm৷৷2.9.47৷৷\n\nabhiṣiktē ca bharatē rāghavē ca vanaṅ gatē.\n\n"
    },
    {
        "sloka": "jātyēna ca suvarṇēna suniṣṭaptēna mantharē!৷৷2.9.48৷৷\n\nlabdhārthā ca pratītā ca lēpayiṣyāmi tē sthagu.\n\n"
    },
    {
        "sloka": "mukhē ca tilakaṅ citraṅ jātarūpamayaṅ śubham৷৷2.9.49৷৷\n\nkārayiṣyāmi tē kubjē! śubhānyābharaṇāni ca.\n\n"
    },
    {
        "sloka": "paridhāya śubhē vastrē dēvatēva cariṣyasi৷৷2.9.50৷৷\n\ncandramāhvayamānēna mukhēnāpratimānanā.\n\ngamiṣyasi gatiṅ mukhyāṅ garvayantī dviṣajjanam৷৷2.9.51৷৷\n\n"
    },
    {
        "sloka": "tavāpi kubjāḥ kubjāyāssarvābharaṇabhūṣitāḥ.\n\npādau paricariṣyanti yathaiva tvaṅ sadā mama৷৷2.9.52৷৷\n\n"
    },
    {
        "sloka": "iti praśasyamānā sā kaikēyīmidamabravīt.\n\nśayānāṅ śayanē śubhrē vēdyāmagniśikhāmiva৷৷2.9.53৷৷\n\n"
    },
    {
        "sloka": "gatōdakē sētubandhō na kalyāṇi! vidhīyatē.\n\nuttiṣṭha kuru kalyāṇi! rājānamanudarśaya৷৷2.9.54৷৷\n\n"
    },
    {
        "sloka": "tathā prōtsāhitā dēvī gatvā mantharayā saha.\n\nkrōdhāgāraṅ viśālākṣī saubhāgyamadagarvitā৷৷2.9.55৷৷\n\nanēkaśatasāhasraṅ muktāhāraṅ varāṅganā.\n\navamucya varārhāṇi śubhānyābharaṇāni ca৷৷2.9.56৷৷\n\ntatō hēmōpamā tatra kubjāvākyavaśaṅ gatā.\n\nsaṅviśya bhūmau kaikēyī mantharāmidamabravīt৷৷2.9.57৷৷\n\n"
    },
    {
        "sloka": "iha vā māṅ mṛtāṅ kubjē! nṛpāyāvēdayiṣyasi.\n\nvanaṅ tu rāghavē prāptē bharataḥ prāpsyati kṣitim৷৷2.9.58৷৷\n\n"
    },
    {
        "sloka": "na suvarṇēna mē hyarthō na ratnairna ca bhūṣaṇaiḥ.\n\nēṣa mē jīvitasyāntō rāmō yadyabhiṣicyatē৷৷2.9.59৷৷\n\n"
    },
    {
        "sloka": "athō punastāṅ mahiṣīṅ mahīkṣitō \n\nvacōbhiratyarthamahāparākramaiḥ.\n\nuvāca kubjā bharatasya mātaraṅ \n\nhitaṅ vacō rāmamupētya cāhitam৷৷2.9.60৷৷\n\n"
    },
    {
        "sloka": "prapatsyatē rājyamidaṅ hi rāghavō\n\nyadi dhruvaṅ tvaṅ sasutā ca tapsyasē.\n\natō hi kalyāṇi! yatasva tattathā \n\nyathā sutastē bharatō.bhiṣēkṣyatē৷৷2.9.61৷৷    \n\n"
    },
    {
        "sloka": "tathā.tividdhā mahiṣī tu kubjayā \n\nsamāhatā vāgiṣubhirmuhurmuhuḥ.\n\nnidhāyahastau hṛdayē.tivismitā\n\nśaśaṅsa kubjāṅ kupitā punaḥ punaḥ৷৷2.9.62৷৷\n\n"
    },
    {
        "sloka": "yamasya vā māṅ viṣayaṅ gatāmitō\n\nniśāmya kubjē! prativēdayiṣyasi.\n\nvanaṅ gatē vā sucirāya rāghavē\n\nsamṛddhakāmō bharatō bhaviṣyati৷৷2.9.63৷৷\n\n"
    },
    {
        "sloka": "ahaṅ hi naivāstaraṇāni na srajō\n\nna candanaṅ nāñjanapānabhōjanam.\n\nna kiñcidicchāmi na cēha jīvitaṅ\n\nna cēditō gacchati rāghavō vanam৷৷2.9.64৷৷\n\n"
    },
    {
        "sloka": "athaitaduktvā vacanaṅ sudāruṇaṅ\n\nnidhāya sarvābharaṇāni bhāminī.\n\nasaṅvṛtāmāstaraṇēna mēdinīṅ\n\ntadā.dhiśiśyē patitēva kinnarī৷৷2.9.65৷৷\n\n"
    },
    {
        "sloka": "udīrṇasaṅrambhatamōvṛtānanā\n\ntathā.vamuktōttamamālyabhūṣaṇā.\n\nnarēndrapatnī vimanā babhūva sā \n\ntamōvṛtā dyauriva magnatārakā৷৷2.9.66৷৷\n\n"
    }
]