[
    {
        "sloka": "[Bharata proceeds to Nandigrama along with Satrughna --- Consecration of Rama's sandals.]\n\ntatō nikṣipya mātṛ ssa ayōdhyāyāṅ dṛḍha vrataḥ.\n\nbharata śśōkasantaptō gurūnidamathābravīt৷৷2.115.1৷৷\n\n"
    },
    {
        "sloka": "nandigrāmaṅ gamiṣyāmi sarvānāmantrayē.dya vaḥ.\n\ntatra duḥkhamidaṅ sarvaṅ sahiṣyē rāghavaṅ vinā৷৷2.115.2৷৷\n\n"
    },
    {
        "sloka": "gataśca vā divaṅ rājā vanasthaśca gururmama.\n\nrāmaṅ pratīkṣē rājyāya sa hi rājā mahāyaśāḥ৷৷2.115.3৷৷\n\n"
    },
    {
        "sloka": "ētacchrutvā śubhaṅ vākyaṅ bharatasya mahātmanaḥ.\n\nabruvanmantriṇassarvē vasiṣṭhaśca purōhitaḥ৷৷2.115.4৷৷\n\n"
    },
    {
        "sloka": "subhṛśaṅ ślāghanīyaṅ ca yaduktaṅ bharata tvayā.\n\nvacanaṅ bhrātṛvātsalyādanurūpaṅ tavaiva tat৷৷2.115.5৷৷\n\n"
    },
    {
        "sloka": "nityaṅ tē bandhulubdhasya tiṣṭhatō bhrātṛsauhṛdē.\n\nāryamārgaṅ prapannasya nānumanyēta kaḥ pumān৷৷2.115.6৷৷\n\n"
    },
    {
        "sloka": "mantriṇāṅ vacanaṅ śrutvā yathābhilaṣitaṅ priyam.\n\nabravītsārathiṅ vākyaṅ rathō mē yujyatāmiti৷৷2.115.7৷৷\n\n"
    },
    {
        "sloka": "prahṛṣṭavadana ssarvā mātṛ ssamabhivādya saḥ.\n\nārurōha rathaṅ śrīmān śatrughnēna samanvitaḥ৷৷2.115.8৷৷\n\n"
    },
    {
        "sloka": "āruhya ca rathaṅ śīghraṅ śatrughnabharatāvubhau.\n\nyayatuḥ paramaprītau vṛtau mantripurōhitaiḥ৷৷2.115.9৷৷\n\n"
    },
    {
        "sloka": "agratō guravastatra vasiṣṭhapramukhā dvijāḥ.\n\nprayayuḥ prāṅgmukhā ssarvē nandigrāmō yatō.bhavat৷৷2.115.10৷৷\n\n"
    },
    {
        "sloka": "balaṅ ca tadanāhūtaṅ gajāśvarathasaṅkulam.\n\nprayayau bharatē yātē sarvē ca puravāsinaḥ৷৷2.115.11৷৷\n\n"
    },
    {
        "sloka": "rathastha ssahi dharmātmā bharatō bhrātṛvatsalaḥ.\n\nnandigrāmaṅ yayau tūrṇaṅ śirasyādāya pādukē৷৷2.115.12৷৷\n\n"
    },
    {
        "sloka": "tatastu bharataḥ kṣipraṅ nandigrāmaṅ praviśya saḥ.\n\navatīrya rathāttūrṇaṅ gurūnidamuvāca ha৷৷2.115.13৷৷\n\n"
    },
    {
        "sloka": "ētadrājyaṅ mama bhrātrā dattaṅ sannayāsavatsvayam.\n\nyōgakṣēmavahē cēmē pādukē hēmabhūṣitē৷৷2.115.14৷৷\n\n"
    },
    {
        "sloka": "bharata śśirasā kṛtvā sannyāsaṅ pādukē tataḥ.\n\nabravīddhuḥkhasaṅtapta ssarvaṅ prakṛtimaṇḍalam৷৷2.115.15৷৷\n\n"
    },
    {
        "sloka": "chatraṅ dhārayata kṣipramāryapādāvimau matau.\n\nābhyāṅ rājyē sthitō dharmaḥ pādukābhyāṅ gurōrmama৷৷2.115.16৷৷\n\n"
    },
    {
        "sloka": "bhrātrā hi mayi saṅnyāsō nikṣipta ssauhṛdādayam.\n\ntamimaṅ pālayiṣyāmi rāghavāgamanaṅ prati৷৷2.115.17৷৷\n\n"
    },
    {
        "sloka": "kṣipraṅ saṅyōjayitvātu rāghavasya punassvayam.\n\ncaraṇau tau tu rāmasya drakṣyāmi sahapādukau৷৷2.115.18৷৷\n\n"
    },
    {
        "sloka": "tatō nikṣiptabhārō.haṅ rāghavēṇa samāgataḥ.\n\nnivēdya guravē rājyaṅ bhajiṣyē guruvṛttitām৷৷2.115.19৷৷\n\n"
    },
    {
        "sloka": "rāghavāya ca sanyāsaṅ dattvēmē varapādukē.\n\nrājyaṅ cēdamayōdhyāṅ ca dhūtapāpō bhavāmi ca৷৷2.115.20৷৷\n\n"
    },
    {
        "sloka": "abhiṣiktē tu kākutsthē prahṛṣṭamuditē janē.\n\nprītirmama yaśaścaiva bhavēdrājyāccaturguṇam৷৷2.115.21৷৷\n\n"
    },
    {
        "sloka": "ēvaṅ tu vilapandīnō bharata ssamahāyaśāḥ.\n\nnandigrāmē.karōdrājyaṅ duḥkhitō mantribhissaha৷৷2.115.22৷৷\n\n"
    },
    {
        "sloka": "sa valkalajaṭādhārī munivēṣadharaḥ prabhuḥ.\n\nnandigrāmē.vasadvīra ssasainyō bharatastadā৷৷2.115.23৷৷\n\n"
    },
    {
        "sloka": "rāmāgamanamākāṅkṣanbharatō bhrātṛvatsalaḥ.\n\nbhrāturvacanakārī ca pratijñāpāragastathā৷৷2.115.24৷৷\n\npādukē tvabhiṣicyātha nandigrāmē.vasattadā.\n\n"
    },
    {
        "sloka": "sa vālavyajanaṅ chatraṅ dhārayāmāsa sa svayaṅ.\n\nbharata śśāsanaṅ sarvaṅ pādukābhyāṅ nivēdayan৷৷2.115.25৷৷\n\n"
    },
    {
        "sloka": "tatastu bharata śaśrīmānabhiṣicyā৷৷ryapādukē.\n\ntadadhīnastadā rājyaṅ kārayāmāsa sarvadā৷৷2.115.26৷৷\n\n"
    },
    {
        "sloka": "tadā hi yatkāryamupaiti kiñcidupāyanaṅ cōpahṛtaṅ mahārham.\n\nsa pādukābhyāṅ prathamaṅ nivēdya cakāra paścādbharatō yathāvat৷৷2.115.27৷৷\n\n"
    }
]