[
    {
        "sloka": "[Bharata enquires about Rama, Sita and Lakshmana --- Guha narrates to Kausalya how Rama, Sita and Lakshmana spent their time, matted their hair and slept on grass.]\n\nguhasya vacanaṅ śrutvā bharatō bhṛśamapriyam.\n\ndhyānaṅ jagāma tatraiva yatra tacchrutamapriyam৷৷2.87.1৷৷\n\n"
    },
    {
        "sloka": "sukumārō mahāsattvassiṅhaskandhō mahābhujaḥ.\n\npuṇḍarīkaviśālākṣa staruṇaḥ priyadarśanaḥ৷৷2.87.2৷৷\n\npratyāśvasya muhūrtaṅ tu kālaṅ paramadurmanāḥ.\n\npapāta sahasā tōtrairhyatividdha iva dvipaḥ৷৷2.87.3৷৷\n\n"
    },
    {
        "sloka": "tadavasthaṅ tu bharataṅ śatrughnō.nantarasthitaḥ.\n\npariṣvajya rurōdōccairvisaṅjñaśśōkakarśitaḥ৷৷2.87.4৷৷\n\n"
    },
    {
        "sloka": "tatassarvāssamāpēturmātarō bharatasya tāḥ.\n\nupavāsakṛśā dīnā bhartṛvyasanakarśitāḥ৷৷2.87.5৷৷\n\n"
    },
    {
        "sloka": "tāśca taṅ patitaṅ bhūmau rudantyaḥ paryavārayan.\n\nkausalyā tvanusṛtyainaṅ durmanāḥ pariṣasvajē৷৷2.87.6৷৷\n\n"
    },
    {
        "sloka": "vatsalā svaṅ yathā vatsamupagūhya tapasvinī.\n\nparipapraccha bharataṅ rudantī śōkalālasā৷৷2.87.7৷৷\n\n"
    },
    {
        "sloka": "putra vyādhirna tē kacciccharīraṅ paribādhatē.\n\nadya rājakulasyāsya tvadadhīnaṅ hi jīvitam৷৷2.87.8৷৷\n\n"
    },
    {
        "sloka": "tvāṅ dṛṣṭvā putra! jīvāmi rāmē sabhrātṛkēgatē.\n\nvṛttē daśarathē rājñi nātha ēkastvamadya naḥ৷৷2.87.9৷৷\n\n"
    },
    {
        "sloka": "kaccinna lakṣmaṇē putra! śrutaṅ tē kiṅcadapriyam.\n\nputrē vā.pyēkaputrāyā ssahabhāryē vanaṅ gatē৷৷2.87.10৷৷\n\n"
    },
    {
        "sloka": "sa muhūrtaṅ samāśvasya rudannēva mahāyaśāḥ.\n\nkausalyāṅ parisāntvēdyaṅ guhaṅ vacanamabravīt৷৷2.87.11৷৷\n\n"
    },
    {
        "sloka": "bhrātā mē kvāvasadrātrau kva sītā kva ca lakṣmaṇaḥ.\n\nasvapacchayanē kasmin kiṅ bhuktvā guha śaṅsa mē৷৷2.87.12৷৷\n\n"
    },
    {
        "sloka": "sō.bravīdbharataṅ hṛṣṭō niṣādādhipatirguhaḥ.\n\nyadvidhaṅ pratipēdē ca rāmē priyahitē.tithau৷৷2.87.13৷৷\n\n"
    },
    {
        "sloka": "annamuccāvacaṅ bhakṣāḥ phalāni vividhāni ca.\n\nrāmāyābhyavahārārthaṅ bahucōpahṛtaṅ mayā৷৷2.87.14৷৷\n\n"
    },
    {
        "sloka": "tatsarvaṅ pratyanujñāsīdrāma ssatyaparākramaḥ.\n\nna tu tatpratyagṛhṇātsa kṣatradharmamanusmaran৷৷2.87.15৷৷\n\n"
    },
    {
        "sloka": "na hyasmābhiḥ pratigrāhyaṅ sakhē! dēyaṅ tu sarvadā.\n\niti tēna vayaṅ rājannanunītā mahātmanā৷৷2.87.16৷৷\n\n"
    },
    {
        "sloka": "lakṣmaṇēna samānītaṅ pītvā vāri mahāyaśāḥ.\n\naupavāsyaṅ tadā.kārṣīdrāghavassaha sītayā৷৷2.87.17৷৷\n\n"
    },
    {
        "sloka": "tatastu jalaśēṣēṇa lakṣmaṇō.pyakarōttadā.\n\nvāgyatāstē traya ssandhyāṅ samupāsata saṅhitāḥ৷৷2.87.18৷৷\n\n"
    },
    {
        "sloka": "saumitristu tataḥ paścādakarōtsvāstaraṅ śubham.\n\nsvayamānīya barhīṅṣi kṣipraṅ rāghavakāraṇāt৷৷2.87.19৷৷\n\n"
    },
    {
        "sloka": "tasminsamāviśadrāma ssvāstarē saha sītayā.\n\nprakṣālya ca tayōḥ pādāvapacakrāma lakṣmaṇaḥ৷৷2.87.20৷৷\n\n"
    },
    {
        "sloka": "ētattadiṅgudīmūlamidamēva ca tattṛṇam.\n\nyasminrāmaśca sītā ca rātriṅ tāṅ śayitāvubhau৷৷2.87.21৷৷\n\n"
    },
    {
        "sloka": "niyamya pṛṣṭhē tu talāṅgulitravān śaraissupūrṇāviṣudhī parantapaḥ.\n\nmahāddhanu ssajyamupōhya lakṣmaṇō niśāmatiṣṭhatparitō.sya kēvalam৷৷2.87.22৷৷\n\n"
    },
    {
        "sloka": "tata stvahaṅcōttamabāṇacāpadhṛt sthitō.bhavaṅ tatra sa yatra lakṣmaṇaḥ.\n\natandritairjñātibhirāttakārmukairmahēndrakalpaṅ paripālayaṅstadā৷৷2.87.23৷৷\n\n"
    }
]