[
    {
        "sloka": "[Lamentations of Dasaratha--Sumantra fetches the chariot at the command of the king- treasury officer gives valuable ornaments and garments to Sita---Kausalya instructs Sita on the obligations of a wife towards her husband-- Rama seeks leave of his other mothers.]\n\nrāmasya tu vacaḥ śṛtvā munivēśadharaṅ ca tam.\n\nsamīkṣya saha bhāryābhī rājā vigatacētanaḥ৷৷2.39.1৷৷\n\nnainaṅ duḥkhēna santaptaḥ pratyavaikṣata rāghavam.\n\nna cainamabhisamprēkṣya pratyabhāṣata durmanāḥ৷৷2.39.2৷৷\n\n"
    },
    {
        "sloka": "rāmasya tu vacaḥ śṛtvā munivēśadharaṅ ca tam.\n\nsamīkṣya saha bhāryābhī rājā vigatacētanaḥ৷৷2.39.1৷৷\n\nnainaṅ duḥkhēna santaptaḥ pratyavaikṣata rāghavam.\n\nna cainamabhisamprēkṣya pratyabhāṣata durmanāḥ৷৷2.39.2৷৷\n\n"
    },
    {
        "sloka": "sa muhūrtamivāsaṅjñō duḥkhitaśca mahīpatiḥ.\n\nvilalāpa mahābāhū rāmamēvānucintayan৷৷2.39.3৷৷\n\n"
    },
    {
        "sloka": "manyē khalu mayā pūrvaṅ vivatsā bahavaḥkṛtāḥ.\n\nprāṇinō hiṅsitā vāpi tasmādidamupasthitam৷৷2.39.4৷৷\n\n"
    },
    {
        "sloka": "na tvēvānāgatē kālē dēhāccyavati jīvitam.\n\nkaikēyyā kliśyamānasya mṛtyurmama na vidyatē৷৷2.39.5৷৷\n\nyō.haṅ pāvakasaṅkāśaṅ paśyāmi purataḥ sthitam.\n\nvihāya vasanē sūkṣmē tāpasācchādamātmajam৷৷2.39.6৷৷\n\n"
    },
    {
        "sloka": "ēkasyāḥ khalu kaikēyyāḥ kṛtē.yaṅ kliśyatē janaḥ.\n\nsvārthē prayatamānāyāḥ saṅśritya nikṛtiṅ tvimām৷৷2.39.7৷৷\n\n"
    },
    {
        "sloka": "ēvamuktvā tu vacanaṅ bāṣpēṇa pihitēndriyaḥ.\n\nrāmēti sakṛdēvōktvā vyāhartuṅ na śaśāka ha৷৷2.39.8৷৷\n\n"
    },
    {
        "sloka": "saṅjñāṅ tu pratilabhyaiva muhūrtātsa mahīpatiḥ.\n\nnētrābhyāmaśrupūrṇābhyāṅ sumantramidamabravīt৷৷2.39.9৷৷\n\n"
    },
    {
        "sloka": "aupavāhyaṅ rathaṅ yuktvā tvamāyāhi hayōttamaiḥ.\n\nprāpayainaṅ mahābhāgamitō janapadātparam৷৷2.39.10৷৷\n\n"
    },
    {
        "sloka": "ēvaṅ manyē guṇavatāṅ guṇānāṅ phalamucyatē.\n\npitrā mātrā ca yatsādhurvīrō nirvāsyatē vanam৷৷2.39.11৷৷\n\n"
    },
    {
        "sloka": "rājñō vacanamājñāya sumantraḥ śīghravikramaḥ.\n\nyōjayitvā.yayau tatra rathamaśvairalaṅkṛtam৷৷2.39.12৷৷\n\n"
    },
    {
        "sloka": "taṅ rathaṅ rājaputrāya sūta: kanakabhūṣitam.\n\nācacakṣē.ñjaliṅ kṛtvā yuktaṅ paramavājibhiḥ৷৷2.39.13৷৷\n\n"
    },
    {
        "sloka": "rājā satvaramāhūya vyāpṛtaṅ vittasaṅñcayē.\n\nuvāca dēśakālajñō niścitaṅ sarvata śśucim৷৷2.39.14৷৷\n\n"
    },
    {
        "sloka": "vāsāṅsi ca mahārhāṇi bhūṣaṇāni varāṇi ca.\n\nvarṣāṇyētāni saṅkhyāya vaidēhyāḥ kṣipramānaya৷৷2.39.15৷৷\n\n"
    },
    {
        "sloka": "narēndrēṇaivamuktastu gatvā kōśagṛhaṅ tataḥ.\n\nprāyacchatsarvamāhṛtya sītāyai samamēva tat৷৷2.39.16৷৷\n\n"
    },
    {
        "sloka": "sā sujātā sujātāni vaidēhī prasthitā vanam.\n\nbhūṣayāmāsa gātrāṇi tairvicitrairvibhūṣaṇaiḥ৷৷2.39.17৷৷\n\n"
    },
    {
        "sloka": "vyarājayata vaidēhī vēśma tatsuvibhūṣitā.\n\nudyatōṅ.śumataḥ kālē khaṅ prabhēva vivasvataḥ৷৷2.39.18৷৷\n\n"
    },
    {
        "sloka": "tāṅ bhujābhyāṅ pariṣvajya śvaśrūrvacanamabravīt.\n\nanācarantī kṛpaṇaṅ mūrdhnyupāghrāya maithilīm৷৷2.39.19৷৷\n\n"
    },
    {
        "sloka": "asatya ssarvalōkē.sminsatataṅ satkṛtāḥ priyaiḥ.\n\nbhartāraṅ nānumanyantē vinipātagataṅ striyaḥ৷৷2.39.20৷৷\n\n"
    },
    {
        "sloka": "ēṣa svabhāvō nārīṇāmanubhūya purā sukham.\n\nalpāmapyāpadaṅ prāpya duṣyanti prajahatyapi৷৷2.39.21৷৷\n\n"
    },
    {
        "sloka": "asatyaśīlā vikṛtā durgrāhyahṛdayāssadā.\n\nyuvatyaḥ pāpasaṅṅkalpāḥ kṣaṇamātrādvirāgiṇaḥ৷৷2.39.22৷৷\n\n"
    },
    {
        "sloka": "na kulaṅ na kṛtaṅ vidyā na dattaṅ nāpi saṅgrahaḥ.\n\nstrīṇāṅ gṛhṇāti hṛdayamanityahṛdayā hi tāḥ৷৷2.39.23৷৷\n\n"
    },
    {
        "sloka": "sādhvīnāṅ hi sthitānāṅ tu śīlē satyē śrutē śamē.\n\nstrīṇāṅ pavitraṅ paramaṅ patirēkō viśiṣyatē৷৷2.39.24৷৷\n\n"
    },
    {
        "sloka": "sa tvayā nāvamantavyaḥ putraḥ pravrājitō mama.\n\ntava daivatamastvēṣa nirdhanaḥ sadhanō.pi vā৷৷2.39.25৷৷\n\n"
    },
    {
        "sloka": "vijñāya vacanaṅ sītā tasyā dharmārthasaṅhitam.\n\nkṛtāñjaliruvācēdaṅ śvaśrūmabhimukhē sthitām৷৷2.39.26৷৷\n\n"
    },
    {
        "sloka": "kariṣyē sarvamēvāhamāryā yadanuśāsti mām.\n\nabhijñāsmi yathā bharturvartitavyaṅ śrutaṅ ca mē৷৷2.39.27৷৷\n\n"
    },
    {
        "sloka": "na māmasajjanēnāryā samānayitumarhati.\n\ndharmādvicalituṅ nāhamalaṅ candrādiva prabhā৷৷2.39.28৷৷\n\n"
    },
    {
        "sloka": "nātantrī vādyatē vīṇā nācakrō vartatē rathaḥ.\n\nnāpatissukhamēdhēta yā syādapi śatātmajā৷৷2.39.29৷৷\n\n"
    },
    {
        "sloka": "mitaṅ dadāti hi pitā mitaṅ mātā mitaṅ sutaḥ.\n\namitasya hi dātāraṅ bhartāraṅ kā na pūjayēt৷৷2.39.30৷৷\n\n"
    },
    {
        "sloka": "sāhamēvaṅ gatā śrēṣṭhā śrutadharmaparāvarā.\n\nāryē! kimavamanyē.haṅ strīṇāṅ bhartā hi daivatam৷৷2.39.31৷৷\n\n"
    },
    {
        "sloka": "sītāyā vacanaṅ śrutvā kauśalyā hṛdayaṅgamam.\n\nśuddhasattvā mumōcāśru sahasā duḥkhaharṣajam৷৷2.39.32৷৷\n\n"
    },
    {
        "sloka": "tāṅ prāñjalirabhikramya mātṛmadhyē.tisatkṛtām. \n\nrāmaḥ paramadharmātmā mātaraṅ vākyamabravīt৷৷2.39.33৷৷\n\n"
    },
    {
        "sloka": "amba! mā duḥkhitā bhūstvaṅ paśya tvaṅ pitaraṅ mama৷৷\n\nkṣayō hi vanavāsasya kṣipramēva bhaviṣyati৷৷2.39.34৷৷\n\n"
    },
    {
        "sloka": "suptāyāstē gamiṣyanti nava varṣāṇi pañca ca.\n\nsā samagramiha prāptaṅ māṅ drakṣyasi suhṛdvṛtam৷৷2.39.35৷৷\n\n"
    },
    {
        "sloka": "ētāvadabhinītārthamuktvā sa jananīṅ vacaḥ.\n\ntrayaśśataśatārdhāśca dadarśā vēkṣya mātaraḥ৷৷2.39.36৷৷\n\n"
    },
    {
        "sloka": "tā ścāpi sa tathaivārtā mātṛrdaśarathātmajaḥ.\n\ndharmayuktamidaṅ vākyaṅ nijagāda kṛtāñjaliḥ৷৷2.39.37৷৷\n\n"
    },
    {
        "sloka": "saṅvāsātparuṣaṅ kiñcidajñānādvāpi yatkṛtam.\n\ntanmē samanujānīta sarvāścāmantrayāmi vaḥ৷৷2.39.38৷৷\n\n"
    },
    {
        "sloka": "vacanaṅ rāghavasyaitadhdarmayuktaṅ samāhitam.\n\nśuśruvustāḥ striyaṅssarvā śśōkōpahatacētasaḥ৷৷2.39.39৷৷\n\n"
    },
    {
        "sloka": "jajñē.tha tāsāṅ sannādaḥ krauñcīnāmiva nisvanaḥ.\n\nmānavēndrasya bhāryāṇāmēvaṅ vadati rāghavē৷৷2.39.40৷৷\n\n"
    },
    {
        "sloka": "murajapaṇavamēghaghōṣavat\n\ndaśarathavēśma babhūva yatpurā.\n\nvilapitaparidēvanākulaṅ\n\nvyasanagataṅ tadabhūtsuduḥkhitam৷৷2.39.41৷৷\n\n"
    }
]