[
    {
        "sloka": "[Sita insists on going with Rama] \n\nētattu vacanaṅ śrutvā sītā rāmasya duḥkhitā. \n\nprasaktāśrumukhī mandamidaṅ vacanamabravīt৷৷2.29.1৷৷\n\n"
    },
    {
        "sloka": "yē tvayā kīrtitā dōṣā vanē vastavyatāṅ prati. \n\nguṇānityēva tānviddhi tava snēhapuraskṛtān৷৷2.29.2৷৷\n\n"
    },
    {
        "sloka": "mṛgā ssiṅhā gajāścaiva śārdūlā śśarabhāstathā. \n\npakṣiṇa ssṛmarāścaiva yē cānyē vanacāriṇaḥ৷৷2.29.3৷৷\n\nadṛṣṭapūrvarūpatvātsarvē tē tava rāghava!. \n\nrūpaṅ dṛṣṭvā.pasarpēyurbhayē sarvē hi bibhyati৷৷2.29.4৷৷\n\n"
    },
    {
        "sloka": "tvayā ca saha gantavyaṅ mayā gurujanājñayā.\n\ntvadviyōgēna mē rāma! tyaktavyamiha jīvitam৷৷2.29.5৷৷\n\n"
    },
    {
        "sloka": "na hi māṅ tvatsamīpasthāmapi śaknōtirāghava. \n\nsurāṇāmīśvara śśakraḥ pradharṣayitumōjasā৷৷2.29.6৷৷\n\n"
    },
    {
        "sloka": "patihīnā tu yā nārī na sā śakṣyati jīvitum. \n\nkāmamēvaṅ vidhaṅ rāma! tvayā mama nidarśitam৷৷2.29.7৷৷\n\n"
    },
    {
        "sloka": "atha cāpi mahāprājña! brāhmaṇānāṅ mayā śrutam. \n\npurā pitṛgṛhē satyaṅ vastavyaṅ kila mē vanē৷৷2.29.8৷৷\n\n"
    },
    {
        "sloka": "lakṣaṇibhyō dvijātibhya śśṛtvā.haṅ vacanaṅ purā. \n\nvanavāsakṛtōtsāhā nityamēva mahābala!৷৷2.29.9৷৷\n\n"
    },
    {
        "sloka": "ādēśō vanavāsasya prāptavya ssa mayā kila. \n\nsā tvayā saha tatrāhaṅ yāsyāmi priya! nānyathā৷৷2.29.10৷৷\n\n"
    },
    {
        "sloka": "kṛtādēśā bhaviṣyāmi gamiṣyāmi saha tvayā. \n\nkālaścāyaṅ samutpanna ssatyavāgbhavatu dvijaḥ৷৷2.29.11৷৷\n\n"
    },
    {
        "sloka": "vanavāsē.bhijānāmi duḥkhāni bahuthā kila. \n\nprāpyantē niyataṅ vīra! puruṣairakṛtātmabhiḥ৷৷2.29.12৷৷\n\n"
    },
    {
        "sloka": "kanyayā ca piturgēhē vanavāsa śśṛtō mayā. \n\nbhikṣiṇyā ssādhuvṛttāyā mama māturihāgrataḥ৷৷2.29.13৷৷\n\n"
    },
    {
        "sloka": "prasāditaśca vai pūrvaṅ tvaṅ mē bahutithaṅ prabhō!. \n\ngamanaṅ vanavāsasya kāṅkṣitaṅ hi saha tvayā৷৷2.29.14৷৷\n\n"
    },
    {
        "sloka": "kṛtakṣaṇā.haṅ bhadraṅ tē gamanaṅ prati rāghava. \n\nvanavāsasya śūrasya caryā hi mama rōcatē৷৷2.29.15৷৷\n\n"
    },
    {
        "sloka": "śuddhātmanprēmabhāvādhdi bhaviṣyāmi vikalmaṣā. \n\nbhartāramanugacchantī bhartā hi mama daivatam৷৷2.29.16৷৷\n\n"
    },
    {
        "sloka": "prētyabhāvē hi kalyāṇa ssaṅgamō mē saha tvayā. \n\nśrutirhi śrūyatē puṇyā brāhmaṇānāṅ yaśasvinām৷৷2.29.17৷৷\n\nihalōkē ca pitṛbhiryā strī yasya mahāmatē!. \n\nadbhirdattā svadharmēṇa prētyabhāvē.pi tasya sā৷৷2.29.18৷৷\n\n"
    },
    {
        "sloka": "ēvamasmātsvakāṅ nārīṅ suvṛttāṅ hi pativratām. \n\nnābhirōcayasē nētuṅ tvaṅ māṅ kēnēha hētunā৷৷2.29.19৷৷\n\n"
    },
    {
        "sloka": "bhaktāṅ pativratāṅ dīnāṅ māṅ samāṅ sukhaduḥkhayōḥ. \n\nnētumarhasi kākutstha! samāna sukhaduḥkhinīm৷৷2.29.20৷৷\n\n"
    },
    {
        "sloka": "yayadi māṅ duḥkhitāmēvaṅ vanaṅ nētuṅ na cēcchasi. \n\nviṣamagniṅ jalaṅ vā.hamāsthāsyē mṛtyukāraṇāt৷৷2.29.21৷৷\n\n"
    },
    {
        "sloka": "ēvaṅ bahuvidhaṅ taṅ sā yācatē gamanaṅ prati. \n\nnānumēnē mahābāhustāṅ nētuṅ vijanaṅ vanam৷৷2.29.22৷৷\n\n"
    },
    {
        "sloka": "ēvamuktā tu sā cintāṅ maithilī samupāgatā. \n\nsnāpayantīva gāmuṣṇairaśrubhirnayanacyutaiḥ৷৷2.29.23৷৷\n\n"
    },
    {
        "sloka": "cintayantīṅ tathā tāṅ tu nivartayitumātmavān. \n\ntāmrōṣṭhīṅ sa tadā sītāṅ kākutsthō bahvasāntvayat৷৷2.29.24৷৷\n\n"
    }
]