[
    {
        "sloka": "[Lakshmana tells Guha about events which might overtake Ayodhya after Rama's exile]\n\ntaṅ jāgratamadambhēna bhrāturarthāya lakṣmaṇam.\n\nguhaḥ santāpasantaptō rāghavaṅ vākyamabravīt৷৷2.51.1৷৷\n\n"
    },
    {
        "sloka": "iyaṅ tāta sukhā śayyā tvadarthamupakalpitā.\n\npratyāśvasihi sādhvasyāṅ rājaputra! yathāsukham৷৷2.51.2৷৷\n\n"
    },
    {
        "sloka": "ucitō.yaṅ janassarvaḥ klēśānāṅ tvaṅ sukhōcitaḥ.\n\nguptyarthaṅ jāgariṣyāmaḥ kākutsthasya vayaṅ niśām৷৷2.51.3৷৷\n\n"
    },
    {
        "sloka": "na hi rāmātpriyatamō mamāsti bhuvi kaścana.\n\nbravīmyētadahaṅ satyaṅ satyēnaiva ca tē śapē৷৷2.51.4৷৷\n\n"
    },
    {
        "sloka": "asya prasādādāśaṅsē lōkēsmin sumuhadyaśaḥ.\n\ndharmāvāptiṅ ca vipulāmarthāvāptiṅ ca kēvalam৷৷2.51.5৷৷\n\n"
    },
    {
        "sloka": "sō.haṅ priyasakhaṅ rāmaṅ śayānaṅ saha sītayā.\n\nrakṣiṣyāmi dhanuṣpāṇi ssarvatō jñātibhi ssaha৷৷2.51.6৷৷\n\n"
    },
    {
        "sloka": "na hi mē.viditaṅ kiñcidvanē.smiṅścaratassadā.\n\ncaturaṅgaṅ hyapibalaṅ sumahatprasahēmahi৷৷2.51.7৷৷\n\n"
    },
    {
        "sloka": "lakṣmaṇastaṅ tadōvāca rakṣyamāṇāstvayānagha.\n\nnātra bhītā vayaṅ sarvē dharmamēvānupaśyatā৷৷2.51.8৷৷\n\n"
    },
    {
        "sloka": "kathaṅ daśarathau bhūmau śayānē saha sītayā.\n\nśakyā nidrā mayā labdhuṅ jīvitaṅ vā sukhāni vā৷৷2.51.9৷৷\n\n"
    },
    {
        "sloka": "yō na dēvāsuraiḥ sarvaiḥ śakyaḥ prasahituṅ yudhi.\n\ntaṅ paśya sukhasaṅviṣṭaṅ tṛṇēṣu saha sītayā৷৷2.51.10৷৷\n\n"
    },
    {
        "sloka": "yō mantratapasā labdhō vividhaiśca parāśramaiḥ.\n\nēkō daśarathasyēṣṭaḥ putraḥ sadṛśalakṣaṇaḥ৷৷2.51.11৷৷\n\nasmin pravrājitē rājā na ciraṅ vartayiṣyati.\n\nvidhavā mēdinī nūnaṅ kṣipramēva bhaviṣyati৷৷2.51.12৷৷\n\n"
    },
    {
        "sloka": "vinadya sumahānādaṅ śramēṇōparatāḥ striyaḥ.\n\nnirghōṣōparataṅ cātō manyē rājanivēśanam৷৷2.51.13৷৷\n\n"
    },
    {
        "sloka": "kauśalyā caiva rājā ca tathaiva jananī mama.\n\nnāśaṅsē yadi jīvanti sarvē tē śarvarīmimām৷৷2.51.14৷৷\n\n"
    },
    {
        "sloka": "jīvēdapi hi mē mātā śatrughnasyānvavēkṣayā.\n\ntadduḥkhaṅ yattu kauśalyā vīrasūrvinaśiṣyati৷৷2.51.15৷৷\n\n"
    },
    {
        "sloka": "anuraktajanākīrṇā sukhālōkapriyāvahā.\n\nrājavyasanasaṅsṛṣṭā sā purī vinaśiṣyati৷৷2.51.16৷৷\n\n"
    },
    {
        "sloka": "kathaṅ putraṅ mahātmānaṅ jyēṣṭhaṅ priyamapaśyataḥ.\n\nśarīraṅ dhārayiṣyanti prāṇā rājñō mahātmanaḥ৷৷2.51.17৷৷\n\n"
    },
    {
        "sloka": "vinaṣṭē nṛpatau paścātkausalyā vinaśiṣyati.\n\nanantaraṅ ca mātā.pi mama nāśamupaiṣyati৷৷2.51.18৷৷\n\n"
    },
    {
        "sloka": "atikrāntamatikrāntamanavāpya manōratham.\n\nrājyē rāmamanikṣipya pitā mē vinaśiṣyati৷৷2.51.19৷৷\n\n"
    },
    {
        "sloka": "siddhārthāḥ pitaraṅ vṛttaṅ tasminkālē.pyupasthitē.\n\nprētakāryēṣu sarvēṣu saṅskariṣyanti bhūmipam৷৷2.51.20৷৷\n\n"
    },
    {
        "sloka": "ramyacatvarasaṅsthānāṅ suvibhaktamahāpathām.\n\nharmyaprāsādasampannām gaṇikāvaraśōbhitām৷৷2.51.21৷৷\n\nrathāśvagajasambādhāṅ tūryanādavināditām.\n\nsarvakalyāṇasampūrṇāṅ hṛṣṭapuṣṭajanākulām৷৷2.51.22৷৷\n\nārāmōdyānasampannāṅ samājōtsavaśālinīm.\n\nsukhitā vicariṣyanti rājadhānīṅ piturmama৷৷2.51.23৷৷\n\n"
    },
    {
        "sloka": "api jīvēddaśarathō vanavāsātpunarvayam.\n\npratyāgamya mahātmānamapi paśyēma suvratam৷৷2.51.24৷৷\n\n"
    },
    {
        "sloka": "api satyapratijñēna sārdhaṅ kuśalinā vayam.\n\nnivṛttē vanavāsē.sminnayōdhyāṅ praviśēmahi৷৷2.51.25৷৷\n\n"
    },
    {
        "sloka": "paridēvayamānasya dukhārtasya mahātmanaḥ.\n\ntiṣṭhatō rājaputrasya śarvarī sā.tyavartata৷৷2.51.26৷৷\n\n"
    },
    {
        "sloka": "tathā hi satyaṅ bruvati prajāhitē\n\nnarēndraputrē gurusauhṛdādguhaḥ.\n\nmumōca bāṣpaṅ vyasanābhipīḍitō\n\njvarāturō nāga iva vyathāturaḥ৷৷2.51.27৷৷\n\n"
    }
]