[
    {
        "sloka": "[Lamentations of king Dasaratha.]\n\ntataśśṛtvā mahārājaḥ kaikēyyā dāruṇaṅ vacaḥ. \n\ncintāmabhisamāpēdē muhūrtaṅ pratatāpa ca৷৷2.12.1৷৷\n\n"
    },
    {
        "sloka": "kinnu mē yadi vā svapnaścittamōhō.pi vā mama. \n\nanubhūtōpasargō vā manasō vāpyupadravaḥ৷৷2.12.2৷৷\n\n"
    },
    {
        "sloka": "iti sañcintya tadrājā nādhyagacchattadāsukham.\n\npratilabhya cirātsaṅjñāṅ kaikēyīvākyatāḍitaḥ৷৷2.12.3৷৷\n\nvyathitō viklabaścaiva vyāghrīṅ dṛṣṭvā yathā mṛgaḥ.\n\nasaṅvṛtāyāmāsīnō jagatyāṅ dīrghamucchavasan৷৷2.12.4৷৷\n\nmaṇḍalē pannagō ruddhō mantrairiva mahāviṣaḥ.\n\nahō dhigiti sāmarṣō vācamuktvā narādhipaḥ৷৷2.12.5৷৷\n\nmōhamāpēdivānbhūya śśōkōpahatacētanaḥ.\n\n"
    },
    {
        "sloka": "rēṇa tu nṛpa ssaṅjñāṅ pratilabhya suduḥkhitaḥ৷৷2.12.6৷৷\n\nkaikēyīmabravītkruddhaḥpradahanniva cakṣuṣā.\n\n"
    },
    {
        "sloka": "nṛśaṅsē! duṣṭacāritrē! kulasyāsya vināśini!৷৷2.12.7৷৷\n\nkiṅ kṛtaṅ tava rāmēṇa pāpaṅ pāpē! mayāpi vā.\n\n"
    },
    {
        "sloka": "yadā tē jananītulyāṅ vṛttiṅ vahati rāghava: ৷৷2.12.8৷৷\t\n\ntasyaiva tvamanarthāya kiṅnimittamihōdyatā .\n\n"
    },
    {
        "sloka": "tvaṅ mayā৷৷tmavināśārthaṅ bhavanaṅ svaṅ pravēśitā৷৷2.12.9৷৷\n\navijñānānnṛpasutā vyālī tīkṣṇaviṣā yathā.\n\n"
    },
    {
        "sloka": "jīvalōkō yadā sarvō rāmasyāha guṇastavam৷৷2.12.10৷৷\n\naparādhaṅ kimuddiśya tyakṣyāmīṣṭamahaṅ sutam. \n\n"
    },
    {
        "sloka": "kausalyāṅ vā sumitrāṅ vā tyajēyamapi vā śriyam৷৷2.12.11৷৷\n\njīvitaṅ vā.tmanō rāmaṅ na tvēva pitṛvatsalam. \n\n"
    },
    {
        "sloka": "parā bhavati mē prītirdṛṣṭvā tanayamagrajam৷৷2.12.12৷৷\n\napaśyatastu mē rāmaṅ naṣṭā bhavati cētanā. \n\n"
    },
    {
        "sloka": "tiṣṭhēllōkō vinā sūryaṅ śasyaṅ vā salilaṅ vinā৷৷2.12.13৷৷\n\nna tu rāmaṅ vinā dēhē tiṣṭhēttu mama jīvitam.\n\n"
    },
    {
        "sloka": "tadalaṅ tyajyatāmēṣa niścayaḥ pāpaniścayē!৷৷2.12.14৷৷\n\napi tē caraṇai mūrdhnā spṛśāmyēṣa prasīda mē. \n\n"
    },
    {
        "sloka": "kimidaṅ cintitaṅ pāpē tvayā paramadāruṇam৷৷2.12.15৷৷\n\natha jijñāsasē māṅ tvaṅ bharatasya priyāpriyē. \t\n\nastu yattattvayā pūrvaṅ vyāhṛtaṅ rāghavaṅ prati৷৷2.12.16৷৷\n\nsa mē jyēṣṭhassuta śrīmāndharmajyēṣṭha itīva mē.\n\ntattvayā priyavādinyā sēvārthaṅ kathitaṅ bhavēt৷৷2.12.17৷৷\n\n"
    },
    {
        "sloka": "tacchrutvā śōkasantaptā santāpayasi māṅ bhṛśam.\n\nāviṣṭā.si gṛhaṅ śūnyaṅ sā tvaṅ paravaśaṅ gatā৷৷2.12.18৷৷\n\n"
    },
    {
        "sloka": "ikṣvākūṇāṅ kulē dēvi! samprāptassumahānayam. \n\nanayō nayasampannē yatra tē vikṛtā matiḥ৷৷2.12.19৷৷\n\n"
    },
    {
        "sloka": "nahi kiñcidayuktaṅ vā vipriyaṅ vā purā mama.\n\nakarōstvaṅ viśālākṣi tēna na śraddadhāmyaham৷৷2.12.20৷৷\n\n"
    },
    {
        "sloka": "nanu tē rāghavastulyō bharatēna mahātmanā.\n\nbahuśō hi subālē tvaṅ kathāḥ kathayasē mama৷৷2.12.21৷৷\n\n"
    },
    {
        "sloka": "tasya dharmātmanō dēvi! vanavāsaṅ yaśasvinaḥ.\n\nkathaṅ rōcayasē bhīru! nava varṣāṇi pañca ca৷৷2.12.22৷৷\n\n"
    },
    {
        "sloka": "atyantasukumārasya tasya dharmē dhṛtātmanaḥ.\n\nkathaṅ rōcayasē vāsamaraṇyē bhṛśadāruṇē৷৷2.12.23৷৷\n\n"
    },
    {
        "sloka": "rōcayasyabhirāmasya rāmasya śubhalōcanē!.\n\ntava śuśrūṣamāṇasya kimarthaṅ vipravāsanam৷৷2.12.24৷৷\n\n"
    },
    {
        "sloka": "rāmō hi bharatādbhūyastava śuśrūṣatē sadā.\n\nviśēṣaṅ tvayi tasmāttu bharatasya na lakṣayē৷৷2.12.25৷৷\n\n"
    },
    {
        "sloka": "śuśrūṣāṅ gauravaṅ caiva pramāṇaṅ vacanakriyām.\n\nkastē bhūyastaraṅ kuryādanyatra manujarṣabhāt৷৷2.12.26৷৷\t\n\nbahūnāṅ strīsahasrāṇāṅ bahūnāṅ cōpajīvinām.\n\n"
    },
    {
        "sloka": "parivādō.pavādō vā rāghavē nōpapadyatē৷৷2.12.27৷৷\n\nsāntvayansarvabhūtāni rāma śśuddhēna cētasā.\n\ngṛhṇāti manujavyāghra priyairviṣayavāsinaḥ৷৷2.12.28৷৷\n\n"
    },
    {
        "sloka": "satyēna lōkān jayati dīnān dānēna rāghavaḥ.\n\ngurūñchuśrūṣayā vīrō dhanuṣā yudhi śātravān৷৷2.12.29৷৷\n\n"
    },
    {
        "sloka": "satyaṅ dānaṅ tapastyāgō mitratā śaucamārjavam.\n\nvidyā ca guruśuśrūṣā dhruvāṇyētāni rāghavē৷৷2.12.30৷৷\n\n"
    },
    {
        "sloka": "tasminnārjavasampannē dēvi! dēvōpamē katham.\n\npāpamāśaṅsasē rāmē maharṣisamatējasi৷৷2.12.31৷৷\n\n"
    },
    {
        "sloka": "na smarāmyapriyaṅ vākyaṅ lōkasya priyavādinaḥ.\n\nsa kathaṅ tvatkṛtē rāmaṅ vakṣyāmi priyamapriyam৷৷2.12.32৷৷\n\n"
    },
    {
        "sloka": "kṣamā yasmindamastyāga satyaṅ dharmaḥ kṛtajñatā.\n\napyahiṅsā ca bhūtānāṅ tamṛtē kā gatirmama৷৷2.12.33৷৷\n\n"
    },
    {
        "sloka": "mama vṛddhasya kaikēyi gatāntasya tapasvinaḥ!.\n\ndīnaṅ lālapyamānasya kāruṇyaṅ kartumarhasi৷৷2.12.34৷৷\n\n"
    },
    {
        "sloka": "pṛthivyāṅ sāgarāntāyāṅ yatkiñcidadhigamyatē.\n\ntatsarvaṅ tava dāsyāmi mā ca tvāṅ manyurāviśēt৷৷2.12.35৷৷\n\n"
    },
    {
        "sloka": "añjaliṅ karōmi kaikēyi! pādau cāpi spṛśāmi tē.\n\nśaraṇaṅ bhava rāmasya mā.dharmō māmiha spṛśēt৷৷2.12.36৷৷\n\n"
    },
    {
        "sloka": "iti duḥkhābhisantaptaṅ vilapantamacētanam.\n\nghūrṇamānaṅ mahārājaṅ śōkēna samabhiplutam৷৷2.12.37৷৷\n\npāraṅ śōkārṇavasyāśu prārthayantaṅ punaḥ punaḥ. \t\n\npratyuvācātha kaikēyī raudrā raudrataraṅ vacaḥ৷৷2.12.38৷৷\n\n"
    },
    {
        "sloka": "yadi dattvā varau rājanpunaḥ pratyanutapyasē. \n\ndhārmikatvaṅ kathaṅ vīra! pṛthivyāṅ kathayiṣyasi৷৷2.12.39৷৷\n\n"
    },
    {
        "sloka": "yadā samētā bahavastvayā rājarṣaya ssaha. \n\nkathayiṣyanti dharmajña! tatra kiṅ prativakṣyasi৷৷2.12.40৷৷\n\n"
    },
    {
        "sloka": "yasyāḥ prasādē jīvāmi yā ca māmabhyapālayat.\n\ntasyāḥ kṛtam mayā mithyā kaikēyyā iti vakṣayasi৷৷2.12.41৷৷\n\n"
    },
    {
        "sloka": "kilbiṣatvaṅ narēndrāṇāṅ kariṣyasi narādhipa!.\n\nyō datvā varamadyaiva punaranyāni bhāṣasē৷৷2.12.42৷৷\n\n"
    },
    {
        "sloka": "śaibyaśśyēnakapōtīyē svamāṅsaṅ pakṣiṇē dadau.\n\nalarkaścakṣuṣī datvā jagāma gatimuttamām৷৷2.12.43৷৷\n\n"
    },
    {
        "sloka": "sāgarassamayaṅ kṛtvā na vēlāmativartatē.\n\nsamayaṅ mā.nṛtaṅ kārṣīḥ pūrvavṛttamanusmaran৷৷2.12.44৷৷\n\n"
    },
    {
        "sloka": "sa tvaṅ dharmaṅ parityajya rāmaṅ rājyē.bhiṣicya ca.\n\nsaha kausalyayā nityaṅ rantumicchasi durmatē!৷৷2.12.45৷৷\n\n"
    },
    {
        "sloka": "bhavatvadharmō dharmō vā satyaṅ vā yadi vā.nṛtam.\n\nyattvayā saṅśrutaṅ mahyaṅ tasya nāsti vyatikramaḥ৷৷2.12.46৷৷\n\n"
    },
    {
        "sloka": "ahaṅ hi viṣamadyaiva pītvā bahu tavāgrataḥ.\n\npaśyatastē mariṣyāmi rāmō yadyabhiṣicyatē৷৷2.12.47৷৷\n\n"
    },
    {
        "sloka": "ēkāhamapi paśyēyaṅ yadyahaṅ rāmamātaram.\n\nañjaliṅ pratigṛhṇantīṅ śrēyō nanu mṛtirmama৷৷2.12.48৷৷\n\n"
    },
    {
        "sloka": "bharatēnātmanā cāhaṅ śapē tē manujādhipa!. \n\nyathā nānyēna tuṣyēyamṛtē rāmavivāsanāt৷৷2.12.49৷৷\n\n"
    },
    {
        "sloka": "ētāvaduktvā vacanaṅ kaikēyī virarāma ha.\n\nvilapantaṅ ca rājānaṅ na prativyājahāra sā৷৷2.12.50৷৷\n\n"
    },
    {
        "sloka": "śrutvā tu rājā kaikēyyā vṛtaṅ paramaśōbhanam.\n\nrāmasya ca vanē vāsamaiśvaryaṅ bharatasya ca৷৷2.12.51৷৷\t\n\nnābhyabhāṣata kaikēyīṅ muhūrtaṅ vyākulēndriyaḥ.\n\n"
    },
    {
        "sloka": "praikṣatānimiṣō dēvīṅ priyāmapriyavādinīm৷৷2.12.52৷৷\n\ntāṅ hi vajrasamāṅ vācamākarṇya hṛdayāpriyām.\n\nduḥkhaśōkamayīṅ ghōrāṅ rājā na sukhitō.bhavat৷৷2.12.53৷৷\n\n"
    },
    {
        "sloka": "sa dēvyā vyavasāyaṅ ca ghōraṅ ca śapathaṅ kṛtam.\n\ndhyātvā rāmēti niśśvasya chinna starurivāpatat৷৷2.12.54৷৷\n\n"
    },
    {
        "sloka": "naṣṭacittō yathōnmattō viparītō yathā.turaḥ.\n\nhṛtatējā yathā sarpō babhūva jagatīpatiḥ৷৷2.12.55৷৷\n\n"
    },
    {
        "sloka": "dīnayā tu girā rājā iti hōvāca kaikayīm.\n\nanarthamimamarthābhaṅ kēna tvamupadarśitā৷৷2.12.56৷৷\n\nbhūtōpahatacittēva bruvantī māṅ na lajjasē.\n\n"
    },
    {
        "sloka": "śīlavyasanamētattē nābhijānāmyahaṅ purā৷৷2.12.57৷৷\t\n\nbālāyāstattvitidānīṅ tē lakṣayē viparītavat.\n\n"
    },
    {
        "sloka": "kutō vā tē bhayaṅ jātaṅ yā tvamēvaṅvidhaṅ varam৷৷2.12.58৷৷\n\nrāṣṭrē bharatamāsīnaṅ vṛṇīṣē rāghavaṅ vanē.\n\n"
    },
    {
        "sloka": "viramaitēna bhāvēna tvamētēnānṛtēna vā৷৷2.12.59৷৷\n\nyadi bhartuḥ priyaṅ kāryaṅ lōkasya bharatasya ca.\n\n"
    },
    {
        "sloka": "nṛśaṅsē! pāpasaṅkalpē! kṣudrē! duṣkṛtakāriṇi!৷৷2.12.60৷৷\n\nkinnu dukhamalīkaṅ vā mayi rāmē ca paśyasi.\n\n"
    },
    {
        "sloka": "na kathañcidṛtē rāmādbharatō rājyamāvasēt৷৷2.12.61৷৷\n\nrāmādapi hi taṅ manyē dharmatō balavattaram.\n\n"
    },
    {
        "sloka": "kathaṅ drakṣyāmi rāmasya vanaṅ gacchēti bhāṣitē৷৷2.12.62৷৷\n\nmukhavarṇaṅ vivarṇaṅ tu taṅ yathaivēndumupaplutam. \n\n"
    },
    {
        "sloka": "tāṅ hi mē sukṛtāṅ buddhiṅ suhṛdbhissaha niścitām৷৷2.12.63৷৷\n\nkathaṅ drakṣyāmyapāvṛttāṅ parairiva hatāṅ camūm. \n\nkiṅ māṅ vakṣyanti rājānō nānādigbhya ssamāgatāḥ৷৷2.12.64৷৷\n\nbālō batā.yamaikṣvākaściraṅ rājyamakārayat. \n\n"
    },
    {
        "sloka": "yadā tu bahavō vṛddhā guṇavantō bahuśrutāḥ৷৷2.12.65৷৷\n\npariprakṣyanti kākutsthaṅ vakṣyāmi kimahaṅ tadā. \n\n"
    },
    {
        "sloka": "kaikēyyā kliśyamānēna rāmaḥ pravrājitō mayā৷৷2.12.66৷৷\n\nyadi satyaṅ bravīmyētattadasatyaṅ bhaviṣyati. \n\n"
    },
    {
        "sloka": "kiṅ māṅ vakṣyati kauśalyā rāghavē vanamāsthitē৷৷2.12.67৷৷\n\nkiṅ caināṅ prativakṣyāmi kṛtvā vipriyamīdṛśam.\n\n"
    },
    {
        "sloka": "yadā yadā hi kauśalyā dāsīvacca sakhīva ca৷৷2.12.68৷৷\n\nbhāryāvadbhaginīvacca mātṛvaccōpatiṣṭhati. \n\nsatataṅ priyakāmā mē priyaputrā priyaṅvadā৷৷2.12.69৷৷\n\nna mayā satkṛtā dēvī satkārārhā kṛtē tava.\n\n"
    },
    {
        "sloka": "idānīṅ tattapati māṅ yanmayā sukṛtaṅ tvayi৷৷2.12.70৷৷\n\napathyavyañjanōpētaṅ bhuktamannamivāturam. \n\n"
    },
    {
        "sloka": "viprakāraṅ ca rāmasya samprayāṇaṅ vanasya ca৷৷2.12.71৷৷\n\nsumitrā prēkṣya vai bhītā kathaṅ mē viśvasiṣyati.\n\n"
    },
    {
        "sloka": "kṛpaṇaṅ bata vaidēhī śrōṣyati dvayamapriyam৷৷2.12.72৷৷\n\nmāṅ ca pañcatvamāpannaṅ rāmaṅ ca vanamāśritam. \n\n"
    },
    {
        "sloka": "vaidēhī bata mē prāṇānśōcantī kṣapayiṣyati৷৷2.12.73৷৷\n\nhīnā himavataḥ pārśvē kinnarēṇēva kinnarī.\n\n"
    },
    {
        "sloka": "na hi rāmamahaṅ dṛṣṭvā pravasantaṅ mahāvanē৷৷2.12.74৷৷\n\nciraṅ jīvitumāśaṅsē rudantīṅ cāpi maithilīm. \n\n"
    },
    {
        "sloka": "sā nūnaṅ vidhavā rājyaṅ saputrā kārayiṣyasi৷৷2.12.75৷৷\n\nna hi pravrājitē rāmē dēvi! jīvitumutsahē.\n\n"
    },
    {
        "sloka": "satīṅ tvāmahamatyantaṅ vyavasyāmyasatīṅ satīm. \n\nrūpiṇīṅ viṣasaṅyuktāṅ pītvēva madirāṅ naraḥ৷৷2.12.76৷৷\n\n"
    },
    {
        "sloka": "anṛtairbahu māṅ sāntvai ssāntvayantī sma bhāṣasē. \n\ngītaśabdēna saṅrudhya lubdhō mṛgamivāvadhīḥ৷৷2.12.77৷৷\n\n"
    },
    {
        "sloka": "anārya iti māmāryāḥ putravikrāyakaṅ dhruvam. \n\ndhikkariṣyanti rathyāsu surāpaṅ brāhmaṇaṅ yathā৷৷2.12.78৷৷\n\n"
    },
    {
        "sloka": "ahō! duḥkhamahō! kṛcchraṅ yatra vācaḥ kṣamē tava. \n\nduḥkhamēvaṅvidhaṅ prāptaṅ purākṛtamivāśubham৷৷2.12.79৷৷\n\n"
    },
    {
        "sloka": "ciraṅ khalu mayā pāpē tvaṅ pāpēnābhirakṣitā. \n\najñānādupasampannā rajjurudbandhinī yathā৷৷2.12.80৷৷\n\n"
    },
    {
        "sloka": "ramamāṇastvayā sārdhaṅ mṛtyuṅ tvāṅ nābhilakṣayē. \n\nbālō rahasi hastēna kṛṣṇasarpamivāspṛśam৷৷2.12.81৷৷\n\n"
    },
    {
        "sloka": "mayā hyapitṛkaḥ putra ssamahātmā durātmanā. \n\ntaṅ tu māṅ jīvalōkō.yaṅ nūnamākrōṣṭumarhati৷৷2.12.82৷৷\n\n"
    },
    {
        "sloka": "bāliśō bata kāmātmā rājā daśarathō bhṛśam.\n\nyaḥ strīkṛtē priyaṅ putraṅ vanaṅ prasthāpayiṣyati৷৷2.12.83৷৷\n\n"
    },
    {
        "sloka": "vrataiśca brahmacaryaiśca gurubhiścōpakarśitaḥ.\n\nbhōgakālē mahatkṛcchraṅ punarēva prapatsyatē৷৷2.12.84৷৷\n\n"
    },
    {
        "sloka": "nālaṅ dvitīyaṅ vacanaṅ putrō māṅ pratibhāṣitum.\n\nsa vanaṅ pravrajētyuktō bāḍhamityēva vakṣyati৷৷2.12.85৷৷\n\n"
    },
    {
        "sloka": "yadi mē rāghavaḥ kuryādvanaṅ gacchēti cōditaḥ.\n\npratikūlaṅ priyaṅ mē syānna tu vatsaḥ kariṣyati৷৷2.12.86৷৷\n\n"
    },
    {
        "sloka": "śuddhabhāvō hi bhāvaṅ mē na tu jñāsyati rāghavaḥ৷৷2.12.87৷৷\t\n\nsa vanaṅ prabrajē tyuktō bāḍha mityēva vakṣayati.\n\n"
    },
    {
        "sloka": "rāghavē hi vanaṅ prāptē sarvalōkasya dhikkṛtam৷৷2.12.88৷৷\n\nmṛtyurakṣamaṇīyaṅ māṅ nayiṣyati yamakṣayam.\n\n"
    },
    {
        "sloka": "mṛtē mayi gatē rāmē vanaṅ manujapuṅgavē৷৷2.12.89৷৷\n\niṣṭē mama janē śēṣē kiṅ pāpaṅ pratipatsyasē.\n\n"
    },
    {
        "sloka": "kauśalyā māṅ ca rāmaṅ ca putrau ca yadi hāsyati৷৷2.12.90৷৷\n\nduḥkhānyasahatī dēvī māmēvānumariṣyati.\n\n"
    },
    {
        "sloka": "kausalyāṅ ca sumitrāṅ ca māṅ ca putraistribhissaha৷৷2.12.91৷৷\t\n\nprakṣipya narakē sā tvaṅ kaikēyi! sukhitā bhava.\n\n"
    },
    {
        "sloka": "mayā rāmēṇa ca tyaktaṅ śāśvataṅ satkṛtaṅ guṇaiḥ৷৷2.12.92৷৷\n\nikṣvākukulamakṣōbhyamākulaṅ pālayiṣyasi.\n\n"
    },
    {
        "sloka": "priyaṅ cēdbharatasyaitadrāmapravrājanaṅ bhavēt৷৷2.12.93৷৷\n\nmā sma mē bharataḥ kārṣītprētakṛtyaṅ gatāyuṣaḥ.\n\n"
    },
    {
        "sloka": "hantānāryē! mamāmitrē! sakāmā bhava kaikayi৷৷2.12.94৷৷\n\nmṛtē mayi gatē rāmē vanaṅ puruṣapuṅgavē.\n\nsēdānīṅ vidhavā rājyaṅ saputrā kārayiṣyasi৷৷2.12.95৷৷\n\n"
    },
    {
        "sloka": "tvaṅ rājaputrīvādēna nyavasō mama vēśmani. \t\n\nakīrtiścātulā lōkē dhruvaḥ paribhavaśca mē৷৷2.12.96৷৷\n\nsarvabhūtēṣu cāvajñā yathā pāpakṛtastathā. \n\n"
    },
    {
        "sloka": "kathaṅ rathairvibhuryātvā gajāśvaiśca muhurmuhuḥ৷৷2.12.97৷৷\n\npadbhyāṅ rāmō mahāraṇyē vatsō mē vicariṣyati.\n\n"
    },
    {
        "sloka": "yasya tvāhārasamayē sūdāḥ kuṇḍaladhāriṇaḥ৷৷2.12.98৷৷\n\nahaṅpūrvāḥ pacanti sma praśastaṅ pānabhōjanam.\n\nsa kathannu kaṣāyāṇi tiktāni kaṭukāni ca৷৷2.12.99৷৷\n\nbhakṣayanvanyamāhāraṅ sutō mē vartayiṣyati.\n\n"
    },
    {
        "sloka": "mahārhavastrasaṅvītō bhūtvā cirasukhōṣitaḥ৷৷2.12.100৷৷\n\nkāṣāyaparidhānastu kathaṅ bhūmaunivatsyati.\n\n"
    },
    {
        "sloka": "kasyaitaddhāruṇaṅ vākyamēvaṅvidhamacintitam৷৷2.12.101৷৷\n\nrāmasyāraṇyagamanaṅ bharatasyābhiṣēcanam.\n\n"
    },
    {
        "sloka": "dhigastu yōṣitō nāma śaṭhā ssvārthaparāssadā.\n\nna bravīmi striya ssarvā bharatasyaiva mātaram৷৷2.12.102৷৷\n\n"
    },
    {
        "sloka": "anarthabhāvē.rthaparē! nṛśaṅsē mamānutāpāya niviṣṭabhāvē!.\n\nkimapriyaṅ paśyasi mannimittaṅ hitānukāriṇyathavā.pi rāmē৷৷2.12.103৷৷\n\n"
    },
    {
        "sloka": "parityajēyuḥ pitarō hi putrānbhāryāḥ patīṅścāpi kṛtānurāgāḥ.\n\nkṛtsnaṅ hi sarvaṅ kupitaṅ jagatsyāddṛṣṭvaiva rāmaṅ vyasanē nimagnam৷৷2.12.104৷৷\n\n"
    },
    {
        "sloka": "ahaṅ punardēvakumārarūpamalaṅkṛtaṅ taṅ sutamāvrajantam.\n\nnandāmi paśyannapi darśanēna bhavāmi dṛṣṭvaiva ca punaryuvēva৷৷2.12.105৷৷\n\n"
    },
    {
        "sloka": "vinā.pi sūryēṇa bhavētpravṛttiravarṣatā vajradharēṇa vā.pi.\n\nrāmaṅ tu gacchantamita ssamīkṣya jīvēnna kaścittviti cētanā mē৷৷2.12.106৷৷\n\n"
    },
    {
        "sloka": "vināśakāmāmahitāmamitrāmāvāsayaṅ mṛtyumivātmanastvām.\n\nciraṅ batāṅkēna dhṛtāsi sarpī mahāviṣā tēna hatō.smi mōhāt৷৷2.12.107৷৷\n\n"
    },
    {
        "sloka": "mayā ca rāmēṇa ca lakṣmaṇēna praśāstu hīnō bharatastvayā saha.\n\npuraṅ ca rāṣṭraṅ ca nihatya bāndhavān mamāhitānāṅ ca bhavābhiharṣiṇī৷৷2.12.108৷৷\n\n"
    },
    {
        "sloka": "nṛśaṅsavṛttē vyasanaprahāriṇi prasahya vākyaṅ yadihādya bhāṣasē.\n\nna nāma tē kēna mukhātpatantyadhō viśīryamāṇā daśanā ssahasradhā৷৷2.12.109৷৷\n\n"
    },
    {
        "sloka": "na kiñcidāhāhitamapriyaṅ vacō na vētti rāmaḥ paruṣāṇi bhāṣitum.\n\nkathannu rāmē hyabhirāmavādini bravīṣi dōṣānguṇanityasammatē৷৷2.12.110৷৷\n\n"
    },
    {
        "sloka": "pratāmya vā prajvala vā praṇaśya vā sahasraśō vā sphuṭitā mahīṅ vraja. \n\nna tē kariṣyāmi vaca ssudāruṇaṅ mamāhitaṅ kēkayarājapāṅsani৷৷2.12.111৷৷\n\n"
    },
    {
        "sloka": "kṣurōpamāṅ nityamasatpriyaṅvadāṅ praduṣṭabhāvāṅ svakulōpaghātinīm.\n\nna jīvituṅ tvāṅ viṣahē.manōramāṅ didhakṣamāṇāṅ hṛdayaṅ sabandhanam৷৷2.12,112৷৷\n\n"
    },
    {
        "sloka": "na jīvitaṅ mē.sti punaḥkuta ssukhaṅ vinā৷৷tmajēnā.tmavataḥ kutō ratiḥ.\n\nmamāhitaṅ dēvi na kartumarhasi spṛśāmi pādāvapi tē prasīda mē৷৷2.12.113৷৷\n\n"
    },
    {
        "sloka": "sa bhūmipālō vilapannanāthavatstriyā gṛhītō hṛdayē.timātrayā.\n\npapāta dēvyāścaraṇau prasāritāvubhāvasamspṛśya yathā.turastathā৷৷2.12.114৷৷\n\n"
    }
]