[
    {
        "sloka": "[Description of Rama's virtues- Dasaratha contemplates to install Rama as heir-apparent- Invites kings and elders from towns and villages to seek their opinion.]\n\ngacchatā mātulakulaṅ bharatēna tadā.nagha.\n\nśatrughnō nityaśatrughnō nītaḥ prītipuraskṛtaḥ৷৷2.1.1৷৷\n\n"
    },
    {
        "sloka": "tatra nyavasadbhrātrā saha satkārasatkṛtaḥ.\n\nmātulēnāśvapatinā putrasnēhēna lālitaḥ৷৷2.1.2৷৷\n\n"
    },
    {
        "sloka": "tatrāpi nivasantau tau tarpyamāṇau ca kāmataḥ.\n\nbhrātarau smaratāṅ vīrau vṛddhaṅ daśarathaṅ nṛpam৷৷2.1.3৷৷\n\n"
    },
    {
        "sloka": "rājā.pi tau mahātējā ssasmāra prōṣitau sutau.\n\nubhau bharataśatrughnau mahēndravaruṇōpamau৷৷2.1.4৷৷\n\n"
    },
    {
        "sloka": "sarva ēva tu tasyēṣṭā ścatvāraḥ puruṣarṣabhāḥ.\n\nsvaśarīrādvinirvṛttāścatvāra iva bāhavaḥ৷৷2.1.5৷৷\n\n"
    },
    {
        "sloka": "tēṣāmapi mahātējā rāmō ratikaraḥpituḥ.\n\nsvayambhūriva bhūtānāṅ babhūva guṇavattaraḥ৷৷2.1.6৷৷\n\n"
    },
    {
        "sloka": "sa hi dēvairudīrṇasya rāvaṇasya vadhārthibhiḥ.\n\narthitō mānuṣē lōkē jajñē viṣṇussanātanaḥ৷৷2.1.7৷৷\n\n"
    },
    {
        "sloka": "kauśalyā śuśubhē tēna putrēṇāmitatējasā.\n\nyathā varēṇa dēvānāmaditirvajrapāṇinā৷৷2.1.8৷৷\n\n"
    },
    {
        "sloka": "sa hi rūpōpapannaśca vīryavānanasūyakaḥ.\n\nbhūmauvanupamassūnurguṇairdaśarathōpamaḥ৷৷2.1.9৷৷\n\n"
    },
    {
        "sloka": "sa tu nityaṅ praśāntātmā mṛdupūrvaṅ ca bhāṣatē.\n\nucyamānō.pi paruṣaṅ nōttaraṅ pratipadyatē৷৷2.1.10৷৷\n\n"
    },
    {
        "sloka": "kathañcidupakārēṇa kṛtēnaikēna tuṣyati.\n\nna smaratyapakārāṇāṅ śatamapyātmavattayā৷৷2.1.11৷৷\n\n"
    },
    {
        "sloka": "śīlavṛddhairjñānavṛddhairvayōvṛddhaiśca sajjanaiḥ.\n\nkathayannāsta vai nityamastrayōgyāntarēṣvapi৷৷2.1.12৷৷\n\n"
    },
    {
        "sloka": "buddhimānmadhurābhāṣī pūrvabhāṣī priyaṅvadaḥ.\n\nvīryavānna ca vīryēṇa mahatā svēna vismitaḥ৷৷2.1.13৷৷\n\n"
    },
    {
        "sloka": "nacānṛtakathō vidvān vṛddhānāṅ pratipūjakaḥ.\n\nanuraktaḥ prajābhiśca prajāścāpyanurañjatē৷৷2.1.14৷৷\n\n"
    },
    {
        "sloka": "sānukrōśō jitakrōdhō brāhmaṇapratipūjakaḥ.\n\ndīnānukampī dharmajñō nityaṅ pragrahavāṅścuciḥ৷৷2.1.15৷৷\n\n"
    },
    {
        "sloka": "kulōcitamatiḥ kṣātraṅ dharmaṅ svaṅ bahumanyatē.\n\nmanyatē parayā kīrtyā mahatsvargaphalaṅ tataḥ৷৷2.1.16৷৷\n\n"
    },
    {
        "sloka": "nā৷৷śrēyasi ratō vidvānnaviruddhakathāruciḥ.\n\nuttarōttarayuktau ca vaktā vācaspatiryathā৷৷2.1.17৷৷\n\n"
    },
    {
        "sloka": "arōgastaruṇō vāgmī vapuṣmāndēśakālavit.\n\nlōkē puruṣasārajña ssādhurēkō vinirmitaḥ৷৷2.1.18৷৷\n\n"
    },
    {
        "sloka": "sa tu śrēṣṭhairguṇairyuktaḥ prajānāṅ pārthivātmajaḥ.\n\nbahiścara iva prāṇō babhūva guṇataḥ priyaḥ৷৷2.1.19৷৷\n\n"
    },
    {
        "sloka": "samyagvidyāvratasnātō yathāvatsāṅgavēdavit.\n\niṣvastrē ca pitu śśrēṣṭhō babhūva bharatāgrajaḥ৷৷2.1.20৷৷\n\n"
    },
    {
        "sloka": "kalyāṇābhijana ssādhuradīna ssatyavāgṛjuḥ.\n\nvṛddhairabhivinītaśca dvijairdharmārthadarśibhiḥ৷৷2.1.21৷৷\n\n"
    },
    {
        "sloka": "dharmakāmārthatattvajñaḥ smṛtimānpratibhānavān.\n\nlaukikē samayācārē kṛtakalpō viśāradaḥ৷৷2.1.22৷৷\n\n"
    },
    {
        "sloka": "nibhṛta ssaṅvṛtākārō guptamantra ssahāyavān.\n\namōghakrōdhaharṣaśca tyāgasaṅyamakālavit৷৷2.1.23৷৷\n\n"
    },
    {
        "sloka": "dṛḍhabhakti ssthiraprajñō nāsadgrāhī na durvacāḥ.\n\nnistandrirapramattaśca svadōṣaparadōṣavit৷৷2.1.24৷৷\n\n"
    },
    {
        "sloka": "śāstrajñaśca kṛtajñaśca puruṣāntarakōvidaḥ.\n\nyaḥ pragrahānugrahayōryathānyāyaṅ vicakṣaṇaḥ৷৷2.1.25৷৷\n\n"
    },
    {
        "sloka": "satsaṅgrahapragrahaṇē sthānavinnigrahasya ca.\n\nāyakarmaṇyupāyajña ssandṛṣṭavyayakarmavit৷৷2.1.26৷৷\n\n"
    },
    {
        "sloka": "śraiṣṭhyaṅ śāstrasamūhēṣu prāptō vyāmiśrakēṣu ca.\n\narthadhamau ca saṅgṛhya sukhatantrō na cālasaḥ৷৷2.1.27৷৷\n\n"
    },
    {
        "sloka": "vaihārikāṇāṅ śilpānāṅ vijñātā৷৷rthavibhāgavit.\n\nārōhē vinayē caiva yuktō vāraṇavājinām৷৷2.1.28৷৷\n\n"
    },
    {
        "sloka": "dhanurvēdavidāṅ śrēṣṭhō lōkē.tirathasammataḥ.\n\nabhiyātā prahartā ca sēnānayaviśāradaḥ৷৷2.1.29৷৷\n\n"
    },
    {
        "sloka": "apradhṛṣyaśca saṅgrāmē krudhdairapi surāsuraiḥ.\n\nanasūyō jitakrōdhō na dṛptō na ca matsarī.\n\nna cāvamantā bhūtānāṅ na ca kālavaśānugaḥ৷৷2.1.30৷৷\n\n"
    },
    {
        "sloka": "ēvaṅ śrēṣṭhaguṇairyuktaḥ prajānāṅ pārthivātmajaḥ.\n\nsammatastriṣu lōkēṣu vasudhāyāḥ kṣamāguṇaiḥ৷৷2.1.31৷৷\n\nbuddhyā bṛhaspatēstulyō vīryēṇāpi śacīpatēḥ.\n\n"
    },
    {
        "sloka": "tathā sarvaprajākāntaiḥ prītisaṅjananaiḥ pituḥ৷৷2.1.32৷৷\n\nguṇairvirurucē rāmō dīptassūrya ivāṅśubhiḥ.\n\n"
    },
    {
        "sloka": "tamēvaṅ vratasampannamapradhṛṣyaparākramam৷৷2.1.33৷৷\n\nlōka pālōpamaṅ nāthamakāmayata mēdinī.\n\n"
    },
    {
        "sloka": "ētaistu bahubhiryuktaṅ guṇairanupamaissutam৷৷2.1.34৷৷\n\ndṛṣṭvā daśarathō rājā cakrē cintāṅ parantapaḥ.\n\n"
    },
    {
        "sloka": "atha rājñō babhūvaivaṅ vṛddhasya cirajīvinaḥ৷৷2.1.35৷৷\n\nprītirēṣā kathaṅ rāmō rājā syānmayi jīvati.\n\n"
    },
    {
        "sloka": "ēṣā hyasya parā prītirhṛdi saṅparivartatē৷৷2.1.36৷৷\n\nkadā nāma sutaṅ drakṣyāmyabhiṣiktamahaṅ priyam.\n\n"
    },
    {
        "sloka": "vṛddhikāmō hi lōkasya sarvabhūtānukampanaḥ৷৷2.1.37৷৷\n\nmattaḥ priyatarō lōkē parjanya iva vṛṣṭimān.\n\n"
    },
    {
        "sloka": "yamaśakrasamō vīryē bṛhaspatisamō matau৷৷2.1.38৷৷\n\nmahīdharasamō dhṛtyāṅ mattaśca guṇavattaraḥ.\n\n"
    },
    {
        "sloka": "mahīmahamimāṅ kṛtsnāmadhitiṣṭhantamātmajam৷৷2.1.39৷৷\n\nanēna vayasā dṛṣṭvā yathāsvargamavāpnuyām.\n\n"
    },
    {
        "sloka": "ityētairvividhaistaistairanyapārthivadurlabhaiḥ৷৷2.1.40৷৷\n\nśiṣṭairaparimēyaiśca lōkē lōkōttarairguṇaiḥ.\n\ntaṅ samīkṣya mahārājō yuktaṅ samuditaiśśubhaiḥ৷৷2.1.41৷৷\n\nniścitya sacivaissārdhaṅ yuvarājamamanyata.\n\n"
    },
    {
        "sloka": "divyantarikṣē bhūmau ca ghōramutpātajaṅ bhayam৷৷2.1.42৷৷\n\nsañcacakṣē.tha mēdhāvī śarīrē cātmanō jarām.\n\n"
    },
    {
        "sloka": "pūrṇacandrānanasyātha śōkāpanudamātmanaḥ৷৷2.1.43৷৷\n\nlōkē rāmasya bubudhē sampriyatvaṅ mahātmanaḥ.\n\n"
    },
    {
        "sloka": "ātmanaśca prajānāṅ ca śrēyasē ca priyēṇa ca৷৷2.1.44৷৷\n\nprāptakālēna dharmātmā bhaktyā tvaritavān nṛpaḥ.\n\n"
    },
    {
        "sloka": "nānānagaravāstavyānpṛthagjānapadānapi৷৷2.1.46৷৷\n\nsamānināya mēdinyāḥ pradhānānpṛthivīpatīn.\n\n"
    },
    {
        "sloka": "na tu kēkayarājānaṅ janakaṅ vā narādhipaḥ৷৷2.1.46৷৷\n\ntvarayā cānayāmāsa paścāttau śrōṣyataḥ priyam.\n\n"
    },
    {
        "sloka": "tānvēśmanānābharaṇairyathā.rhaṅ pratipūjitān৷৷2.1.47৷৷\n\ndadarśālaṅkṛtō rājā prajāpatiriva prajāḥ.\n\n"
    },
    {
        "sloka": "athōpaviṣṭē nṛpatau tasminparabalārdanē৷৷2.1.48৷৷\n\ntataḥ praviviśu śśēṣā rājānō lōkasammatāḥ.\n\n"
    },
    {
        "sloka": "atha rājavitīrṇēṣu vividhēṣvāsanēṣu ca৷৷2.1.49৷৷\n\nrājānamēvābhimukhāḥ niṣēdurniyatā nṛpāḥ.\n\n"
    },
    {
        "sloka": "salabdhamānairvinayānvitairnṛpaiḥ\n\npurālayairjānapadaiśca mānadaiḥ.   \n\nupōpaviṣṭairnṛpatirvṛtō babhau\n\nsahasracakṣurbhagavānivāmaraiḥ৷৷2.1.50৷৷\n\n"
    }
]