[
    {
        "sloka": "abhivādya ca kausalyāṅ rāma ssaṅprasthitō vanam.\n\nkṛtasvastyayanō mātrā dharmiṣṭhē vartmani sthitaḥ৷৷2.26.1৷৷\n\nvirājayanrājasutō rājamārgaṅ narairvṛtam.\n\nhṛdayānyāmamanthēva janasya guṇavattayā৷৷2.26.2৷৷\n\n"
    },
    {
        "sloka": "[Sita enquires why Rama is distressed-Rama informs her about his impending banishment and instructs her to stay back in Ayodhya.] \n\nabhivādya ca kausalyāṅ rāma ssaṅprasthitō vanam.\n\nkṛtasvastyayanō mātrā dharmiṣṭhē vartmani sthitaḥ৷৷2.26.1৷৷\n\nvirājayanrājasutō rājamārgaṅ narairvṛtam.\n\nhṛdayānyāmamanthēva janasya guṇavattayā৷৷2.26.2৷৷\n\n"
    },
    {
        "sloka": "vaidēhī cāpi tatsarvaṅ na śuśrāva tapasvinī.\n\ntadēva hṛdi tasyāśca yauvarājyābhiṣēcanam৷৷2.26.3৷৷\n\n"
    },
    {
        "sloka": "dēvakāryaṅ svayaṅ kṛtvā kṛtajñā hṛṣṭacētanā.\n\nabhijñā rājadharmāṇāṅ rājaputraṅ pratīkṣatē৷৷2.26.4৷৷\n\n"
    },
    {
        "sloka": "pravivēśātha rāmastu svaṅ vēśma suvibhūṣitam.\n\nprahṛṣṭajanasampūrṇaṅ hriyā kiñcidavāṅmukhaḥ৷৷2.26.5৷৷\n\n"
    },
    {
        "sloka": "atha sītā samutpatya vēpamānā ca taṅ patim.\n\napaśyacchōkasantaptaṅ cintāvyākulitēndriyam৷৷2.26.6৷৷\n\n"
    },
    {
        "sloka": "tāṅ dṛṣṭvā sa hi dharmātmā na śaśāka manōgatam.\n\ntaṅ śōkaṅ rāghavaḥ sōḍhuṅ tatō vivṛtatāṅ gataḥ৷৷2.26.7৷৷\n\n"
    },
    {
        "sloka": "vivarṇavadanaṅ dṛṣṭvā taṅ prasvinnamamarṣaṇam.\n\nāha duḥkhābhisantaptā kimidānīmidaṅ prabhō!৷৷2.26.8৷৷\n\n"
    },
    {
        "sloka": "adya bārhaspata śśrīmānyuktaḥ puṣyō.nu rāghava.\n\nprōcyatē brāhmaṇaiḥ prājñaiḥ kēna tvamasi durmanāḥ৷৷2.26.9৷৷\n\n"
    },
    {
        "sloka": "na tē śataśalākēna jalaphēnanibhēna ca.\n\nāvṛtaṅ vadanaṅ valgu chatrēṇāpi virājatē৷৷2.26.10৷৷\n\n"
    },
    {
        "sloka": "vyajanābhyāṅ ca mukhyābhyāṅ śatapatranibhēkṣaṇam.\n\ncandrahaṅsaprakāśābhyāṅ vījyatē na tavānanam৷৷2.26.11৷৷\n\n"
    },
    {
        "sloka": "vāgminō vandinaścāpi prahṛṣṭāstvāṅ nararṣabha.\n\nstuvantō nātra dṛśyantē maṅgalaiḥ ssūtamāgadhāḥ৷৷2.26.12৷৷\n\n"
    },
    {
        "sloka": "na tē kṣaudraṅ ca dadhi ca brāhmaṇā vēdapāragāḥ.\n\nmūrdhni mūrdhābhiṣiktasya dadati sma vidhānataḥ৷৷2.26.13৷৷\n\n"
    },
    {
        "sloka": "na tvāṅ prakṛtaya ssarvā śśrēṇīmukhyāśca bhūṣitāḥ.\n\nanuvrajitumicchanti paurajānapadāstathā৷৷2.26.14৷৷\n\n"
    },
    {
        "sloka": "caturbhirvēgasampannairhayaiḥ kāñcanabhūṣitaiḥ.\n\nmukhyaḥ puṣyarathō yuktaḥ kiṅ na gacchati tē.grataḥ৷৷2.26.15৷৷\n\n"
    },
    {
        "sloka": "hastī cāgrata śśrīmāṅ stava lakṣaṇapūjitaḥ.\n\nprayāṇē lakṣyatē vīra! kṛṣṇamēghagiri prabhaḥ৷৷2.26.16৷৷\n\n"
    },
    {
        "sloka": "na ca kāñcanacitraṅ tē paśyāmi priyadarśana!.\n\nbhadrāsanaṅ puraskṛtya yāntaṅ vīra puraskṛtam৷৷2.26.17৷৷\n\n"
    },
    {
        "sloka": "abhiṣēkō yathā sajjaḥ kimidānīmidaṅ tava.\n\napūrvō mukhavarṇaśca na praharṣaśca lakṣyatē৷৷2.26.18৷৷\n\n"
    },
    {
        "sloka": "itīva vilapantīṅ tāṅ prōvāca raghunandanaḥ.\n\nsītē! tatra bhavāṅstātaḥ pravrājayati māṅ vanam৷৷2.26.19৷৷\n\n"
    },
    {
        "sloka": "kulē mahati sambhūtē dharmajñē dharmacāriṇi!.\n\nśṛṇu jānaki! yēnēdaṅ kramēṇābhyāgataṅ mama৷৷2.26.20৷৷\n\n"
    },
    {
        "sloka": "rājñā satyapratijñēna pitrā daśarathēna ca.\n\nkaikēyyai mama mātrē tu purā dattau mahāvarau৷৷2.26.21৷৷\n\n"
    },
    {
        "sloka": "tayā.dya mama sajjē.sminnabhiṣēkē nṛpōdyatē.\n\npracōdita ssa samayō dharmēṇa pratinirjitaḥ৷৷2.26.22৷৷\n\n"
    },
    {
        "sloka": "caturdaśa hi varṣāṇi vastavyaṅ daṇḍakē mayā.\n\npitrā mē bharataścāpi yauvarājyē niyōjitaḥ৷৷2.26.23৷৷\n\n"
    },
    {
        "sloka": "sō.haṅ tvāmāgatō draṣṭuṅ prasthitō vijanaṅ vanam.\n\nbharatasya samīpē tu nāhaṅ kathyaḥ kadācana৷৷2.26.24৷৷\n\nbuddhiyuktā hi puruṣā na sahantē parastavam.\n\ntasmānnatē guṇāḥ kathyā bharatasyāgratō mama৷৷2.26.25৷৷\n\n"
    },
    {
        "sloka": "nāpi tvaṅ tēna bhartavyā viśēṣēṇa kadācana.\n\nanukūlatayā śakyaṅ samīpē tvasya vartitum৷৷2.26.26৷৷\n\n"
    },
    {
        "sloka": "tasmai dattaṅ nṛpatinā yauvarājyaṅ sanātanam.\n\nsa prasādyastvayā sītē! nṛpatiśca viśēṣataḥ৷৷2.26.27৷৷\n\n"
    },
    {
        "sloka": "ahaṅ cāpi pratijñāṅ tāṅ gurōssamanupālayan.\n\nvanamadyaiva yāsyāmi sthirā bhava manasvinī!৷৷2.26.28৷৷\n\n"
    },
    {
        "sloka": "yātē ca mayi kalyāṇi vanaṅ muniniṣēvitam.\n\nvratōpavāsaparayā bhavitavyaṅ tvayā.naghē৷৷2.26.29৷৷\n\n"
    },
    {
        "sloka": "kālyamutthāya dēvānāṅ kṛtvā pūjāṅ yathāvidhi.\n\nvanditavyō daśarathaḥ pitā mama narēśvaraḥ৷৷2.26.30৷৷\n\n"
    },
    {
        "sloka": "mātā ca mama kauśalyā vṛddhā santāpakarśitā.\n\ndharmamēvāgrataḥ kṛtvā tvatta ssammānamarhati৷৷2.27.31৷৷\n\n"
    },
    {
        "sloka": "vanditavyāśca tē nityaṅ yā śśēṣā mama mātaraḥ.\n\nsnēha praṇayasambhōgai ssamā hi mama mātaraḥ৷৷2.26.32৷৷\n\n"
    },
    {
        "sloka": "bhrātṛputrasamau cāpi draṣṭavyau ca viśēṣataḥ.\n\ntvayā bharataśatrughnau prāṇaiḥ priyatarau mama৷৷2.26.33৷৷\n\n"
    },
    {
        "sloka": "vipriyaṅ na ca kartavyaṅ bharatasya kadācana.\n\nsa hi rājā prabhuścaiva dēśasya ca kulasya ca৷৷2.26.34৷৷\n\n"
    },
    {
        "sloka": "ārādhitā hi śīlēna prayatnaiścōpasēvitāḥ.\n\nrājāna ssamprasīdanti kupyantica viparyayē৷৷2.26.35৷৷\n\n"
    },
    {
        "sloka": "aurasānapi putrānhi tyajantyahitakāriṇaḥ.\n\nsamarthānsampragṛhṇanti janānapi narādhipāḥ৷৷2.26.36৷৷\n\n"
    },
    {
        "sloka": "sā tvaṅ vasēha kalyāṇi! rājñassamanuvartinī.\n\nbharatasya ratā dharmē satyavrataparāyaṇā৷৷2.26.37৷৷\n\n"
    },
    {
        "sloka": "ahaṅ gamiṣyāmi mahāvanaṅ priyē!\n\ntvayā hi vastavyamihaiva bhāmini!. \n\nyathā vyalīkaṅ kuruṣē na kasya ci-\n\nttathā tvayā kāryamidaṅ vacō mama৷৷2.26.38৷৷\n\n"
    }
]