[
    {
        "sloka": "[Lamentations of women in Ayodhya.]\n\ntēṣāmēvaṅ viṣaṇṇānāṅ pīḍitānāmatīva ca.\n\nbāṣpaviplutanētrāṇāṅ saśōkānāṅ mumūrṣayā৷৷2.48.1৷৷\n\nanugamya nivṛttānāṅ rāmaṅ nagaravāsinām.\n\nudgatānīva satvāni babhūvuramanasvinām৷৷2.48.2৷৷\n\n"
    },
    {
        "sloka": "tēṣāmēvaṅ viṣaṇṇānāṅ pīḍitānāmatīva ca.\n\nbāṣpaviplutanētrāṇāṅ saśōkānāṅ mumūrṣayā৷৷2.48.1৷৷\n\nanugamya nivṛttānāṅ rāmaṅ nagaravāsinām.\n\nudgatānīva satvāni babhūvuramanasvinām৷৷2.48.2৷৷\n\n"
    },
    {
        "sloka": "svaṅ svaṅ nilayamāgamya putradāraissamāvṛtā.\n\naśrūṇi mumucussarvē bāṣpēṇa pihitānanāḥ৷৷2.48.3৷৷\n\n"
    },
    {
        "sloka": "na cāhṛṣyan nacāmōdan vaṇijō na prasārayan.\n\nna cāśōbhanta paṇyāni nāpacan gṛhamēdhinaḥ৷৷2.48.4৷৷\n\n"
    },
    {
        "sloka": "naṣṭaṅ dṛṣṭvā nābhyanandan vipulaṅ vā dhanāgamam.\n\nputraṅ prathamajaṅ labdhvā jananī nābhyanandata৷৷2.48.5৷৷\n\n"
    },
    {
        "sloka": "gṛhē gṛhē rudantyaśca bhartāraṅ gṛhamāgatam.\n\nvyagarhayanta duḥkhārtā vāgbhistōtrairiva dvipān৷৷2.48.6৷৷\n\n"
    },
    {
        "sloka": "kiṅ nu tēṣāṅ gṛhaiḥ kāryaṅ kiṅ dārai: kiṅ dhanēna vā.\n\nputrairvā kiṅ sukhairvāpi yē na paśyanti rāghavam৷৷2.48.7৷৷\n\n"
    },
    {
        "sloka": "ēkaḥ satpuruṣō lōkē lakṣmaṇa ssaha sītayā.\n\nyō.nugacchati kākutsthaṅ rāmaṅ paricaran vanē৷৷2.48.8৷৷\n\n"
    },
    {
        "sloka": "āpagāḥ kṛtapuṇyāstā padminyaśca sarāṅsi ca.\n\nyēṣu snāsyati kākutsthō vigāhya salilaṅ śuci৷৷2.48.9৷৷\n\n"
    },
    {
        "sloka": "śōbhayiṣyanti kākutsthamaṭavyō ramyakānanāḥ.\n\nāpagāśca mahānūpāḥ sānumantaśca parvatāḥ৷৷2.48.10৷৷\n\n"
    },
    {
        "sloka": "kānanaṅ vāpi śailaṅ vā yaṅ rāmō.dhigamiṣyati.\n\npriyātithimiva prāptaṅ nainaṅ śakṣyantyanarcitum৷৷2.48.11৷৷\n\n"
    },
    {
        "sloka": "vicitrakusumāpīḍā bahumañjari dhāriṇaḥ.\n\nrāghavaṅ darśayiṣyanti nagā bhramaraśālinaḥ৷৷2.48.12৷৷\n\n"
    },
    {
        "sloka": "akālē cāpi mukhyāni puṣpāṇi ca phalāni ca.\n\ndarśayiṣyantyanukrōśādgirayō rāmamāgatam৷৷2.48.13৷৷\n\n"
    },
    {
        "sloka": "prasraviṣyanti tōyāni vimalāni mahīdharāḥ.\n\nvidarśayantō vividhān bhūyaścitrāṅśca nirjharān৷৷2.48.14৷৷\n\n"
    },
    {
        "sloka": "pādapāḥ parvatāgrēṣu ramayiṣyanti rāghavam.\n\nyatra rāmō bhayaṅ nātra nāsti tatra parābhavaḥ৷৷2.48.15৷৷\n\n"
    },
    {
        "sloka": "sa hi śūrō mahābāhuḥ putrō daśarathasya ca.\n\npurā bhavati nōdūrādanugacchāma rāghavam৷৷2.48.16৷৷\n\n"
    },
    {
        "sloka": "pādacchāyā sukhā bhartustādṛśasya mahātmanaḥ.\n\nsa hi nāthō janasyāsya sa gati ssaparāyaṇam৷৷2.48.17৷৷\n\n"
    },
    {
        "sloka": "vayaṅ paricariṣyāmaḥ sītāṅ yūyaṅ tu rāghavam.\n\niti paurastriyō bhartṛn dukhārtāstattadabruvan৷৷2.48.18৷৷\n\n"
    },
    {
        "sloka": "yuṣmākaṅ rāghavō.raṇyē yōgakṣēmaṅ vidhāsyati.\n\nsītā nārījanasyāsya yōgakṣēmaṅ kariṣyati৷৷2.48.19৷৷\n\n"
    },
    {
        "sloka": "kō nvanēnā.pratītēna sōtkaṇṭhitajanēna ca.\n\nsampriyētāmanōjñēna vāsēna hṛtacētasā৷৷2.48.20৷৷\n\n"
    },
    {
        "sloka": "kaikēyyā yadi cē drājyaṅ syādadharmyamanāthavat.\n\nna hi nō jīvitēnārthaḥ kutaḥ putraiḥ kutō dhanaiḥ৷৷2.48.21৷৷\n\n"
    },
    {
        "sloka": "yayā putraśca bhartā ca tyaktāvaiśvaryakāraṇāt.\n\nkaṅ sā pariharēdanyaṅ kaikēyī kulapāṅsanī৷৷2.48.22৷৷\n\n"
    },
    {
        "sloka": "kaikēyyā na vayaṅ rājyē bhṛtakā nivasēmahi.\n\njīvantyā jātu jīvantyaḥ putrairapi śapāmahē৷৷2.48.23৷৷\n\n"
    },
    {
        "sloka": "yā putraṅ pārthivēndrasya pravāsayati nirghṛṇā.\n\nkastāṅ prāpya sukhaṅ jīvēdadharmyāṅ duṣṭacāriṇīm৷৷2.48.24৷৷\n\n"
    },
    {
        "sloka": "upadrutamidaṅ sarvamanālambamanāyakam.\n\nkaikēyyā hi kṛtē sarvaṅ vināśamupayāsyati৷৷2.48.25৷৷\n\n"
    },
    {
        "sloka": "na hi pravrajitē rāmē jīviṣyati mahīpatiḥ.\n\nmṛtē daśarathē vyaktaṅ vilāpastadanantaram৷৷2.48.26৷৷\n\n"
    },
    {
        "sloka": "tē viṣaṅ pibatālōḍya kṣīṇapuṇyā ssudurgatāḥ.\n\nrāghavaṅ vānugacchadhvamaśrutiṅ vāpi gacchata৷৷2.48.27৷৷\n\n"
    },
    {
        "sloka": "mithyāpravrājitō rāma ssasīta ssahalakṣmaṇaḥ.\n\nbharatē sannisṛṣṭāssma ssaunikē paśavō yathā৷৷2.48.28৷৷\n\n"
    },
    {
        "sloka": "pūrṇacandrānana śśyāmō gūḍhajatrurarindamaḥ.\n\nājānubāhuḥ padmākṣō rāmō lakṣmaṇapūrvajaḥ৷৷2.48.29৷৷\n\npūrvābhibhāṣī madhura ssatyavādī mahābalaḥ.\n\nsaumyassarvasya lōkasya candravatpriyadarśanaḥ৷৷2.48.30৷৷\n\nnūnaṅ puruṣaśārdūlō mattamātaṅgavikramaḥ.\n\nśōbhayiṣyatyaraṇyāni vicaran sa mahārathaḥ৷৷2.48.31৷৷\n\n"
    },
    {
        "sloka": "tāstathā vilapantyastu nagarē nāgarastriyaḥ.\n\ncukruśu rduḥkhasantaptā mṛtyōriva bhayāgamē৷৷2.48.32৷৷\n\n"
    },
    {
        "sloka": "ityēvaṅ vilapantīnāṅ strīṇāṅ vēśmasu rāghavam.\n\njagāmāstaṅ dinakarō rajanī cābhyavartata৷৷2.48.33৷৷\n\n"
    },
    {
        "sloka": "naṣṭajvalanasantāpā praśāntādhyāyasatkathā.\n\ntimirēṇābhiliptēva sā tadā nagarī babhau৷৷2.48.34৷৷\n\n"
    },
    {
        "sloka": "upaśāntavaṇikpaṇyā naṣṭaharṣā nirāśrayā.\n\nayōdhyā nagarī cāsīnnaṣṭatāramivāmbaram৷৷2.48.35৷৷\n\n"
    },
    {
        "sloka": "tathā striyō rāmanimittamāturā\n\nyathā sutē bhrātari vā vivāsitē.\n\nvilapya dīnā rurudurvicētasa\n\nssūtairhi tāsāmadhikō hi sō.bhavat৷৷2.48.36৷৷\n\n"
    },
    {
        "sloka": "praśāntagītōtsavanṛttavādanā\n\nvyapāstaharṣā pihitāpaṇōdayā.\n\ntadā hyayōdhyā nagarī babhūva sā\n\nmahārṇava ssaṅkṣapitōdakō yathā৷৷2.48.37৷৷\n\n"
    }
]