[
    {
        "sloka": "[King Dasaratha enters the palace of Kaikeyi who is in the chamber of wrath--tries to pacify her in different ways.]\n\nvidarśitā yadā dēvī kubjayā pāpayā bhṛśam.\n\ntadā śētē sma sā bhūmau digdhaviddhēva kinnarī৷৷2.10.1৷৷\n\n"
    },
    {
        "sloka": "niścitya manasā kṛtyaṅ sā samyagiti bhāminī.\n\nmantharāyai śanaissarvamācacakṣē vicakṣaṇā৷৷2.10.2৷৷\n\n"
    },
    {
        "sloka": "sā dīnā niścayaṅ kṛtvā mantharāvākyamōhitā.\n\nnāgakanyēva niśvasya dīrghamuṣṇaṅ ca bhāminī৷৷2.10.3৷৷\n\nmuhūrtaṅ cintayāmāsa mārgamātmasukhāvaham.\n\n"
    },
    {
        "sloka": "sā suhṛccārthakāmā ca taṅ niśamya suniścayam৷৷2.10.4৷৷\n\nbabhūva paramaprītā sidhdiṅ prāpyēva mantharā.  \n\n"
    },
    {
        "sloka": "atha sā ruṣitā dēvī samyakkṛtvā viniścayam৷৷2.10.5৷৷\n\nsaṅvivēśābalā bhūmau nivēśya bhṛkuṭīṅ mukhē.\n\n"
    },
    {
        "sloka": "tataścitrāṇi mālyāni divyānyābharaṇāni ca৷৷2.10.6৷৷\n\napaviddhāni kaikēyyā tāni bhūmiṅ prapēdirē.\n\n"
    },
    {
        "sloka": "tayā tānyapaviddhāni mālyānyābharaṇāni ca৷৷2.10.7৷৷\n\naśōbhayanta vasudhāṅ nakṣatrāṇi yathā nabhaḥ.\n\n"
    },
    {
        "sloka": "krōdhāgārē nipatitā sā babhau malināmbarā৷৷2.10.8৷৷\n\nēkavēṇīṅ dṛḍhaṅ badvā gatasattvēva kinnarī.\n\n"
    },
    {
        "sloka": "ājñāpya ca mahārājō rāghavasyābhiṣēcanam৷৷2.10.9৷৷\n\nupasthānamanujñāpya pravivēśa nivēśanam.\n\n"
    },
    {
        "sloka": "adya rāmābhiṣēkō vai prasiddha iti jajñivān৷৷2.10.10৷৷\n\npriyārhāṅ priyamākhyātuṅ vivēśāntaḥpuraṅ vaśī.\n\n"
    },
    {
        "sloka": "sa kaikēyyā gṛhaṅ śrēṣṭhaṅ pravivēśa mahāyaśāḥ৷৷2.10.11৷৷\n\npāṇḍurābhramivākāśaṅ rāhuyuktaṅ niśākaraḥ.\n\n"
    },
    {
        "sloka": "śukabarhiṇasaṅghuṣṭaṅ krauñcahaṅsarutāyutam৷৷2.10.12৷৷\n\nvāditraravasaṅghuṣṭaṅ kubjā vāmanikāyutam.\n\nlatāgṛhaiścitragṛhaiścampakāśōkaśōbhitaiḥ৷৷2.10.13৷৷\n\ndāntarājatasauvarṇavēdikābhi ssamāyutam.\n\nnityapuṣpaphalairvṛkṣairvāpībhiścōpaśōbhitam৷৷2.10.14৷৷\n\ndāntarajatasauvarṇaissaṅvṛtaṅ paramāsanaiḥ.\n\nvividhairannapānaiśca bhakṣyaiśca vividhairapi৷৷2.10.15৷৷\n\nupapannaṅ mahārhaiśca bhūṣitaistridivōpamam.\n\ntatpraviśya mahārājassvamantaḥ puramṛddhimat৷৷2.10.16৷৷\n\nna dadarśa priyāṅ rājā kaikēyīṅ śayanōttamē.\n\n"
    },
    {
        "sloka": "kāmabalasaṅyuktō ratyarthaṅ manujādhipaḥ৷৷2.10.17৷৷\n\napaśyandayitāṅ bhāryāṅ papraccha viṣasāda ca.\n\n"
    },
    {
        "sloka": "na hi tasya purā dēvī tāṅ vēlāmatyavartata৷৷2.10.18৷৷\n\nna ca rājā gṛhaṅ śūnyaṅ pravivēśa kadācana.\n\n"
    },
    {
        "sloka": "tatō gṛhagatō rājā kaikēyīṅ paryapṛcchata৷৷2.10.19৷৷\n\nyathā pūrvamavijñāya svārthalipsumapaṇḍitām.\n\n"
    },
    {
        "sloka": "pratīhārī tvathōvāca santrastā sukṛtāñjaliḥ৷৷2.10.20৷৷\n\ndēva dēvī bhṛśaṅ kṛddhā krōdhāgāramabhidṛtā.\n\n"
    },
    {
        "sloka": "pratīhāryā vacaśśṛtvā rājā paramadurmanāḥ৷৷2.10.21৷৷\n\nviṣasāda punarbhūyō lulitavyākulēndriyaḥ৷৷\n\n"
    },
    {
        "sloka": "tatra tāṅ patitāṅ bhūmau śayānāmatathōcitām৷৷2.10.22৷৷\n\npratapta iva duḥkhēna sō.paśyajjagatīpatiḥ.\n\n"
    },
    {
        "sloka": "sa vṛddhastaruṇīṅ bhāryāṅ prāṇēbhyōpi garīyasīm৷৷2.10.23৷৷\n\napāpaḥ pāpasaṅkalpāṅ dadarśa dharaṇītalē.\n\nlatāmiva viniṣkṛttāṅ patitāṅ dēvatāmiva৷৷2.10.24৷৷\n\nkinnarīmiva nirdhūtāṅ cyutāmapsarasaṅ yathā.\n\nmāyāmiva paribhraṣṭāṅ hariṇīmiva saṅyatām৷৷2.10.25৷৷\n\n"
    },
    {
        "sloka": "karēṇumiva digdhēna viddhāṅ mṛgayunā vanē.\n\nmahāgaja ivāraṇyē snēhātparimamarśa tām৷৷2.10.26৷৷\n\n"
    },
    {
        "sloka": "parimṛśya ca pāṇibhyāmabhisantrastacētanaḥ.\n\nkāmī kamalapatrākṣīmuvāca vanitāmidam৷৷2.10.27৷৷\n\n"
    },
    {
        "sloka": "na tē.hamabhijānāmi krōdhamātmani saṅśritam.\n\ndēvi! kēnābhiśaptā.si kēna vā.si vimānitā৷৷2.10.28৷৷\n\nyadidaṅ mama duḥkhāya śēṣē kalyāṇi! pāṅsuṣu.\n\n"
    },
    {
        "sloka": "bhūmau śēṣē kimarthaṅ tvaṅ mayi kalyāṇacētasi৷৷2.10.29৷৷\n\nbhūtōpahatacittēva mama cittapramāthinī.\n\n"
    },
    {
        "sloka": "santi mē kuśalā vaidyāstvabhituṣṭāśca sarvaśaḥ৷৷2.10.30৷৷\n\nsukhitāṅ tvāṅ kariṣyanti vyādhimācakṣva bhāminī.\n\n"
    },
    {
        "sloka": "kasya vā tē priyaṅ kāryaṅ kēna vā vipriyaṅ kṛtam৷৷2.10.31৷৷\n\nkaḥ priyaṅ labhatāmadya kō vā sumahadapriyam.\n\n"
    },
    {
        "sloka": "mā rōdīrmā ca kārṣīstvaṅ dēvi! saṅpariśōṣaṇam৷৷2.10.32৷৷\n\navadhyō vadhyatāṅ kō vā kō vā vadhyō vimucyatām.\n\ndaridraḥ kō bhavatvāḍhyō dravyavānvā.pyakiñcanaḥ৷৷2.10.33৷৷\n\n"
    },
    {
        "sloka": "ahaṅ caiva madīyāśca sarvē tava vaśānugāḥ.\n\nna tē kiñcidabhiprāyaṅ vyāhantumahamutsahē৷৷2.10.34৷৷\n\n"
    },
    {
        "sloka": "ātmanō jīvitēnāpi brūhi yanmanasēcchasi.\n\nbalamātmani jānantī na māṅ śaṅkitumarhasi৷৷2.10.35৷৷\n\nkariṣyāmi tava prītiṅ sukṛtēnāpi tē śapē.\n\n"
    },
    {
        "sloka": "yāvadāvartatē cakraṅ tāvatī mē vasundharā৷৷2.10.36৷৷\n\nprācīnāssindhusauvīrā ssaurāṣṭrā dakṣiṇāpathāḥ.\n\nvaṅgāṅgamagadhāḥ matsyāḥ samṛddhā kāśikōsalāḥ৷৷2.10.37৷৷\n\n"
    },
    {
        "sloka": "tatra jātaṅ bahu dravyaṅ dhanadhānyamajāvikam.\n\ntatō vṛṇīṣva! kaikēyi yadyattvaṅ manasēcchasi৷৷2.10.38৷৷\n\n"
    },
    {
        "sloka": "kimāyāsēna tē bhīru! uttiṣṭhōttiṣṭha śōbhanē.\n\ntattvaṅ mē brūhi kaikēyi! yatastē bhayamāgatam৷৷2.10.39৷৷\n\ntattē vyapanayiṣyāmi nīhāramiva raśmivān.\n\n"
    },
    {
        "sloka": "tathōktā sā samāśvastā vaktukāmā tadapriyam৷৷2.10.40৷৷\n\nparipīḍayituṅ bhūyō bhartāramupacakramē.\n\n"
    }
]