[
    {
        "sloka": "[Rama reaches the banks of Tamasa river.]\n\nanuraktā mahātmānaṅ rāmaṅ satyaparākramam.\n\nanujagmuḥ prayāntaṅ taṅ vanavāsāya mānavāḥ৷৷2.45.1৷৷\n\n"
    },
    {
        "sloka": "nivartitē.pi ca balātsuhṛdvargē ca rājani.\n\nnaiva tē saṅnyavartanta rāmasyānugatā ratham৷৷2.45.2৷৷\n\n"
    },
    {
        "sloka": "ayōdhyānilayānāṅ hi puruṣāṇāṅ mahāyaśāḥ.\n\nbabhūva guṇasampannaḥ pūrṇacandra iva priyaḥ৷৷2.45.3৷৷\n\n"
    },
    {
        "sloka": "sa yācyamānaḥ kākutsthaḥ svābhiḥ prakṛtibhistadā.\n\nkurvāṇaḥ pitaraṅ satyaṅ vanamēvānvapadyata৷৷2.45.4৷৷\n\n"
    },
    {
        "sloka": "avēkṣamāṇaḥ sasnēhaṅ cakṣuṣā prapibanniva.\n\nuvāca rāmaḥ snēhēna tāḥ prajāḥ svāḥ prajā iva৷৷2.45.5৷৷\n\n"
    },
    {
        "sloka": "yā prītirbahumānaśca mayyayōdhyānivāsinām.\n\nmatpriyārthaṅ viśēṣēṇa bharatē sā nivēśyatām৷৷2.45.6৷৷\n\n"
    },
    {
        "sloka": "sa hi kalyāṇacāritraḥ kaikēyyānandavardhanaḥ.\n\nkariṣyati yathāvadvaḥ priyāṇi ca hitāni ca৷৷2.45.7৷৷\n\n"
    },
    {
        "sloka": "jñānavṛddhō vayōbālō mṛdurvīryaguṇānvitaḥ.\n\nanurūpaḥ sa vō bhartā bhaviṣyati bhayāpahaḥ৷৷2.45.8৷৷\n\n"
    },
    {
        "sloka": "sa hi rājaguṇairyuktō yuvarājaḥ samīkṣitaḥ.\n\napi cāpi mayā śiṣṭaiḥ kāryaṅ vō bhartṛśāsanam৷৷2.45.9৷৷\n\n"
    },
    {
        "sloka": "na ca santapyēdyathā cāsau vanavāsaṅ gatē mayi.\n\nmahārājastathā kāryō mama priyacikīrṣayā৷৷2.45.10৷৷\n\n"
    },
    {
        "sloka": "yathā yathā dāśarathi rdharma ēvāsthitō.bhavat.\n\ntathā tathā prakṛtayō rāmaṅ patimakāmayan৷৷2.45.11৷৷\n\n"
    },
    {
        "sloka": "bāṣpēṇa pihitaṅ dīnaṅ rāmaḥ saumitriṇā saha.\n\ncakarṣēva guṇairbaddhvā janaṅ puranivāsinam৷৷2.45.12৷৷\n\n"
    },
    {
        "sloka": "tē dvijāstrividhaṅ vṛddhā jñānēna vayasaujasā.\n\nvayaḥ prakampaśirasō dūrādūcuridaṅ vacaḥ৷৷2.45.13৷৷\n\n"
    },
    {
        "sloka": "vahantō javanā rāmaṅ bhō bhō jātyāsturaṅgamāḥ.\n\nnivartadhvaṅ na gantavyaṅ hitā bhavata bhartari৷৷2.45.14৷৷\n\n"
    },
    {
        "sloka": "karṇavanti hi bhūtāni viśēṣēṇa turaṅgamāḥ.\n\nyūyaṅ tasmānnivartadhvaṅ yācanāṅ prativēditāḥ৷৷2.45.15৷৷\n\n"
    },
    {
        "sloka": "dharmataḥ sa viśuddhātmā vīraḥ śubhadṛḍhavrataḥ.\n\nupavāhyastu vō bhartā nāpavāhyaḥ purādvanam৷৷2.45.16৷৷\n\n"
    },
    {
        "sloka": "ēvamārtapralāpāṅstān vṛddhān pralapatō dvijān.\n\navēkṣya sahasā rāmō rathādavatatāra ha৷৷2.45.17৷৷\n\n"
    },
    {
        "sloka": "padbhyāmēva jagāmātha sasīta ssahalakṣmaṇaḥ.\n\nsannikṛṣṭapadanyāsō rāmō vanaparāyaṇaḥ৷৷2.45.18৷৷\n\n"
    },
    {
        "sloka": "dvijātīṅstu padātīṅstān rāmaścāritravatsalaḥ.\n\nna śaśāka ghṛṇācakṣuḥ parimōktuṅ rathēna saḥ৷৷2.45.19৷৷\n\n"
    },
    {
        "sloka": "gacchantamēva taṅ dṛṣṭvā rāmaṅ sambhrāntacētasaḥ.\n\nūcuḥ paramasantaptā rāmaṅ vākyamidaṅ dvijāḥ৷৷2.45.20৷৷\n\n"
    },
    {
        "sloka": "brāhmaṇyaṅ sarvamētattvāṅ brahmaṇyamanugacchati.\n\ndvijaskandhādhirūḍhāstvāmagnayō.pyanuyāntyamī৷৷2.45.21৷৷\n\n"
    },
    {
        "sloka": "vājapēyasamutthāni chatrāṇyētāni paśya naḥ.\n\npṛṣṭhatō.nuprayātāni mēghāniva jalātyayē৷৷2.45.22৷৷\n\n"
    },
    {
        "sloka": "anavāptātapatrasya raśmisantāpitasya tē.\n\nēbhiśchāyāṅ kariṣyāmaḥ svaiśchatrairvājapēyikaiḥ৷৷2.45.23৷৷\n\n"
    },
    {
        "sloka": "yā hi naḥ satataṅ buddhirvēdamantrānusāriṇī.\n\ntvatkṛtē sā kṛtā vatsa! vanavāsānusāriṇī৷৷2.45.24৷৷\n\n"
    },
    {
        "sloka": "hṛdayēṣvēva tiṣṭhanti vēdā yē naḥ paraṅ dhanam.\n\nvatsyantyapi gṛhēṣvēva dārāścāritrarakṣitāḥ৷৷2.45.25৷৷\n\n"
    },
    {
        "sloka": "na punarniścayaḥ kāryastvadgatau sukṛtā matiḥ.\n\ntvayi dharmavyapēkṣē tu kiṅ syāddharmapathē sthitam৷৷2.45.26৷৷\n\n"
    },
    {
        "sloka": "yācitō nō nivartasva haṅsaśuklaśirōruhaiḥ.\n\nśirōbhirnibhṛtācāra mahīpatanapāṅsulaiḥ৷৷2.45.27৷৷\n\n"
    },
    {
        "sloka": "bahūnāṅ vitatā yajñā dvijānāṅ ya ihāgatāḥ.\n\ntēṣāṅ samāptirāyattā tava vatsa! nivartanē৷৷2.45.28৷৷\n\n"
    },
    {
        "sloka": "bhaktimanti hi bhūtāni jaṅgamājaṅgamāni ca.\n\nyācamānēṣu rāma! tvaṅ bhaktiṅ bhaktēṣu darśaya৷৷2.45.29৷৷\n\n"
    },
    {
        "sloka": "anugantumaśaktā stvāṅ mūlairuddhatavēginaḥ.\n\nunnatā vāyuvēgēna vikrōśantīva pādapāḥ৷৷2.45.30৷৷\n\n"
    },
    {
        "sloka": "niścēṣṭāhārasañcārā vṛkṣaikasthānaviṣṭhitāḥ.\n\npakṣiṇō.pi prayācantē sarvabhūtānukampinam৷৷2.45.31৷৷\n\n"
    },
    {
        "sloka": "ēvaṅ vikrōśatāṅ tēṣāṅ dvijātīnāṅ nivartanē.\n\ndadṛśē tamasā tatra vārayantīva rāghavam৷৷2.45.32৷৷\n\n"
    },
    {
        "sloka": "tataḥ sumantrō.pi rathādvimucya\n\nśrāntānhayānsamparivartya śīghram.\n\npītōdakāṅstōyapariplutāṅgā-\n\nnacārayadvai tamasāvidūrē৷৷2.45.33৷৷\n\n"
    }
]