[
    {
        "sloka": "[Meeting of Bharata and Rama --- Rama enquires about his father and others --- about Bharata's rule at Ayodhya.]\n\njaṭilaṅ cīravasanaṅ prāñjaliṅ patitaṅ bhuvi.\n\ndadarśa rāmō durdarśaṅ yugāntē bhāskaraṅyathā৷৷2.100.1৷৷\n\n"
    },
    {
        "sloka": "kathaṅcidabhivijñāya vivarṇavadanaṅ kṛśam.\n\nbhrātaraṅ bharataṅ rāmaḥ parijagrāha bāhunā৷৷2.100.2৷৷\n\n"
    },
    {
        "sloka": "āghrāya rāmastaṅ mūrdhni pariṣvajya ca rāghavaḥ.\n\naṅkē bharatamārōpya paryapṛcchatsamāhitaḥ৷৷2.100.3৷৷\n\n"
    },
    {
        "sloka": "kva nu tē.bhūtpitā tāta yadaraṇyaṅ tvamāgataḥ.\n\nna hi tvaṅ jīvatastasya vanamāgantumarhasi৷৷2.100.4৷৷\n\n"
    },
    {
        "sloka": "cirasya bata paśyāmi dūrādbharatamāgatam.\n\nduṣpratīkamaraṇyē.smin kiṅ tāta vanamāgataḥ৷৷2.100.5৷৷\n\n"
    },
    {
        "sloka": "kacciddhārayatē tāta rājā yattvamihā.gataḥ.\n\nkaccinna dīna ssahasā rājā lōkāntaraṅ gataḥ৷৷2.100.6৷৷\n\n"
    },
    {
        "sloka": "kaccitsaumya na tē rājyaṅ bhraṣṭaṅ bālasya śāśvatam.\n\nkaccicchuśrūṣasē tāta pitaraṅ satyavikramam৷৷2.100.7৷৷\n\n"
    },
    {
        "sloka": "kacciddhaśarathō rājā kuśalī satyasaṅṅgaraḥ.\n\nrājasūyāśvamēdhānāmāhartā dharmaniścayaḥ৷৷2.100.8৷৷\n\n"
    },
    {
        "sloka": "sa kaccidbrāhmaṇō vidvān dharmanityō mahādyutiḥ.\n\nikṣvākūṇāmupādhyāyō yathāvattāta pūjyatē৷৷2.100.9৷৷\n\n"
    },
    {
        "sloka": "sā tāta kaccitkausalyā sumitrā ca prajāvatī.\n\nsukhinī kaccidāryā ca dēvī nandati kaikayī৷৷2.100.10৷৷\n\n"
    },
    {
        "sloka": "kaccidvinayasampannaḥ kulaputrō bahuśrutaḥ.\n\nanasūyuranudraṣṭā satkṛtastē purōhitaḥ৷৷2.100.11৷৷\n\n"
    },
    {
        "sloka": "kaccidagniṣu tē yuktō vidhijñō matimānṛjuḥ.\n\nhutaṅ ca hōṣyamāṇaṅ ca kālē vēdayatē sadā৷৷2.100.12৷৷\n\n"
    },
    {
        "sloka": "kacciddēvānpitrūn mātṛrgurūnpitṛsamānapi.\n\nvṛddhāṅśca tāta! vaidyāṅśca brahmāṇāṅścābhimanyasē৷৷2.100.13৷৷\n\n"
    },
    {
        "sloka": "iṣvastravarasampannamarthaśāstra viśāradam.\n\nsudhanvānamupādhyāyaṅ kaccittvaṅ tāta! manyasē৷৷2.100.14৷৷\n\n"
    },
    {
        "sloka": "kaccidātmasamā śśūrā śśrutavantō jitēndriyāḥ.\n\nkulīnāścēṅgitajñāśca kṛtāstē tāta! mantriṇaḥ৷৷2.100.15৷৷\n\n"
    },
    {
        "sloka": "mantrō vijayamūlaṅ hi rājñāṅ bhavati rāghava.\n\nsusaṅvṛtō mantradharairamātyai śśāstrakōvidaiḥ৷৷2.100.16৷৷\n\n"
    },
    {
        "sloka": "kaccinnidrāvaśaṅ naiṣīḥ kaccitkālē prabudadhyasē.\n\nkacciccāpararātrēṣu cintiyasyarthanaipuṇam৷৷2.100.17৷৷\n\n"
    },
    {
        "sloka": "kaccinmantrayasē naikaḥ kaccinna bahubhissaha.\n\nkaccittē mantritō mantrō rāṣṭraṅ na paridhāvati৷৷2.100.18৷৷\n\n"
    },
    {
        "sloka": "kaccidarthaṅ viniścitya laghumūlaṅ mahōdayam.\n\nkṣipramārabhasē kartuṅ na dīrghayasi rāghava৷৷2.100.19৷৷\n\n"
    },
    {
        "sloka": "kaccittu sukṛtānyēva kṛtarūpāṇi vā punaḥ.\n\nvidustē sarvakāryāṇi na kartavyāni pārthivāḥ৷৷2.100.20৷৷\n\n"
    },
    {
        "sloka": "kaccinnatarkairyuktyā vā yē cāpyaparikīrtitāḥ.\n\ntvayā vā tavāmātyairbudhyatē tāta mantritam৷৷2.100.21৷৷\n\n"
    },
    {
        "sloka": "kaccitsahasrānmūrkhāṇāmēkamicchasi paṇḍitam.\n\npaṇḍitō hyarthakṛcchrēṣu kuryānniśrēyasaṅ mahat৷৷2.100.22৷৷\n\n"
    },
    {
        "sloka": "sahasrāṇyapi mūrkhāṇāṅ yudyupāstē mahīpatiḥ.\n\nathavāpyayutānyēva nāsti tēṣu sahāyatā৷৷2.100.23৷৷\n\n"
    },
    {
        "sloka": "ēkō.pyamātyō mēdhāvī śūrō dakṣō vicakṣaṇaḥ.\n\nrājānaṅ rājaputraṅ vā prāpayēnmahatīṅ śriyam৷৷2.100.24৷৷\n\n"
    },
    {
        "sloka": "kaccinmukhyā mahātsvēva madhyamēṣu ca madhyamāḥ.\n\njaghanyāśca jaghanyēṣu bhṛtyāḥ karmasu yōjitāḥ৷৷2.100.25৷৷\n\n"
    },
    {
        "sloka": "amātyānupadhātītānpitṛpaitāmahāñchucīn.\n\nśrēṣṭhāṅchrēṣṭhēṣukaccitvaṅ niyōjayasi karmasu৷৷2.100.26৷৷\n\n"
    },
    {
        "sloka": "kaccinnōgrēṇa daṇḍēna bhṛśamudvējitaprajam.\n\nrāṣṭraṅ tavānujānanti mantriṇaḥ kaikayīsuta৷৷2.100.27৷৷\n\n"
    },
    {
        "sloka": "kaccittvāṅ nāvajānanti yājakāḥ patitaṅ yathā.\n\nugrapratigrahītāraṅ kāmayānamiva striyaḥ৷৷2.100.28৷৷\n\n"
    },
    {
        "sloka": "upāyakuśalaṅ vaidyaṅ bhṛtyasaṅdūṣaṇē ratam.\n\nśūramaiśvaryakāmaṅ ca yō na hanti sa hanyatē৷৷2.100.29৷৷\n\n"
    },
    {
        "sloka": "kacciddhṛṣṭaśca śūraśca matimān dhṛtimān śuciḥ.\n\nkulīnaścānuraktaśca dakṣassēnāpatiḥ kṛtaḥ৷৷2.100.30৷৷\n\n"
    },
    {
        "sloka": "balavantaśca kaccittē mukhyā yudhdaviśāradāḥ.\n\ndṛṣṭāpadānā vikrāntāstvayā satkṛtyamānitāḥ৷৷2.100.31৷৷\n\n"
    },
    {
        "sloka": "kaccidbalasya bhaktaṅ ca vētanaṅ ca yathōcitam.\n\nsamprāptakālaṅ dātavyaṅ dadāsi na vilambasē৷৷2.100.32৷৷ \n\n"
    },
    {
        "sloka": "kālātikramaṇāccaiva bhaktavētanayōrbhṛtāḥ.   \n\nbhartuḥ kupyanti duṣyanti sō.nartha ssumahān smṛtaḥ৷৷2.100.33৷৷\n\n"
    },
    {
        "sloka": "kaccitsarvē.nuraktāstvāṅ kulaputrāḥ pradhānataḥ.\n\nkaccitprāṇāṅ stavārthēṣu santyajanti samāhitāḥ৷৷2.100.34৷৷\n\n"
    },
    {
        "sloka": "kaccijjānapadō vidvāndakṣiṇaḥ pratibhānavān.\n\nyathōktavādī dūtastē kṛtō bharata! paṇḍitaḥ৷৷2.100.35৷৷\n\n"
    },
    {
        "sloka": "kaccidaṣṭādaśānyēṣu svapakṣē daśa pañca ca.\n\ntribhistribhiravijñātairvētsi tīrthāni cārakaiḥ৷৷2.100.36৷৷\n\n"
    },
    {
        "sloka": "kaccidvyapāstānahitānpratiyātāṅśca sarvadā.\n\ndurbalānanavajñāya vartasē ripusūdana৷৷2.100.37৷৷\n\n"
    },
    {
        "sloka": "kaccinna laukāyatikānbrāhmaṇāṅstāta sēvasē৷৷\n\nanarthakuśalā hyētē bālāḥ paṇḍitamāninaḥ৷৷2.100.38৷৷\n\n"
    },
    {
        "sloka": "dharmaśāstrēṣu mukhyēṣu vidyamānēṣu durbudhāḥ.\n\nbuddhimānvīkṣikīṅ prāpya nirarthaṅ pravadanti tē৷৷2.100.39৷৷\n\n"
    },
    {
        "sloka": "vīrairadhyuṣitāṅ pūrvamasmākaṅ tāta! pūrvakaiḥ.\n\nsatyanāmāṅ dṛḍha dvārāṅ hastyaśvarathasaṅkulām৷৷2.100.40৷৷\n\nbrāhmaṇaiḥ kṣatriyairvaiśyai ssvakarmanirataissadā.\n\njitēndriyairmahōtsāhairvṛtāmāryai ssahasraśaḥ৷৷2.100.41৷৷\n\nprāsādairvividhākārairvṛtāṅ vaidyajanākulām.\n\nkaccitsumuditāṅ sphītāmayōdhyāṅ parirakṣasi৷৷2.100.42৷৷\n\n"
    },
    {
        "sloka": "kacciccaityaśatairjuṣṭa ssuniviṣṭajanākulaḥ.\n\ndēvasthānaiḥ prapābhiśca taṭākaiścōpaśōbhitaḥ৷৷2.100.43৷৷\n\nprahṛṣṭanaranārīkassamājōtsavaśōbhitaḥ.\n\nsukṛṣṭasīmā paśumānhiṅsābhiḥ parivarjitaḥ৷৷2.100.44৷৷\n\nadēvamātṛkō ramya śśvāpadaiḥ parivarjitaḥ.\n\nparityaktō bhayaissarvaiḥ khanibhiścōpaśōbhitaḥ৷৷2.100.45৷৷\n\nvivarjitō naraiḥ pāpairmama pūrvai ssurakṣitaḥ.\n\nkaccijjanapadassphītaḥ sukhaṅ vasati rāghava৷৷2.100.46৷৷\n\n"
    },
    {
        "sloka": "kaccittē dayitāssarvē kṛṣigōrakṣajīvinaḥ.\n\nvārtāyāṅ saṅśritastāta! lōkō hi sukhamēdhatē৷৷2.100.47৷৷\n\n"
    },
    {
        "sloka": "tēṣāṅ guptiparīhāraiḥ kaccittē bharaṇaṅ kṛtam.\n\nrakṣyā hi rājñā dharmēṇa sarvē viṣayavāsinaḥ৷৷2.100.48৷৷\n\n"
    },
    {
        "sloka": "kaccistriya ssāntvayasi kaccittāśca surakṣitāḥ.\n\nkaccinna śraddhāsyāsāṅ kaccidguhyaṅ na bhāṣasē৷৷2.100.49৷৷\n\n"
    },
    {
        "sloka": "kaccinnāgavanaṅ guptaṅ kaccittē santi dhēnukāḥ.\n\nkaccinna gaṇikāśvānāṅ kuñjarāṇāṅ ca tṛpyasi৷৷2.100.50৷৷\n\n"
    },
    {
        "sloka": "kacciddarśayasē nityaṅ manuṣyāṇāṅ vibhūṣitam.\n\nutthāyōtthāya pūrvāhṇē rājaputra mahāpathē৷৷2.100.51৷৷\n\n"
    },
    {
        "sloka": "kaccinna sarvē karmāntāḥ pratyakṣāstē.viśaṅkayā.\n\nsarvē vā punarutsṛṣṭā madhyamēvātra kāraṇam৷৷2.100.52৷৷\n\n"
    },
    {
        "sloka": "kaccitsarvāṇi durgāṇi dhanadhānyāyudhōdakaiḥ.\n\nyantraiśca paripūrṇāni tathā śilpidhanurdharaiḥ৷৷2.100.53৷৷\n\n"
    },
    {
        "sloka": "āyastē vipulaḥ kaccitkaccidalpatarō vyayaḥ.\n\napātrēṣu na tē kaccitkōśō gacchati rāghava৷৷2.100.54৷৷\n\n"
    },
    {
        "sloka": "dēvatārthē ca pitrarthēbrāhmaṇābhyāgatēṣu ca.\n\nyōdhēṣu mitravargēṣu kaccidgacchati tē vyayaḥ৷৷2.100.55৷৷\n\n"
    },
    {
        "sloka": "kaccidāryō viśuddhātmā kṣārita ścāparakarmaṇā.\n\napṛṣṭa śśāstrakuśalairna lōbhādvadhyatē śuciḥ৷৷2.100.56৷৷\n\n"
    },
    {
        "sloka": "gṛhītaścaiva pṛṣṭaśca kālē dṛṣṭassakāraṇaḥ.\n\nkaccinna mucyatē cōrō dhanalōbhānnararṣabha৷৷2.100.57৷৷\n\n"
    },
    {
        "sloka": "vyasanē kaccidāḍhyasya durgatasya ca rāghava.\n\narthaṅ virāgāḥ paśyanti tavāmātyā bahuśrutāḥ৷৷2.100.58৷৷\n\n"
    },
    {
        "sloka": "yāni mithyābhiśastānāṅ patantyaśrūṇi rāghava.\n\ntāni putrānpaśūnghnanti prītyarthamanuśāsataḥ৷৷2.100.59৷৷\n\n"
    },
    {
        "sloka": "kaccidvṛddhāṅśca bālāṅśca vaidyāmukhyāṅśca rāghava.\n\ndānēna manasā vācā tribhirētairbubhūṣasē৷৷2.100.60৷৷\n\n"
    },
    {
        "sloka": "kaccidgurūṅśca vṛddhāṅśca tāpasān dēvatātithīn.\n\ncaityāṅśca sarvānsidhdārthānbrāhmaṇāṅśca namasyasi৷৷2.100.61৷৷\n\n"
    },
    {
        "sloka": "kaccidarthēna vā dharmamarthaṅ dharmēṇa vā punaḥ.\n\nubhau vā prītilōbhēna kāmēna ca na bādhasē৷৷2.100.62৷৷\n\n"
    },
    {
        "sloka": "kaccidarthaṅ ca dharmaṅ ca kāmaṅ ca jayatāṅ vara.\n\nvibhajya kālē kālajña sarvānvarada sēvasē৷৷2.100.63৷৷\n\n"
    },
    {
        "sloka": "kaccittē brāhmaṇā śśarma sarvaśāstrārthakōvidāḥ.\n\nāśaṅsantē mahāprājña! paurajānapadaissaha৷৷2.100.64৷৷\n\n"
    },
    {
        "sloka": "nāstikyamanṛtaṅ krōdhaṅ pramādaṅ dīrghasūtratām.\n\nadarśanaṅ jñānavatāmālasyaṅ pañcavṛttitām৷৷2.100.65৷৷\n\nēkacintanamarthānāmanarthajñaiśca mantraṇam.\n\nniścitānāmanārambhaṅ mantrasyāparirakṣaṇam৷৷2.100.66৷৷\n\nmaṅgalādyaprayōgaṅ ca pratyutthānaṅ ca sarvataḥ.\n\nkaccitvaṅ varjayasyētānrājadōṣāṅścaturdaśa৷৷2.100.67৷৷\n\n"
    },
    {
        "sloka": "daśapañcacaturvargānsaptavargaṅ ca tattvataḥ.\n\naṣṭavargaṅ trivargaṅ ca vidyāstisraśca rāghava৷৷2.100.68৷৷\n\nindriyāṇāṅ jayaṅ buddhyā ṣāḍguṇyaṅ daivamānuṣam.\n\nkṛtyaṅ viṅśativargaṅ ca tathā prakṛtimaṇḍalam৷৷2.100.69৷৷\n\nyātrādaṇḍavidhānaṅ ca dviyōnī sandhivigrahau.\n\nkaccidētānmahāprājña yathāvadanumanyasē৷৷2.100.70৷৷\n\n"
    },
    {
        "sloka": "mantribhistvaṅ yathōddiṣṭaiścaturbhistribhirēva vā.\n\nkaccitsamastairvyastaiśca mantraṅ mantrayasē mithaḥ৷৷2.100.71৷৷\n\n"
    },
    {
        "sloka": "kaccittē saphalā vēdāḥ kaccittē saphalāḥ kriyāḥ.\n\nkaccittē saphalā dārāḥ kaccittē saphalaṅ śrutam৷৷2.100.72৷৷\n\n"
    },
    {
        "sloka": "kaccidēṣaiva tē buddhiryathōktā mama rāghava.\n\nāyuṣyā ca yaśasyā ca dharmakāmārtha saṅhitā৷৷2.100.73৷৷\n\n"
    },
    {
        "sloka": "yāṅ vṛttiṅ vartatē tātō yāṅ ca naḥ prapitāmahāḥ.\n\ntāṅ vṛttiṅ vartasē kaccidyāca satpathagā śubhā৷৷2.100.74৷৷\n\n"
    },
    {
        "sloka": "kaccitsvādu kṛtaṅ bhōjyamēkō nāśnāsi rāghava.\n\nkaccidāśaṅsamānēbhyō mitrēbhya ssamprayacchasi৷৷2.100.75৷৷\n\n"
    },
    {
        "sloka": "rājā tu dharmēṇa hi pālayitvā mahāmatirdaṇḍadharaḥ prajānām.\n\navāpya katsnāṅ vasudhāṅ yathāvaditaścyuta ssvargamupaiti vidvān৷৷2.100.76৷৷\n\n"
    }
]