[
    {
        "sloka": "[Bharadwaja welcomes Bharata and Vasistha --- Bharata discloses his intention to get back Rama.]\n\nbharadvājāśramaṅ dṛṣṭvā krōśādēva nararṣabhaḥ.\n\nbalaṅ sarvamavasthāpya jagāma saha mantribhiḥ৷৷2.90.1৷৷\n\npadbhyāmēva hi dharmajñō nyastaśastraparicchadaḥ.\n\nvasānō vāsasī kṣaumē purōdhāya purōdhasam৷৷2.90.2৷৷\n\n"
    },
    {
        "sloka": "bharadvājāśramaṅ dṛṣṭvā krōśādēva nararṣabhaḥ.\n\nbalaṅ sarvamavasthāpya jagāma saha mantribhiḥ৷৷2.90.1৷৷\n\npadbhyāmēva hi dharmajñō nyastaśastraparicchadaḥ.\n\nvasānō vāsasī kṣaumē purōdhāya purōdhasam৷৷2.90.2৷৷\n\n"
    },
    {
        "sloka": "tata ssandarśanē tasya bharadvājasya rāghavaḥ.\n\nmantriṇastānavasthāpya jagāmānupurōhitam৷৷2.90.3৷৷\n\n"
    },
    {
        "sloka": "vasiṣṭhamatha dṛṣṭvaiva bharadvājō mahātapāḥ.\n\nsañcacā.lāsanāttūrṇaṅ śiṣyānarghyamiti bruvan৷৷2.90.4৷৷\n\n"
    },
    {
        "sloka": "samāgamya vasiṣṭhēna bharatēnābhivāditaḥ.\n\nabuddhyata mahātējāssutaṅ daśarathasya tam৷৷2.90.5৷৷\n\n"
    },
    {
        "sloka": "tābhyāmarghyaṅ ca pādyaṅ ca datvā paścātphalāni ca.\n\nānupūrvyāccha dharmajñaḥ papraccha kuśalaṅ kulē৷৷2.90.6৷৷\n\n"
    },
    {
        "sloka": "ayōdhyāyāṅ balē kōśē mitrēṣvapi ca mantriṣu.\n\njānan daśarathaṅ vṛttaṅ na rājānamudāharat৷৷2.90.7৷৷\n\n"
    },
    {
        "sloka": "vasiṣṭhō bharataścainaṅ papracchaturanāmayam.\n\nśarīrē.gniṣu vṛkṣēṣu śiṣyēṣu mṛgapakṣiṣu৷৷2.90.8৷৷\n\n"
    },
    {
        "sloka": "tathēti tatpratijñāya bharadvājō mahātapāḥ.\n\nbharataṅ pratyuvācēdaṅ rāghavasnēhabandhanāt৷৷2.90.9৷৷\n\n"
    },
    {
        "sloka": "kimihā.gamanē kāryaṅ tava rājyaṅ praśāsataḥ.\n\nētadācakṣva mē sarvaṅ na hi mē śuddhyatē manaḥ৷৷2.90.10৷৷\n\n"
    },
    {
        "sloka": "suṣuvē yamamitraghnaṅ kausalyāna.ndavardhanam.\n\nbhrātrā saha sabhāryō yaściraṅ pravrājitō vanam৷৷2.90.11৷৷\n\nniyuktaḥ strīniyuktēna pitrā yō.sau mahāyaśāḥ.\n\nvanavāsī bhavētīha samāḥ kila caturdaśa৷৷2.90.12৷৷\n\nkacchinna tasyāpāpasya pāpaṅ kartumihēcchasi.\n\nakaṇṭakaṅ bhōktumanā rājyaṅ tasyānujasya ca৷৷2.90.13৷৷\n\n"
    },
    {
        "sloka": "ēvamuktō bharadvājaṅ bharataḥ pratyuvāca ha.\n\nparyaśrunayanō duḥkhādvācā saṅsajjamānayā৷৷2.90.14৷৷\n\n"
    },
    {
        "sloka": "hatō.smi yadi māmēvaṅ bhagavānapi manyatē.\n\nmattō na dōṣamāśaṅkē naivaṅ māmanuśāstu hi.2.90.15৷৷\n\n"
    },
    {
        "sloka": "na caitadiṣṭaṅ mātā mē yadavōcanmadantarē.\n\nnāhamētēna tuṣṭaśca na tadvacanamādadē৷৷2.90.16৷৷\n\n"
    },
    {
        "sloka": "ahaṅ tu taṅ naravyāghramupayātaḥ prasādakaḥ.\n\npratinētumayōdhyāṅ ca pādau tasyābhivanditum৷৷2.90.17৷৷\n\n"
    },
    {
        "sloka": "tvaṅ māmēvaṅgataṅ matvā prasādaṅ kartumarhasi.\n\nśaṅsa mē bhagavanrāmaḥ kva samprati mahīpatiḥ৷৷2.90.18৷৷\n\n"
    },
    {
        "sloka": "vaśiṣṭhādibhiḥ ṛtvigbhiryācitō bhagavāṅstataḥ.\n\nuvāca taṅ bharadvājaḥ prasādādbharataṅ vacaḥ.2.90.19৷৷\n\n"
    },
    {
        "sloka": "tvayyētatpuruṣavyāghra yuktaṅ rāghavavaṅśajē.\n\nguruvṛttirdamaścaiva sādhūnāmanuyāyitā৷৷2.90.20৷৷\n\n"
    },
    {
        "sloka": "jānē caitanmanasthaṅ tē dṛḍhīkaraṇamastviti.\n\napṛcchaṅ tvāṅ tathā.tyarthaṅ kīrtiṅ samabhivardhayan৷৷2.90.21৷৷\n\n"
    },
    {
        "sloka": "jānē ca rāmaṅ dharmajñaṅ sasītaṅ sahalakṣmaṇam.\n\nasau vasati tē bhrātā citrakūṭē mahāgirau৷৷2.90.22৷৷\n\n"
    },
    {
        "sloka": "śvastu gantāsi taṅ dēśaṅ vasādya saha mantribhiḥ.\n\nētanmē kuru suprājña kāmaṅ kāmārthakōvida৷৷2.90.23৷৷\n\n"
    },
    {
        "sloka": "tatastathētyēvamudāradarśanaḥ pratītarūpō bharatō.bravīdvacaḥ.\n\ncakāra buddhiṅ ca tadā tadāśramē niśānivāsāya narādhipā.tmajaḥ৷৷2.90.24৷৷\n\n"
    }
]