[
    {
        "sloka": "[Rama crosses the frontiers of the kingdom of Kosala -- crosses rivers Vedasruti and Gomati-speaks to Sumantra.]\n\nrāmō.pi rātriśēṣēṇa tēnaiva mahadantaram.\n\njagāma puruṣavyāghraḥ piturājñāmanusmaran৷৷2.49.1৷৷\n\n"
    },
    {
        "sloka": "tathaiva gacchatastasya vyapāyādrajanī śivā.\n\nupāsya śivāṅ sandhyāṅ viṣayāntaṅ vyagāhata৷৷2.49.2৷৷\n\n"
    },
    {
        "sloka": "grāmān vikṛṣṭasīmāntān puṣpitāni vanāni ca.\n\npaśyannatiyayau śīghraṅ śanairiva hayōttamaiḥ৷৷2.49.3৷৷\n\nśṛṇvan vacō manuṣyāṇāṅ grāmasaṅvāsavāsinām.\n\n"
    },
    {
        "sloka": "rājānaṅ dhigdaśarathaṅ kāmasya vaśamāgatam৷৷2.49.4৷৷\n\nhā nṛśaṅsādya kaikēyī pāpā pāpānubandhinī.\n\ntīkṣṇā sambhinnamaryādā tīkṣṇakarmaṇi vartatē৷৷2.49.5৷৷\n\nyā putramīdṛśaṅ rājñaḥ pravāsayati dhārmikam.\n\nvanavāsē mahāprājñaṅ sānukrōśaṅ jitēndriyam৷৷2.49.6৷৷\n\n"
    },
    {
        "sloka": "kathaṅ nāma mahābhāgā sītā janakanandinī.\n\nsadā sukhēṣvabhiratā duḥkhānyanubhaviṣyati৷৷2.49.7৷৷\n\n"
    },
    {
        "sloka": "ahō! daśarathō rājā nisnēhaḥ svasutaṅ priyam.\n\nprajānāmanaghaṅ rāmaṅ parityaktumihēcchati৷৷2.49.8৷৷\n\n"
    },
    {
        "sloka": "ētā vācō manuṣyāṇāṅ grāmasaṅvāsavāsinām.\n\nśṛṇvannatiyayau vīraḥ kōsalān kōsalēśvaraḥ৷৷2.49.9৷৷\n\n"
    },
    {
        "sloka": "tatō vēdaśrutiṅ nāma śivavārivahāṅ nadīm.\n\nuttīryābhimukhaḥ prāyādagastyādhyuṣitāṅ diśam৷৷2.49.10৷৷\n\n"
    },
    {
        "sloka": "gatvā tu suciraṅ kālaṅ tataḥ śītajalāṅ nadīm.\n\ngōmatīṅ gōyutānūpāmataratsāgaraṅgamām৷৷2.49.11৷৷\n\n"
    },
    {
        "sloka": "gōmatīṅ cāpyatikramya rāghavaḥ śīghragairhayaiḥ. \n\nmayūrahaṅsābhirutāṅ tatāra syandikāṅ nadīm৷৷2.49.12৷৷\n\n"
    },
    {
        "sloka": "sa mahīṅ manunā rājñā dattāmikṣvākavē purā.\n\nsphītāṅ rāṣṭrāvṛtāṅ rāmō vaidēhīmanvadarśayat৷৷2.49.13৷৷\n\n"
    },
    {
        "sloka": "sūta ityēva cābhāṣya sārathiṅ tamabhīkṣṇaśaḥ.\n\nhaṅsamattasvaraśśrīmānuvāca puruṣarṣabhaḥ৷৷2.19.14৷৷\n\n"
    },
    {
        "sloka": "kadā.haṅ punarāgamya sarayvā puṣpitē vanē.\n\nmṛgayāṅ paryaṭiṣyāmi mātrā pitrā ca saṅgataḥ৷৷2.49.15৷৷\n\n"
    },
    {
        "sloka": "nātyarthamabhikāṅkṣāmi mṛgayāṅ sarayūvanē.\n\nratirhyēṣātulā lōkē rājarṣigaṇasammatā৷৷2.49.16৷৷\n\n"
    },
    {
        "sloka": "rājarṣīṇāṅ hi lōkē.smin ratyarthaṅ mṛgayā vanē.\n\nkālē kṛtāṅ tāṅ manujairghanvināmabhikāṅkṣitām৷৷2.49.17৷৷\n\n"
    },
    {
        "sloka": "sa tamadhvānamaikṣvākassūtaṅ madhurayā girā.\n\ntaṅ tamarthamabhiprētya yayau vākyamudīrayan৷৷2.49.18৷৷\n\n"
    }
]