[
    {
        "sloka": "[Bharata experiences unhappiness over a distressing and frightening dream.]\n\nyāmēva rātriṅ tē dūtāḥ praviśanti sma tāṅ purīm.\n\nbharatēnāpi tāṅ rātriṅ svapnō dṛṣṭō.yamapriyaḥ৷৷2.69.1৷৷\n\n"
    },
    {
        "sloka": "vyuṣṭāmēva tu tāṅ rātriṅ dṛṣṭvā taṅ svapnamapriyam.\n\nputrō rājādhirājasya subhṛśaṅ paryatapyata৷৷2.69.2৷৷\n\n"
    },
    {
        "sloka": "tapyamānaṅ samājñāya vayasyāḥ priyavādinaḥ.\n\nāyāsaṅ hi vinēṣyanta ssabhāyāṅ cakrirē kathāḥ৷৷2.69.3৷৷\n\n"
    },
    {
        "sloka": "vādayanti tathā śāntiṅ lāsa yantyapi cāparē.\n\nnāṭakānyaparē prāhurhāsyāni vividhāni ca৷৷2.69.4৷৷\n\n"
    },
    {
        "sloka": "sa tairmahātmā bharatassakhibhiḥ priyavādibhiḥ.\n\ngōṣṭhīhāsyāni kurvadbhirna prāhṛṣyata rāghavaḥ৷৷2.69.5৷৷\n\n"
    },
    {
        "sloka": "tamabravītpriyasakhō bharataṅ sakhibhirvṛtam.\n\nsuhṛdbhiḥ paryupāsīnaḥ kiṅ sakhē! nānumōdasē৷৷2.69.6৷৷\n\n"
    },
    {
        "sloka": "ēvaṅ bruvāṇaṅ suhṛdaṅ bharataḥ pratyuvāca ha.\n\nśruṇu tvaṅ yannimittaṅ mē dainyamētadupāgatam৷৷2.69.7৷৷\n\n"
    },
    {
        "sloka": "svapnē pitaramadrākṣaṅ malinaṅ mukta mūrdhajam.\n\npatantamadriśikharātkaluṣē gōmayahradē৷৷2.69.8৷৷\n\n"
    },
    {
        "sloka": "plavamānaśca mē dṛṣṭassa tasmingōmayahradē.\n\npibannañjalinā tailaṅ hasannapi muhurmuhuḥ৷৷2.69.9৷৷\n\n"
    },
    {
        "sloka": "tatastilaudanaṅ bhuktvā punaḥ punaradhaśśirāḥ.\n\ntailēnābhyaktasarvāṅgaḥ tailamēvānvagāhata৷৷2.69.10৷৷\n\n"
    },
    {
        "sloka": "svapnē.pi sāgaraṅ śuṣkaṅ candraṅ ca patitaṅ bhavi.\n\nuparuddhāṅ ca jagatīṅ tamasēva samāvṛtām৷৷2.69.11৷৷\n\naupavāhyasya nāgasya viṣāṇaṅ śakalīkṛtam.\n\nsahasācāpi saṅśāntaṅ jvalitaṅ jātavēdasam৷৷2.69.12৷৷\n\navatīrṇāṅ ca pṛthivīṅ śuṣkāṅ śca vividhān drumān.\n\nahaṅ paśyāmi vidhvastān sadhūmāṅścāpi parvatān৷৷2.69.13৷৷\n\n"
    },
    {
        "sloka": "pīṭhē kārṣṇāyasē cainaṅ niṣaṇṇaṅ kṛṣṇavāsasam.\n\nprahasanti sma rājānaṅ pramadāḥ kṛṣṇapiṅgalāḥ৷৷2.69.14৷৷\n\n"
    },
    {
        "sloka": "tvaramāṇaśca dharmātmā raktamālyānulēpanaḥ.\n\nrathēna kharayuktēna prayātō dakṣiṇāmukhaḥ৷৷2.69.15৷৷\n\n"
    },
    {
        "sloka": "prahasantīva rājānaṅ pramadā raktavāsinī.\n\nprakarṣantī mayā dṛṣṭā rākṣasī vikṛtānanā৷৷2.69.16৷৷\n\n"
    },
    {
        "sloka": "ēvamētanmayā dṛṣṭamimāṅ rātriṅ bhayāvaham.\n\nahaṅ rāmō.thavā rājā lakṣmaṇō vā mariṣyati৷৷2.69.17৷৷\n\n"
    },
    {
        "sloka": "narō yānēna ya ssvapnē svarayuktēna yāti hi.\n\nacirāttasya dhūmāgraṅ citāyāṅ sampradṛśyatē৷৷2.69.18৷৷\n\n"
    },
    {
        "sloka": "ētannimittaṅ dīnō.haṅ tannavaḥ pratipūjayē.\n\nśuṣyatīva ca mē kaṇṭhaḥ na svasthamiva mē manaḥ৷৷2.69.19৷৷\n\n"
    },
    {
        "sloka": "na paśyāmi bhayasthānaṅ bhayaṅ caivōpadhārayē \n\nbhraṣṭaśca svarayōgō mē chāyā cōpahatā mama.\n\njugupsanniva cā.tmānaṅ na paśyami ca kāraṇam৷৷2.69.20৷৷\n\n"
    },
    {
        "sloka": "imāṅ ca dussvapnagatiṅ niśāmyatāmanēkarūpāmavitarkitāṅ purā.\n\nbhayaṅ mahattaddhṛdayānnayāti mē vicintya rājānamacintadarśanam৷৷2.69.21৷৷\n\n"
    }
]