[
    {
        "sloka": "[Sumantra conveys the message of Rama to the wailing king and Kausalya.]\n\npratyāśvastō yadā rājā mōhātpratyāgataṅ punaḥ.\n\nathā.juhāva taṅ sūtaṅ rāmavṛttāntakāraṇāt৷৷2.58.1৷৷\n\n"
    },
    {
        "sloka": "atha sūtō mahārājaṅ kṛtāñjalirupasthitaḥ.\n\nrāmamēvānuśōcantaṅ duḥkhaśōkasamanvitam৷৷2.58.2৷৷\n\nvṛddhaṅ paramasantaptaṅ navagrahamiva dvipam.\n\nviniśvasantaṅ dhyāyantamasvastha miva kuṅañaram৷৷2.58.3৷৷\n\n"
    },
    {
        "sloka": "rājā tu rajasā sūtaṅ dhvastāṅgaṅ samupasthitam.\n\naśrupūrṇamukhaṅ dīnamuvāca paramārtavat৷৷2.58.4৷৷\n\n"
    },
    {
        "sloka": "kvanu vatsyati dharmātmā vṛkṣamūlamupāśritaḥ.\n\nsō.tyantasukhita ssūta! kimaśiṣyati rāghavaḥ৷৷2.58.5৷৷\n\n"
    },
    {
        "sloka": "duḥkhasyānucitō duḥkhaṅ sumantra śayanōcitaḥ.\n\nbhūmipālātmajō bhūmau śētē kathamanāthavat৷৷2.58.6৷৷\n\n"
    },
    {
        "sloka": "yaṅ yāntamanuyānti sma padātirathakuñjarāḥ.\n\nsa vatsyati kathaṅ rāmō vijanaṅ vana māśritaḥ৷৷2.58.7৷৷\n\n"
    },
    {
        "sloka": "vyālairmṛgairācaritaṅ kṛṣṇasarpaniṣēvitam.\n\nkathaṅ kumārau vaidēhyā sārdhaṅ vana mupasthitau৷৷2.58.8৷৷\n\n"
    },
    {
        "sloka": "sukumāryā tapasvinyā sumantra! saha sītayā.\n\nrājaputrau kathaṅ pādairavaruhya rathādgatau৷৷2.58.9৷৷\n\n"
    },
    {
        "sloka": "siddhārthaḥ khalu sūta! tvaṅ yēna dṛṣṭau mamā.tmajau.\n\nvanāntaṅ praviśantau tāvaśvināvivamandaram৷৷2.58.10৷৷\n\n"
    },
    {
        "sloka": "kimuvāca vacō rāmaḥ kimuvāca ca lakṣmaṇaḥ.\n\nsumantra! vanamāsādya kimuvāca ca maithilī৷৷2.58.11৷৷\n\n"
    },
    {
        "sloka": "āsitaṅ śayitaṅ bhuktaṅ sūta! rāmasya kīrtaya.\n\njīviṣyāmahamētēna yayātiriva sādhuṣu৷৷2.58.12৷৷\n\n"
    },
    {
        "sloka": "iti sūtō narēndrēṇa bōdhita ssajjamānayā.\n\nuvāca vācā rājānaṅ sa bāṣpaparibaddhayā৷৷2.58.13৷৷\n\n"
    },
    {
        "sloka": "abravīnmāṅ mahārāja! dharmamēvānupālayan.\n\nañjaliṅ rāghavaḥ kṛtvā śirasā.bhipraṇamya ca৷৷2.58.14৷৷\n\n"
    },
    {
        "sloka": "sūta! madvacanāttasya tātasya viditātmanaḥ.\n\nśirasā vandanīyasya vandyau pādau mahātmanaḥ৷৷2.58.15৷৷\n\n"
    },
    {
        "sloka": "sarvamantaḥpuraṅ vācyaṅ sūta! madvacanāttvayā.\n\nārōgyamaviśēṣēṇa yathārhaṅ cābhivādanam৷৷2.58.16৷৷\n\n"
    },
    {
        "sloka": "mātā ca mama kausalyā kuśalaṅ cābhivādanam.\n\napramādaṅ ca vaktavyā brūyāścaināmidaṅ vacaḥ৷৷2.58.17৷৷\n\n"
    },
    {
        "sloka": "dharmanityā yathākālamagnyagāraparā bhava.\n\ndēvi! dēvasya pādau ca dēvavatparipālaya৷৷2.58.18৷৷\n\n"
    },
    {
        "sloka": "abhimānaṅ ca mānaṅ ca tyaktvā vartasva mātṛṣu.\n\nanu rājānamāryāṅ ca kaikēyīmamba kāraya৷৷2.58.19৷৷\n\n"
    },
    {
        "sloka": "kumārē bharatē vṛttirvartitavyā ca rājavat.\n\narthajyēṣṭhā hi rājānō rājadharmamanusmara৷৷2.58.20৷৷\n\n"
    },
    {
        "sloka": "bharataḥ kuśalaṅ vācyō vācyō madvacanēna ca.\n\nsarvāsvēva yathānyāyaṅ vṛttiṅ vartasva mātṛṣu৷৷2.58.21৷৷\n\n"
    },
    {
        "sloka": "vaktavyaśca mahābāhurikṣvākukulanandanaḥ.\n\npitaraṅ yauvarājyasthō rājyasthamanupālaya৷৷2.58.22৷৷\n\n"
    },
    {
        "sloka": "atikrāntavayā rājā māsmainaṅ vyavarōrudhaḥ.\n\nkumāra rājyē jīva tvaṅ tasyaivājñāpravartanāt৷৷2.58.23৷৷\n\n"
    },
    {
        "sloka": "abravīccāpi māṅ bhūyō bhṛśamaśrūṇi vartayan.\n\nmātēva mama mātā tē draṣṭavyā putragardhinī৷৷2.58.24৷৷\n\n"
    },
    {
        "sloka": "ityēvaṅ māṅ maharāja! bruvannēva mahāyaśāḥ.\n\nrāmō rājīvatāmrākṣō bhṛśamaśrūṇyavartayat৷৷2.58.25৷৷\n\n"
    },
    {
        "sloka": "lakṣmaṇastu susaṅkṛddhō niśśvasanvākyamabravīt.\n\nkēnāyamaparādhēna rājaputrō vivāsitaḥ৷৷2.58.26৷৷\n\n"
    },
    {
        "sloka": "rājñā tu khalu kaikēyyā laghutvāśritya śāsanam.\n\nkṛtaṅ kāryamakāryaṅ vā vayaṅ yēnābhipīḍitāḥ৷৷2.58.27৷৷\n\n"
    },
    {
        "sloka": "yadi pravrājitō rāmō lōbhakāraṇakāritam.\n\nvaradānanimittaṅ vā sarvathā duṣkṛtaṅ kṛtam৷৷2.58.28৷৷\n\n"
    },
    {
        "sloka": "idaṅ tāvadyathākāmamīśvarasya kṛtē kṛtam.\n\nrāmasya tu parityāgē na hētu mupalakṣayē৷৷2.58.29৷৷\n\n"
    },
    {
        "sloka": "asamīkṣaya samārabdhaṅ viruddhaṅ budhdilāghavāt.\n\njanayiṣyati saṅkrōśaṅ rāghavasya vivāsanam৷৷2.58.30৷৷\n\n"
    },
    {
        "sloka": "ahaṅ tāvanmahārājē pitṛtvaṅ nōpalakṣyē.\n\nbhrātā bhartā ca bandhuśca pitā ca mama rāghavaḥ৷৷2.58.31৷৷\n\n"
    },
    {
        "sloka": "sarvarlōkapriyaṅ tyaktvā sarvalōkahitē ratam.\n\nsarvalōkō.nurajyēta kathaṅ tvā.nēnakarmaṇā৷৷2.58.32৷৷\n\n"
    },
    {
        "sloka": "sarvaprajābhirāmaṅ hi rāmaṅ pravrājya dhārmikam.\n\nsarvalōkaṅ virudhyēmaṅ kathaṅ rājā bhaviṣyasi৷৷2.58.33৷৷\n\n"
    },
    {
        "sloka": "jānakī tu mahārāja! niśśvasantī manasvinī.\n\nbhūtōpahatacittēva viṣṭhitā vismṛtā smitā৷৷2.58.34৷৷\n\n"
    },
    {
        "sloka": "adṛṣṭapūrvavyasanā rājyaputrī yaśasvinī.\n\ntēna duḥkhēna rudatī naiva māṅ kiñcidabravīt৷৷2.58.35৷৷\n\n"
    },
    {
        "sloka": "udvīkṣamāṇā bhartāraṅ mukhēna pariśuṣyatā.\n\nmumōca sahasā bāṣpaṅ māṅ prayāntamudīkṣya sā৷৷2.58.36৷৷\n\n"
    },
    {
        "sloka": "tathaiva rāmō.śrumukhaḥ kṛtāñjaliḥ sthitō.bhavallakṣmaṇabāhupālitaḥ.\n\ntathaiva sītā rudatī tapasvinī nirīkṣatē rājarathaṅ tathaiva mām৷৷2.58.37৷৷\n\n"
    }
]