[
    {
        "sloka": "[Rama and Sita observe the prescribed rites--rejoiced citizens of Ayodhya express their gratitude to the king--people from villages arrive in multitudes.]\n\ngatē purōhitē rāmaḥ snātō niyatamānasaḥ.\n\nsaha patnyā viśālākṣyā nārāyaṇamupāgamat৷৷2.6.1৷৷\n\n"
    },
    {
        "sloka": "pragṛhya śirasā pātrīṅ haviṣō vidhivattadā.\n\nmahatē daivatāyājyaṅ juhāva jvalitē.nalē৷৷2.6.2৷৷\n\n"
    },
    {
        "sloka": "śēṣaṅ ca haviṣastasya prāśyāśāsyātmanaḥ priyam.\n\ndhyāyannārāyaṇaṅ dēvaṅ svāstīrṇē kuśasaṅstarē৷৷2.6.3৷৷\n\nvāgyata ssaha vaidēhyā bhūtvā niyatamānasaḥ.\n\nśrīmatyāyatanē viṣṇō śśiśyē naravarātmajaḥ৷৷2.6.4৷৷\n\n"
    },
    {
        "sloka": "ēkayāmāvaśiṣṭāyāṅ rātryāṅ prativibuddhya saḥ.\n\nalaṅkāravidhiṅ kṛtsnaṅ kārayāmāsa vēśmanaḥ৷৷2.6.5৷৷\n\n"
    },
    {
        "sloka": "tatra śrṛṇvansukhā vāca ssūtamāgadhavandinām.\n\npūrvāṅ sadhyāmupāsīnō jajāpa yatamānasaḥ৷৷2.6.6৷৷\n\n"
    },
    {
        "sloka": "tuṣṭāva praṇataścaiva śirasā madhusūdanam.\n\nvimalakṣaumasaṅvītō vācayāmāsa sa dvijān৷৷2.6.7৷৷\n\n"
    },
    {
        "sloka": "tēṣāṅ puṇyāhaghōṣō.tha gambhīramadhurastadā.\n\nayōdhyāṅ pūrayāmāsa tūryaghōṣānunāditaḥ৷৷2.6.8৷৷\n\n"
    },
    {
        "sloka": "kṛtōpavāsaṅ tu tadā vaidēhyā saha rāghavam.\n\nayōdhyānilayaśśrutvā sarvaḥ pramuditō janaḥ৷৷2.6.9৷৷\n\n"
    },
    {
        "sloka": "tataḥ paurajanassarvaśśrutvā rāmābhiṣēcanam.\n\nprabhātāṅ rajanīṅ dṛṣṭvā cakrē śōbhayituṅ purīm৷৷2.6.10৷৷\n\n"
    },
    {
        "sloka": "sitābhraśikharābhēṣu dēvatāyatanēṣu ca.\n\ncatuṣpathēṣu rathyāsu caityēṣvaṭṭālakēṣu ca৷৷2.6.11৷৷\n\nnānāpaṇyasamṛddhēṣu vaṇijāmāpaṇēṣu ca.\n\nkuṭumbināṅ samṛddhēṣu śrīmatsu bhavanēṣu ca৷৷2.6.12৷৷\n\nsabhāsu caiva sarvāsu vṛkṣēṣvālakṣitēṣu ca.\n\ndhvajā ssamucchritāścitrāḥ patākāścābhavaṅstadā৷৷2.6.13৷৷\n\n"
    },
    {
        "sloka": "naṭanartakasaṅghānāṅ gāyakānāṅ ca gāyatām.\n\nmanaḥ karṇasukhā vāca śśuśṛvuśca tatastataḥ৷৷2.6.14৷৷\n\n"
    },
    {
        "sloka": "rāmābhiṣēkayuktāśca kathāścakrurmithō janāḥ.\n\nrāmābhiṣēkē samprāptē catvarēṣu gṛhēṣu ca৷৷2.6.15৷৷\n\n"
    },
    {
        "sloka": "bālā api krīḍamānā gṛhadvārēṣu saṅghaśaḥ.\n\nrāmābhiṣavasaṅyuktāścakrurēvaṅ mithaḥ kathāḥ৷৷2.6.16৷৷\n\n"
    },
    {
        "sloka": "kṛtapuṣpōpahāraśca dhūpagandhādhivāsitaḥ.\n\nrājamārgaḥ kṛtaḥ śrīmānpaurai rāmābhiṣēcanē৷৷2.6.17৷৷\n\n"
    },
    {
        "sloka": "prakāśakaraṇārthaṅ ca niśāgamanaśaṅkayā.\n\ndīpavṛkṣāṅ stathā cakruranu rathyāsu sarvaśaḥ৷৷2.6.18৷৷\n\n"
    },
    {
        "sloka": "alaṅkāraṅ purasyaivaṅ kṛtvā tatpuravāsinaḥ.\n\nākāṅkṣamāṇā rāmasya yauvarājyābhiṣēcanam৷৷2.6.19৷৷\n\nsamētya saṅghaśassarvē catvarēṣu sabhāsu ca.\n\nkathayantō mithastatra praśaśaṅsurjanādhipam৷৷2.6.20৷৷\n\n"
    },
    {
        "sloka": "ahō mahātmā rājā.yamikṣvākukulanandanaḥ.\n\njñātvā yō vṛddhamātmānaṅ rāmaṅ rājyē.bhiṣēkṣyati৷৷2.6.21৷৷\n\n"
    },
    {
        "sloka": "sarvēpyanugṛhītā smō yannō rāmō mahīpatiḥ.\n\ncirāya bhavitā gōptā dṛṣṭalōkaparāvaraḥ৷৷2.6.22৷৷\n\n"
    },
    {
        "sloka": "anuddhatamanāḥ vidvāndharmātmā bhrātṛvatsalaḥ.\n\nyathā ca bhrātṛṣu snigdhastathā.smāsvapi rāghavaḥ৷৷2.6.23৷৷\n\n"
    },
    {
        "sloka": "ciraṅ jīvatu dharmātmā rājā daśarathō.naghaḥ.\n\nyatprasādōnabhiṣiktaṅ tu rāmaṅ drakṣyāmahē vayam৷৷2.6.24৷৷\n\n"
    },
    {
        "sloka": "ēvaṅvidhaṅ kathayatāṅ paurāṇāṅ śuśruvu stadā.\n\ndigbhyōpi śrutavṛttāntā: prāptā jānapadā janāḥ৷৷2.6.25৷৷\n\n"
    },
    {
        "sloka": "tē tu digbhyaḥ purīṅ prāptā draṣṭuṅ rāmābhiṣēcanam.\n\nrāmasya pūrayāmāsuḥ purīṅ jānapadā janāḥ৷৷2.6.26৷৷\n\n"
    },
    {
        "sloka": "janaughaistairvisarpadbhiḥ śuśruvē tatra nisvanaḥ.\n\nparvasūdīrṇavēgasya sāgarasyēva nisvanaḥ৷৷2.6.27৷৷\n\n"
    },
    {
        "sloka": "tatastadindrakṣayasannibhaṅ puraṅ\n\ndidṛkṣubhirjānapadairupāgataiḥ.\n\nsamantata ssasvanamākulaṅ babhau\n\nsamudrayādōbhirivārṇavōdakam৷৷2.6.28৷৷\n\n"
    }
]