[
    {
        "sloka": "[King Dasaratha orders four divisions of the army and a lot of wealth to be sent with Rama ---Kaikeyi objects --Siddhartha appeases Kaikeyi--the king expresses his desire to accompany Rama to the forest.]\n\ntatassumantramaikṣvākaḥ pīḍitō.tra pratijñayā. \n\nsabāṣpamatiniśśvaśya jagādēdaṅ punaḥ punaḥ৷৷2.36.1৷৷\n\n"
    },
    {
        "sloka": "sūta! ratnasusampūrṇā caturvidhabalā camūḥ. \n\nrāghavasyānuyātrārthaṅ kṣipraṅ pratividhīyatām৷৷2.36.2৷৷\n\n"
    },
    {
        "sloka": "rūpājīvāśca vādinyō vaṇijaśca mahādhanāḥ.\n\nśōbhayantu kumārasya vāhinīṅ suprasāritāḥ৷৷2.36.3৷৷\n\n"
    },
    {
        "sloka": "yē cainamupajīvanti ramatē yaiśca vīryataḥ. \n\ntēṣāṅ bahuvidhaṅ dattvā tānapyatra niyōjaya ৷৷2.38.4৷৷\n\n"
    },
    {
        "sloka": "āyudhāni ca mukhyāni nāgarā śśakaṭāni ca. \n\nanugacchantu kākutsthaṅ vyādhāścāraṇya gōcarāḥ৷৷2.36.5৷৷\n\n"
    },
    {
        "sloka": "nighnan mṛgān kuñjarāṅśca pibaṅścāraṇyakaṅ madhu. \n\nnadīśca vividhāḥ paśyanna rājyasya smariṣyati৷৷2.36.6৷৷\n\n"
    },
    {
        "sloka": "dhānyakōśaśca yaḥ kaściddhanakōśaśca māmakaḥ. \n\ntau rāmamanugacchētāṅ vasantaṅ nirjanē vanē৷৷2.36.7৷৷\n\n"
    },
    {
        "sloka": "yajan puṇyēṣu dēśēṣu visṛjaṅ ścāptadakṣiṇāḥ. \n\nṛṣibhiśca samāgamya pravatsyati sukhaṅ vanē৷৷2.36.8৷৷\n\n"
    },
    {
        "sloka": "bharataśca mahābāhurayōdhyāṅ pālayiṣyati. \n\nsarvakāmaiḥ saha śrīmān rāmaḥ saṅsādhyatāmiti ৷৷2.36.9৷৷\n\n"
    },
    {
        "sloka": "ēvaṅ bruvati kākutsthē kaikēyyā bhaya māgatam. \n\nmukhaṅ cāpyagamacchōṣaṅ svaraścāpi nyarudhyata৷৷2.36.10৷৷\n\n"
    },
    {
        "sloka": "sā viṣaṇṇā ca santrastā mukhēna pariśuṣyatā. \n\nrājānamēvābhimukhī kaikēyī vākyamabravīt৷৷2.36.11৷৷\n\n"
    },
    {
        "sloka": "rājyaṅ gatajanaṅ sādhō! pītamaṇḍāṅ surāmiva. \n\nnirāsvādyatamaṅ śūnyaṅ bharatō nābhipatsyatē৷৷2.36.12৷৷\n\n"
    },
    {
        "sloka": "kaikēyyāṅ muktalajjāyāṅ vadantyāmatidāruṇām. \n\nrājā daśarathō vākyamuvācāyatalōcanām৷৷2.36.13৷৷\n\n"
    },
    {
        "sloka": "vahantaṅ kiṅ tudasi māṅ niyujya dhuri mā.hitē. \n\nanāryē! kṛtyamārabdhaṅ kiṅ na pūrvamupārudhaḥ৷৷2.36.14৷৷\n\n"
    },
    {
        "sloka": "tasyaitatkrōdhasaṅyuktamuktaṅ śrutvā varāṅganā. \n\nkaikēyī dviguṇaṅ kruddhā rājānamidamabravīt৷৷2.36.15৷৷\n\n"
    },
    {
        "sloka": "vaiva vaṅśē sagarō jyēṣṭhaṅ putramupārudhat. \n\nasamañja iti khyātaṅ tathāyaṅ gantumarhati৷৷2.36.16৷৷\n\n"
    },
    {
        "sloka": "ēvamuktō dhigityēva rājā daśarathō.bravīt. \n\nvrīḍitaśca janassarva ssā ca taṅ nāvabudhyata৷৷2.36.17৷৷\n\n"
    },
    {
        "sloka": "tatra vṛddhō mahāmātrassiddhārthō nāma nāmataḥ. \n\nśucirbahumatō rājñaḥ kaikēyī midamabravīt৷৷2.38.18৷৷\n\n"
    },
    {
        "sloka": "asamañjō gṛhītvā tu krīḍataḥ pathi bālakān. \n\nsarayvāḥ prakṣipannapsu ramatē tēna durmatiḥ৷৷2.36.19৷৷\n\n"
    },
    {
        "sloka": "taṅ dṛṣṭvā nāgarā ssarvē kṛddhā rājānamabruvan.\n\nasamañjaṅ vṛṇīṣvaikamasmānvā rāṣṭravardhana৷৷2.36.20৷৷\n\n"
    },
    {
        "sloka": "tānuvāca tatō rājā kinnimittamidaṅ bhayam.\n\ntāścāpi rājñā sampṛṣṭā vākyaṅ prakṛtayō.bruvan৷৷2.36.21৷৷\n\n"
    },
    {
        "sloka": "ḍakrīḍatastvēṣa naḥ putrān bālānudbhrāntacētanaḥ. \n\nsarayvāṅ prakṣipanmaurkhyādatulāṅ prītimaśnutē৷৷2.36.22৷৷\n\n"
    },
    {
        "sloka": "sa tāsāṅ vacanaṅ śrutvā prakṛtīnāṅ narādhipaḥ. \n\ntaṅ tatyājāhitaṅ putraṅ tēṣāṅ priyacikīrṣayā৷৷2.36.23৷৷\n\n"
    },
    {
        "sloka": "taṅ yānaṅ śīghramārōpya sabhāryaṅ saparicchadam.\n\nyāvajjīvaṅ vivāsyō.yamiti svānanvaśātpitā৷৷2.36.24৷৷\n\n"
    },
    {
        "sloka": "sa phālapiṭakaṅ gṛhya giridurgāṇyalōḍayat. \n\ndiśa ssarvāstvanucaran sa yathā pāpakarmakṛt৷৷2.36.25৷৷\n\n"
    },
    {
        "sloka": "ityēnamatyajadrājā sagarō vai sudhārmikaḥ. \n\nrāmaḥ kimakarōtpāpaṅ yēnaivamuparudhyatē৷৷2.36.26৷৷\n\n"
    },
    {
        "sloka": "na hi kañcana paśyāmō rāghavasyāguṇaṅ vayam.\n\ndurlabhō hyasya niraya śśaśāṅkasyēva kalmaṣam৷৷2.36.27৷৷\n\n"
    },
    {
        "sloka": "athavā dēvi! dōṣaṅ tvaṅ kañcitpaśyasi rāghavē. \n\ntamadya brūhi tatvēna tadā rāmō vivāsyatām৷৷2.36.28৷৷\n\n"
    },
    {
        "sloka": "aduaduṣṭasya hi saṅtyāgaḥ satpathē niratasya ca.  \n\nnirdahēdapi śakrasya dyutiṅ dharmanirōdhanāt.2.36.29৷৷\n\n"
    },
    {
        "sloka": "tadalaṅ dēvi rāmasya śriyā vihatayā tvayā. \n\nlōkatō.pi hi tē rakṣyaḥ parivādaḥ śubhānanē৷৷2.36.30৷৷\n\n"
    },
    {
        "sloka": "śrutvā tu siddhārthavacō rājā śrāntatarasvanaḥ. \n\nśōkōpahatayā vācā kaikēyīmidamabravīt৷৷2.36.31৷৷\n\n"
    },
    {
        "sloka": "ētadvacō nēcchasi pāpavṛttē! hitaṅ na jānāsi mamātmanō vā. \n\nāsthāya mārgaṅ kṛpaṇaṅ kucēṣṭā cēṣṭā hi tē sādhupathādapētā৷৷2.36.32৷৷\n\n"
    },
    {
        "sloka": "anuvrajiṣyāmyahamadya rāmaṅ \n\nrājyaṅ parityajya sukhaṅ dhanaṅ ca.\n\nsahaiva rājñā bharatēna ca tvaṅ \n\nyathāsukhaṅ bhuṅkṣva cirāya rājyam৷৷2.36.33৷৷\n\n"
    }
]