[
    {
        "sloka": "[Rama hears from Kaikeyi about the boons promised by Dasaratha-consents to leave for the forest- goes to meet Kausalya.] \n\ntadapriyamamitraghnō vacanaṅ maraṇōpamam.\n\nśrutvā na vivyathē rāmaḥ kaikēyīṅ cēdamabravīt৷৷2.19.1৷৷\n\n"
    },
    {
        "sloka": "ēvamastu gamiṣyāmi vanaṅ vastumahaṅ tvitaḥ. \n\njaṭājinadharō rājñaḥ pratijñāmanupālayan৷৷2.19.2৷৷\n\n"
    },
    {
        "sloka": "idaṅ tu jñātumicchāmi kimarthaṅ māṅ mahīpatiḥ.\n\nnābhinandati durdharṣō yathāpūrvamarindamaḥ৷৷2.19.3৷৷\n\n"
    },
    {
        "sloka": "manyurna ca tvayā kāryō dēvi! brūmi tavāgrataḥ.\n\nyāsyāmi bhava suprītā vanaṅ cīrajaṭādharaḥ৷৷2.19.4৷৷\n\n"
    },
    {
        "sloka": "hitēna guruṇā pitrā kṛtajñēna nṛpēṇa ca.\n\nniyujyamānō visrabdhaḥ kiṅ na kuryāmahaṅ priyam৷৷2.19.5৷৷\n\n"
    },
    {
        "sloka": "alīkaṅ mānasaṅ tvēkaṅ hṛdayaṅ dahatīva mē.\n\nsvayaṅ yannāha māṅ rājā bharatasyābhiṣēcanam৷৷2.19.6৷৷\n\n"
    },
    {
        "sloka": "ahaṅ hi sītāṅ rājyaṅ ca prāṇāniṣṭāndhanāni ca.\n\nhṛṣṭō bhrātrē svayaṅ dadyāṅ bharatāyāpracōditaḥ৷৷2.19.7৷৷\n\n"
    },
    {
        "sloka": "kiṅ punarmanujēndrēṇa svayaṅ pitrā pracōditaḥ.\n\ntava ca priyakāmārthaṅ pratijñāmanupālayan৷৷2.19.8৷৷\n\n"
    },
    {
        "sloka": "tadāśvāsaya hīmaṅ tvaṅ kinvidaṅ yanmahīpatiḥ.\n\nvasudhāsaktanayanō mandamaśrūṇi muñcati৷৷2.19.9৷৷\n\n"
    },
    {
        "sloka": "gacchantu caivānayituṅ dūtāśśrīghrajavairhayaiḥ.\n\nbharataṅ mātulakulādadyaiva nṛpaśāsanāt৷৷2.19.10৷৷  \n\n"
    },
    {
        "sloka": "daṇḍakāraṇyamēṣō.hamitō gacchāmi satvaraḥ.\n\navicārya piturvākyaṅ samā vastuṅ caturdaśa৷৷2.19.11৷৷\n\n"
    },
    {
        "sloka": "sā hṛṣṭā tasya tadvākyaṅ śrutvā rāmasya kaikayī.\n\nprasthānaṅ śraddhadhānā hi tvarayāmāsa rāghavam৷৷2.19.12৷৷\n\n"
    },
    {
        "sloka": "ēvaṅ bhavatu yāsyanti dūtā śśīghrajavairhayaiḥ.\n\nbharataṅ mātulakulādupāvartayituṅ narāḥ৷৷2.19.13৷৷\n\n"
    },
    {
        "sloka": "tava tvahaṅ kṣamaṅ manyē nōtsukasya vilambanam.\n\nrāma! tasmādita śśīghraṅ vanaṅ tvaṅ gantumarhasi৷৷2.19.14৷৷\n\n"
    },
    {
        "sloka": "vrīḍānvita ssvayaṅ yacca nṛpastvāṅ nābhibhāṣatē.\n\nnaitatkiñcinnaraśrēṣṭha! manyurēṣō.panīyatām৷৷2.19.15৷৷\n\n"
    },
    {
        "sloka": "yāvattvaṅ na vanaṅ yātaḥ purādasmādabhitvaran.\n\npitā tāvanna tē rāma! snāsyatē bhōkṣyatē.pi vā৷৷2.19.16৷৷\n\n"
    },
    {
        "sloka": "dhikkaṣṭamiti niḥśvasya rājā śōkapariplutaḥ.\n\nmūrchitō nyapatattasminparyaṅkē hēmabhūṣitē৷৷2.19.17৷৷\n\n"
    },
    {
        "sloka": "rāmō.pyutthāpya rājānaṅ kaikēyyābhipracōditaḥ.\n\nkaśayēvāhatō vājī vanaṅ gantuṅ kṛtatvaraḥ৷৷2.19.18৷৷\n\n"
    },
    {
        "sloka": "tadapriyamanāryāyā vacanaṅ dāruṇōdayam.\n\nśrutvā gatavyathō rāmaḥ kaikēyīṅ vākyamabravīt৷৷2.19.19৷৷\n\n"
    },
    {
        "sloka": "nāhamarthaparō dēvi! lōkamāvastumutsahē.\n\nviddhimāmṛṣibhistulyaṅ kēvalaṅ dharmamāsthitam৷৷2.19.20৷৷\n\n"
    },
    {
        "sloka": "yadatra bhavataḥ kiñcicchakyaṅ kartuṅ priyaṅ mayā.\n\nprāṇānapi parityajya sarvathā kṛtamēva tat৷৷2.19.21৷৷\n\n"
    },
    {
        "sloka": "na hyatō dharmacaraṇaṅ kiñcidasti mahattaram.\n\nyathā pitariśuśrūṣā tasya vā vacanakriyā৷৷2.19.22৷৷\n\n"
    },
    {
        "sloka": "anuktō.pyatrabhavatā bhavatyā vacanādaham.\n\nvanē vatsyāmi vijanē varṣāṇīha caturdaśa৷৷2.19.23৷৷\n\n"
    },
    {
        "sloka": "na nūnaṅ mayi kaikayi! kiñcidāśaṅsasē guṇam.\n\nyadrājānamavōcastvaṅ mamēśvaratarā satī৷৷2.19.24৷৷\n\n"
    },
    {
        "sloka": "yāvanmātaramāpnacchē sītāṅ cānunayāmyaham.\n\ntatō.dyaiva gamiṣyāmi daṇḍakānāṅ mahadvanam৷৷2.19.25৷৷\n\n"
    },
    {
        "sloka": "bharataḥ pālayēdrājyaṅ śuśrūṣēcca pituryathā.\n\ntathā bhavatyā kartavyaṅ sa hi dharma ssanātanaḥ৷৷2.19.26৷৷\n\n"
    },
    {
        "sloka": "sa rāmasya vacaśśrṛtvā bhṛśaṅ duḥkhahataḥ pitā.\n\nśōkādaśaknuvanvakatuṅ prarurōda mahāsvanam৷৷2.19.27৷৷\n\n"
    },
    {
        "sloka": "vanditvā caraṇau rāmō visaṅjñasya pitustathā.\n\nkaikēyyāścāpyanāryāyāḥ niṣpapāta mahādyutiḥ৷৷2.19.28৷৷\n\n"
    },
    {
        "sloka": "sa rāmaḥ pitaraṅ kṛtvā kaikēyīṅ ca pradakṣiṇam.\n\nniṣkramyāntaḥpurāttasmātsvaṅ dadarśa suhṛjjanam৷৷2.19.29৷৷\n\n"
    },
    {
        "sloka": "taṅ bāṣpaparipūrṇākṣaḥ pṛṣṭhatō.nujagāma ha.\n\nlakṣmaṇaḥ paramakkṛdhdaḥ ssumitrānandavardhanaḥ৷৷2.19.30৷৷\n\n"
    },
    {
        "sloka": "abhiṣēcanikaṅ bhāṇḍaṅ kṛtvā rāmaḥ pradakṣiṇam.\n\nśanairjagāma sāpēkṣō dṛṣṭiṅ tatrāvicālayan৷৷2.19.31৷৷\n\n"
    },
    {
        "sloka": "na cāsya mahatīṅ lakṣmīṅ rājyanāśō.pakarṣati.\n\nlōkakāntasya kāntatvācchītaraśmēriva kṣapā৷৷2.19.32৷৷\n\n"
    },
    {
        "sloka": "na vanaṅ gantukāmasya tyajataśca vasundharām.\n\nsarvalōkātigasyēva lakṣyatē cittavikriyā৷৷2.19.33৷৷\n\n"
    },
    {
        "sloka": "pratiṣidhya śubhaṅ chatraṅ vyajanē ca svalaṅkṛtē.                                                                     \n\nvisarjayitvā svajanaṅ rathaṅ paurāṅstathā janān৷৷2.19.34৷৷                                                                                 \n\ndhārayan manasā duḥkhamindriyāṇi nigṛhya ca.\n\npravivēśātmavānvēśma māturapriyaśaṅsivān.2.19.35৷৷\n\n"
    },
    {
        "sloka": "sarvōhyabhijanaśśrīmān śrīmatassatyavādinaḥ.\n\nnālakṣayata rāmasya kiñcidākāramānanē৷৷2.19.36৷৷\n\n"
    },
    {
        "sloka": "ucitaṅ ca mahābāhurnajahauharṣamātmanaḥ.\n\nśārada ssamudīrṇāṅśuścandrastēja ivātmajam৷৷2.19.37৷৷\n\n"
    },
    {
        "sloka": "vācā madhurayā rāmassarvaṅ sammānayañjanam.\n\nmātussamīpaṅ dhīrātmā pravivēśa mahāyaśāḥ৷৷2.19.38৷৷\n\n"
    },
    {
        "sloka": "taṅ guṇaissamatāṅ prāptō bhrātā vipulavikramaḥ.\n\nsaumitriranuvavrāja dhārayanduḥkhamātmajam৷৷2.19.39৷৷\n\n"
    },
    {
        "sloka": "praviśya vēśmātibhṛśaṅ mudā.nvitaṅ \n\nsamīkṣya tāṅ cārthavipattimāgatām.\n\nna caiva rāmō.trajagāmavikriyāṅ \n\nsuhṛjjanasyātmavipattiśaṅkayā৷৷2.19.40৷৷\n\n"
    }
]