[
    {
        "sloka": "[Dasaratha tries to appease queen Kaikeyi.]\n\natadarhaṅ mahārājaṅ śayānamatathōcitam.\n\nyayātimiva puṇyāntē dēvalōkātparicyutam৷৷2.13.1৷৷\n\nanartharūpā siddhārthā hyabhītā bhayadarśinī.\n\npunarākārayāmāsa tamēva varamaṅganā৷৷2.13.2৷৷\n\n"
    },
    {
        "sloka": "atadarhaṅ mahārājaṅ śayānamatathōcitam.\n\nyayātimiva puṇyāntē dēvalōkātparicyutam৷৷2.13.1৷৷\n\nanartharūpā siddhārthā hyabhītā bhayadarśinī.\n\npunarākārayāmāsa tamēva varamaṅganā৷৷2.13.2৷৷\n\n"
    },
    {
        "sloka": "tvaṅ katthasē mahārāja! satyavādī dṛḍhavrataḥ.\n\nmama cēmaṅ varaṅ kasmādvidhārayitumicchasi৷৷2.13.3৷৷\n\n"
    },
    {
        "sloka": "ēvamuktastu kaikēyyā rājā daśarathastadā.\n\npratyuvāca tataḥ kruddhō muhūrtaṅ vihvalanniva৷৷2.13.4৷৷\n\n"
    },
    {
        "sloka": "mṛtē mayi gatē rāmē vanaṅ manujapuṅgavē.\n\nhantānāryē! mamāmitrē! sakāmā sukhinī bhava৷৷2.13.5৷৷\n\n"
    },
    {
        "sloka": "svargē.pi khalu rāmasya kuśalaṅ daivatairaham.\n\npratyādēśādabhihitaṅ dhārayiṣyē kathaṅ bata৷৷2.13.6৷৷\n\n"
    },
    {
        "sloka": "kaikēyyāḥ priyakāmēna rāmaḥ pravrājitō mayā.\n\nyadi satyaṅ bravīmyētattadasatyaṅ bhaviṣyati৷৷2.13.7৷৷\n\n"
    },
    {
        "sloka": "aputrēṇa mayā putraśśramēṇa mahatā mahān.\n\nrāmō labdhō mahābāhu ssakathaṅ tyajyatē mayā৷৷2.13.8৷৷\n\n"
    },
    {
        "sloka": "śūraśca kṛtavidyaśca jitakrōdhō kṣamāparaḥ.\n\nkathaṅ kamalapatrākṣō mayā rāmō vivāsyatē৷৷2.13.9৷৷\n\n"
    },
    {
        "sloka": "kathamindīvaraśyāmaṅ dīrghabāhuṅ mahābalam.\n\nabhirāmamahaṅ rāmaṅ prēṣayiṣyāmi daṇḍakān৷৷2.13.10৷৷\n\n"
    },
    {
        "sloka": "sukhānāmucitasyaiva duḥkhairanucitasya ca.\n\ndukhaṅ nāmānupaśyēyaṅ kathaṅ rāmasya dhīmataḥ৷৷2.13.11৷৷\n\n"
    },
    {
        "sloka": "yadi duḥkhamakṛtvā.dya mama saṅkramaṇaṅ bhavēt.\n\naduḥkhārhasya rāmasya tata ssukhamavāpnuyām৷৷2.13.12৷৷\n\n"
    },
    {
        "sloka": "nṛśaṅsē! pāpasaṅkalpē rāmaṅ satyaparākramam.\n\nkiṅ vipriyēṇa kaikēyi! priyaṅ yōjayasē mama৷৷2.13.13৷৷\n\nakīrtiratulā lōkē dhruvaṅ paribhavaśca mē.\n\n"
    },
    {
        "sloka": "tathā vilapatastasya paribhramitacētasaḥ৷৷2.13.14৷৷\n\nastamabhyagamatsūryō rajanī cābhyavartata.\n\n"
    },
    {
        "sloka": "sā triyāmā tathārttasya candramaṇḍalamaṇḍitā৷৷2.13.15৷৷\n\nrājñō vilapamānasya na vyabhāsata śarvarī.\n\n"
    },
    {
        "sloka": "tathaivōṣṇaṅ viniśvasya vṛddhō daśarathō nṛpaḥ৷৷2.13.16৷৷\n\nvilalāpārtavadyukhaṅ gaganāsaktalōcanaḥ.\n\n"
    },
    {
        "sloka": "na prabhātaṅ tvayēcchāmi niśē! nakṣatrabhūṣaṇē!৷৷2.13.17৷৷\n\nkriyatāṅ mē dayā bhadrē! mayā.yaṅ racitō.ñjaliḥ.\n\n"
    },
    {
        "sloka": "athavā gamyatāṅ śīghraṅ nāhamicchāmi nirghṛṇām৷৷2.13.18৷৷\n\nnṛśaṅsāṅ kaikayīṅ draṣṭuṅ yatkṛtē vyasanaṅ mahat.\n\n"
    },
    {
        "sloka": "ēvamuktvā tatō rājā kaikēyīṅ saṅyatāñjaliḥ৷৷2.13.19৷৷\n\nprasādayāmāsa punaḥ kaikēyīṅ cēdamabravīt.\n\n"
    },
    {
        "sloka": "sādhu vṛttasya dīnasya tvadgatasya gatāyuṣaḥ৷৷2.1.20৷৷\n\nprasādaḥ kriyatāṅ dēvi! bhadrē rājñō viśēṣataḥ.\n\n"
    },
    {
        "sloka": "śūnyē na khalu suśrōṇi! mayēdaṅ samudāhṛtam৷৷2.13.21৷৷\n\nkuru sādhu prasādaṅ mē bālē! sahṛdayā hyasi.\n\n"
    },
    {
        "sloka": "prasīda dēvi! rāmōmētvaddattaṅ rājyamavyam৷৷2.13.22৷৷\n\nlabhatāmasitāpāṅgē yaśaḥ paramavāpnu hi.\n\n"
    },
    {
        "sloka": "mama rāmasya lōkasya gurūṇāṅ bharatasya ca৷৷2.13.23৷৷\n\npriyamētadguruśrōṇi! kuru cārumukhēkṣaṇē\n\n"
    },
    {
        "sloka": "viśuddhabhāvasya suduṣṭabhāvā \n\ntāmrēkṣaṇasyāśrukalasya rājñaḥ.\n\nśrutvā vicitraṅ karuṇaṅ vilāpaṅ \n\nbharturnṛśaṅsā na cakāra vākyam৷৷2.13.24৷৷\n\n"
    },
    {
        "sloka": "tatassa rājā punarēva mūrchitaḥ\n\npriyāmatuṣṭāṅ pratikūlabhāṣiṇīm.\n\nsamīkṣya putrasya vivāsanaṅ prati \n\nkṣitau visaṅjñō nipapāta dukhitaḥ৷৷2.13.25৷৷\n\n"
    },
    {
        "sloka": "itīva rājñō vyathitasya sā niśā \n\njagāma ghōraṅ śvasatō manasvinaḥ\n\nvibōdhyamānaḥ pratibōdhanaṅ tadā  \n\nnivārayāmāsa sa rājasattamaḥ৷৷2.13.26৷৷\n\n"
    }
]