[
    {
        "sloka": "[Rama watches the splendour of the highway, listens to the words of his friends -- and enters his father's  palace.]\n\nsa rāmō rathamāsthāya samprahṛṣṭasuhṛjjanaḥ.\n\npatākādhvajasampannaṅ mahārhāgarudhūpitam৷৷2.17.1৷৷\n\napaśyannagaraṅ śrīmānnānājanasamākulam. \n\n"
    },
    {
        "sloka": "sa gṛhairabhrasaṅkāśaiḥ pāṇḍurairupaśōbhitam৷৷2.17.2৷৷\n\nrājamārgaṅ yayau rāmō madhyēnāgarudhūpitam.\n\n"
    },
    {
        "sloka": "candanānāṅ ca mukhyānāmagarūṇāṅ ca sañcayaiḥ৷৷2.17.3৷৷\n\nuttamānāṅ ca gandhānāṅ kṣaumakōśāmbarasya ca. \n\naviddhābhiśca muktābhiruttamaissphāṭikairapi৷৷2.17.4৷৷\n\nśōbhamānamasaṅbādhaistaṅ rājapathamuttamam. \n\nsaṅvṛtaṅ vividhaiḥpuṣpairbhakṣyairuccāvacairapi৷৷2.17.5৷৷\n\n"
    },
    {
        "sloka": "dadarśa taṅ rājapathaṅ divi dēvapathaṅ yathā. \n\ndadhyakṣatahavirlājairdhūpairagarucandanaiḥ৷৷2.17.6৷৷\n\nnānāmālyōpagaṅdhaiśca sadā.bhyarcitacatvaram.\n\n"
    },
    {
        "sloka": "aśīrvādānbahūn śṛṇvansuhṛdbhissamudīritān৷৷2.17.7৷৷\n\nyathārhaṅ cāpi sampūjya sarvānēva narānyayau. \n\n"
    },
    {
        "sloka": "pitāmahairācaritaṅ tathaiva prapitāmahaiḥ৷৷2.17.8৷৷\n\nadyōpādāya taṅ mārgamabhiṣiktō.nupālaya.\n\n"
    },
    {
        "sloka": "yathāsma pōṣitāḥ pitrā yathā sarvaiḥ pitāmahaiḥ৷৷2.17.9৷৷\n\ntatassukhataraṅ rāmē vatsyāmassati rājani.\n\n"
    },
    {
        "sloka": "alamadya hi bhuktēna paramārthairalaṅ ca naḥ৷৷2.17.10৷৷\n\nyadi paśyāma niryāntaṅ rāmaṅ rājyē pratiṣṭhitam.\n\n"
    },
    {
        "sloka": "atō hi naḥ priyataraṅ nānyatkiñcidbhaviṣyati৷৷2.17.11৷৷\n\nyathā.bhiṣēkō rāmasya rājyēnāmitatējasaḥ. \n\n"
    },
    {
        "sloka": "ētāścānyāśca suhṛdāmudāsīnaḥ kathāśśubhāḥ৷৷2.17.12৷৷\n\nātmasampūjanīśśṛṇvanyayau rāmō mahāpatham.\n\n"
    },
    {
        "sloka": "na hi tasmānmanaḥ kaściccakṣuṣī vā narōttamāt৷৷2.17.13৷৷\n\nnara śśaknōtyapākraṣṭumatikrāntē.pi rāghavē. \n\n"
    },
    {
        "sloka": "yaśca rāmaṅ na paśyēttu yaṅ ca rāmō na paśyati৷৷2.17.14৷৷\n\nnindita ssarvallōkēṣu svātmā.pyēnaṅ vigarhatē. \n\n"
    },
    {
        "sloka": "sarvēṣu hi sa dharmātmā varṇānāṅ kurutē dayām৷৷2.17.15৷৷\n\ncaturṇāṅ hi vayaḥ sthānāṅ tēna tē tamanuvratāḥ. \n\n"
    },
    {
        "sloka": "catuṣpathāndēvapathāṅścaityānyāyatanāni ca৷৷2.17.16৷৷\n\npradakṣiṇaṅ pariharan jagāma nṛpatē ssutaḥ.\n\n"
    },
    {
        "sloka": "sa rājakulamāsādya mēghasaṅghōpamai śśubhaiḥ৷৷2.17.17৷৷\n\nprāsādaśṛṅgairvividhaiḥkailāsa śikharōpamaiḥ. \n\nāvārayadbhirgaganaṅ vimānairiva pāṇḍuraiḥ৷৷2.17.18৷৷\n\nvardhamānagṛhaiścāpi ratnajālapariṣkṛtaiḥ. \n\ntatpṛthivyāṅ gṛhavaraṅ mahēndrasadanōpamam৷৷2.17.19৷৷\n\nrājaputraḥ piturvēśma pravivēśa śriyā jvalan.\n\n"
    },
    {
        "sloka": "sa kakṣyā dhanvibhirguptāstisrō.tikramya vājibhiḥ৷৷2.17.20৷৷\n\npadātiraparē kakṣyē dvē jagāma narōttamaḥ. \n\n"
    },
    {
        "sloka": "sa sarvā ssamatikramya kakṣyā daśarathātmajaḥ. \n\nsannivartya janaṅ sarvaṅ śuddhāntaḥ puramabhyagāt৷৷2.17.21৷৷\n\n"
    },
    {
        "sloka": "tasmin praviṣṭē piturantikaṅ tadā jana ssa sarvō muditō nṛpātmajē. \n\npratīkṣatē tasya punaḥ sma nirgamaṅ yathōdayaṅ candramasassaritpatiḥ৷৷2.17.22৷৷\n\n"
    }
]