[
    {
        "sloka": "[Bharata expresses his desire to bring back Rama --- enquires the way to Bharadwaja's hermitage.]\n\nēvamuktastu bharatō niṣādādhipatiṅ guham.\n\npratyuvāca mahāprājñō vākyaṅ hētvarthasaṅhitam৷৷2.85.1৷৷\n\n"
    },
    {
        "sloka": "ūrjitaḥ khalu tē kāmaḥ kṛtō mama gurōssakhē.\n\nyō mē tvamīdṛśīṅ sēnāmēkō.bhyarcitumicchasi৷৷2.85.2৷৷\n\n"
    },
    {
        "sloka": "ityuktvā tu mahātējā guhaṅ vacanamuttamam.\n\nabravīdbharata śśrīmānaniṣādādhipatiṅ punaḥ৷৷2.85.3৷৷\n\n"
    },
    {
        "sloka": "katarēṇa gamiṣyāmi bharadvājāśramaṅ guha.\n\ngahanō.yaṅ bhṛśaṅ dēśō gaṅgā.nūpō duratyayaḥ৷৷2.85.4৷৷\n\n"
    },
    {
        "sloka": "tasya tadvacanaṅ śrutvā rājaputrasya dhīmataḥ.\n\nabravītprāñjalirvākyaṅ guhō gahanagōcaraḥ৷৷2.85.5৷৷\n\n"
    },
    {
        "sloka": "dāśāstvā.nu.gamiṣyanti dhanvinassusamāhitāḥ.\n\nahaṅ tvānugamiṣyāmi rājaputra mahāyaśaḥ৷৷2.85.6৷৷\n\n"
    },
    {
        "sloka": "kacchinnaduṣṭō vrajasi rāmasyākliṣṭakarmaṇaḥ.\n\niyaṅ tē mahatī sēnā śaṅkāṅ janayatīva mē৷৷2.85.7৷৷\n\n"
    },
    {
        "sloka": "tamēvamabhibhāṣantamākāśa iva nirmalaḥ.\n\nbharataśślakṣṇayā vācā guhaṅ vacanamabravīt৷৷2.85.8৷৷\n\n"
    },
    {
        "sloka": "mābhūtsa kālō yatkaṣṭaṅ na māṅ śaṅkitumarhasi.\n\nrāghava ssahi mē bhrātā jyēṣṭhaḥ pitusamō mataḥ৷৷2.85.9৷৷\n\n"
    },
    {
        "sloka": "taṅ nivartayituṅ yāmi kākutsthaṅ vanavāsinam.\n\nbuddhiranyā na tē kāryā guha satyaṅ bravīmi tē৷৷2.85.10৷৷\n\n"
    },
    {
        "sloka": "sa tu saṅhṛṣṭavadana śśrutvā bharatabhāṣitam.\n\npunarēvābravīdvākyaṅ bharataṅ prati harṣitaḥ৷৷2.85.11৷৷\n\n"
    },
    {
        "sloka": "dhanyastvaṅ na tvayā tulyaṅ paśyāmi jagatītalē.\n\nayatnādāgataṅ rājyaṅ yastvaṅ tyaktumihēcchasi৷৷2.85.12৷৷\n\n"
    },
    {
        "sloka": "śāśvatī khalu tē kīrtirlōkānanucariṣyati.\n\nyastvaṅ kṛcchragataṅ rāmaṅ pratyānayitumicchasi৷৷2.85.13৷৷\n\n"
    },
    {
        "sloka": "ēvaṅ sambhāṣamāṇasya guhasya bharataṅ tadā.\n\nbabhau naṣṭaprabhassūryō rajanī cābhyavartata৷৷2.85.14৷৷\n\n"
    },
    {
        "sloka": "sannivēśya sa tāṅ sēnāṅ guhēna paritōṣitaḥ.\n\nśatrughnēna saha śrīmāñchayanaṅ samupāgamat৷৷2.85.15৷৷\n\n"
    },
    {
        "sloka": "rāmacintāmaya śśōkō bharatasya mahātmanaḥ.\n\nupasthitō hyanarhasya dharmaprēkṣasya tādṛśaḥ৷৷2.85.16৷৷\n\n"
    },
    {
        "sloka": "antardāhēna dahanassantāpayati rāghavam.\n\nvanadāhābhisantaptaṅ gūḍhō.gniriva pādapam৷৷2.85.17৷৷\n\n"
    },
    {
        "sloka": "prasṛtassarvagātrēbhyassvēdaṅ śōkāgnisambhavam.\n\nyathā sūryāṅśusantaptō himavān prasṛtōhimam৷৷2.85.18৷৷\n\n"
    },
    {
        "sloka": "dhyānanirdharaśailēna viniśśvasitadhātunā.\n\ndainyapādapasaṅghēna śōkāyāsādhiśṛṅgiṇā৷৷2.85.19৷৷\n\npramōhānantasattvēna santāpauṣadhivēṇunā.\n\nākrāntō duḥkhaśailēna mahatā kaikayīsutaḥ৷৷2.85.20৷৷\n\n"
    },
    {
        "sloka": "viniśśvasanvai bhṛśadurmanāstataḥ pramūḍhasaṅjñaḥ paramāpadaṅ gataḥ.\n\nśamaṅ na lēbhē hṛdayajvarārditō nararṣabhō yūthahatō yatharṣabhaḥ৷৷2.85.21৷৷\n\n"
    },
    {
        "sloka": "guhēna sārdhaṅ bharatassamāgatō mahānubhāvassajanassamāhitaḥ.\n\nsudurmanāstaṅ bharataṅ tadā punarguha ssamāśvāsayadagrajaṅ prati৷৷2.85.22৷৷\n\n"
    }
]