[
    {
        "sloka": "[Bharata beseeches Rama repeatedly --- Rama justifies his obedience to his father's command.]\n\ntaṅ tu rāma ssamāśvāsya bhrātaraṅ guravatsalam.\n\nlakṣmaṇēna saha bhrātrā praṣṭuṅ samupacakramē৷৷2.104.1৷৷\n\n"
    },
    {
        "sloka": "kimētadicchēyamahaṅ śrōtuṅ pravyāhṛtaṅ tvayā.\n\nyasmāttvamāgatō dēśamimaṅ cīrajaṭājinaḥ৷৷2.104.2৷৷\n\n"
    },
    {
        "sloka": "kinnimittamimaṅ dēśaṅ kṛṣṇājinajaṭādharaḥ.\n\nhitvā rājyaṅ praviṣṭastvaṅ tatsarvaṅ vaktumarhasi৷৷2.104.3৷৷\n\n"
    },
    {
        "sloka": "ityuktaḥ kaikayīputraḥ kākutsthēna mahātmanā.\n\npragṛhya balavadbhūyaḥ prāñjalirvākyamabravīt৷৷2.104.4৷৷\n\n"
    },
    {
        "sloka": "āryaṅ tātaḥ parityajya kṛtvā karma suduṣkaram.\n\ngata ssvargaṅ mahābāhuḥ putraśōkābhipīḍitaḥ৷৷2.104.5৷৷\n\n"
    },
    {
        "sloka": "striyā niyuktaḥ kaikēyyā mama mātrā parantapa.\n\ncakāra sumahatpāpamidamātmayaśōharam৷৷2.104.6৷৷\n\n"
    },
    {
        "sloka": "sā rājyaphalamaprāpya vidhavā śōkakarśitā.\n\npatiṣyati mahāghōrē nirayē jananī mama৷৷2.104.7৷৷\n\n"
    },
    {
        "sloka": "tasya mē dāsabhūtasya prasādaṅ kartumarhasi.\n\nabhiṣiñcasva cādyēva rājyēna maghavāniva৷৷2.104.8৷৷\n\n"
    },
    {
        "sloka": "imāḥ prakṛtaya ssarvā vidhavā mātaraśca yāḥ.\n\ntvatsakāśamanuprāptā prasādaṅ kartumarhasi৷৷2.104.9৷৷\n\n"
    },
    {
        "sloka": "tadānupūrvyā yuktaṅ ca yuktaṅ cātmani mānada!.\n\nrājyaṅ prāpnuhi dharmēṇa sakāmānsuhṛdaḥ kuru৷৷2.104.10৷৷\n\n"
    },
    {
        "sloka": "bhavatvavidhavā bhūmi ssamagrā patinā tvayā.\n\nśaśinā vimalēnēva śāradī rajanī yathā৷৷2.104.11৷৷\n\n"
    },
    {
        "sloka": "ēbhiśca sacivaissārdhaṅ śirasā yācitō mayā.\n\nbhrātu śśiṣyasya dāsasya prasādaṅ kartumarhasi৷৷2.104.12৷৷\n\n"
    },
    {
        "sloka": "tadidaṅ śāśvataṅ pitryaṅ sarvaṅ prakṛtimaṇḍalam.\n\npūjitaṅ puruṣavyāghra nātikramitumarhasi৷৷2.104.13৷৷\n\n"
    },
    {
        "sloka": "ēvamuktvā mahābāhu ssabāṣpaḥ kaikayīsutaḥ.\n\nrāmasya śirasā pādau jagrāha vidhivatpunaḥ৷৷2.104.14৷৷\n\n"
    },
    {
        "sloka": "taṅ mattamiva mātaṅgaṅ niḥśvasantaṅ puna punaḥ.\n\nbhrātaraṅ bharataṅ rāmaḥ pariṣvajyēdamabravīt৷৷2.104.15৷৷\n\n"
    },
    {
        "sloka": "kulīnassattvasampannastējasvī caritavrataḥ.\n\nrājyahētōḥ kathaṅ pāpamācarēttvadvidhō janaḥ৷৷2.104.16৷৷\n\n"
    },
    {
        "sloka": "na dōṣaṅ tvayi paśyāmi sūkṣmamapyarisūdana.\n\nna cāpi jananīṅ bālyāttvaṅ vigarhitumarhasi৷৷2.104.17৷৷\n\n"
    },
    {
        "sloka": "kāmakārō mahāprājña! gurūṇāṅ sarvadā.nagha.\n\nupapannēṣu dārēṣu putrēṣu ca vidhīyatē৷৷2.104.18৷৷\n\n"
    },
    {
        "sloka": "vayamasya yathā lōkē saṅkhyātā ssaumya sādhubhiḥ.\n\nbhāryāḥ putrāśca śiṣyāśca tvamanujñātumarhasi৷৷2.104.19৷৷\n\n"
    },
    {
        "sloka": "vanē vā cīravasanaṅ saumya kṛṣṇājināmbaram.\n\nrājyē vā.pi mahārājō māṅ vāsayitumīśvaraḥ৷৷2.104.20৷৷\n\n"
    },
    {
        "sloka": "yāvatpitari dharmajñē gauravaṅ lōkasatkṛtam.\n\ntāvaddharmabhṛtāṅ śrēṣṭha jananyāmapi gauravam৷৷2.104.21৷৷\n\n"
    },
    {
        "sloka": "ētābhyāṅ dharmaśīlābhyāṅ vanaṅ gacchēti rāghava!.\n\nmātāpitṛbhyāmuktō.haṅ kathamanyatsamācarēt৷৷2.104.22৷৷\n\n"
    },
    {
        "sloka": "tvayā rājyamayōdhyāyāṅ prāptavyaṅ lōkasatkṛtam.\n\nvastavyaṅ daṇḍakāraṇyē mayā valkalavāsasā৷৷2.104.23৷৷\n\n"
    },
    {
        "sloka": "ēvaṅ kṛtvā mahārājō vibhāgaṅ lōkasannidhau.\n\nvyādiśya ca mahātējā divaṅ daśarathō gataḥ৷৷2.104.24৷৷\n\n"
    },
    {
        "sloka": "sa ca pramāṇaṅ dharmātmā rājā lōkagurustava.\n\npitrā dattaṅ yathābhāgamupabhōktuṅ tvamarhasi৷৷2.104.25৷৷\n\n"
    },
    {
        "sloka": "caturdaśa samāssaumya daṇḍakāraṇyamāśritaḥ.\n\nupabhōkṣyē tvahaṅ dattaṅ bhāgaṅ pitrā mahātmanā৷৷2.104.26৷৷\n\n"
    },
    {
        "sloka": "yadabravīnmāṅ naralōkasatkṛtaḥ pitā mahātmā vibudhādhipōpamaḥ.\n\ntadēva manyē paramātmanō hitaṅ na sarvalōkēśvara bhāvamapyayam৷৷2.104.27৷৷\n\n"
    }
]