[
    {
        "sloka": "[Rama's justification for adhering to the supreme values of dharma and truth.]\n\njābālēstu vacaśśrutvā rāma ssatyātmanāṅ varaḥ.\n\nuvāca parayā bhaktyā svabuddhyā cāvipannayā৷৷2.109.1৷৷\n\n"
    },
    {
        "sloka": "bhavānmē priyakāmārthaṅ vacanaṅ yadihōktavān.\n\nakāryaṅ kāryasaṅkāśamapathyaṅ pathyasammatam৷৷2.109.2৷৷\n\n"
    },
    {
        "sloka": "nirmaryādastu puruṣaḥ pāpācārasamanvitaḥ.\n\nmānaṅ na labhatē satsu bhinnacāritradarśanaḥ৷৷2.109.3৷৷\n\n"
    },
    {
        "sloka": "kulīnamakulīnaṅ vā vīraṅ puruṣamāninam.\n\ncāritramēva vyākhyāti śuciṅ vā yadi vā.śucim৷৷2.109.4৷৷\n\n"
    },
    {
        "sloka": "anāryastvāryasaṅkāśa śśaucāddīnastāthā.śuciḥ.\n\nlakṣaṇyavadalakṣaṇyō duśśīlaśśīlavāniva৷৷2.109.5৷৷\n\nadharmaṅ dharmavēśēṇa yadīmaṅ lōkasaṅkuram.\n\nabhipatsyē śubhaṅ hitvā kriyāvidhivivarjitam৷৷2.109.6৷৷\n\nkaścētayānaḥ puruṣaḥ kāryākāryavicakṣaṇaḥ.\n\nbahumaṅsyati māṅ lōkē durvṛttaṅ lōkadūṣaṇam৷৷2.109.7৷৷\n\n"
    },
    {
        "sloka": "kasya dāsyāmyahaṅ vṛttaṅ kēna vā svargamāpnuyām.\n\nānayā vartamānō hi vṛttyā hīnapratijñayā৷৷2.109.8৷৷\n\n"
    },
    {
        "sloka": "kāmavṛttastvayaṅ lōkaḥ kṛtsna ssamupavartatē.\n\nyadvṛttā ssanti rājānastadvṛttā ssanti hi prajāḥ৷৷2.109.9৷৷\n\n"
    },
    {
        "sloka": "satyamēvānṛśaṅsaṅ ca rājavṛttaṅ sanātanam.\n\ntasmātsatyātmakaṅ rājyaṅ satyē lōkaḥ pratiṣṭhitaḥ৷৷2.109.10৷৷\n\n"
    },
    {
        "sloka": "ṛṣayaścaiva dēvāśca satyamēva hi mēnirē.\n\nsatyavādī hi lōkē.sminparamaṅ gacchati kṣayam৷৷2.109.11৷৷\n\n"
    },
    {
        "sloka": "udvijantē yathā sarpānnarādanṛtavādinaḥ.\n\ndharma ssatyaṅ parō lōkē mūlaṅ svargasya cōcyatē৷৷2.109.12৷৷\n\n"
    },
    {
        "sloka": "satyamēvēśvarō lōkē satyaṅ padmāśritā sadā.\n\nsatyamūlāni sarvāṇi satyānnāsti paraṅ padam৷৷2.109.13৷৷\n\n"
    },
    {
        "sloka": "dattamiṣṭaṅ hutaṅ caiva taptāni ca tapāṅsi ca.\n\nvēdā ssatyapratiṣṭhānā stasmātsatyaparō bhavēt৷৷2.109.14৷৷\n\n"
    },
    {
        "sloka": "ēkaḥ pālayatē lōkamēkaḥ pālayatē kulam.\n\nmajjatyēkō hi niraya ēka ssvargē mahīyatē৷৷2.109.15৷৷\n\n"
    },
    {
        "sloka": "sō.haṅ piturniyōgaṅ tu kimarthaṅ nānupālayē.\n\nsatyapratiśrava ssatyaṅ satyēna samayīkṛtaḥ৷৷2.109.16৷৷\n\n"
    },
    {
        "sloka": "naiva lōbhānna mōhādvā na hyajñānāttamō.nvitaḥ.\n\nsētuṅ satyasya bhētsyāmi gurō ssatyapratiśravaḥ৷৷2.109.17৷৷\n\n"
    },
    {
        "sloka": "asatyasandhasya sataścalasyāsthiracētasaḥ.\n\nnaiva dēvā na pitaraḥ pratīcchantīti naḥ śrutam৷৷2.109.18৷৷\n\n"
    },
    {
        "sloka": "pratyagātmamimaṅ dharmaṅ satyaṅ paśyāmyahaṅ svayam.\n\nbhāra ssatpuruṣācīrṇastadarthamabhimanyatē৷৷2.109.19৷৷\n\n"
    },
    {
        "sloka": "kṣātraṅ dharmamahaṅtyakṣyē hyadharmaṅ dharmasaṅhitam.\n\nkṣudrairnṛśaṅsairlubdhaiśca sēvitaṅ pāpakarmabhiḥ৷৷2.109.20৷৷\n\n"
    },
    {
        "sloka": "kāyēna kurutē pāpaṅ manasā sampradhārya ca.\n\nanṛtaṅ jihvayā cāha trividhaṅ karmapātakam৷৷2.109.21৷৷\n\n"
    },
    {
        "sloka": "bhūmiḥ kīrtiryaśō lakṣmīḥ puruṣaṅ prārthayanti hi.\n\nsvargasthaṅ cānupaśyanti satyamēva bhajēta tat৷৷2.109.22৷৷\n\n"
    },
    {
        "sloka": "śrēṣṭhaṅ hyanāryamēva syādyadbhavānavadhārya mām.\n\nāha yukti karairvākyairidaṅ bhadraṅ kuruṣva ha৷৷2.109.23৷৷\n\n"
    },
    {
        "sloka": "kathaṅ hyahaṅ pratijñāya vanavāsamimaṅ gurau.\n\nbharatasya kariṣyāmi vacō hitvā gurōrvacaḥ৷৷2.109.24৷৷\n\n"
    },
    {
        "sloka": "sthirā mayā pratijñātā pratijñā gurusannidhau.\n\nprahṛṣyamāṇā sā dēvī kaikēyī cābhavattadā৷৷2.109.25৷৷\n\n"
    },
    {
        "sloka": "vanavāsaṅ vasannēvaṅ śucirniyatabhōjanaḥ.\n\nmūlaiḥ puṣpaiḥ phalaiḥ puṇyaiḥ pitrūn dēvāṅśca tarpayan৷৷2.109.26৷৷\n\nsantuṣṭapañcavargō.haṅ lōkayātrāṅ pravartayē.\n\nakuha śśraddhadhānassankāryākāryavicakṣaṇaḥ৷৷2.109.27৷৷\n\n"
    },
    {
        "sloka": "karmabhūmimāṅ prāpya kartavyaṅ karma yacchubham.\n\nagnirvāyuśca sōmaśca karmaṇāṅ phalabhāginaḥ৷৷2.109.28৷৷\n\n"
    },
    {
        "sloka": "śataṅ kratūnāmāhṛtya dēvarāṭ tridivaṅ gataḥ.\n\ntapāṅsyugrāṇi cāsthāya divaṅ yātā maharṣayaḥ৷৷2.109.29৷৷\n\n"
    },
    {
        "sloka": "amṛṣyamāṇaḥ punarugratējāḥ niśamya taṅ nāstikavākyahētum.\n\nathābravīttaṅ nṛpatēstanūjō vigarhamāṇō vacanāni tasya৷৷2.109.30৷৷\n\n"
    },
    {
        "sloka": "satyaṅ ca dharmaṅ ca parākramaṅ ca bhūtānukampāṅ priyavāditāṅ ca.\n\ndvijātidēvātidhipūjanaṅ ca panthānamāhustridivasya santaḥ৷৷2.109.31৷৷\n\n"
    },
    {
        "sloka": "tēnaivamājñāya yathāvadarthamēkōdayaṅ sampratipadya viprāḥ.\n\ndharmaṅ caranta ssakalaṅ yathāvatkāṅkṣanti lōkāgamamapramattāḥ৷৷2.109.32৷৷\n\n"
    },
    {
        "sloka": "nindāmyahaṅ karma pituḥ kṛtaṅ tadyastvāmagṛhṇādviṣamasthabuddhim.\n\nbuddhyā.nayaivaṅvidhayā carantaṅ sunāstikaṅ dharmapathādapētam৷৷2.109.33৷৷\n\n"
    },
    {
        "sloka": "yathā hi cōra ssa tathā hi buddhastathāgataṅ nāstikamatra viddhi.\n\ntasmāddhi yaśśaṅkyatamaḥ prajānām na nāstikēnābhimukhō budha ssyāt৷৷2.109.34৷৷\n\n"
    },
    {
        "sloka": "tvattō janāḥ pūrvatarē varāśca śubhāni karmāṇi bahūni cakruḥ.\n\njitvā sadēmaṅ ca paraṅ ca lōkaṅ tasmāvdijā ssvasti hutaṅ kṛtaṅ ca৷৷2.109.35৷৷\n\n"
    },
    {
        "sloka": "dharmē ratā ssatpuruṣai ssamētāstējasvinō dānaguṇapradhānāḥ.\n\nahiṅsakā vītamalāśca lōkē bhavanti pūjyā munayaḥ pradhānāḥ৷৷2.109.36৷৷\n\n"
    },
    {
        "sloka": "iti bruvantaṅ vacanaṅ sarōṣaṅ rāmaṅ mahātmānamadīnasattvam.\n\nuvāca pathyaṅ punarāstikaṅ ca satyaṅ vaca ssānunayaṅ ca vipraḥ৷৷2.109.37৷৷\n\n"
    },
    {
        "sloka": "na nāstikānāṅ vacanaṅ bravīmyahaṅ na nāstikō.haṅ na ca nāsti kiñcana.\n\nsamīkṣya kālaṅ punarāstikō.bhavaṅ bhavēya kālē punarēva nāstikaḥ৷৷2.109.38৷৷\n\n"
    },
    {
        "sloka": "na cāpi kālō.ya mupāgataśśanairyathā mayā nāstikavāgudīritā.\n\nnivartanārthaṅ tava rāma kāraṇāt prasādanārthaṅ ca mayaitadīritam৷৷2.109.39৷৷\n\n"
    }
]