[
    {
        "sloka": "[Chitrakuta described --- Rama meets sage Valmiki --- Lakshmana builds a leaf-thatched cottage --- Rama enters the cottage at an auspicious time after due worship of respective deities.]\n\natha rātryāṅ vyatītāyāmavasuptamanantaram.\n\nprabōdhayāmāsa śanairlakṣmaṇaṅ raghunandanaḥ৷৷2.56.1৷৷\n\n"
    },
    {
        "sloka": "saumitrē! śruṇu vanyānāṅ valgu vyāharatāṅ svanam.\n\nsampratiṣṭhāmahē kāla prasthānasya parantapa৷৷2.56.2৷৷\n\n"
    },
    {
        "sloka": "sa suptassamayē bhrātrā lakṣmaṇaḥ pratibōdhitaḥ.\n\njahau nidrāṅ ca tandrīṅ ca prasaktaṅ ca pathi śramam৷৷2.56.3৷৷\n\n"
    },
    {
        "sloka": "tata utthāya tē sarvē spṛṣṭvā nadyā śśivaṅ jalam.\n\npanthānamṛṣiṇā.diṣṭaṅ citrakūṭasya taṅ yayuḥ৷৷2.56.4৷৷\n\n"
    },
    {
        "sloka": "tatassamprasthitaḥ kālē rāmassaumitriṇā saha.\n\nsītāṅ kamalapatrākṣīmidaṅ vacanamabravīt৷৷2.56.5৷৷\n\n"
    },
    {
        "sloka": "ādiptāniva vaidēhi! sarvataḥ puṣpitānnagān.\n\nsvaiḥ puṣpaiḥ kiṅśukān paśya mālinaśiśirātyayē৷৷2.56.6৷৷\n\n"
    },
    {
        "sloka": "paśya bhallātakān phullānnarai ranupasēvitān.\n\nphalapatrairavanatā nnūnaṅ śakṣyāma jīvitum৷৷2.56.7৷৷\n\n"
    },
    {
        "sloka": "paśya drōṇapramāṇāni lambamānāni lakṣmaṇa.\n\nmadhūni madhukārībhi ssambhṛtāni nagē nagē৷৷2.56.8৷৷\n\n"
    },
    {
        "sloka": "ēṣa krōśati natyūhastaṅ śikhī pratikūjati.\n\nramaṇīyē vanōddēśē puṣpasaṅstarasaṅkaṭē৷৷2.56.9৷৷\n\n"
    },
    {
        "sloka": "mātaṅgayūthānusṛtaṅ pakṣisaṅṅghānunāditam.\n\ncitrakūṭamimaṅ paśya pravṛddhaśikharaṅ girim৷৷2.56.10৷৷\n\n"
    },
    {
        "sloka": "samabhūmitalē ramyē drumairbahubhirāvṛtē.\n\npuṇyē raṅsyāmahē tāta! citrakūṭasya kānanē৷৷2.56.11৷৷\n\n"
    },
    {
        "sloka": "tatastau pādacārēṇa gacchantau saha sītayā.\n\nramyamāsēdatuśśailaṅ citrakūṭaṅ manōramam৷৷2.56.12৷৷\n\n"
    },
    {
        "sloka": "tantu parvatamāsādya nānāpakṣigaṇāyutam.\n\nbahumūlaphalaṅ ramyaṅ sampannaṅ sarasōdakam৷৷2.56.13৷৷\n\n"
    },
    {
        "sloka": "manōjñō.yaṅ girissaumya! nānādrumalatāyutaḥ.\n\nbahumūlaphalō ramya ssvājīvaḥ pratibhāti mē৷৷2.56.14৷৷\n\n"
    },
    {
        "sloka": "munayaśca mahātmānō vasantyasmi śilōccayē.\n\nayaṅ vāsō bhavēttāvadatra saumya ramēmahi৷৷2.56.15৷৷\n\n"
    },
    {
        "sloka": "iti sītā ca rāmaśca lakṣmaṇaśca kṛtāñjaliḥ.\n\nabhigamyā.śramaṅ sarvē vālmīki mabhivādayan৷৷2.56.16৷৷\n\n"
    },
    {
        "sloka": "tānmaharṣi pramuditaḥ pūjayāmāsa dharmavit.\n\nasyatāmiti cōvāca svāgantu nivēdya ca৷৷2.56.17৷৷\n\n"
    },
    {
        "sloka": "tatō.bravīnmahābāhurlakṣmaṇaṅ lakṣmaṇāgrajaḥ.\n\nsannivēdya yathānyāya mātmānamṛṣayē prabhuḥ৷৷2.56.18৷৷\n\n"
    },
    {
        "sloka": "lakṣmaṇā৷৷naya dārūṇi dṛḍhāni ca varāṇi ca.\n\nkuruṣvā.vasathaṅ saumya! vāsē mē.bhirataṅ manaḥ৷৷2.56.19৷৷\n\n"
    },
    {
        "sloka": "tasya tadvacanaṅ śrutvā saumitrirvividhān drumān.\n\nājahāra tata ścakrē parṇaśālāmarindamaḥ৷৷2.56.20৷৷\n\n"
    },
    {
        "sloka": "tāṅ niṣṭhitāṅ baddhakaṭāṅ dṛṣṭvā rāmassudarśanām.\n\nśuśrūṣamāṇamēkāgramidaṅ vacanamabravīt৷৷2.56.21৷৷\n\n"
    },
    {
        "sloka": "aiṇēyaṅ māṅsamāhṛtya śālāṅ yakṣyāmahē vayam.\n\nkartavyaṅ vāstuśamanaṅ saumitrē! cirajīvibhiḥ৷৷2.56.22৷৷\n\n"
    },
    {
        "sloka": "mṛgaṅ hatvā৷৷naya kṣipraṅ lakṣmaṇēha śubhēkṣaṇa!.\n\nkartavya śśāstradṛṣṭō hi vidhirdharmamanusmara৷৷2.56.23৷৷\n\n"
    },
    {
        "sloka": "bhrāturvacanamājñāya lakṣmaṇaḥ paravīrahā.\n\ncakāra sa yathōktaṅ ca taṅ rāma punarabravīt৷৷2.56.24৷৷\n\n"
    },
    {
        "sloka": "aiṇēyaṅ śrapayasvaitacchālāṅ yakṣyāmahē vayam.\n\ntvara saumya! muhūrtō.yaṅ dhruvaśca divasō.pyayam৷৷2.56.25৷৷\n\n"
    },
    {
        "sloka": "sa lakṣmaṇaḥ kṛṣṇamṛgaṅ mēdhyaṅ hatvā pratāpavān.\n\natha cikṣēpa saumitrissamiddhē jātavēdasi৷৷2.56.26৷৷\n\n"
    },
    {
        "sloka": "tantu pakvaṅ parijñāya niṣṭaptaṅ chinnaśōṇitam.\n\nlakṣmaṇa: puruṣavyāghramatha rāghavamabravīt৷৷2.56.27৷৷\n\n"
    },
    {
        "sloka": "ayaṅ kṛṣṇa ssamāptāṅga śśṛtō kṛṣṇamṛgō yathā.\n\ndēvatāṅ dēvasaṅkāśa! yajasva kuśalō hyasi৷৷2.56.28৷৷\n\n"
    },
    {
        "sloka": "rāmassnātvā tu niyatō guṇavān japyakōvidaḥ.\n\nsaṅgrahēṇākarōtsarvānmantrānsatrāvasānikān৷৷2.56.29৷৷\n\n"
    },
    {
        "sloka": "iṣṭvā dēvagaṇānsarvānvivēśā.vasathaṅ śuciḥ.\n\nbabhūva ca manōhlādō rāmasyāmitatējasaḥ৷৷2.56.30৷৷\n\n"
    },
    {
        "sloka": "vaiśvadēvabaliṅ kṛtvā raudraṅ vaiṣṇava mēva ca.\n\nvāstusaṅśamanīyāni maṅgalāni pravartayan৷৷2.56.31৷৷\n\njapaṅ ca nyāyata kṛtvā snātvā nadyāṅ yathāvidhi.\n\npāpasaṅśamanaṅ rāma ścakāra balimuttamam৷৷2.56.32৷৷\n\n"
    },
    {
        "sloka": "vēdisthalavidhānāni caityānyāyatanāni ca.\n\nāśramasyānurūpāṇi sthāpayāmāsa rāghavaḥ৷৷2.56.33৷৷\n\n"
    },
    {
        "sloka": "vanyairmālyaiḥ phalairmūlaiḥ pakvairmāṅsairyathāvidhi.\n\nadbhirjapaiśca vēdōktairdarbhaiśca sasamitkuśaiḥ৷৷2.56.34৷৷\n\ntau tarpayitvā bhūtāni rāghavau saha sītayā.\n\ntadā viviśatu śśālāṅ suśubhāṅ śubhalakṣaṇau৷৷2.56.35৷৷\n\n"
    },
    {
        "sloka": "tāṅ vṛkṣaparṇacchadanāṅ manōjñāṅ yathāpradēśaṅ sukṛtāṅ nivātām.\n\nvāsāya sarvē viviśussamētāssabhāṅ yathā dēvagaṇāssudharmām৷৷2.56.36৷৷\n\n"
    },
    {
        "sloka": "anēkanānāmṛgapakṣisaṅkulē vicitrapatrastabakairdrumairyutē.\n\nvanōttamē vyālamṛgānunāditē tadā vijahru ssusukhaṅ jitēndriyāḥ৷৷2.56.37৷৷\n\n"
    },
    {
        "sloka": "suramyamāsādya tu citrakūṭaṅ nadīṅ ca tāṅ mālyavatīṅ sutīrthām.\n\nnananda hṛṣṭō mṛgapakṣijuṣṭāṅ jahau ca dukhaṅ puravipravāsāt৷৷2.35.38৷৷\n\n"
    }
]