[
    {
        "sloka": "[Guha relates to Bharata about Rama's life in the forest contrary to the life in Ayodhya.] \n\ntacchrutvā nipuṇaṅ sarvaṅ bharata ssaha mantribhiḥ.\n\niṅgudīmūlamāgamya rāmaśayyāmavēkṣya tām৷৷2.88.1৷৷\n\nabravījjananī ssarvā iha tēna mahātmanā.\n\nśarvarī śayitā bhūmāvidamasya vimarditam৷৷2.88.2৷৷\n\n"
    },
    {
        "sloka": "\n\ntacchrutvā nipuṇaṅ sarvaṅ bharata ssaha mantribhiḥ.\n\niṅgudīmūlamāgamya rāmaśayyāmavēkṣya tām৷৷2.88.1৷৷\n\nabravījjananī ssarvā iha tēna mahātmanā.\n\nśarvarī śayitā bhūmāvidamasya vimarditam৷৷2.88.2৷৷\n\n"
    },
    {
        "sloka": "mahābhāgakulīnēna mahābhāgēna dhīmatā.\n\njātō daśarathēnōrvyāṅ na rāmassvaptu marhati৷৷2.88.3৷৷\n\n"
    },
    {
        "sloka": "ajinōttarasaṅstīrṇē varāstaraṇasaṅcayē.\n\nśayitvā puruṣavyāghraḥ kathaṅ śētē mahītalē৷৷2.88.4৷৷\n\n"
    },
    {
        "sloka": "prāsādāgravimānēṣu valabhīṣu ca sarvadā.\n\nhaimarājatabhaumēṣu varāstaraṇaśāliṣu৷৷2.88.5৷৷\n\npuṣpasañcayacitrēṣu candanāgarugandhiṣu.\n\npāṇḍurābhraprakāśēṣu śukasaṅgharūtēṣuca৷৷2.88.6৷৷\n\nprāsādavaravaryēṣu śītavatsu sugandhiṣu.\n\nuṣitvāmērukalpēṣu kṛtakāñcana bhittiṣu৷৷2.88.7৷৷\n\ngītavāditranirghōṣairvarābharaṇanissvanaiḥ.\n\nmṛdaṅgavaraśabdaiśca satataṅ pratibōdhitaḥ৷৷2.88.8৷৷\n\nvandibhirvanditaḥ kālē bahubhi ssūtamāgadhaiḥ.\n\ngāthābhiranurūpābhi sstutibhiśca parantapaḥ৷৷2.88.9৷৷\n\n"
    },
    {
        "sloka": "aśraddhēyamidaṅ lōkē na satyaṅ pratibhāti mā.\n\nmuhyatē khalu mē bhāva ssvapnō.yamiti mē matiḥ৷৷2.88.10৷৷\n\n"
    },
    {
        "sloka": "na nūnaṅ daivataṅ kiṅcitkālēna balavattaram.\n\nyatra dāśarathī rāmō bhūmāvēva śayīta saḥ৷৷2.88.11৷৷\n\n"
    },
    {
        "sloka": "vidēharājasya sutā sītā ca priyadarśanā.\n\ndayitā śayitā bhūmau snuṣā daśarathasya ca৷৷2.88.12৷৷\n\n"
    },
    {
        "sloka": "iyaṅ śayyā mama bhrāturidaṅ hi parivartitam.\n\nsthaṇḍilē kaṭhinē sarvaṅ gātrai rvimṛditaṅ tṛṇam৷৷2.88.13৷৷\n\n"
    },
    {
        "sloka": "manyē sābharaṇā suptā sītā.smiñchayanōttamē.\n\ntatra tatra hi dṛśyantē saktāḥ kanakabindavaḥ৷৷2.88.14৷৷\n\n"
    },
    {
        "sloka": "uttarīyamihā.saktaṅ suvyaktaṅ sītayā tadā.\n\ntathā hyētē prakāśantē saktāḥ kauśēyatantavaḥ৷৷2.88.15৷৷\n\n"
    },
    {
        "sloka": "manyē bhartu ssukhā śayyā yēna bālā tapasvinī.\n\nsukumārī satī duḥkhaṅ na hi vijānāti maithilī৷৷2.88.16৷৷\n\n"
    },
    {
        "sloka": "hā hantā.smi nṛśaṅsō.haṅ yatsabhāryaḥ kṛtē mama.\n\nīdṛśīṅ rāghavaśśayyāmadhiśētē hyanāthavat৷৷2.88.17৷৷\n\n"
    },
    {
        "sloka": "sārvabhaumakulē jāta ssarvalōkasya sammataḥ.\n\nsarvalōkapriyastyaktvā rājyaṅ sukhamanuttam৷৷2.88.18৷৷\n\nkathamindīvaraśyāmō raktākṣaḥ priyadarśanaḥ.\n\nsukhabhāgī na duḥkhārha śśayitō bhuvi rāghavaḥ৷৷2.88.19৷৷\n\n"
    },
    {
        "sloka": "dhanyaḥ khalu mahābhāgō lakṣmaṇa śśubhalakṣaṇaḥ.\n\nbhrātaraṅ viṣamē kālē yō rāmamanuvartatē৷৷2.88.20৷৷\n\n"
    },
    {
        "sloka": "siddhārthā khalu vaidēhī patiṅ yā.nugatā vanam.\n\nvayaṅ saṅśayitā ssarvē hīnāstēna mahātmanā৷৷2.88.21৷৷\n\n"
    },
    {
        "sloka": "ākarṇadhārā pṛthivī nauḥ iva pratibhāti mā.\n\ngatē daśarathē svargaṅ rāmē cāraṇyamāśritē৷৷2.88.22৷৷\n\n"
    },
    {
        "sloka": "na ca prārthayatē kaccinmanasāpi vasundharām.\n\nvanē.pi vasatastasya bāhuvīryābhirakṣitām৷৷2.88.23৷৷\n\n"
    },
    {
        "sloka": "śūnyasaṅvaraṇārakṣāmayantritahayadvipām.\n\napāvṛtapuradvārāṅ rājadhānīmarakṣitām৷৷2.88.24৷৷\n\naprahṛṣṭabalāṅ śūnyāṅ viṣamasthāmanāvṛtām.\n\nśatravō nābhimanyantē bhakṣānviṣakṛtāniva৷৷2.88.25৷৷\n\n"
    },
    {
        "sloka": "adyaprabhṛti bhūmau tu śayiṣyē.haṅ tṛṇēṣu vā.\n\nphalamūlāśanō nityaṅ jaṭācīrāṇi dhārayan৷৷2.88.26৷৷\n\n"
    },
    {
        "sloka": "tasyārthamuttaraṅ kālaṅ nivatsyāmi sukhaṅ vanē.\n\ntaṅ pratiśravamāmucya nāsya mithyā bhaviṣyati৷৷2.88.27৷৷\n\n"
    },
    {
        "sloka": "vasantaṅ bhrāturarthāya śatrughnō mā.nuvatsyati.\n\nlakṣmaṇēna sahatvāryō hyayōdhyāṅ pālayiṣyati৷৷2.88.28৷৷\n\n"
    },
    {
        "sloka": "abhiṣēkṣyanti kākutsthamayōdhyāyāṅ dvijātayaḥ.\n\napi mē dēvatāḥ kuryurimaṅ satyaṅ manōratham৷৷2.88.29৷৷\n\n"
    },
    {
        "sloka": "prasādyamāna śśirasā mayā svayaṅ bahuprakāraṅ yadi nābhipatsyatē.\n\ntatō.nuvatsyāmi cirāya rāghavam vanēcarannārhati māmupēkṣitum৷৷2.88.30৷৷\n\n"
    }
]