[
    {
        "sloka": "[Bharata performs funeral rites of king Dasaratha on the bank of Sarayu.]\n\ntamēvaṅ śōkasantaptaṅ bharataṅ kaikayī sutam.\n\nuvāca vadatāṅ śrēṣṭhō vasiṣṭha śśrēṣṭhavāgṛṣiḥ৷৷2.76.1৷৷\n\n"
    },
    {
        "sloka": "alaṅ śōkēna bhadraṅ tē rājaputra mahāyaśaḥ.\n\nprāptakālaṅ narapatēḥ kuru saṅyānamuttamam৷৷2.76.2৷৷\n\n"
    },
    {
        "sloka": "vasiṣṭhasya vaca śśṛtvā bharatō dhāraṇāṅ gataḥ.\n\nprētakāryāṇi sarvāṇi kārayāmāsa dharmavit৷৷2.76.3৷৷\n\n"
    },
    {
        "sloka": "uddhṛtaṅ tailasaṅrōdhātsatu bhūmau nivēśitam.\n\nāpītavarṇavadanaṅ prasuptamiva bhūmipam৷৷2.76.4৷৷\n\nsaṅvēśya śayanē cāgyrē nānāratnapariṣkṛtē.\n\ntatō daśarathaṅ putrō vilalāpa suduḥkhitaḥ৷৷2.76.5৷৷\n\n"
    },
    {
        "sloka": "kiṅ tē vyavasitaṅ rājan! prōṣitē mayyanāgatē.\n\nvivāsya rāmaṅ dharmajñaṅ lakṣmaṇaṅ ca mahābalam৷৷2.76.6৷৷\n\n"
    },
    {
        "sloka": "kva yāsyasi mahārāja! hitvēmaṅ duḥkhitaṅ janam.\n\nhīnaṅ puruṣasiṅhēna rāmēṇākliṣṭakarmaṇā৷৷2.76.7৷৷\n\n"
    },
    {
        "sloka": "yōgakṣēmaṅ tu tē rājan! kō.sminkalpayitā purē\n\ntvayi prayātē svastāta rāmē ca vanamāśritē৷৷2.76.8৷৷\n\n"
    },
    {
        "sloka": "vidhavā pṛthivī rājan! stvayā hīnā na rājatē.\n\nhīnacandrēva rajanī nagarī pratibhāti mā৷৷2.76.9৷৷\n\n"
    },
    {
        "sloka": "ēvaṅ vilapamānaṅ taṅ bharataṅ dīnamānasam.\n\nabravīdvacanaṅ bhūyō vasiṣṭhastu mahāmuniḥ৷৷2.76.10৷৷\n\n"
    },
    {
        "sloka": "prētakāryāṇi yānyasya kartavyāni viśāṅ patēḥ.\n\ntānyavyagraṅ mahābāhō! kriyāntāmavicāritam৷৷2.76.11৷৷\n\n"
    },
    {
        "sloka": "tathēti bharatō vākyaṅ vasiṣṭhasyābhipūjya tat.\n\nṛtvikpurōhitācāryān stvarayāmāsa sarvaśaḥ৷৷2.76.12৷৷\n\n"
    },
    {
        "sloka": "yē tvagnayō narēndrēsya cāgnyagārādbahiṣkṛtāḥ.\n\nṛtvigbhiryājakaiścaiva tē āhriyanta yathāvidhi৷৷2.76.13৷৷\n\n"
    },
    {
        "sloka": "śibikāyāmathā.rōpya rājānaṅ gatacētasam.\n\nbāṣpakaṇṭhā vimanasastamūhuḥ paricārakāḥ৷৷2.76.14৷৷\n\n"
    },
    {
        "sloka": "hiraṇyaṅ ca suvarṇaṅ ca vāsāṅsi vividhāni ca.\n\nprakirantō janā mārgaṅ nṛpatēragratō yayuḥ৷৷2.76.15৷৷\n\n"
    },
    {
        "sloka": "candanāgaruniryāsān saralaṅ padmakaṅ tathā.\n\ndēvadārūṇi cāhṛtya kṣēpayanti tathāparē৷৷2.76.16৷৷\n\ngandhānuccāvacāṅścānyāṅ statra gatvātha bhūmipam.\n\ntatra saṅvēśayāmāsuścitāmadhyē tamṛtvijaḥ৷৷2.76.17৷৷\n\n"
    },
    {
        "sloka": "tadā hutāśanaṅ hutvā jēpustasya tadṛtvijaḥ.\n\njaguśca tē yathāśāstra tatra sāmāni sāmagāḥ৷৷2.76.18৷৷\n\n"
    },
    {
        "sloka": "śibikābhiśca yānaiśca yathārhaṅ tasya yōṣitaḥ.\n\nnagarā nniryayustatra vṛddhaiḥ parivṛtā stadā৷৷2.76.19৷৷\n\n"
    },
    {
        "sloka": "prasavyaṅ cāpi taṅ cakuḥ ṛtvijō.gnicitaṅ nṛpam.\n\nstriyaśca śōkasantaptāḥ kausalyāpramukhāstadā৷৷2.76.20৷৷\n\n"
    },
    {
        "sloka": "krauñcīnāmiva nārīṇāṅ ninādastatra śuśruvē.\n\nārtānāṅ karuṇaṅ kālē krōśantīnāṅ sahasraśaḥ৷৷2.76.21৷৷\n\n"
    },
    {
        "sloka": "tatō rudantyō vivaśāvilapya ca punaḥ punaḥ.\n\nyānēbhyassarayūtīramavatērurvarāṅganāḥ৷৷2.76.22৷৷\n\n"
    },
    {
        "sloka": "kṛtvōdakaṅ tē bharatēna sārdhaṅ nṛpāṅganā mantripurōhitā śca.\n\npuraṅpraviśyāśruparītanētrāḥ bhūmau daśāhaṅ vyanayanta duḥkham৷৷2.76.23৷৷\n\n"
    }
]