[
    {
        "sloka": "[Vasistha explains the value of conforming to righteousness --- pleads with Rama to grant the wishes of Bharata and respect  his request --- Rama declines.]\n\nvasiṣṭhastu tadā rāmamuktvā rājapurōhitaḥ.\n\nabravīddharmasaṅyuktaṅ punarēvāparaṅ vacaḥ৷৷2.111.1৷৷\n\n"
    },
    {
        "sloka": "puruṣasyēha jātasya bhavanti guravastrayaḥ.\n\nācāryaścaiva kākutstha pitā mātā ca rāghava৷৷2.111.2৷৷\n\n"
    },
    {
        "sloka": "pitā hyēvaṅ janayati puruṣaṅ puruṣarṣabha.\n\nprajñāṅ dadāti cācāryastasmātsa gururucyatē৷৷2.111.3৷৷\n\n"
    },
    {
        "sloka": "sō.haṅ tē piturācāryastava caiva parantapa.\n\nmama tvaṅ vacanaṅ kurvannātivartēssatāṅ gatim৷৷2.111.4৷৷\n\n"
    },
    {
        "sloka": "imā hi tē pariṣada śśrēṇayaśca dvijāstathā.\n\nēṣu tāta carandharmaṅ nātivartē ssatāṅ gatim৷৷2.111.5৷৷\n\n"
    },
    {
        "sloka": "vṛddhāyā dharmaśīlāyā māturnārhasyavartitum.\n\nasyāstu vacanaṅ kurvannātivartēssatāṅ gatim৷৷2.111.6৷৷\n\n"
    },
    {
        "sloka": "bharatasya vacaḥ kurvanyācamānasya rāghava!.\n\nātmānaṅ nātivartēstvaṅ satyadharmaparākrama!৷৷2.111.7৷৷\n\n"
    },
    {
        "sloka": "ēvaṅ madhuramuktassan guruṇā rāghavassvayam.\n\npratyuvāca samāsīnaṅ vasiṣṭhaṅ puruṣarṣabhaḥ৷৷2.111.8৷৷\n\n"
    },
    {
        "sloka": "yanmātāpitarau vṛttaṅ tanayē kurutassadā.\n\nna supratikaraṅ tattu mātrā pitrā ca yatkṛtam৷৷2.111.9৷৷\n\nyathāśakti pradānēna svāpanōcchādanēna ca.\n\nnityaṅ ca priyavādēna tathā saṅvardhanēna ca৷৷2.111.10৷৷\n\n"
    },
    {
        "sloka": "sa hi rājā janayitā pitā daśarathō mama.\n\nājñātaṅ yanmayā tasya na tanmithyā bhaviṣyati৷৷2.111.11৷৷\n\n"
    },
    {
        "sloka": "ēvamuktastu rāmēṇa bharataḥ pratyanantaram.\n\nuvāca paramōdārassūtaṅ paramadurmanāḥ৷৷2.111.12৷৷\n\n"
    },
    {
        "sloka": "iha mē sthaṇḍilē śīghraṅ kuśānāstara sārathē.\n\nāryaṅ pratyupavēkṣyāmi yāvanmē na prasīdati৷৷2.111.13৷৷\n\n"
    },
    {
        "sloka": "anāhārō nirālōkō dhanahīnō yathā dvijaḥ.\n\nśēṣyē purastācchālāyā yāvanna pratiyāsyati৷৷2.111.14৷৷\n\n"
    },
    {
        "sloka": "sa tu rāmamavēkṣantaṅ sumantraṅ pēkṣya durmanāḥ.\n\nkuśōttaramupasthāpya bhūmāvēvā.staratsvayam৷৷2.111.15৷৷\n\n"
    },
    {
        "sloka": "tamuvāca mahātējā rāmō rājarṣisattamaḥ.\n\nkiṅ māṅ bharata kurvāṇaṅ tāta pratyupavēkṣyasi৷৷2.111.16৷৷\n\n"
    },
    {
        "sloka": "brāhmaṇō hyēkapārśvēna narānrōddhumihārhati.\n\nna tu mūrdhābhiṣiktānāṅ vidhiḥ pratyupavēśanē৷৷2.111.17৷৷\n\n"
    },
    {
        "sloka": "uttiṣṭha naraśārdūla hitvaitaddāruṇaṅ vratam.\n\npuravaryāmitaḥ kṣipramayōdhyāṅ yāhi rāghava৷৷2.111.18৷৷\n\n"
    },
    {
        "sloka": "āsīnastvēva bharataḥ paurajānapadaṅ janam.\n\nuvāca sarvataḥ prēkṣya kimāryaṅ nānuśāsatha৷৷2.111.19৷৷\n\n"
    },
    {
        "sloka": "tē tamūcurmahātmānaṅ paurajānapadā janāḥ.\n\nkākutsthamabhijānīyassamyagvadati rāghavaḥ৷৷2.111.20৷৷\n\n"
    },
    {
        "sloka": "ēṣō.pi hi mahābhāgaḥ piturvacasi tiṣṭhati.\n\nata ēva na śaktāḥ smō vyāvartayitumañjasā৷৷2.111.21৷৷\n\n"
    },
    {
        "sloka": "tēṣāmājñāya vacanaṅ rāmō vacanamabravīt.\n\nēvaṅ nibōdha vacanaṅ suhṛdāṅ dharmacakṣuṣām৷৷2.111.22৷৷\n\n"
    },
    {
        "sloka": "ētaccaivōbhayaṅ śrutvā samyaksampaśya rāghava.\n\nuttiṣṭha tvaṅ mahābāhō māṅ ca spṛśa tathōdakam৷৷2.111.23৷৷\n\n"
    },
    {
        "sloka": "athōtthāya jalaṅspṛṣṭvā bharatō vākyamabravīt.\n\nśruṇvantu mē pariṣadō mantriṇa śśrēṇayastathā৷৷2.111.24৷৷\n\n"
    },
    {
        "sloka": "na yācē pitaraṅ rājyaṅ nānuśāsāmi mātaram.\n\nāryaṅ paramadharmajñaṅ nānujānāmi rāghavam৷৷2.111.25৷৷\n\n"
    },
    {
        "sloka": "yaditvavaśyaṅ vastavyaṅ kartavyaṅ ca piturvacaḥ.\n\nahamēva nivatsyāmi caturdaśa samā vanē৷৷2.111.26৷৷\n\n"
    },
    {
        "sloka": "dharmātmā tasya tathyēna bhrāturvākyēna vismitaḥ.\n\nuvāca rāma ssamprēkṣya paurajānapadaṅ janam৷৷2.111.27৷৷\n\n"
    },
    {
        "sloka": "vikrītamāhitaṅ krītaṅ yatpitrā jīvatā mama.\n\nna tallōpayituṅ śakyaṅ mayā vā bharatēna vā৷৷2.111.28৷৷\n\n"
    },
    {
        "sloka": "upadhirna mayā kāryō vanavāsē jugupsitaḥ.\n\nyuktamuktaṅ ca kaikēyyā pitrā mē sukṛtaṅ kṛtam৷৷2.111.29৷৷\n\n"
    },
    {
        "sloka": "jānāmi bharataṅ kṣāntaṅ gurusatkārakāriṇam.\n\nsarvamēvātra kalyāṇaṅ satyasandhē mahātmani৷৷2.111.30৷৷\n\n"
    },
    {
        "sloka": "anēna dharmaśīlēna vanātpratyāgataḥ punaḥ.\n\nbhrātrā saha bhaviṣyāmi pṛthivyāḥ patiruttamaḥ৷৷2.111.31৷৷\n\n"
    },
    {
        "sloka": "vṛtō hi rājā kaikēyyā mayā tadvacanaṅ kṛtam.\n\nanṛtānmōcayānēna pitaraṅ taṅ mahīpatim৷৷2.111.32৷৷\n\n"
    }
]