[
    {
        "sloka": "[Vasistha advises Rama and Sita to undertake fast preparatory to coronation.]\n\nsandiśya rāmaṅ nṛpati śśvōbhāvinyabhiṣēcanē.\n\npurōhitaṅ samāhūya vaśiṣṭhamidamabravīt৷৷2.5.1৷৷\n\n"
    },
    {
        "sloka": "gacchōpavāsaṅ kākutsthaṅ kārayādya tapōdhana.\n\nśrīyaśōrājyalābhāya vadhvā saha yatavratam৷৷2.5.2৷৷\n\n"
    },
    {
        "sloka": "tathēti ca sa rājānamuktvā vēdavidāṅ varaḥ.\n\nsvayaṅ vasiṣṭhō bhagavānyayau rāmanivēśanam৷৷2.5.3৷৷\n\nupavāsayituṅ rāmaṅ mantravanmantrakōvidaḥ.\n\nbrāhmaṅ rathavaraṅ yuktamāsthāya sudṛḍhavrataḥ৷৷2.5.4৷৷\n\n"
    },
    {
        "sloka": "sa rāmabhavanaṅ prāpya pāṇḍurābhraghanaprabham.\n\ntisraḥ kakṣyā rathēnaiva vivēśamunisattamaḥ৷৷2.5.5৷৷\n\n"
    },
    {
        "sloka": "tamāgatamṛṣiṅ rāmastvaranniva sasambhramaḥ.\n\nmānayiṣyansamānārhaṅ niścakrāma nivēśanāt৷৷2.5.6৷৷\n\n"
    },
    {
        "sloka": "abhyētya tvaramāṇaśca rathābhyāśaṅ manīṣiṇaḥ.\n\ntatō.vatārayāmāsa parigṛhya rathātsvayam৷৷2.5.7৷৷\n\n"
    },
    {
        "sloka": "sa cainaṅ praśritaṅ dṛṣṭvā sambhāṣyābhiprasādya ca.\n\npriyārhaṅ harṣayanrāmamityuvāca purōhitaḥ৷৷2.5.8৷৷\n\n"
    },
    {
        "sloka": "prasannastē pitā rāma yauvarājyamavāpsyasi.\n\nupavāsaṅ bhavānadya karōtu saha sītayā৷৷2.5.9৷৷\n\n"
    },
    {
        "sloka": "prātastvāmabhiṣēktā hi yauvarājyē narādhipaḥ.\n\npitā daśarathaḥ prītyā yayātiṅ nahuṣō yathā৷৷2.5.10৷৷\n\n"
    },
    {
        "sloka": "ityuktvā sa tadā rāmamupavāsaṅ yatavratam.\n\nmantravatkārayāmāsa vaidēhyā sahitaṅ muniḥ৷৷2.5.11৷৷\n\n"
    },
    {
        "sloka": "tatō yathāvadrāmēṇa sa rājñō gururarcitaḥ.\n\nabhyanujñāpya kākutsthaṅ yayau rāmanivēśanāt৷৷2.5.12৷৷\n\n"
    },
    {
        "sloka": "suhṛdbhistatra rāmō.pi sahāsīnaḥ priyaṅvadaiḥ.\n\nsabhājitō vivēśā.tha tānanujñāpya sarvaśaḥ৷৷2.5.13৷৷\n\n"
    },
    {
        "sloka": "hṛṣṭanārīnarayutaṅ rāmavēśma tadā babhau.\n\nyathā mattadvijagaṇaṅ praphullanalinaṅ saraḥ৷৷2.5.14৷৷\n\n"
    },
    {
        "sloka": "sa rājabhavanaprakhyāttasmādrāmanivēśānāt.\n\nnirgatya dadṛśē mārgaṅ vasiṣṭhō janasaṅvṛtam৷৷2.5.15৷৷\n\n"
    },
    {
        "sloka": "bṛndabṛndairayōdhyāyāṅ rājamārgāssamantataḥ.\n\nbabhūvurabhisambādhāḥ kutūhalajanairvṛtāḥ৷৷2.5.16৷৷\n\n"
    },
    {
        "sloka": "janabṛndōrmisaṅgharṣaharṣasvanavatastadā.\n\nbabhūva rājamārgasya sāgarasyēva nisvanaḥ৷৷2.5.17৷৷\n\n"
    },
    {
        "sloka": "siktasammṛṣṭarathyā hi tadaharvanamālinī.\n\nāsīdayōdhyānagarī samucchritagṛhadhvajā৷৷2.5.18৷৷\n\n"
    },
    {
        "sloka": "tadā hyayōdhyānilaya ssastrībālābalō janaḥ.\n\nrāmābhiṣēkamākāṅkṣannākāṅkṣadudayaṅ ravēḥ৷৷2.5.19৷৷\n\n"
    },
    {
        "sloka": "prajālaṅkārabhūtaṅ ca janasyānandavardhanam.\n\nutsukō.bhūjjanō draṣṭuṅ tamayōdhyāmahōtsavam৷৷2.5.20৷৷\n\n"
    },
    {
        "sloka": "ēvaṅ tajjanasambādhaṅ rājamārgaṅ purōhitaḥ.\n\nvyūhanniva janaughaṅ taṅ śanai rājakulaṅ yayau৷৷2.5.21৷৷\n\n"
    },
    {
        "sloka": "sitābhraśikharaprakhyaṅ prāsādamadhiruhya saḥ.\n\nsamīyāya narēndrēṇa śakrēṇēva bṛhaspatiḥ৷৷2.5.22৷৷\n\n"
    },
    {
        "sloka": "tamāgatamabhiprēkṣya hitvā rājāsanaṅ nṛpaḥ.\n\npapraccha sa ca tasmai tatkṛtamityabhyavēdayat৷৷2.5.23৷৷\n\n"
    },
    {
        "sloka": "caiva tadā tulyaṅ sahāsīnāssabhāsadaḥ.\n\nāsanēbhyassamuttasthuḥ pūjayantaḥ purōhitam৷৷2.5.24৷৷\n\n"
    },
    {
        "sloka": "guruṇā tvabhyanujñātō manujaughaṅ visṛjya tam.\n\nvivēśāntaḥ puraṅ rājā siṅhō giriguhāmiva৷৷2.5.25৷৷\n\n"
    },
    {
        "sloka": "tadagyravēṣapramadājanākulaṅ \n\nmahēndravēśmapratimaṅ nivēśanam.\n\nvidīpayaṅścāru vivēśa pārthiva\n\nśśaśīva tārāgaṇasaṅkulaṅ nabhaḥ৷৷2.5.26৷৷\n\n"
    }
]