[
    {
        "sloka": "[Guha spots from a distance Bharata's army approaching --- wants to know the intentions of Bharata --- convinced of Bharata's loyalty, he extends warn hospitality.]\n\ntatō niviṣṭāṅ dhvajinīṅ gaṅgāmanvāśritāṅ nadīm.\n\nniṣādarājō dṛṣṭvaiva jñātīnsantvaritō৷৷bravīt৷৷2.84.1৷৷\n\n"
    },
    {
        "sloka": "mahatīyamitassēnā sāgarābhā pradṛśyatē.\n\nnāsyāntamadhigacchāmi manasāpi vicintayan৷৷2.84.2৷৷\n\n"
    },
    {
        "sloka": "yathā tu khalu durbuddhirbharata ssvayamāgataḥ.\n\nsa ēṣa hi mahākāyaḥ kōvidāradhvajō rathē৷৷2.84.3৷৷\n\n"
    },
    {
        "sloka": "bandhayiṣyati vā dāśānathavā.smānvadhiṣyati.\n\natha dāśarathiṅ rāmaṅ pitrā rājyādvivāsitam৷৷2.84.4৷৷\n\nsampannāṅ śriyamanvicchanstasya rājña ssudurlabhām.\n\nbharataḥ kaikayīputrō hantuṅ samadhigacchati৷৷2.84.5৷৷\n\n"
    },
    {
        "sloka": "bhartācaiva sakhācaiva rāmō dāśarathirmama.\n\ntasyārthakāmāssannaddhā gaṅgā.nūpē pratiṣṭhata৷৷2.84.6৷৷\n\n"
    },
    {
        "sloka": "tiṣṭhantu sarvē dāśāśca gaṅgāmanvāśritā nadīm.\n\nbalayuktā nadīrakṣā māṅsamūlaphalāśanāḥ৷৷2.84.7৷৷\n\n"
    },
    {
        "sloka": "nāvāṅ śatānāṅ pañcānāṅ kaivartānāṅ śataṅ śatam.\n\nsannaddhānāṅ tathā yūnāṅ tiṣṭhantvityabhyacōdayat৷৷2.84.8৷৷\n\n"
    },
    {
        "sloka": "yadā৷৷duṣṭastu bharatō rāmasyēha bhaviṣyati.\n\nsēyaṅ svastimatī sēnā gaṅgāmadya tariṣyati৷৷2.84.9৷৷\n\n"
    },
    {
        "sloka": "ityuktvōpāyanaṅ gṛhya matsyamāṅsamadhūni ca.\n\nabhicakrāma bharataṅ niṣādādhipatirguhaḥ৷৷2.84.10৷৷\n\n"
    },
    {
        "sloka": "tamāyāntaṅ tu samprēkṣya sūtaputraḥ pratāpavān.\n\nbharatāyā.cacakṣē.tha vinayajñō vinītavat৷৷2.84.11৷৷\n\n"
    },
    {
        "sloka": "ēṣa jñātisahasrēṇa sthapatiḥ parivāritaḥ.\n\nkuśalō daṇḍakāraṇyē vṛddhō bhrātuśca tē sakhā৷৷2.84.12৷৷\n\n"
    },
    {
        "sloka": "tasmātpaśyatu kākutstha! tvāṅ niṣādādhipō guhaḥ.\n\nasaṅśayaṅ vijānītē yatra tau rāmalakṣmaṇau৷৷2.84.13৷৷\n\n"
    },
    {
        "sloka": "ētattu vacanaṅ śrutvā sumantrādbharata śśubham.\n\nuvāca vacanaṅ śīghraṅ guhaḥ paśyatu māmiti৷৷2.84.14৷৷\n\n"
    },
    {
        "sloka": "labdhvā.bhyanujñāṅ saṅhṛṣṭō jñātibhiḥ parivāritaḥ.\n\nāgamya bharataṅ prahvō guhō vacanamabravīt৷৷2.84.15৷৷\n\n"
    },
    {
        "sloka": "niṣkuṭaścaiva dēśō.yaṅ vañcitāścāpi tē vayam.\n\nnivēdayāmastē sarvē svakē dāsakulē vasa৷৷2.84.16৷৷\n\n"
    },
    {
        "sloka": "asti mūlaṅ phalañcaiva niṣādaissamupāhṛtam.\n\nārdraṅ ca māṅsaṅ śuṣkaṅ ca vanyaṅ cōccāvacaṅ mahat৷৷2.84.17৷৷\n\n"
    },
    {
        "sloka": "āśaṅsē svāśitā sēnā vatsyatīmāṅ vibhāvarīm.\n\narcitō vividhaiḥ kāmai śśva ssasainyō gamiṣyasi৷৷2.84.18৷৷\n\n"
    }
]