[
    {
        "sloka": "[Bharata's lamentation and Rama's consolation.]\n\ntataḥ puruṣasiṅhānāṅ vṛtānāṅ tai ssuhṛdgaṇaiḥ.\n\nśōcatāmēva rajanī duḥkhēna vyatyavartata৷৷2.105.1৷৷\n\n"
    },
    {
        "sloka": "rajanyāṅ suprabhātāyāṅ bhrātarastē suhṛdvṛtāḥ.\n\nmandākinyāṅ hutaṅ japyaṅ kṛtvā rāmamupāgaman৷৷2.105.2৷৷\n\n"
    },
    {
        "sloka": "tūṣṇīṅ tē samupāsīnā na kaścitkiñcidabravīt.\n\nbharatastu suhṛnmadhyē rāmaṅ vacanamabravīt৷৷2.105.3৷৷\n\n"
    },
    {
        "sloka": "sāntvitā māmikā mātā dattaṅ rājyamidaṅ mama.\n\ntaddadāmi tavaivāhaṅ bhuṅkṣva rājyamakaṇṭakam৷৷2.105.4৷৷\n\n"
    },
    {
        "sloka": "mahatēvāmbuvēgēna bhinnassēturjalāgamē.\n\ndurāvāraṅ tvadanyēna rājyakhaṇḍamidaṅ mahat৷৷2.105.5৷৷\n\n"
    },
    {
        "sloka": "gatiṅ khara ivāśvasya tārkṣyasyēva patatriṇaḥ.\n\nanugantuṅ na śaktirmē gatiṅ tava mahīpatē৷৷2.105.6৷৷\n\n"
    },
    {
        "sloka": "sujīvaṅ nityaśastasya yaḥ parairupajīvyatē.\n\nrāma tēna tu durjīvaṅ yaḥ parānupajīvati৷৷2.105.7৷৷\n\n"
    },
    {
        "sloka": "yathā tu rōpitō vṛkṣaḥ puruṣēṇa vivardhitaḥ.\n\nhrasvakēṇa durārōhō rūḍhaskandhō mahādrumaḥ৷৷2.105.8৷৷\n\nsa yadā puṣpitō bhūtvā phalāni na vidarśayēt.\n\nsa tāṅ nānubhavētprītiṅ yasya hētōḥ prarōpitaḥ৷৷2.105.9৷৷\n\nēṣōpamā mahābāhō! tamarthaṅ vēttu marhasi.\n\nyadi tvamasmānvṛṣabhō bhartā bhṛtyānna śādhi hi৷৷2.105.10৷৷\n\n"
    },
    {
        "sloka": "śrēṇayastvāṅ mahārāja! paśyantvagyrāśca sarvaśaḥ.\n\npratapantamivādityaṅ rājyē sthita marindamam৷৷2.105.11৷৷\n\n"
    },
    {
        "sloka": "tavānuyānē kākutstha mattā nardantu kuñjarāḥ.\n\nantaḥpuragatā nāryō nandantu susamāhitāḥ৷৷2.105.12৷৷\n\n"
    },
    {
        "sloka": "tasya sādhvityamanyanta nāgarā vividhā janāḥ.\n\nbharatasya vaca śśrutvā rāmaṅ pratyanuyācataḥ৷৷2.105.13৷৷\n\n"
    },
    {
        "sloka": "tamēvaṅ duḥkhitaṅ prēkṣya vilapantaṅ yaśasvinam.\n\nrāmaḥ kṛtātmā bharataṅ samāśvāsayadātmavān৷৷2.105.14৷৷\n\n"
    },
    {
        "sloka": "nā.tmanaḥ kāmakārō.sti puruṣō.yamanīśvaraḥ.\n\nitaścētarataścainaṅ kṛtāntaḥ parikarṣati৷৷2.105.15৷৷\n\n"
    },
    {
        "sloka": "sarvē kṣayāntāḥ nicayāḥ patanāntā samucchrayāḥ.\n\nsaṅyōgā viprayōgāntā maraṇāntaṅ ca jīvitam৷৷2.105.16৷৷\n\n"
    },
    {
        "sloka": "yathā phalānāṅ pakvānāṅ nānyatra patanādbhayam.\n\nēvaṅ narasya jātasya nānyatra maraṇādbhayam৷৷2.105.17৷৷\n\n"
    },
    {
        "sloka": "yathā.gāraṅ dṛḍhasthūṇaṅ jīrṇaṅ bhūtvā.vasīdati.\n\ntathaiva sīdanti narā jarāmṛtyuvaśaṅ gatāḥ৷৷2.105.18৷৷\n\n"
    },
    {
        "sloka": "atyēti rajanī yā tu sā na pratinivartatē.\n\nyātyēva yamunā pūrṇā samudramudakākulam৷৷2.105.19৷৷\n\n"
    },
    {
        "sloka": "ahōrātrāṇi gacchanti sarvēṣāṅ prāṇināmiha.\n\nayūṅṣi kṣapayantyāśu grīṣmē jalamivāṅśavaḥ৷৷2.105.20৷৷\n\n"
    },
    {
        "sloka": "ātmānamanuśōca tvaṅ kimanyamanuśōcasi.\n\nāyustē hīyatē yasya sthitasya ca gatasya ca৷৷2.105.21৷৷\n\n"
    },
    {
        "sloka": "sahaiva mṛtyurvrajati saha mṛtyurniṣīdati.\n\ngatvāsudīrghamadhvānaṅ sahamṛtyurnivartatē৷৷2.105.22৷৷\n\n"
    },
    {
        "sloka": "gātrēṣu valayaḥ prāptā śśvētāścaiva śirōruhāḥ.\n\njarayā puruṣō jīrṇaḥ kiṅ hi kṛtvā prabhāvayēt৷৷2.105.23৷৷\n\n"
    },
    {
        "sloka": "nandanyudita ādityē nandantyastamitē ravau.\n\nātmanō nāvabuddhyantē manuṣyā jīvitakṣayam৷৷2.105.24৷৷\n\n"
    },
    {
        "sloka": "hṛṣyantyṛtumukhaṅ dṛṣṭvā navaṅ navamihāgatam.\n\nṛtūnāṅ parivartēna prāṇināṅ prāṇasaṅkṣayaḥ৷৷2.105.25৷৷\n\n"
    },
    {
        "sloka": "yathā kāṣṭhaṅ ca kāṣṭhaṅ ca samēyātāṅ mahārṇavē.\n\nsamētya ca vyapēyātāṅ kālamāsādya kañcana৷৷2.105.26৷৷\n\nēvaṅ bhāryāścaputrāśca jñātayaśca dhanāni ca.\n\nsamētya vyavathāvanti dhruvō hyēṣāṅ vinābhavaḥ৷৷2.105.27৷৷\n\n"
    },
    {
        "sloka": "nātra kaścidyathābhāvaṅ prāṇī samabhivartatē.\n\ntēna tasminna sāmarthyaṅ prētasyā styanuśōcataḥ৷৷2.105.28৷৷\n\n"
    },
    {
        "sloka": "yathā hi sārthaṅ gacchantaṅ brūyātkaścitpathi sthitaḥ.\n\nahamapyāgamiṣyāmi pṛṣṭhatō bhavatā miti৷৷2.105.29৷৷\n\nēvaṅ pūrvairgatō mārgaḥ pitṛpaitāmahō dhruvaḥ.\n\ntamāpannaḥ kathaṅ śōcēdyasya nāsti vyatikramaḥ৷৷2.105.30৷৷\n\n"
    },
    {
        "sloka": "vayasaḥ patamānasya srōtasō vā.nivartinaḥ.\n\nātmā sukhē niyōktavyassukhabhājaḥ prajāḥ smṛtāḥ৷৷2.105.31৷৷\n\n"
    },
    {
        "sloka": "dharmātmā sa śubhaiḥ kṛtsnaiḥ kratubhiścāptadakṣiṇaiḥ.\n\nsvargaṅ daśarathaḥ prāptaḥ pitā naḥ pṛthivīpatiḥ৷৷2.105.32৷৷  \n\n"
    },
    {
        "sloka": "bhṛtyānāṅ bharaṇātsamyakprajānāṅ paripālanāt.\n\narthādānācca dharmēṇa pitā na stridivaṅgataḥ৷৷2.105.33৷৷\n\n"
    },
    {
        "sloka": "karmabhi stu śubhairiṣṭaiḥ kratubhiścāptadakṣiṇaiḥ.\n\nsvargaṅ daśarathaḥ prāptaḥ pitā naḥ pṛthivīpatiḥ৷৷2.105.34৷৷\n\n"
    },
    {
        "sloka": "iṣṭvā bahuvidhairyajñairbhōgāṅ ścāvāpya puṣkalān.\n\nuttamaṅ cāyurāsādya svargataḥ pṛthivīpatiḥ৷৷2.105.35৷৷\n\n"
    },
    {
        "sloka": "āyuruttamamāsādya bhōgānapi ca rāghavaḥ.\n\nsa na śōcyaḥ pitā tāta! svargata ssatkṛta ssatām৷৷2.105.36৷৷\n\n"
    },
    {
        "sloka": "sa jīrṇaṅ mānuṣaṅ dēhaṅ parityajya pitā hi naḥ.\n\ndaivīmṛddhimanuprāptō brahmalōkavihāriṇīm৷৷2.105.37৷৷\n\n"
    },
    {
        "sloka": "taṅ tu naivaṅvidhaḥ kaścitprājña śśōcitumarhati.\n\ntatvidhō madvidhaścāpi śrutavānbuddhimattaraḥ৷৷2.105.38৷৷\n\n"
    },
    {
        "sloka": "ētē bahuvidhā śśōkā vilāparuditē tathā.\n\nvarjanīyā hi dhīrēṇa sarvāvasthāsu dhīmatā৷৷2.105.39৷৷\n\n"
    },
    {
        "sloka": "sa svasthō bhava mā śōcēryātvā cāvasatāṅ purīm.\n\ntathā pitrā niyuktō.si vaśinā vadatāṅ vara৷৷2.105.40৷৷\n\n"
    },
    {
        "sloka": "yatrāhamapi tēnaiva niyuktaḥ puṇyakarmaṇā.\n\ntatraivāhaṅ kariṣyāmi piturāryasya śāsanam৷৷2.105.41৷৷\n\n"
    },
    {
        "sloka": "na mayā śāsanaṅ tasya tyaktuṅ nyāyya marindama.\n\ntattvayā.pi sadā mānyaṅ sa vai bandhu ssanaḥ pitā৷৷2.105.42৷৷\n\n"
    },
    {
        "sloka": "tadvacaḥ piturēvāhaṅ sammataṅ dharmacāriṇaḥ.\n\nkarmaṇā pālayiṣyāmi vanavāsēna rāghava৷৷2.105.43৷৷\n\n"
    },
    {
        "sloka": "dhārmikēṇānṛśaṅsēna narēṇa guruvartinā.\n\nbhavitavyaṅ naravyāghra! paralōkaṅ jigīṣatā৷৷2.105.44৷৷\n\n"
    },
    {
        "sloka": "ātmānamanutiṣṭhatvaṅ svabhāvēna nararṣabha.\n\nniśāmyatu śubhaṅ vṛttaṅ piturdaśarathasya naḥ৷৷2.105.45৷৷\n\n"
    },
    {
        "sloka": "ityēvamuktvā vacanaṅ mahātmā piturnidēśa pratipālanārtham.\n\nyavīyasaṅ bhrātaramarthavacca prabhurmuhūrtādvirarāma rāmaḥ৷৷2.105.46৷৷\n\n"
    }
]