[
    {
        "sloka": "[Bharata pleads with Rama to return --- informs passing away of king Dasaratha.]\n\nrāmasya vacanaṅ śrutvā bharataḥ pratyuvāca ha.\n\nkiṅ mē dharmādvihīnasya rājadharmaḥ kariṣyati৷৷2.101.1৷৷\n\n"
    },
    {
        "sloka": "śāśvatō.yaṅ sadā dharmaḥ sthitō.smāsu nararṣabha.\n\njēṣṭhaputrē sthitē rājannakanīyānnṛpōbhavēt৷৷2.101.2৷৷\n\n"
    },
    {
        "sloka": "sa samṛddhāṅ mayā sārdhamayōdhyāṅ gaccha rāghava.\n\nabhiṣēcayacātmānaṅ kulasyāsya bhavāya naḥ৷৷2.101.3৷৷\n\n"
    },
    {
        "sloka": "rājānaṅ mānuṣaṅ prāhu rdēvatvē sammatō mama.\n\nyasya dharmārthasahitaṅ vṛttamāhuramānuṣam৷৷2.101.4৷৷\n\n"
    },
    {
        "sloka": "kēkayasthē ca mayi tu tvayi cāraṇya māśritē.\n\ndivamāryō gatō rājā yāyajūkassatāṅ mataḥ৷৷2.101.5৷৷\n\n"
    },
    {
        "sloka": "niṣkrāntamātrē bhavati sasītē sahalakṣmaṇē.\n\nduḥkhaśōkābhibhūtastu rājā tridivamabhyagāt৷৷2.101.6৷৷\n\n"
    },
    {
        "sloka": "uttiṣṭha puruṣavyāghra kriyatāmudakaṅ pituḥ.\n\nahaṅ cāyaṅ ca śatrughnaḥ pūrvamēva kṛtōdakau৷৷2.101.7৷৷\n\n"
    },
    {
        "sloka": "priyēṇa kila dattaṅ hi pitṛlōkēṣu rāghava.\n\nakṣayyaṅ bhavatītyāhurbhavāṅścaiva pituḥ priyaḥ৷৷2.101.8৷৷\n\n"
    },
    {
        "sloka": "tvāmēva śōcaṅstava darśanēpsustvayyēva saktāmanivartya buddhim.\n\ntvayā vihīna stava śōkamagnastvāṅ saṅsmarannastamitaḥ pitā tē৷৷2.101.9৷৷\n\n"
    }
]