[
    {
        "sloka": "[Rama puts on bark--Vasistha blames Kaikeyi--says Sita was not ordained to wear bark.]\n\nmahāmātravacaḥ śrutvā rāmō daśarathaṅ tadā.\n\nabhyabhāṣata vākyaṅ tu vinayajñō vinītavat৷৷2.37.1৷৷\n\n"
    },
    {
        "sloka": "tyaktabhōgasya mē rājan! vanē vanyēna jīvataḥ.\n\nkiṅ kāryamanuyātrēṇa tyaktasaṅgasya sarvataḥ৷৷2.37.2৷৷\n\n"
    },
    {
        "sloka": "yō hi dattvā dvipaśrēṣṭhaṅ kakṣyāyāṅ kurutē manaḥ.\n\nrajjusnēhēna kiṅ tasya tyajataḥ kuñjarōttamam৷৷2.37.3৷৷\n\n"
    },
    {
        "sloka": "tathā mama satāṅ śrēṣṭha! kiṅ dhvajinyā jagatpatē.\n\nsarvāṇyēvānujānāmi cīrāṇyēvā.nayantu mē৷৷2.37.4৷৷\n\n"
    },
    {
        "sloka": "khanitrapiṭakē cōbhē samānayata gacchataḥ.\n\ncaturdaśa vanē vāsaṅ varṣāṇi vasatō mama৷৷2.37.5৷৷\n\n"
    },
    {
        "sloka": "atha cīrāṇi kaikēyī svayamāhṛtya rāghavam.\n\nuvāca paridhatsvēti janaughē nirapatrapā৷৷2.37.6৷৷\n\n"
    },
    {
        "sloka": "sa cīrē puruṣavyāghraḥ kaikēyyā pratigṛhya tē.\n\nsūkṣmavastramavakṣipya munivastrāṇyavasta ha৷৷2.37.7৷৷\n\n"
    },
    {
        "sloka": "lakṣmaṇaścāpi tatraiva vihāya vasanē śubhē.\n\ntāpasācchādanē caiva jagrāha pituragrataḥ৷৷2.37.8৷৷\n\n"
    },
    {
        "sloka": "athā.tmaparidhānārthaṅ sītā kauśēyavāsinī.\n\nsamīkṣya cīraṅ santrastā pṛṣatī vāgurāmiva৷৷2.37.9৷৷\n\n"
    },
    {
        "sloka": "sā vyapatrapamāṇēva pragṛhya ca sudurmanāḥ.\n\nkaikēyī kuśacīrē tē jānakī śubhalakṣaṇā৷৷2.37.10৷৷\n\naśrusampūrṇa nētrā ca dharmajñā dharmadarśinī.\n\ngandharvarājapratimaṅ bhartāramidamabravīt৷৷2.37.11৷৷\n\n"
    },
    {
        "sloka": "kathaṅ nu cīraṅ badhnanti munayō vanavāsinaḥ.\n\niti hyakuśalā sītā sā mumōha muhurmuhuḥ৷৷2.37.12৷৷\n\n"
    },
    {
        "sloka": "kṛtvā kaṇṭhē ca sā cīramēkamādāya pāṇinā.\n\ntasthau hyakuśalā tatra vrīḍitā janakātmajā৷৷2.37.13৷৷\n\n"
    },
    {
        "sloka": "tasyāstatkṣipramāgamya rāmō dharmabhṛtāṅ varaḥ.\n\ncīraṅ babandha sītāyāḥ kauśēyasyōpari svayam৷৷2.37.14৷৷\n\n"
    },
    {
        "sloka": "rāmaṅ prēkṣya tu sītāyā badhnantaṅ cīramuttamam.\n\nantaḥpuragatā nāryō mumucurvāri nētrajam৷৷2.37.15৷৷\n\n"
    },
    {
        "sloka": "ūcuśca paramāyastā rāmaṅ jvalitatējasam.\n\nvatsa naivaṅ niyuktēyaṅ vanavāsē manasvinī৷৷2.37.16৷৷\n\n"
    },
    {
        "sloka": "piturvākyānurōdhēna gatasya vijanaṅ vanam.\n\ntāvaddarśanamasyā naḥ saphalaṅ bhavatu prabhō৷৷2.37.17৷৷\n\n"
    },
    {
        "sloka": "lakṣmaṇēna sahāyēna vanaṅ gacchasva putraka.\n\nnēyamarhati kalyāṇī vastuṅ tāpasavadvanē৷৷2.37.18৷৷\n\n"
    },
    {
        "sloka": "kuru nō yācanāṅ putra! sītā tiṣṭhatu bhāminī.\n\ndharmanityassvayaṅ sthātuṅ na hīdānīṅ tvamicchasi৷৷2.37.19৷৷\n\n"
    },
    {
        "sloka": "tāsāmēvaṅvidhā vāca śṛṇvan daśarathātmajaḥ.\n\nbabandhaiva tadā cīraṅ sītayā tulyaśīlayā৷৷2.37.20৷৷\n\n"
    },
    {
        "sloka": "cīrē gṛhītē tu tayā samīkṣya nṛpatērguruḥ.\n\nnivārya sītāṅ kaikēyīṅ vasiṣṭhō vākyamabravīt৷৷2.37.21৷৷\n\n"
    },
    {
        "sloka": "atipravṛttē durmēdhē kaikēyi kulapāṅsani.\n\nvañcayitvā ca rājānaṅ na pramāṇē.vatiṣṭhasē৷৷2.37.22৷৷\n\n"
    },
    {
        "sloka": "na gantavyaṅ vanaṅ dēvyā sītayā śīlavarjitē.\n\nanuṣṭhāsyati rāmasya sītā prakṛtamāsanam৷৷2.37.23৷৷\n\n"
    },
    {
        "sloka": "ātmā hi dārāssarvēṣāṅ dārasaṅgrahavartinām.\n\nātmēyamiti rāmasya pālayiṣyati mēdinīm৷৷2.37.24৷৷\n\n"
    },
    {
        "sloka": "atha yāsyati vaidēhī vanaṅ rāmēṇa saṅgatā.\n\nvayamapyanuyāsyāmaḥ puraṅ cēdaṅ gamiṣyati৷৷2.37.25৷৷\n\n"
    },
    {
        "sloka": "antapālāśca yāsyanti sadārō yatra rāghavaḥ.\n\nsahōpajīvyaṅ rāṣṭraṅ ca puraṅ ca saparicchadam৷৷2.37.26৷৷\n\n"
    },
    {
        "sloka": "bharataśca saśatrughnaścīravāsā vanēcaraḥ.\n\nvanē vasantaṅ kākutstha manuvatsyati pūrvajam৷৷2.37.27৷৷\n\n"
    },
    {
        "sloka": "tata śśūnyāṅ gatajanāṅ vasudhāṅ pādapai ssaha.\n\ntvamēkā śādhi durvṛttā prajānāmahitē sthitā৷৷2.37.28৷৷\n\n"
    },
    {
        "sloka": "na hi tadbhavitā rāṣṭraṅ yatra rāmō na bhūpatiḥ.\n\ntadvanaṅ bhavitā rāṣṭraṅ yatra rāmō nivatsyati৷৷2.37.29৷৷\n\n"
    },
    {
        "sloka": "na hyadattāṅ mahīṅ pitrā bharataḥ śāstumarhati.\n\ntvayi vā putravadvastuṅ yadi jātō mahīpatēḥ৷৷2.37.30৷৷\n\n"
    },
    {
        "sloka": "yadyapi tvaṅ kṣititalādgaganaṅ cōtpatiṣyasi.\n\npitṛrvaṅśacaritrajñaḥ sō.nyathā na kariṣyati৷৷2.37.31৷৷\n\n"
    },
    {
        "sloka": "tattvayā putragardhinyā putrasya kṛtamapriyam.\n\nlōkē hi sa na vidyēta yō na rāmamanuvrataḥ৷৷2.37.32৷৷\n\n"
    },
    {
        "sloka": "drakṣyasyadyaiva kaikēyī paśuvyālamṛgadvijān.\n\ngacchatassaha rāmēṇa pādapāṅśca tadunmukhān৷৷2.37.33৷৷\n\n"
    },
    {
        "sloka": "athōttamānyābharaṇāni dēvi!\n\ndēhi snuṣāyai vyapanīya cīram.\n\nna cīramasyāḥ pravidhīyatēti\n\nnyavārayattadvasanaṅ vasiṣṭaḥ৷৷2.37.34৷৷\n\n"
    },
    {
        "sloka": "ēkasya rāmasya vanē nivāsa-\n\nstvayā vṛtaḥkēkayarājaputrī.\n\nvibhūṣitēyaṅ pratikarmanityā \n\nvasatvaraṇyē saha rāghavēṇa৷৷2.37.35৷৷\n\n"
    },
    {
        "sloka": "yānaiśca mukhyaiḥ paricārakaiśca\n\nsusaṅvṛtā gacchatu rājaputrī.\n\nvastraiśca sarvaissahitairvidhānai\n\nrnēyaṅ vṛtā tē varasampradānē৷৷2.37.36৷৷\n\n"
    },
    {
        "sloka": "tasmiṅstathā jalpati vipramukhyē\n\ngurau nṛpasyāpratimaprabhāvē.\n\nnaiva sma sītā vinivṛttabhāvā\n\npriyasya bhartuḥ pratikārakāmā৷৷2.37.37৷৷\n\n"
    }
]