[
    {
        "sloka": "[Guha arranges a boat to help Rama, Lakshmana and Sita cross Ganga - Rama asks Sumantra to return to Ayodhya and serve the king - Sita worships Ganga for the safe return from exile.]\n\nప్రభాతాయాం తు శర్వర్యాం పృథువక్షా మహాయశాః.\n\nఉవాచ రామః సౌమిత్రిం లక్ష్మణం శుభలక్షణమ్৷৷2.52.1৷৷\n\n"
    },
    {
        "sloka": "భాస్కరోదయకాలోయం గతా భగవతీ నిశా.\n\nఅసౌ సుకృష్ణో విహగః కోకిలస్తాత! కూజతి৷৷2.52.2৷৷\n\n"
    },
    {
        "sloka": "బర్హిణానాం చ నిర్ఘోషః శ్రూయతే నదతాం వనే.\n\nతరామ జాహ్నవీం సౌమ్య శీఘ్రగాం సాగరఙ్గమామ్৷৷2.52.3৷৷\n\n"
    },
    {
        "sloka": "విజ్ఞాయ రామస్య వచః సౌమిత్రిర్మిత్రనన్దనః.\n\nగుహమామన్త్ర్య సూతం చ సోతిష్ఠద్భ్రాతురగ్రతః৷৷2.52.4৷৷\n\n"
    },
    {
        "sloka": "స తు రామస్య వచనం నిశమ్య ప్రతిగృహ్య చ.\n\nస్థపతిస్తూర్ణమాహూయ సచివానిదమబ్రవీత్৷৷2.52.5৷৷\n\n"
    },
    {
        "sloka": "అస్య వాహనసంయుక్తాం కర్ణగ్రాహవతీం శుభామ్.\n\nసుప్రతారాం దృఢాం తీర్థే శీఘ్రం నావముపాహర৷৷2.52.6৷৷\n\n"
    },
    {
        "sloka": "తం నిశమ్య సమాదేశం గుహామాత్యగణో మహాన్.\n\nఉపోహ్య రుచిరాం నావం గుహాయ ప్రత్యవేదయత్৷৷2.52.7৷৷\n\n"
    },
    {
        "sloka": "తతః స ప్రాఞ్జలిర్భూత్వా గుహో రాఘవమబ్రవీత్.\n\nఉపస్థితేయం నౌర్దేవ భూయః కిం కరవాణి తే৷৷2.52.8৷৷\n\n"
    },
    {
        "sloka": "తవామరసుతప్రఖ్య తర్తుం సాగరగాం నదీమ్.\n\nనౌరియం పురుషవ్యాఘ్ర! తాం త్వమారోహ సువ్రత৷৷2.52.9৷৷\n\n"
    },
    {
        "sloka": "అథోవాచ మహాతేజా రామో గుహమిదం వచః.\n\nకృతకామోస్మి భవతా శీఘ్రమారోప్యతామితి৷৷2.52.10৷৷\n\n"
    },
    {
        "sloka": "తతః కలాపాన్ సన్నహ్య ఖడ్గౌ బధ్వా చ ధన్వినౌ.\n\nజగ్మతుర్యేన తౌ గఙ్గాం సీతయా సహ రాఘవౌ৷৷2.52.11৷৷\n\n"
    },
    {
        "sloka": "రామమేవ తు ధర్మజ్ఞముపగమ్య వినీతవత్.\n\nకిమహం కరవాణీతి సూతః ప్రాఞ్జలిరబ్రవీత్৷৷2.52.12৷৷\n\n"
    },
    {
        "sloka": "తతోబ్రవీద్దాశరథిః సుమన్త్రం \n\nస్పృశన్ కరేణోత్తమదక్షిణేన.\n\nసుమన్త్ర! శీఘ్రం పునరేవ యాహి\n\nరాజ్ఞః సకాశే భవ చాప్రమత్తః৷৷2.52.13৷৷\n\n"
    },
    {
        "sloka": "నివర్తస్వేత్యువాచైవ హ్యేతావద్ధి కృతం మమ.\n\nరథం విహాయ పద్భ్యాం తు గమిష్యామి మహావనమ్৷৷2.52.14৷৷\n\n"
    },
    {
        "sloka": "ఆత్మానం త్వభ్యనుజ్ఞాతమవేక్ష్యార్తః స సారథిః.\n\nసుమన్త్రః పురుషవ్యాఘ్రమైక్ష్వాకమిదమబ్రవీత్৷৷2.52.15৷৷\n\n"
    },
    {
        "sloka": "నాతిక్రాన్తమిదం లోకే పురుషేణేహ కేనచిత్.\n\nతవ సభ్రాతృభార్యస్య వాసః ప్రాకృతవద్వనే৷৷2.52.16৷৷\n\n"
    },
    {
        "sloka": "న మన్యే బ్రహ్మచర్యేస్తి స్వధీతే వా ఫలోదయః.\n\nమార్దవార్జవయోర్వాపి త్వాం చేద్వ్యసనమాగతమ్৷৷2.52.17৷৷\n\n"
    },
    {
        "sloka": "సహ రాఘవ వైదేహ్యా భ్రాత్రా చైవ వనే వసన్.\n\nత్వం గతిం ప్రాప్స్యసే వీర! త్రీన్ లోకాంస్తు జయన్నివ৷৷2.52.18৷৷\n\n"
    },
    {
        "sloka": "వయం ఖలు హతా రామ! యే త్వయాప్యుపవఞ్చితాః.\n\nకైకేయ్యా వశమేష్యామః పాపాయా దుఃఖభాగినః৷৷2.52.19৷৷\n\n"
    },
    {
        "sloka": "ఇతి బ్రువన్నాత్మసమం సుమన్త్రః సారథిస్తదా.\n\nదృష్ట్వా దూరగతం రామం దుఃఖార్తో రురుదే చిరమ్৷৷2.52.20৷৷\n\n"
    },
    {
        "sloka": "తతస్తు విగతే బాష్పే సూతం స్పృష్టోదకం శుచిమ్.\n\nరామస్తు మధురం వాక్యం పునః పునరువాచ తమ్৷৷2.52.21৷৷\n\n"
    },
    {
        "sloka": "ఇక్ష్వాకూణాం త్వయా తుల్యం సుహృదం నోపలక్షయే.\n\nయథా దశరథో రాజా మాం న శోచేత్తథా కురు৷৷2.52.22৷৷\n\n"
    },
    {
        "sloka": "శోకోపహతచేతాశ్చ వృద్ధశ్చ జగతీపతిః.\n\nకామభావావసన్నశ్చ తస్మాదేతద్బ్రవీమి తే৷৷2.52.23৷৷\n\n"
    },
    {
        "sloka": "యద్యదాజ్ఞాపయేత్కిఞ్చిత్స మహాత్మా మహీపతిః.\n\nకైకేయ్యాః ప్రియకామార్థం కార్యం తదవికాఙ్క్షయా৷৷2.52.24৷৷\n\n"
    },
    {
        "sloka": "ఏతదర్థం హి రాజ్యాని ప్రశాసతి నరేశ్వరాః.\n\nయదేషాం సర్వకృత్యేషు మనో న ప్రతిహన్యతే৷৷2.52.25৷৷\n\n"
    },
    {
        "sloka": "యద్యథా స మహారాజో నాలీకమధిగచ్ఛతి.\n\nన చ తామ్యతి దుఃఖేన సుమన్త్ర కురు తత్తథా৷৷2.52.26৷৷\n\n"
    },
    {
        "sloka": "అదృష్టదుఃఖం రాజానం వృద్ధమార్యం జితేన్ద్రియమ్.\n\nబ్రూయాస్త్వమభివాద్యైవ మమ హేతోరిదం వచః৷৷2.52.27৷৷\n\n"
    },
    {
        "sloka": "నైవాహమనుశోచామి లక్ష్మణో న చ మైథిలీ.\n\nఅయోధ్యాయాశ్చ్యుతాశ్చేతి వనే వత్స్యామహేతి చ৷৷2.52.28৷৷\n\n"
    },
    {
        "sloka": "చతుర్దశసు వర్షేషు నివృత్తేషు పునః పునః.\n\nలక్ష్మణం మాం చ సీతాం చ ద్రక్ష్యసే క్షిప్రమాగతాన్৷৷2.52.29৷৷\n\n"
    },
    {
        "sloka": "ఏవముక్త్వా తు రాజానం మాతరం చ సుమన్త్ర! మే.\n\nఅన్యాశ్చ దేవీస్సహితాః కైకేయీం చ పునః పునః৷৷2.52.30৷৷\n\nఆరోగ్యం బ్రూహి కౌశల్యామథ పాదాభివన్దనమ్.\n\nసీతాయా మమ చార్యస్య వచనాల్లక్ష్మణస్య చ৷৷2.52.31৷৷\n\n"
    },
    {
        "sloka": "బ్రూయాశ్చ హి మహారాజం భరతం క్షిప్రమానయ.\n\nఆగతశ్చాపి భరతః స్థాప్యో నృపమతే పదే৷৷2.52.32৷৷\n\n"
    },
    {
        "sloka": "భరతం చ పరిష్వజ్య యౌవరాజ్యేభిషిచ్య చ.\n\nఅస్మత్సన్తాపజం దుఃఖం న త్వామభిభవిష్యతి৷৷2.52.33৷৷\n\n"
    },
    {
        "sloka": "భరతశ్చాపి వక్తవ్యో యథా రాజని వర్తసే.\n\nతథా మాతృషు వర్తేథాః సర్వాస్వేవావిశేషతః৷৷2.52.34৷৷\n\n"
    },
    {
        "sloka": "యథా చ తవ కైకేయీ సుమిత్రా చ విశేషతః.\n\nతథైవ దేవీ కౌశల్యా మమ మాతా విశేషతః৷৷2.2.35৷৷\n\n"
    },
    {
        "sloka": "తాతస్య ప్రియకామేన యౌవరాజ్యమపేక్షతా.\n\nలోకయోరుభయోః శక్యం త్వయా యత్సుఖమేధితుమ్৷৷2.52.36৷৷\n\n"
    },
    {
        "sloka": "నివర్త్యమానో రామేణ సుమన్త్రః శోకకర్శితః.\n\nతత్సర్వం వచనం శ్రుత్వా స్నేహాత్కాకుత్స్థమబ్రవీత్৷৷2.52.37৷৷\n\n"
    },
    {
        "sloka": "యదహం నోపచారేణ బ్రూయాం స్నేహాదవిక్లబః.\n\nభక్తిమానితి తత్తావద్వాక్యం త్వం క్షన్తుమర్హసి৷৷2.52.38৷৷\n\n"
    },
    {
        "sloka": "కథం హి త్వద్విహీనోహం ప్రతియాస్యామి తాం పురీమ్.\n\nతవ తావద్వియోగేన పుత్రశోకాకులామివ৷৷2.52.39৷৷\n\n"
    },
    {
        "sloka": "సరామమపి తావన్మే రథం దృష్ట్వా తదా జనః.\n\nవినా రామం రథం దృష్ట్వా విదీర్యేతాపి సా పురీ৷৷2.52.40৷৷\n\n"
    },
    {
        "sloka": "దైన్యం హి నగరీ గచ్ఛేద్దృష్ట్వా శూన్యమిమం రథమ్.\n\nసూతావశేషం స్వం సైన్యం హతవీరమివాహవే৷৷2.52.41৷৷\n\n"
    },
    {
        "sloka": "దూరేపి నివసన్తం త్వాం మానసేనాగ్రతః స్థితమ్.\n\nచిన్తయన్తోద్య నూనం త్వాం నిరాహారాః కృతాః ప్రజాః৷৷2.52.42৷৷\n\n"
    },
    {
        "sloka": "దృష్టం తద్ధి త్వయా రామ! యాదృశం త్వత్ప్రవాసనే.\n\nప్రజానాం సఙ్కులం వృత్తం త్వచ్ఛోకక్లాన్తచేతసామ్৷৷2.52.43৷৷\n\n"
    },
    {
        "sloka": "ఆర్తనాదో హి యః పౌరైర్ముక్తస్త్వద్విప్రవాసనే.\n\nసరథం మాం నిశామ్యైవ కుర్యుః శతగుణం తతః৷৷2.52.44৷৷\n\n"
    },
    {
        "sloka": "అహం కిం చాపి వక్ష్యామి దేవీం తవ సుతో మయా.\n\nనీతోసౌ మాతులకులం సన్తాపం మా కృథా ఇతి৷৷2.52.45৷৷\n\n"
    },
    {
        "sloka": "అసత్యమపి నైవాహం బ్రూయాం వచనమీదృశమ్.\n\nకథమప్రియమేవాహం బ్రూయాం సత్యమిదం వచః৷৷2.52.46৷৷\n\n"
    },
    {
        "sloka": "మమ తావన్నియోగస్థాస్త్వద్బన్ధుజనవాహినః.\n\nకథం రథం త్వయా హీనం ప్రవక్ష్యన్తి హయోత్తమాః৷৷2.52.47৷৷\n\n"
    },
    {
        "sloka": "తన్న శక్ష్యామ్యహం గన్తుమయోధ్యాం త్వదృతేనఘ.\n\nవనవాసానుయానాయ మామనుజ్ఞాతుమర్హసి৷৷2.52.48৷৷\n\n"
    },
    {
        "sloka": "యది మే యాచమానస్య త్యాగమేవ కరిష్యసి.\n\nసరథోగ్నిం ప్రవేక్ష్యామి త్యక్తమాత్ర ఇహ త్వయా৷৷2.52.49৷৷\n\n"
    },
    {
        "sloka": "భవిష్యన్తి వనే యాని తపోవిఘ్నకరాణి తే.\n\nరథేన ప్రతిబాధిష్యే తాని సత్త్వాని రాఘవ!৷৷2.52.50৷৷\n\n"
    },
    {
        "sloka": "త్వత్కృతే న మయావాప్తం రథచర్యాకృతం సుఖమ్.\n\nఆశంసే త్వత్కృతే నాహం వనవాసకృతం సుఖమ్৷৷2.52.51৷৷\n\n"
    },
    {
        "sloka": "ప్రసీదేచ్ఛామి తేరణ్యే భవితుం ప్రత్యనన్తరః.\n\nప్రీత్యాభిహితమిచ్ఛామి భవ మే ప్రత్యనన్తరః৷৷2.52.52৷৷\n\n"
    },
    {
        "sloka": "ఇమే చాపి హయా వీర! యది తే వనవాసినః.\n\nపరిచర్యాం కరిష్యన్తి ప్రాప్స్యన్తి పరమాం గతిమ్৷৷2.52.53৷৷\n\n"
    },
    {
        "sloka": "తవ శుశ్రూషణం మూర్ధ్నా కరిష్యామి వనే వసన్.\n\nఅయోధ్యాం దేవలోకం వా సర్వథా ప్రజహామ్యహమ్৷৷2.52.54৷৷\n\n"
    },
    {
        "sloka": "న హి శక్యా ప్రవేష్టుం సా మయాయోధ్యా త్వయా వినా.\n\nరాజధానీ మహేన్ద్రస్య యథా దుష్కృతకర్మణా৷৷2.52.55৷৷\n\n"
    },
    {
        "sloka": "వనవాసే క్షయం ప్రాప్తే మమైష హి మనోరథః.\n\nయదనేన రథేనైవ త్వాం వహేయం పురీం పునః৷৷2.52.56৷৷\n\n"
    },
    {
        "sloka": "చతుర్దశ హి వర్షాణి సహితస్య త్వయా వనే.\n\nక్షణభూతాని యాస్యన్తి శతసఙ్ఖ్యాన్యతోన్యథా৷৷2.52.57৷৷\n\n"
    },
    {
        "sloka": "భృత్యవత్సల! తిష్ఠన్తం భర్తృపుత్రగతే పథి.\n\nభక్తం భృత్యం స్థితం స్థిత్యాం త్వం న మాం హాతుమర్హసి৷৷2.52.58৷৷\n\n"
    },
    {
        "sloka": "ఏవం బహువిధం దీనం యాచమానం పునః పునః.\n\nరామో భృత్యానుకమ్పీ తు సుమన్త్రమిదమబ్రవీత్৷৷2.52.59৷৷\n\n"
    },
    {
        "sloka": "జానామి పరమాం భక్తిం మయి తే భర్తృవత్సల.\n\nశృణు చాపి యదర్థం త్వాం ప్రేషయామి పురీమితః৷৷2.52.60৷৷\n\n"
    },
    {
        "sloka": "నగరీం త్వాం గతం దృష్ట్వా జననీ మే యవీయసీ.\n\nకైకేయీ ప్రత్యయం గచ్ఛేదితి రామో వనం గతః৷৷2.52.61৷৷\n\n"
    },
    {
        "sloka": "పరితుష్టా హి సా దేవీ వనవాసం గతే మయి.\n\nరాజానం నాతిశఙ్కేత 'మిథ్యావాదీ'తి ధార్మికమ్৷৷2.52.62৷৷\n\n"
    },
    {
        "sloka": "ఏష మే ప్రథమః కల్పో యదమ్బా మే యవీయసీ.\n\nభరతారక్షితం స్ఫీతం పుత్రరాజ్యమవాప్నుయాత్৷৷2.52.63৷৷\n\n"
    },
    {
        "sloka": "మమ ప్రియార్థం రాజ్ఞశ్చ సరథస్త్వం పురీం వ్రజ.\n\nసన్దిష్టశ్చాసి యానర్థాంస్తాం స్తాన్ బ్రూయాస్తథా తథా৷৷2.52.64৷৷\n\n"
    },
    {
        "sloka": "ఇత్యుక్త్వా వచనం సూతం సాన్త్వయిత్వా పునః పునః.\n\nగుహం వచనమక్లీబో రామో హేతుమదబ్రవీత్৷৷2.52.65৷৷\n\n"
    },
    {
        "sloka": "నేదానీం గుహ యోగ్యోయం వాసో మే సజనే వనే.\n\nఆవశ్యం హ్యాశ్రమే వాసః కర్తవ్యస్తద్గతో విధిః৷৷2.52.66৷৷\n\n"
    },
    {
        "sloka": "సోహం గృహీత్వా నియమం తపస్వి జనభూషణమ్.\n\nహితకామః పితుర్భూయః సీతాయా లక్ష్మణస్య చ৷৷2.52.67৷৷\n\nజటాః కృత్వా గమిష్యామి న్యగ్రోధక్షీరమానయ.\n\n"
    },
    {
        "sloka": "తత్ క్షీరం రాజపుత్రాయ గుహః క్షిప్రముపాహరత్৷৷2.52.68৷৷\n\nలక్ష్మణస్యాత్మనశ్చైవ రామస్తేనాకరోజ్జటాః.\n\n"
    },
    {
        "sloka": "దీర్ఘబాహుర్నరవ్యాఘ్రో జటిలత్వమధారయత్৷৷2.52.69৷৷\n\nతౌ తదా చీరవసనౌ జటామణ్డలధారిణౌ.\n\nఆశోభేతామృషిసమౌ భ్రాతరౌ రామలక్ష్మణౌ৷৷2.52.70৷৷\n\n"
    },
    {
        "sloka": "తతో వైఖానసం మార్గమాస్థితః సహ లక్ష్మణః.\n\nవ్రతమాదిష్టవాన్ రామః సఖాయం గుహమబ్రవీత్৷৷2.52.71৷৷\n\n"
    },
    {
        "sloka": "అప్రమత్తో బలే కోశే దుర్గే జనపదే తథా.\n\nభవేథా గుహ రాజ్యం హి దురారక్షతమం మతమ్৷৷2.52.72৷৷\n\n"
    },
    {
        "sloka": "తతస్తం సమనుజ్ఞాయ గుహమిక్ష్వాకునన్దనః.\n\nజగామ తూర్ణమవ్యగ్రః సభార్యః సహ లక్ష్మణః৷৷2.52.73৷৷\n\n"
    },
    {
        "sloka": "స తు దృష్ట్వా నదీతీరే నావమిక్ష్వాకునన్దనః.\n\nతితీర్షుః శీఘ్రగాం గఙ్గామిదం లక్ష్మణమబ్రవీత్৷৷2.52.74৷৷\n\n"
    },
    {
        "sloka": "ఆరోహ త్వం నరవ్యాఘ్ర స్థితాం నావమిమాం శనైః.\n\nసీతాం చారోపయాన్వక్షం పరిగృహ్య మనస్వినీమ్৷৷2.52.75৷৷\n\n"
    },
    {
        "sloka": "స భ్రాతుః శాసనం శ్రుత్వా సర్వమప్రతికూలయన్.\n\nఆరోప్య మైథిలీం పూర్వమారురోహాత్మవాం స్తతః৷৷2.52.76৷৷\n\n"
    },
    {
        "sloka": "అథారురోహ తేజస్వీ స్వయం లక్ష్మణపూర్వజః.\n\nతతో నిషాదాధిపతిర్గుహో జ్ఞాతీనచోదయత్৷৷2.52.77৷৷\n\n"
    },
    {
        "sloka": "రాఘవోపి మహాతేజా నావమారుహ్య తాం తతః.\n\nబ్రహ్మవత్ క్షత్రవచ్చైవ జజాప హితమాత్మనః৷৷2.52.78৷৷\n\n"
    },
    {
        "sloka": "ఆచమ్య చ యథాశాస్త్రం నదీం తాం సహ సీతయా.\n\nప్రాణమత్ప్రీతిసంహృష్టో లక్ష్మణశ్చామితప్రభః৷৷2.52.79৷৷\n\n"
    },
    {
        "sloka": "అనుజ్ఞాయ సుమన్త్రం చ సబలం చైవ తం గుహమ్.\n\nఆస్థాయ నావం రామస్తు చోదయామాస నావికాన్৷৷2.52.80৷৷\n\n"
    },
    {
        "sloka": "తతస్తైశ్చోదితా సా నౌః కర్ణధారసమాహితా.\n\nశుభస్ఫ్యవేగాభిహతా శీఘ్రం సలిలమత్యగాత్৷৷2.52.81৷৷.\n\n"
    },
    {
        "sloka": "మధ్యం తు సమనుప్రాప్య భాగీరథ్యాస్త్వనిన్దితా.\n\nవైదేహీ ప్రాఞ్జలిర్భూత్వా తాం నదీమిదమబ్రవీత్৷৷2.52.82৷৷\n\n"
    },
    {
        "sloka": "పుత్రో దశరథస్యాయం మహారాజస్య ధీమతః.\n\nనిదేశం పారయిత్వేమం గఙ్గే త్వదభిరక్షితః৷৷2.52.83৷৷\n\nచతుర్దశ హి వర్షాణి సమగ్రాణ్యుష్య కాననే.\n\nభ్రాత్రా సహ మయా చైవ పునః ప్రత్యాగమిష్యతి৷৷2.52.84৷৷\n\nతతస్త్వాం దేవి! సుభగే! క్షేమేణ పునరాగతా.\n\nయక్ష్యే ప్రముదితా గఙ్గే! సర్వకామసమృద్ధినీ৷৷2.52.85৷৷\n\n"
    },
    {
        "sloka": "త్వం హి త్రిపథగా దేవి! బ్రహ్మలోకం సమీక్షసే.\n\nభార్యా చోదధిరాజస్య లోకేస్మిన్ సమ్ప్రదృశ్యసే৷৷2.52.86৷৷\n\n"
    },
    {
        "sloka": "సా త్వాం దేవి! నమస్యామి ప్రశంసామి చ శోభనే.\n\nప్రాప్తరాజ్యే నరవ్యాఘ్రే శివేన పునరాగతే৷৷2.52.87৷৷\n\nగవాం శతసహస్రాణి వస్త్రాణ్యన్నం చ పేశలమ్.\n\nబ్రాహ్మణేభ్యః ప్రదాస్యామి తవ ప్రియచికీర్షయా৷৷2.52.88৷৷\n\n"
    },
    {
        "sloka": "సురాఘటసహస్రేణ మాంసభూతౌదనేన చ.\n\nయక్ష్యే త్వాం ప్రయతా దేవి పురీం పునరుపాగతా৷৷2.52.89৷৷\n\n"
    },
    {
        "sloka": "యాని త్వత్తీరవాసీని దైవతాని చ సన్తి హి.\n\nతాని సర్వాణి యక్ష్యామి తీర్థాన్యాయతనాని చ৷৷2.52.90৷৷\n\n"
    },
    {
        "sloka": "పునరేవ మహాబాహుర్మయా భ్రాత్రా చ సఙ్గతః.\n\nఅయోధ్యాం వనవాసాత్తు ప్రవిశత్వనఘోనఘే!৷৷2.52.91৷৷\n\n"
    },
    {
        "sloka": "తథా సమ్భాషమాణా సా సీతా గఙ్గామనిన్దితా.\n\nదక్షిణా దక్షిణం తీరం క్షిప్రమేవాభ్యుపాగమత్৷৷2.52.92৷৷\n\n"
    },
    {
        "sloka": "తీరం తు సమనుప్రాప్య నావం హిత్వా నరర్షభః.\n\nప్రాతిష్ఠత సహ భ్రాత్రా వైదేహ్యా చ పరన్తపః৷৷2.52.93৷৷\n\n"
    },
    {
        "sloka": "అథాబ్రవీన్మహాబాహుః సుమిత్రానన్దవర్ధనమ్.\n\nభవ సంరక్షణార్థాయ సజనే విజనేపి వా৷৷2.52.94৷৷\n\n"
    },
    {
        "sloka": "అవశ్యం రక్షణం కార్యమదృష్టే విజనే వనే.\n\nఅగ్రతో గచ్ఛ సౌమిత్రే! సీతా త్వామనుగచ్ఛతు৷৷.2.52.95৷৷\n\n"
    },
    {
        "sloka": "పృష్ఠతోహం గమిష్యామి త్వాం చ సీతాం చ పాలయన్.\n\nఅన్యోన్యస్యేహ నో రక్షా కర్తవ్యా పురుషర్షభ৷৷2.52.96৷৷\n\n"
    },
    {
        "sloka": "న హి తావదతిక్రాన్తా సుకరా కాచన క్రియా.\n\nఅద్య దుఃఖం తు వైదేహీ వనవాసస్య వేత్స్యతి৷৷2.52.97৷৷\n\n"
    },
    {
        "sloka": "ప్రణష్టజనసమ్బాధం క్షేత్రారామవివర్జితమ్.\n\nవిషమం చ ప్రపాతం చ వనమద్య ప్రవేక్ష్యతి৷৷2.52.98৷৷\n\n"
    },
    {
        "sloka": "శ్రుత్వా రామస్య వచనం ప్రతస్థే లక్ష్మణోగ్రతః.\n\nఅనన్తరం చ సీతాయా రాఘవో రఘునన్దనః৷৷2.52.99৷৷\n\n"
    },
    {
        "sloka": "గతం తు గఙ్గాపరపారమాశు\n\nరామం సుమన్త్రః ప్రతతం నిరీక్ష్య.\n\nఅధ్వప్రకర్షాద్వినివృత్తదృష్టి-\n\nర్ముమోచ బాష్పం వ్యథిత స్తపస్వీ৷৷2.52.100৷৷\n\n"
    },
    {
        "sloka": "స లోకపాలప్రతిమప్రభావవాం\n\nస్తీర్త్వా మహాత్మా వరదో మహానదీమ్.\n\nతతః సమృద్ధాన్ శుభసస్యమాలినః\n\nక్రమేణ వత్సాన్ ముదితానుపాగమత్৷৷2.52.101৷৷\n\n"
    },
    {
        "sloka": "తౌ తత్ర హత్వా చతురో మహామృగాన్\n\nవరాహమృశ్యం పృషతం మహారురుమ్.\n\nఆదాయ మేధ్యం త్వరితం బుభుక్షితౌ\n\nవాసాయ కాలే యయతుర్వనస్పతిమ్৷৷2.52.102৷৷\n\n"
    }
]