[
    {
        "sloka": "తతః ప్రహృష్టా ప్రతిపూర్ణమానసా\n\nయశశ్వినీ భర్తురవేక్ష్య భాషితమ్.\n\nధనాని రత్నాని చ దాతుమఙ్గనా\n\nప్రచక్రమే ధర్మభృతాం మనస్స్వినీ৷৷2.30.47৷৷\n\n"
    },
    {
        "sloka": "[Rama consents to take Sita to the forest--instructs her to distribute their precious possessions on the eve of their departure]  \n\nసాన్త్వ్యమానా తు రామేణ మైథిలీ జనకాత్మజా.\n\nవనవాసనిమిత్తాయ భర్తారమిదమబ్రవీత్৷৷2.30.1৷৷\n\n"
    },
    {
        "sloka": "సా తముత్తమసంవిగ్నా సీతా విపులవక్షసమ్.\n\nప్రణయాచ్చాభిమానాచ్చ పరిచిక్షేప రాఘవమ్৷৷2.30.2৷৷\n\n"
    },
    {
        "sloka": "కిం త్వామన్యత వైదేహః పితా మే మిథిలాధిపః.\n\nరామ! జామాతరం ప్రాప్య స్త్రియం పురుషవిగ్రహమ్৷৷2.30.3৷৷\n\n"
    },
    {
        "sloka": "అనృతం బత లోకోయమజ్ఞానాద్యది వక్ష్యతి.\n\nతేజో నాస్తి పరం రామే తపతీవ దివాకరే৷৷2.30.4৷৷\n\n"
    },
    {
        "sloka": "కిం హి కృత్వా విషణ్ణస్త్వం కుతో వా భయమస్తి తే.\n\nయత్పరిత్యక్తుకామస్త్వం మామనన్యపరాయణామ్৷৷2.30.5৷৷\n\n"
    },
    {
        "sloka": "ద్యుమత్సేనసుతం వీర! సత్యవన్తమనువ్రతామ్.\n\nసావిత్రీమివ మాం విద్ధి త్వమాత్మవశవర్తినీమ్৷৷2.30.6৷৷\n\n"
    },
    {
        "sloka": "న త్వహం మనసాప్యన్యం ద్రష్టాస్మి త్వదృతేనఘ!.\n\nత్వయా రాఘవ! గచ్ఛేయం యథాన్యా కులపాంసినీ৷৷2.30.7৷৷\n\n"
    },
    {
        "sloka": "స్వయం తు భార్యాం కౌమారీం చిరమధ్యుషితాం సతీమ్.\n\nశైలూష ఇవ మాం రామ! పరేభ్యో దాతుమిచ్ఛసి৷৷2.30.8৷৷\n\n"
    },
    {
        "sloka": "యస్య పథ్యం చ రామాత్థ యస్య చార్థేవరుధ్యసే.\n\nత్వం తస్య భవ వశ్యశ్చ విధేయశ్చ సదానఘ!৷৷2.30.9৷৷\n\n"
    },
    {
        "sloka": "స మామనాదాయ వనం న త్వం ప్రస్థాతుమర్హసి.\n\nతపో వా యది వారణ్యం స్వర్గో వా స్యాత్సహ మే త్వయా৷৷2.30.10৷৷\n\n"
    },
    {
        "sloka": "న చ మే భవితా తత్ర కశ్చిత్పథి పరిశ్రమః.\n\nపృష్ఠతస్తవ గచ్ఛన్త్యా విహారశయనేష్వివ৷৷2.30.11৷৷\n\n"
    },
    {
        "sloka": "కుశకాశశరేషీకా యే చ కణ్టకినో ద్రుమాః.\n\nతూలాజినసమస్పర్శా మార్గే మమ సహ త్వయా৷৷2.30.12৷৷\n\n"
    },
    {
        "sloka": "మహావాతసముద్ధూతం యన్మామపకరిష్యతి.\n\nరజో రమణ! తన్మన్యే పరార్థ్యమివ చన్దనమ్৷৷2.30.13৷৷\n\n"
    },
    {
        "sloka": "శాద్వలేషు యథా శిశ్యే వనాన్తే వనగోచర!.\n\nకుథాస్తరణతల్పేషు కిం స్యాత్సుఖతరం తతః৷৷2.30.14৷৷\n\n"
    },
    {
        "sloka": "పత్రం మూలం ఫలం యత్త్వమల్పం వా యది వా బహు.\n\nదాస్యసి స్వయమాహృత్య తన్మేమృతరసోపమమ్৷৷2.30.15৷৷\n\n"
    },
    {
        "sloka": "న మాతుర్న పితుస్తత్ర స్మరిష్యామి న వేశ్మనః.\n\nఆర్తవాన్యుపభుఞ్జానా పుష్పాణి చ ఫలాని చ৷৷2.30.16৷৷\n\n"
    },
    {
        "sloka": "న చ తత్ర తతః కిఞ్చిద్ద్రష్టుమర్హసి విప్రియమ్.\n\nమత్కృతే న చ తే శోకో న భవిష్యామి దుర్భరా৷৷2.30.17৷৷\n\n"
    },
    {
        "sloka": "య స్త్వయా సహ స స్వర్గో నిరయో యస్త్వయా వినా.\n\nఇతి జానన్పరాం ప్రీతిం గచ్ఛ రామ! మయా సహ৷৷2.30.18৷৷\n\n"
    },
    {
        "sloka": "అథ మామేవమవ్యగ్రాం వనం నైవ నయిష్యతి.\n\nవిషమద్యైవ పాస్యామి మా విశం ద్విషతాం గమమ్৷৷2.30.19৷৷\n\n"
    },
    {
        "sloka": "పశ్చాదపి హి దుఃఖేన మమ నైవాస్తి జీవితమ్.\n\nఉజ్ఝితాయాస్త్వయా నాథ! తదైవ మరణం వరమ్৷৷2.30.20৷৷\n\n"
    },
    {
        "sloka": "ఇమం హి సహితుం శోకం ముహూర్తమపి నోత్సహే.\n\nకిం పునర్దశవర్షాణి త్రీణి చైకం చ దుఃఖితా৷৷2.30.21৷৷\n\n"
    },
    {
        "sloka": "ఇతి సా శోకసన్తప్తా విలప్య కరుణం బహు.\n\nచుక్రోశ పతిమాయస్తా భృశమాలిఙ్గ్య సస్వరమ్৷৷2.30.22৷৷\n\n"
    },
    {
        "sloka": "సా విద్ధా బహుభిర్వాక్యైర్దిగ్ధైరివ గజాఙ్గనా.\n\nచిరసన్నియతం బాష్పం ముమోచాగ్నిమివారణిః৷৷2.30.23৷৷\n\n"
    },
    {
        "sloka": "తస్యా స్ఫటికసఙ్కాశం వారి సన్తాపసమ్భవమ్.\n\nనేత్రాభ్యాం పరిసుస్రావ పఙ్కజాభ్యామివోదకమ్৷৷2.30.24৷৷\n\n"
    },
    {
        "sloka": "తచ్చైవామలచన్ద్రాభం ముఖమాయతలోచనమ్.\n\nపర్యశుష్యత బాష్పేణ జలోద్ధృతమివామ్బుజమ్৷৷2.30.25৷৷\n\n"
    },
    {
        "sloka": "తాం పరిష్వజ్య బాహుభ్యాం విసంజ్ఞామివ దుఃఖితామ్.\n\nఉవాచ వచనం రామః పరివిశ్వాసయంస్తదా৷৷2.30.26৷৷\n\n"
    },
    {
        "sloka": "న దేవి! తవ దుఃఖేన స్వర్గమప్యభిరోచయే.\n\nన హి మేస్తి భయం కిఞ్చిత్స్వయమ్భోరివ సర్వతః৷৷2.30.27৷৷\n\n"
    },
    {
        "sloka": "తవ సర్వమభిప్రాయమవిజ్ఞాయ శుభాననే!.\n\nవాసం న రోచయేరణ్యే శక్తిమానపి రక్షణే৷৷2.30.28৷৷\n\n"
    },
    {
        "sloka": "యత్సృష్టాసి మయా సార్ధం వనవాసాయ మైథిలి!.\n\nన విహాతుం మయా శక్యా కీర్తిరాత్మవతా యథా৷৷2.30.29৷৷\n\n"
    },
    {
        "sloka": "ధర్మస్తు గజనాసోరు! సద్భిరాచరితః పురా.\n\nతం చాహమనువర్తేద్య యథా సూర్యం సువర్చలా৷৷2.30.30৷৷\n\n"
    },
    {
        "sloka": "న ఖల్వహం న గచ్ఛేయం వనం జనకనన్దిని!.\n\nవచనం తన్నయతి మాం పితు స్సత్యోపబృంహితమ్৷৷2.30.31৷৷\n\n"
    },
    {
        "sloka": "ఏష ధర్మస్తు సుశ్రోణి! పితుర్మాతుశ్చ వశ్యతా.\n\nఅతశ్చ తం వ్యతిక్రమ్య నాహం జీవితుముత్సహే৷৷2.30.32৷৷\n\n"
    },
    {
        "sloka": "అస్వాధీనం కథం దైవం ప్రకారైరభిరాధ్యతే.\n\nస్వాధీనం సమతిక్రమ్య మాతరం పితరం గురుమ్৷৷2.30.33৷৷\n\n"
    },
    {
        "sloka": "యత్త్రయం తత్త్రయో లోకాః పవిత్రం తత్సమం భువి.\n\nనాన్యదస్తి శుభాపాఙ్గే! తేనేదమభిరాధ్యతే৷৷2.30.34৷৷\n\n"
    },
    {
        "sloka": "న సత్యం దానమానౌ వా న యజ్ఞాశ్చాప్తదక్షిణాః.\n\nతథా బలకరా స్సీతే! యథా సేవా పితుర్హితా৷৷2.30.35৷৷\n\n"
    },
    {
        "sloka": "స్వర్గో ధనం వా ధాన్యం వా విద్యాః పుత్రాస్సుఖాని చ.\n\nగురువృత్త్యనురోధేన న కిఞ్చిదపి దుర్లభమ్৷৷2.30.36৷৷\n\n"
    },
    {
        "sloka": "దేవగన్ధర్వగోలోకాన్బ్రహ్మలోకాం స్తథాపరాన్.\n\nప్రాప్నువన్తి మహాత్మానో మాతాపితృపరాయణాః৷৷2.30.37৷৷\n\n"
    },
    {
        "sloka": "స మాం పితా యథా శాస్తి సత్యధర్మపథే స్థితః.\n\nతథా వర్తితుమిచ్ఛామి స హి ధర్మస్సనాతనః৷৷2.30.38৷৷\n\n"
    },
    {
        "sloka": "మమ సన్నా మతిస్సీతే! త్వాం నేతుం దణ్డకావనమ్.\n\nవసిష్యామీతి సా త్వం మామనుయాతుం సునిశ్చితా৷৷2.30.39৷৷\n\n"
    },
    {
        "sloka": "సా హి సృష్టానవద్యాఙ్గి వనాయ మదిరేక్షణే!.\n\nఅనుగచ్ఛస్వ మాం భీరు! సహధర్మచరీ భవ৷৷2.30.40৷৷\n\n"
    },
    {
        "sloka": "సర్వథా సదృశం సీతే! మమ స్వస్య కులస్య చ.\n\nవ్యవసాయమనుక్రాన్తా కాన్తే! త్వమతిశోభనమ్৷৷2.30.41৷৷\n\n"
    },
    {
        "sloka": "ఆరభస్వ శుభశ్రోణి! వనవాసక్షమాః క్రియాః.\n\nనేదానీం త్వదృతే సీతే! స్వర్గోపి మమ రోచతే৷৷2.30.42৷৷\n\n"
    },
    {
        "sloka": "బ్రాహ్మణేభ్యశ్చ రత్నాని భిక్షుకేభ్యశ్చ భోజనమ్.\n\nదేహి చాశంసమానేభ్య స్సన్త్వరస్వ చ మా చిరమ్৷৷2.30.43৷৷\n\n"
    },
    {
        "sloka": "భూషణాని మహార్హాణి వరవస్త్రాణి యాని చ.\n\nరమణీయాశ్చ యే కేచిత్క్రీడార్థాశ్చాప్యుపస్కరాః৷৷2.30.44৷৷\n\nశయనీయాని యానాని మమ చాన్యాని యాని చ.\n\nదేహి స్వభృత్యవర్గస్య బ్రాహ్మణానామనన్తరమ్৷৷2.30.45৷৷\n\n"
    },
    {
        "sloka": "అనుకూలం తు సా భర్తుర్జ్ఞాత్వా గమనమాత్మనః.\n\nక్షిప్రం ప్రముదితా దేవీ దాతుమేవోపచక్రమే৷৷2.30.46৷৷\n\n"
    }
]