[
    {
        "sloka": "[Rama's mind goes back to Kaikeyi and to Kausalya and Sumitra - asks Lakshmana to go back - Lakshmana declines]\n\nస తం వృక్షం సమాసాద్య సన్ధ్యామన్వాస్యపశ్చిమామ్.\n\nరామో రమయతాం శ్రేష్ఠ ఇతి హోవాచ లక్ష్మణమ్৷৷2.53.1৷৷\n\n"
    },
    {
        "sloka": "అద్యేయం ప్రథమా రాత్రిర్యాతా జనపదాద్బహిః.\n\nయా సుమన్త్రేణ రహితా తాం నోత్కణ్ఠితుమర్హసి৷৷2.53.2৷৷\n\n"
    },
    {
        "sloka": "జాగర్తవ్యమతన్ద్రిభ్యామద్యప్రభృతి రాత్రిషు.\n\nయోగక్షేమౌ హి సీతాయా వర్తేతే లక్ష్మణావయోః৷৷2.53.3৷৷\n\n"
    },
    {
        "sloka": "రాత్రిం కథఞ్చిదేవేమాం సౌమిత్రే వర్తయామహే.\n\nఅపావర్తామహే భూమావాస్తీర్య స్వయమార్జితైః৷৷2.53.4৷৷\n\n"
    },
    {
        "sloka": "స తు సంవిశ్య మేదిన్యాం మహార్హశయనోచితః.\n\nఇమాః సౌమిత్రయే రామో వ్యాజహార కథాః శుభాః৷৷2.53.5৷৷\n\n"
    },
    {
        "sloka": "ధ్రువమద్య మహారాజో దుఃఖం స్వపితి లక్ష్మణ!.\n\nకృతకామా తు కైకేయీ తుష్టా భవితుమర్హతి৷৷2.53.6৷৷\n\n"
    },
    {
        "sloka": "సా హి దేవీ మహారాజం కైకేయీ రాజ్యకారణాత్.\n\nఅపి న చ్యావయేత్ప్రాణాన్ దృష్ట్వా భరతమాగతమ్৷৷2.53.7৷৷\n\n"
    },
    {
        "sloka": "అనాథశ్చ హి వృద్ధశ్చ మయా చైవ వినాకృతః.\n\nకిం కరిష్యతి కామాత్మా కైకేయీ వశమాగతః৷৷2.53.8৷৷\n\n"
    },
    {
        "sloka": "ఇదం వ్యసనమాలోక్య రాజ్ఞశ్చ మతివిభ్రమమ్.\n\nకామ ఏవార్థధర్మాభ్యాం గరీయానితి మే మతిః৷৷2.53.9৷৷\n\n"
    },
    {
        "sloka": "కో హ్యవిద్వానపి పుమాన్ ప్రమదాయాః కృతే త్యజేత్.\n\nఛన్దానువర్తినం పుత్రం తాతో మామివ లక్ష్మణ৷৷2.53.10৷৷\n\n"
    },
    {
        "sloka": "సుఖీ బత సభార్యశ్చ భరతః కేకయీసుతః.\n\nముదితాన్ కోసలానేకో యో భోక్ష్యత్యధిరాజవత్৷৷2.53.11৷৷\n\n"
    },
    {
        "sloka": "స హి సర్వస్య రాజ్యస్య ముఖమేకం భవిష్యతి.\n\nతాతే చ వయసాతీతే మయి చారణ్యమాస్థితే৷৷2.53.12৷৷\n\n"
    },
    {
        "sloka": "అర్థధర్మౌ పరిత్యజ్య య కామమనువర్తతే.\n\nఏవమాపద్యతే క్షిప్రం రాజా దశరథో యథా৷৷2.53.13৷৷\n\n"
    },
    {
        "sloka": "మన్యే దశరథాన్తాయ మమ ప్రవ్రాజనాయ చ.\n\nకైకేయీ సౌమ్య సమ్ప్రాప్తా రాజ్యాయ భరతస్య చ৷৷2.53.14৷৷\n\n"
    },
    {
        "sloka": "అపీదానీం తు కైకేయీ సౌభాగ్యమదమోహితా.\n\nకౌసల్యాం చ సుమిత్రాం చ సమ్ప్రబాధేత మత్కృతే৷৷2.53.15৷৷\n\n"
    },
    {
        "sloka": "మా స్మ మత్కారణాద్దేవీ సుమిత్రా దుఃఖమావసేత్.\n\nఅయోధ్యామిత ఏవ త్వం కాల్యే ప్రవిశ లక్ష్మణ৷৷2.53.16৷৷\n\n"
    },
    {
        "sloka": "అహమేకో గమిష్యామి సీతయా సహ దణ్డకాన్.\n\nఅనాథాయా హి నాథస్త్వం కౌశల్యాయా భవిష్యసి৷৷2.53.17৷৷\n\n"
    },
    {
        "sloka": "క్షుద్రకర్మా హి కైకేయీ ద్వేష్యమన్యాయ్యమాచరేత్.\n\nపరిదద్యాహి ధర్మజ్ఞే భరతే మమ మాతరమ్৷৷2.53.18৷৷\n\n"
    },
    {
        "sloka": "నూనం జాత్యన్తరే కస్మిన్ స్త్రియః పుత్రైర్వియోజితాః.\n\nజనన్యా మమ సౌమిత్రే తస్మాదేతదుపస్థితమ్৷৷2.53.19৷৷\n\n"
    },
    {
        "sloka": "మయా హి చిరపుష్టేన దుఖసంవర్ధితేన చ.\n\nవిప్రయుజ్యత కౌశల్యా ఫలకాలే ధిగస్తు మామ్৷৷2.53.20৷৷\n\n"
    },
    {
        "sloka": "మా స్మ సీమన్తినీ కాచిజ్జనయేత్పుత్రమీదృశమ్.\n\nసౌమిత్రే యోహమమ్బాయా దద్మి శోకమనన్తకమ్৷৷2.53.21৷৷\n\n"
    },
    {
        "sloka": "మన్యే ప్రీతివిశిష్టా సా మత్తో లక్ష్మణ శారికా.\n\nయస్యాస్తచ్ఛ్రూయతే వాక్యం శుక పాదమరేర్దశ৷৷2.53.22৷৷\n\n"
    },
    {
        "sloka": "శోచన్త్యా అల్పభాగ్యాయా న కిఞ్చిదుపకుర్వతా.\n\nపుత్రేణ కిమపుత్రాయా మయా కార్యమరిన్దమ৷৷2.53.23৷৷\n\n"
    },
    {
        "sloka": "అల్పభాగ్యా హి మే మాతా కౌశల్యా రహితా మయా.\n\nశేతే పరమదుఃఖార్తా పతితా శోకసాగరే৷৷2.53.24৷৷\n\n"
    },
    {
        "sloka": "ఏకో హ్యహమయోధ్యాం చ పృథివీం చాపి లక్ష్మణ.\n\nతరేయమిషుభిః క్రుద్ధో నను వీర్యమకారణమ్৷৷2.53.25৷৷\n\n"
    },
    {
        "sloka": "అధర్మభయభీతశ్చ పరలోకస్య చానఘ. \n\nతేన లక్ష్మణ నాద్యాహ మాత్మానమభిషేచయే৷৷2.53.26৷৷\n\n"
    },
    {
        "sloka": "ఏతదన్యశ్చ కరుణం విలప్య విజనే వనే.\n\nఅశ్రుపూర్ణముఖో రామో నిశి తూష్ణీముపావిశత్৷৷2.53.27৷৷\n\n"
    },
    {
        "sloka": "విలప్యోపరతం రామం గతార్చిషమివానలమ్.\n\nసముద్రమివ నిర్వేగమాశ్వాసయత లక్ష్మణః৷৷2.53.28৷৷\n\n"
    },
    {
        "sloka": "ధ్రువమద్య పురీ రాజన్నయోధ్యాయుధినాం వర.\n\nనిష్ప్రభా త్వయి నిష్క్రాన్తే గతచన్ద్రేవ శర్వరీ৷৷2.53.29৷৷\n\n"
    },
    {
        "sloka": "నైతదౌపయికం రామ యదిదం పరితప్యతే.\n\nవిషాదయసి సీతాం చ మాం చైవ పురుషర్షభ৷৷2.53.30৷৷\n\n"
    },
    {
        "sloka": "న చ సీతా త్వయా హీనా న చాహమపి రాఘవ.\n\nముహూర్తమపి జీవావో జలాన్మత్స్యావినోద్ధృతౌ৷৷2.53.31৷৷\n\n"
    },
    {
        "sloka": "నహి తాతం న శత్రుఘ్నం న సుమిత్రాం పరన్తప.\n\nద్రష్టుమిచ్ఛేయమద్యాహం స్వర్గం చాపి త్వయా వినా৷৷2.53.32৷৷\n\n"
    },
    {
        "sloka": "తతస్తత్ర సుఖాసీనౌ నాతిదూరే నిరీక్ష్య తామ్.\n\nన్యగ్రోధే సుకృతాం శయ్యాం భేజాతే ధర్మవత్సలౌ৷৷2.53.33৷৷\n\n"
    },
    {
        "sloka": "స లక్ష్మణస్యోత్తమపుష్కలం వచో\n\nనిశమ్య చైవం వనవాసమాదరాత్.\n\nసమాః సమస్తా విదధే పరన్తపః\n\nప్రపద్య ధర్మం సుచిరాయ రాఘవః৷৷2.53.34৷৷\n\n"
    },
    {
        "sloka": "తతస్తు తస్మిన్ విజనే వనే తదా\n\nమహాబలౌ రాఘవవంశవర్ధనౌ.\n\nన తౌ భయం సమ్భ్రమమభ్యుపేయతు-\n\nర్యథైవ సింహౌ గిరిసానుగోచరౌ৷৷2.53.35৷৷\n\n"
    }
]