[
    {
        "sloka": "[Gloom at Ayodhya after the exile of Rama.]\n\nస్నిగ్ధగమ్భీరఘోషేణ స్యన్దనేనోపయాన్ప్రభుః. \n\nఅయోధ్యాం భరతః క్షిప్రం ప్రవివేశ మహాయశాః৷৷2.114.1৷৷ \n\n"
    },
    {
        "sloka": "బిడాలోలూకచరితామాలీననరవారణామ్. \n\nతిమిరాభ్యాహతాం కాలీమప్రకాశాం నిశామివ৷৷2.114.2৷৷\n\n"
    },
    {
        "sloka": "రాహుశత్రోః ప్రియాం పత్నీం శ్రియా ప్రజ్వలితప్రభామ్. \n\nగ్రహేణాభ్యుత్థితేనైకాం రోహిణీమివ పీడితామ్৷৷2.114.3৷৷\n\n"
    },
    {
        "sloka": "అల్పోష్ణక్షుబ్ధసలిలాం ఘర్మోత్తప్తవిహఙ్గమామ్.\n\nలీనమీనఝషగ్రాహాం కృశాం గిరినదీమివ৷৷2.114.4৷৷ \n\n"
    },
    {
        "sloka": "విధూమామివ హేమాభామధ్వరాగ్నే స్సముత్థితామ్. \n\nహవిరభ్యుక్షితాం పశ్చాచ్ఛిఖాం విప్రలయం గతామ్৷৷2.114.5৷৷ \n\n"
    },
    {
        "sloka": "విధ్వస్తకవచాం రుగ్ణగజవాజిరథధ్వజామ్. \n\nహతప్రవీరామాపన్నాం చమూమివ మహాహవే৷৷2.114.6৷৷ \n\n"
    },
    {
        "sloka": "సఫేనాం సస్వనాం భూత్వా సాగరస్య సముత్థితామ్. \n\nప్రశాన్తమారుతోద్ధూతాం జలోర్మిమివ నిస్స్వనామ్৷৷2.114.7৷৷ \n\n"
    },
    {
        "sloka": "త్వక్తాం యజ్ఞాయుధైస్సర్వైరభిరూపైశ్చ యాజకైః. \n\nసుత్త్యాకాలే వినిర్వృత్తే వేదిం గతరవామివ৷৷2.114.8৷৷ \n\n"
    },
    {
        "sloka": "గోష్ఠమధ్యే స్థితామార్తామచరన్తీం తృణం నవమ్. \n\nగోవృషేణ పరిత్యక్తాం గవాం పక్తిమివోత్సుకామ్৷৷2.114.9৷৷ \n\n"
    },
    {
        "sloka": "ప్రభాకరాద్యై స్సుస్నిగ్ధైః ప్రజ్వలద్భిరివోత్తమైః. \n\nవియుక్తాం మణిభిర్జాత్యైర్నవాం ముక్తావలీమివ৷৷2.114.10৷৷ \n\n"
    },
    {
        "sloka": "సహసా చలితాం స్థానాన్మహీం పుణ్యక్షయాద్గతామ్.\n\nసంవృతద్యుతివిస్తారాం తారామివ దివశ్చ్యుతామ్৷৷2.114.11৷৷ \n\n"
    },
    {
        "sloka": "పుష్పనద్ధాం వసన్తాన్తే మత్తభ్రమరనాదితామ్. \n\nద్రుతదావాగ్ని విప్లుష్టాం క్లాన్తాం వనలతామివ৷৷2.114.12৷৷ \n\n"
    },
    {
        "sloka": "సమ్మూఢనిగమాంస్తబ్ధాం సంక్షిప్తవిపణాపణామ్. \n\nప్రచ్ఛన్నశశినక్షత్రాం ద్యామివామ్బుధరైర్వృతామ్৷৷2.114.13৷৷ \n\n"
    },
    {
        "sloka": "క్షీణపానోత్తమైర్భగ్నై శ్శరావైరభిసంవృతామ్. \n\nహతశౌణ్డామివాకాశే పానభూమిమసంస్కృతామ్৷৷2.114.14৷৷ \n\n"
    },
    {
        "sloka": "వృక్ణభూమితలాం నిమ్నాం వృక్ణపాత్రైస్సమావృతామ్. \n\nఉపయుక్తోదకాం భగ్నాం ప్రపాం నిపతితామివ৷৷2.114.15৷৷ \n\n"
    },
    {
        "sloka": "విపులాం వితతాం చైవ యుక్తపాశాం తరస్వినామ్. \n\nభూమౌ బాణైర్వినిష్కృత్తాం పతితాం జ్యామివాయుధాత్৷৷2.114.16৷৷ \n\n"
    },
    {
        "sloka": "సహసా యుద్ధశౌణ్డేన హయారోహేణ వాహితామ్. \n\nనిహతాం ప్రతిసైన్యేన వడవామివ పాతితామ్৷৷2.114.17৷৷ \n\n"
    },
    {
        "sloka": "శుష్కతోయాం మహామత్స్యైః కూర్మైశ్చ బహుభిర్వృతామ్. \n\nప్రభిన్నతటవిస్తీర్ణాం వాపీమివ హృతోత్పలామ్৷৷2.114.18৷৷\n\n"
    },
    {
        "sloka": "పురుషస్యాప్రహృష్టస్య ప్రతిషిద్ధానులేపనామ్. \n\nసన్తప్తామివ శోకేన గాత్రయష్టిమభూషణామ్৷৷2.114.19৷৷\n\n"
    },
    {
        "sloka": "ప్రావృషి ప్రవిగాఢాయాం ప్రవిష్టస్యాభ్రమణ్డలమ్. \n\nప్రచ్ఛన్నాం నీలజీమూతైర్భాస్కరస్య ప్రభామివ৷৷2.114.20৷৷ \n\n"
    },
    {
        "sloka": "భరతస్తు రథస్థ స్సన్ శ్రీమాన్దశరథాత్మజః. \n\nవాహయన్తం రథశ్రేష్ఠం సారథిం వాక్యమబ్రవీత్৷৷2.114.21৷৷\n\n"
    },
    {
        "sloka": "కిం ను ఖల్వద్య గమ్భీరో మూర్ఛితో న నిశమ్యతే. \n\nయథాపురమయోధ్యాయాం గీతవాదిత్రనిస్వనః৷৷2.114.22৷৷ \n\n"
    },
    {
        "sloka": "వారుణీమదగన్ధశ్చ మాల్యగన్ధశ్చ మూర్ఛితః. \n\nధూపితాగురుగన్ధశ్చ న ప్రవాతి సమన్తతః৷৷2.114.23৷৷ \n\n"
    },
    {
        "sloka": "యానప్రవరఘోషశ్చ స్నిగ్ధశ్చ హయనిస్వనః. \n\nప్రమత్తగజనాదశ్చ మహాంశ్చ రథనిస్వనః৷৷2.114.24৷৷ \n\nనేదానీం శ్రూయతే పుర్యామస్యాం రామే వివాసితే. \n\n"
    },
    {
        "sloka": "చన్దనాగరుగన్ధాంశ్చ మహార్హాశ్చ నవస్రజః. \n\nగతే హి రామే తరుణా స్సంతప్తా నోపభుఞ్జతే৷৷2.114.25৷৷\n\n"
    },
    {
        "sloka": "బహిర్యాత్రాం న గచ్ఛన్తి చిత్రమాల్యధరా నరాః. \n\nనోత్సవా స్సమ్ప్రవర్తన్తే రామశోకార్దితే పురే৷৷2.114.27৷৷\n\n"
    },
    {
        "sloka": "సహ నూనం మమ భ్రాత్రా పురస్యాస్య ద్యుతిర్గతా. \n\nన హి రాజత్యయోధ్యేయం సాసారేవార్జునీ క్షపా৷৷2.114.28৷৷ \n\n"
    },
    {
        "sloka": "కదా ను ఖలు మే భ్రాతా మహోత్సవ ఇవాగతః. \n\nజనయిష్యత్యయోధ్యాయాం హర్షం గ్రీష్మ ఇవామ్బుదః৷৷2.114.29৷৷\n\n"
    },
    {
        "sloka": "తరుణైశ్చారువేషైశ్చ నరైరున్నతగామిభిః. \n\nసమ్పతద్భిరయోధ్యాయాం నాభిభాన్తి మహాపథాః৷৷2.114.30৷৷\n\n"
    },
    {
        "sloka": "ఏవం బహువిధం జల్పన్వివేశ వసతిం పితుః. \n\nతేన హీనాం నరేన్ద్రేణ సింహహీనాం గుహామివ৷৷2.114.31৷৷\n\n"
    },
    {
        "sloka": "తదా తదన్తః పురముఞ్ఝితప్రభం సురైరివోత్సృష్టమభాస్కరం దినమ్. \n\nనిరీక్ష్య సర్వం తు వివిక్తమాత్మవాన్ముమోచ బాష్పం భరతః సుదుఃఖితః৷৷2.114.32৷৷\n\n"
    }
]