[
    {
        "sloka": "[Lamentations of women in Ayodhya.]\n\nతేషామేవం విషణ్ణానాం పీడితానామతీవ చ.\n\nబాష్పవిప్లుతనేత్రాణాం సశోకానాం ముమూర్షయా৷৷2.48.1৷৷\n\nఅనుగమ్య నివృత్తానాం రామం నగరవాసినామ్.\n\nఉద్గతానీవ సత్వాని బభూవురమనస్వినామ్৷৷2.48.2৷৷\n\n"
    },
    {
        "sloka": "తేషామేవం విషణ్ణానాం పీడితానామతీవ చ.\n\nబాష్పవిప్లుతనేత్రాణాం సశోకానాం ముమూర్షయా৷৷2.48.1৷৷\n\nఅనుగమ్య నివృత్తానాం రామం నగరవాసినామ్.\n\nఉద్గతానీవ సత్వాని బభూవురమనస్వినామ్৷৷2.48.2৷৷\n\n"
    },
    {
        "sloka": "స్వం స్వం నిలయమాగమ్య పుత్రదారైస్సమావృతా.\n\nఅశ్రూణి ముముచుస్సర్వే బాష్పేణ పిహితాననాః৷৷2.48.3৷৷\n\n"
    },
    {
        "sloka": "న చాహృష్యన్ నచామోదన్ వణిజో న ప్రసారయన్.\n\nన చాశోభన్త పణ్యాని నాపచన్ గృహమేధినః৷৷2.48.4৷৷\n\n"
    },
    {
        "sloka": "నష్టం దృష్ట్వా నాభ్యనన్దన్ విపులం వా ధనాగమమ్.\n\nపుత్రం ప్రథమజం లబ్ధ్వా జననీ నాభ్యనన్దత৷৷2.48.5৷৷\n\n"
    },
    {
        "sloka": "గృహే గృహే రుదన్త్యశ్చ భర్తారం గృహమాగతమ్.\n\nవ్యగర్హయన్త దుఃఖార్తా వాగ్భిస్తోత్రైరివ ద్విపాన్৷৷2.48.6৷৷\n\n"
    },
    {
        "sloka": "కిం ను తేషాం గృహైః కార్యం కిం దారై: కిం ధనేన వా.\n\nపుత్రైర్వా కిం సుఖైర్వాపి యే న పశ్యన్తి రాఘవమ్৷৷2.48.7৷৷\n\n"
    },
    {
        "sloka": "ఏకః సత్పురుషో లోకే లక్ష్మణ స్సహ సీతయా.\n\nయోనుగచ్ఛతి కాకుత్స్థం రామం పరిచరన్ వనే৷৷2.48.8৷৷\n\n"
    },
    {
        "sloka": "ఆపగాః కృతపుణ్యాస్తా పద్మిన్యశ్చ సరాంసి చ.\n\nయేషు స్నాస్యతి కాకుత్స్థో విగాహ్య సలిలం శుచి৷৷2.48.9৷৷\n\n"
    },
    {
        "sloka": "శోభయిష్యన్తి కాకుత్స్థమటవ్యో రమ్యకాననాః.\n\nఆపగాశ్చ మహానూపాః సానుమన్తశ్చ పర్వతాః৷৷2.48.10৷৷\n\n"
    },
    {
        "sloka": "కాననం వాపి శైలం వా యం రామోధిగమిష్యతి.\n\nప్రియాతిథిమివ ప్రాప్తం నైనం శక్ష్యన్త్యనర్చితుమ్৷৷2.48.11৷৷\n\n"
    },
    {
        "sloka": "విచిత్రకుసుమాపీడా బహుమఞ్జరి ధారిణః.\n\nరాఘవం దర్శయిష్యన్తి నగా భ్రమరశాలినః৷৷2.48.12৷৷\n\n"
    },
    {
        "sloka": "అకాలే చాపి ముఖ్యాని పుష్పాణి చ ఫలాని చ.\n\nదర్శయిష్యన్త్యనుక్రోశాద్గిరయో రామమాగతమ్৷৷2.48.13৷৷\n\n"
    },
    {
        "sloka": "ప్రస్రవిష్యన్తి తోయాని విమలాని మహీధరాః.\n\nవిదర్శయన్తో వివిధాన్ భూయశ్చిత్రాంశ్చ నిర్ఝరాన్৷৷2.48.14৷৷\n\n"
    },
    {
        "sloka": "పాదపాః పర్వతాగ్రేషు రమయిష్యన్తి రాఘవమ్.\n\nయత్ర రామో భయం నాత్ర నాస్తి తత్ర పరాభవః৷৷2.48.15৷৷\n\n"
    },
    {
        "sloka": "స హి శూరో మహాబాహుః పుత్రో దశరథస్య చ.\n\nపురా భవతి నోదూరాదనుగచ్ఛామ రాఘవమ్৷৷2.48.16৷৷\n\n"
    },
    {
        "sloka": "పాదచ్ఛాయా సుఖా భర్తుస్తాదృశస్య మహాత్మనః.\n\nస హి నాథో జనస్యాస్య స గతి స్సపరాయణమ్৷৷2.48.17৷৷\n\n"
    },
    {
        "sloka": "వయం పరిచరిష్యామః సీతాం యూయం తు రాఘవమ్.\n\nఇతి పౌరస్త్రియో భర్తృ్ దుఖార్తాస్తత్తదబ్రువన్৷৷2.48.18৷৷\n\n"
    },
    {
        "sloka": "యుష్మాకం రాఘవోరణ్యే యోగక్షేమం విధాస్యతి.\n\nసీతా నారీజనస్యాస్య యోగక్షేమం కరిష్యతి৷৷2.48.19৷৷\n\n"
    },
    {
        "sloka": "కో న్వనేనాప్రతీతేన సోత్కణ్ఠితజనేన చ.\n\nసమ్ప్రియేతామనోజ్ఞేన వాసేన హృతచేతసా৷৷2.48.20৷৷\n\n"
    },
    {
        "sloka": "కైకేయ్యా యది చే ద్రాజ్యం స్యాదధర్మ్యమనాథవత్.\n\nన హి నో జీవితేనార్థః కుతః పుత్రైః కుతో ధనైః৷৷2.48.21৷৷\n\n"
    },
    {
        "sloka": "యయా పుత్రశ్చ భర్తా చ త్యక్తావైశ్వర్యకారణాత్.\n\nకం సా పరిహరేదన్యం కైకేయీ కులపాంసనీ৷৷2.48.22৷৷\n\n"
    },
    {
        "sloka": "కైకేయ్యా న వయం రాజ్యే భృతకా నివసేమహి.\n\nజీవన్త్యా జాతు జీవన్త్యః పుత్రైరపి శపామహే৷৷2.48.23৷৷\n\n"
    },
    {
        "sloka": "యా పుత్రం పార్థివేన్ద్రస్య ప్రవాసయతి నిర్ఘృణా.\n\nకస్తాం ప్రాప్య సుఖం జీవేదధర్మ్యాం దుష్టచారిణీమ్৷৷2.48.24৷৷\n\n"
    },
    {
        "sloka": "ఉపద్రుతమిదం సర్వమనాలమ్బమనాయకమ్.\n\nకైకేయ్యా హి కృతే సర్వం వినాశముపయాస్యతి৷৷2.48.25৷৷\n\n"
    },
    {
        "sloka": "న హి ప్రవ్రజితే రామే జీవిష్యతి మహీపతిః.\n\nమృతే దశరథే వ్యక్తం విలాపస్తదనన్తరమ్৷৷2.48.26৷৷\n\n"
    },
    {
        "sloka": "తే విషం పిబతాలోడ్య క్షీణపుణ్యా స్సుదుర్గతాః.\n\nరాఘవం వానుగచ్ఛధ్వమశ్రుతిం వాపి గచ్ఛత৷৷2.48.27৷৷\n\n"
    },
    {
        "sloka": "మిథ్యాప్రవ్రాజితో రామ స్ససీత స్సహలక్ష్మణః.\n\nభరతే సన్నిసృష్టాస్స్మ స్సౌనికే పశవో యథా৷৷2.48.28৷৷\n\n"
    },
    {
        "sloka": "పూర్ణచన్ద్రానన శ్శ్యామో గూఢజత్రురరిన్దమః.\n\nఆజానుబాహుః పద్మాక్షో రామో లక్ష్మణపూర్వజః৷৷2.48.29৷৷\n\nపూర్వాభిభాషీ మధుర స్సత్యవాదీ మహాబలః.\n\nసౌమ్యస్సర్వస్య లోకస్య చన్ద్రవత్ప్రియదర్శనః৷৷2.48.30৷৷\n\nనూనం పురుషశార్దూలో మత్తమాతఙ్గవిక్రమః.\n\nశోభయిష్యత్యరణ్యాని విచరన్ స మహారథః৷৷2.48.31৷৷\n\n"
    },
    {
        "sloka": "తాస్తథా విలపన్త్యస్తు నగరే నాగరస్త్రియః.\n\nచుక్రుశు ర్దుఃఖసన్తప్తా మృత్యోరివ భయాగమే৷৷2.48.32৷৷\n\n"
    },
    {
        "sloka": "ఇత్యేవం విలపన్తీనాం స్త్రీణాం వేశ్మసు రాఘవమ్.\n\nజగామాస్తం దినకరో రజనీ చాభ్యవర్తత৷৷2.48.33৷৷\n\n"
    },
    {
        "sloka": "నష్టజ్వలనసన్తాపా ప్రశాన్తాధ్యాయసత్కథా.\n\nతిమిరేణాభిలిప్తేవ సా తదా నగరీ బభౌ৷৷2.48.34৷৷\n\n"
    },
    {
        "sloka": "ఉపశాన్తవణిక్పణ్యా నష్టహర్షా నిరాశ్రయా.\n\nఅయోధ్యా నగరీ చాసీన్నష్టతారమివామ్బరమ్৷৷2.48.35৷৷\n\n"
    },
    {
        "sloka": "తథా స్త్రియో రామనిమిత్తమాతురా\n\nయథా సుతే భ్రాతరి వా వివాసితే.\n\nవిలప్య దీనా రురుదుర్విచేతస\n\nస్సూతైర్హి తాసామధికో హి సోభవత్৷৷2.48.36৷৷\n\n"
    },
    {
        "sloka": "ప్రశాన్తగీతోత్సవనృత్తవాదనా\n\nవ్యపాస్తహర్షా పిహితాపణోదయా.\n\nతదా హ్యయోధ్యా నగరీ బభూవ సా\n\nమహార్ణవ స్సఙ్క్షపితోదకో యథా৷৷2.48.37৷৷\n\n"
    }
]