[
    {
        "sloka": "[Description of Rama's virtues- Dasaratha contemplates to install Rama as heir-apparent- Invites kings and elders from towns and villages to seek their opinion.]\n\nగచ్ఛతా మాతులకులం భరతేన తదానఘ.\n\nశత్రుఘ్నో నిత్యశత్రుఘ్నో నీతః ప్రీతిపురస్కృతః৷৷2.1.1৷৷\n\n"
    },
    {
        "sloka": "తత్ర న్యవసద్భ్రాత్రా సహ సత్కారసత్కృతః.\n\nమాతులేనాశ్వపతినా పుత్రస్నేహేన లాలితః৷৷2.1.2৷৷\n\n"
    },
    {
        "sloka": "తత్రాపి నివసన్తౌ తౌ తర్ప్యమాణౌ చ కామతః.\n\nభ్రాతరౌ స్మరతాం వీరౌ వృద్ధం దశరథం నృపమ్৷৷2.1.3৷৷\n\n"
    },
    {
        "sloka": "రాజాపి తౌ మహాతేజా స్సస్మార ప్రోషితౌ సుతౌ.\n\nఉభౌ భరతశత్రుఘ్నౌ మహేన్ద్రవరుణోపమౌ৷৷2.1.4৷৷\n\n"
    },
    {
        "sloka": "సర్వ ఏవ తు తస్యేష్టా శ్చత్వారః పురుషర్షభాః.\n\nస్వశరీరాద్వినిర్వృత్తాశ్చత్వార ఇవ బాహవః৷৷2.1.5৷৷\n\n"
    },
    {
        "sloka": "తేషామపి మహాతేజా రామో రతికరఃపితుః.\n\nస్వయమ్భూరివ భూతానాం బభూవ గుణవత్తరః৷৷2.1.6৷৷\n\n"
    },
    {
        "sloka": "స హి దేవైరుదీర్ణస్య రావణస్య వధార్థిభిః.\n\nఅర్థితో మానుషే లోకే జజ్ఞే విష్ణుస్సనాతనః৷৷2.1.7৷৷\n\n"
    },
    {
        "sloka": "కౌశల్యా శుశుభే తేన పుత్రేణామితతేజసా.\n\nయథా వరేణ దేవానామదితిర్వజ్రపాణినా৷৷2.1.8৷৷\n\n"
    },
    {
        "sloka": "స హి రూపోపపన్నశ్చ వీర్యవాననసూయకః.\n\nభూమౌవనుపమస్సూనుర్గుణైర్దశరథోపమః৷৷2.1.9৷৷\n\n"
    },
    {
        "sloka": "స తు నిత్యం ప్రశాన్తాత్మా మృదుపూర్వం చ భాషతే.\n\nఉచ్యమానోపి పరుషం నోత్తరం ప్రతిపద్యతే৷৷2.1.10৷৷\n\n"
    },
    {
        "sloka": "కథఞ్చిదుపకారేణ కృతేనైకేన తుష్యతి.\n\nన స్మరత్యపకారాణాం శతమప్యాత్మవత్తయా৷৷2.1.11৷৷\n\n"
    },
    {
        "sloka": "శీలవృద్ధైర్జ్ఞానవృద్ధైర్వయోవృద్ధైశ్చ సజ్జనైః.\n\nకథయన్నాస్త వై నిత్యమస్త్రయోగ్యాన్తరేష్వపి৷৷2.1.12৷৷\n\n"
    },
    {
        "sloka": "బుద్ధిమాన్మధురాభాషీ పూర్వభాషీ ప్రియంవదః.\n\nవీర్యవాన్న చ వీర్యేణ మహతా స్వేన విస్మితః৷৷2.1.13৷৷\n\n"
    },
    {
        "sloka": "నచానృతకథో విద్వాన్ వృద్ధానాం ప్రతిపూజకః.\n\nఅనురక్తః ప్రజాభిశ్చ ప్రజాశ్చాప్యనురఞ్జతే৷৷2.1.14৷৷\n\n"
    },
    {
        "sloka": "సానుక్రోశో జితక్రోధో బ్రాహ్మణప్రతిపూజకః.\n\nదీనానుకమ్పీ ధర్మజ్ఞో నిత్యం ప్రగ్రహవాంశ్చుచిః৷৷2.1.15৷৷\n\n"
    },
    {
        "sloka": "కులోచితమతిః క్షాత్రం ధర్మం స్వం బహుమన్యతే.\n\nమన్యతే పరయా కీర్త్యా మహత్స్వర్గఫలం తతః৷৷2.1.16৷৷\n\n"
    },
    {
        "sloka": "నాశ్రేయసి రతో విద్వాన్నవిరుద్ధకథారుచిః.\n\nఉత్తరోత్తరయుక్తౌ చ వక్తా వాచస్పతిర్యథా৷৷2.1.17৷৷\n\n"
    },
    {
        "sloka": "అరోగస్తరుణో వాగ్మీ వపుష్మాన్దేశకాలవిత్.\n\nలోకే పురుషసారజ్ఞ స్సాధురేకో వినిర్మితః৷৷2.1.18৷৷\n\n"
    },
    {
        "sloka": "స తు శ్రేష్ఠైర్గుణైర్యుక్తః ప్రజానాం పార్థివాత్మజః.\n\nబహిశ్చర ఇవ ప్రాణో బభూవ గుణతః ప్రియః৷৷2.1.19৷৷\n\n"
    },
    {
        "sloka": "సమ్యగ్విద్యావ్రతస్నాతో యథావత్సాఙ్గవేదవిత్.\n\nఇష్వస్త్రే చ పితు శ్శ్రేష్ఠో బభూవ భరతాగ్రజః৷৷2.1.20৷৷\n\n"
    },
    {
        "sloka": "కల్యాణాభిజన స్సాధురదీన స్సత్యవాగృజుః.\n\nవృద్ధైరభివినీతశ్చ ద్విజైర్ధర్మార్థదర్శిభిః৷৷2.1.21৷৷\n\n"
    },
    {
        "sloka": "ధర్మకామార్థతత్త్వజ్ఞః స్మృతిమాన్ప్రతిభానవాన్.\n\nలౌకికే సమయాచారే కృతకల్పో విశారదః৷৷2.1.22৷৷\n\n"
    },
    {
        "sloka": "నిభృత స్సంవృతాకారో గుప్తమన్త్ర స్సహాయవాన్.\n\nఅమోఘక్రోధహర్షశ్చ త్యాగసంయమకాలవిత్৷৷2.1.23৷৷\n\n"
    },
    {
        "sloka": "దృఢభక్తి స్స్థిరప్రజ్ఞో నాసద్గ్రాహీ న దుర్వచాః.\n\nనిస్తన్ద్రిరప్రమత్తశ్చ స్వదోషపరదోషవిత్৷৷2.1.24৷৷\n\n"
    },
    {
        "sloka": "శాస్త్రజ్ఞశ్చ కృతజ్ఞశ్చ పురుషాన్తరకోవిదః.\n\nయః ప్రగ్రహానుగ్రహయోర్యథాన్యాయం విచక్షణః৷৷2.1.25৷৷\n\n"
    },
    {
        "sloka": "సత్సఙ్గ్రహప్రగ్రహణే స్థానవిన్నిగ్రహస్య చ.\n\nఆయకర్మణ్యుపాయజ్ఞ స్సన్దృష్టవ్యయకర్మవిత్৷৷2.1.26৷৷\n\n"
    },
    {
        "sloka": "శ్రైష్ఠ్యం శాస్త్రసమూహేషు ప్రాప్తో వ్యామిశ్రకేషు చ.\n\nఅర్థధమౌ చ సఙ్గృహ్య సుఖతన్త్రో న చాలసః৷৷2.1.27৷৷\n\n"
    },
    {
        "sloka": "వైహారికాణాం శిల్పానాం విజ్ఞాతార్థవిభాగవిత్.\n\nఆరోహే వినయే చైవ యుక్తో వారణవాజినామ్৷৷2.1.28৷৷\n\n"
    },
    {
        "sloka": "ధనుర్వేదవిదాం శ్రేష్ఠో లోకేతిరథసమ్మతః.\n\nఅభియాతా ప్రహర్తా చ సేనానయవిశారదః৷৷2.1.29৷৷\n\n"
    },
    {
        "sloka": "అప్రధృష్యశ్చ సఙ్గ్రామే క్రుధ్దైరపి సురాసురైః.\n\nఅనసూయో జితక్రోధో న దృప్తో న చ మత్సరీ.\n\nన చావమన్తా భూతానాం న చ కాలవశానుగః৷৷2.1.30৷৷\n\n"
    },
    {
        "sloka": "ఏవం శ్రేష్ఠగుణైర్యుక్తః ప్రజానాం పార్థివాత్మజః.\n\nసమ్మతస్త్రిషు లోకేషు వసుధాయాః క్షమాగుణైః৷৷2.1.31৷৷\n\nబుద్ధ్యా బృహస్పతేస్తుల్యో వీర్యేణాపి శచీపతేః.\n\n"
    },
    {
        "sloka": "తథా సర్వప్రజాకాన్తైః ప్రీతిసంజననైః పితుః৷৷2.1.32৷৷\n\nగుణైర్విరురుచే రామో దీప్తస్సూర్య ఇవాంశుభిః.\n\n"
    },
    {
        "sloka": "తమేవం వ్రతసమ్పన్నమప్రధృష్యపరాక్రమమ్৷৷2.1.33৷৷\n\nలోక పాలోపమం నాథమకామయత మేదినీ.\n\n"
    },
    {
        "sloka": "ఏతైస్తు బహుభిర్యుక్తం గుణైరనుపమైస్సుతమ్৷৷2.1.34৷৷\n\nదృష్ట్వా దశరథో రాజా చక్రే చిన్తాం పరన్తపః.\n\n"
    },
    {
        "sloka": "అథ రాజ్ఞో బభూవైవం వృద్ధస్య చిరజీవినః৷৷2.1.35৷৷\n\nప్రీతిరేషా కథం రామో రాజా స్యాన్మయి జీవతి.\n\n"
    },
    {
        "sloka": "ఏషా హ్యస్య పరా ప్రీతిర్హృది సంపరివర్తతే৷৷2.1.36৷৷\n\nకదా నామ సుతం ద్రక్ష్యామ్యభిషిక్తమహం ప్రియమ్.\n\n"
    },
    {
        "sloka": "వృద్ధికామో హి లోకస్య సర్వభూతానుకమ్పనః৷৷2.1.37৷৷\n\nమత్తః ప్రియతరో లోకే పర్జన్య ఇవ వృష్టిమాన్.\n\n"
    },
    {
        "sloka": "యమశక్రసమో వీర్యే బృహస్పతిసమో మతౌ৷৷2.1.38৷৷\n\nమహీధరసమో ధృత్యాం మత్తశ్చ గుణవత్తరః.\n\n"
    },
    {
        "sloka": "మహీమహమిమాం కృత్స్నామధితిష్ఠన్తమాత్మజమ్৷৷2.1.39৷৷\n\nఅనేన వయసా దృష్ట్వా యథాస్వర్గమవాప్నుయామ్.\n\n"
    },
    {
        "sloka": "ఇత్యేతైర్వివిధైస్తైస్తైరన్యపార్థివదుర్లభైః৷৷2.1.40৷৷\n\nశిష్టైరపరిమేయైశ్చ లోకే లోకోత్తరైర్గుణైః.\n\nతం సమీక్ష్య మహారాజో యుక్తం సముదితైశ్శుభైః৷৷2.1.41৷৷\n\nనిశ్చిత్య సచివైస్సార్ధం యువరాజమమన్యత.\n\n"
    },
    {
        "sloka": "దివ్యన్తరిక్షే భూమౌ చ ఘోరముత్పాతజం భయమ్৷৷2.1.42৷৷\n\nస్చచక్షేథ మేధావీ శరీరే చాత్మనో జరామ్.\n\n"
    },
    {
        "sloka": "పూర్ణచన్ద్రాననస్యాథ శోకాపనుదమాత్మనః৷৷2.1.43৷৷\n\nలోకే రామస్య బుబుధే సమ్ప్రియత్వం మహాత్మనః.\n\n"
    },
    {
        "sloka": "ఆత్మనశ్చ ప్రజానాం చ శ్రేయసే చ ప్రియేణ చ৷৷2.1.44৷৷\n\nప్రాప్తకాలేన ధర్మాత్మా భక్త్యా త్వరితవాన్ నృపః.\n\n"
    },
    {
        "sloka": "నానానగరవాస్తవ్యాన్పృథగ్జానపదానపి৷৷2.1.46৷৷\n\nసమానినాయ మేదిన్యాః ప్రధానాన్పృథివీపతీన్.\n\n"
    },
    {
        "sloka": "న తు కేకయరాజానం జనకం వా నరాధిపః৷৷2.1.46৷৷\n\nత్వరయా చానయామాస పశ్చాత్తౌ శ్రోష్యతః ప్రియమ్.\n\n"
    },
    {
        "sloka": "తాన్వేశ్మనానాభరణైర్యథార్హం ప్రతిపూజితాన్৷৷2.1.47৷৷\n\nదదర్శాలఙ్కృతో రాజా ప్రజాపతిరివ ప్రజాః.\n\n"
    },
    {
        "sloka": "అథోపవిష్టే నృపతౌ తస్మిన్పరబలార్దనే৷৷2.1.48৷৷\n\nతతః ప్రవివిశు శ్శేషా రాజానో లోకసమ్మతాః.\n\n"
    },
    {
        "sloka": "అథ రాజవితీర్ణేషు వివిధేష్వాసనేషు చ৷৷2.1.49৷৷\n\nరాజానమేవాభిముఖాః నిషేదుర్నియతా నృపాః.\n\n"
    },
    {
        "sloka": "సలబ్ధమానైర్వినయాన్వితైర్నృపైః\n\nపురాలయైర్జానపదైశ్చ మానదైః.   \n\nఉపోపవిష్టైర్నృపతిర్వృతో బభౌ\n\nసహస్రచక్షుర్భగవానివామరైః৷৷2.1.50৷৷\n\n"
    }
]