[
    {
        "sloka": "[Bharata grieves over his misfortune --- accuses Kaikeyi in so many words --- reveals his decision to bring back Rama to Ayodhya and serve him.] \n\nసశ్రూత్వా తు పితరం వృత్తం భ్రాతరౌ చ వివాసితౌ.\n\nభరతో దుఃఖసన్తప్త ఇదం వచనమబ్రవీత్৷৷2.73.1৷৷\n\n"
    },
    {
        "sloka": "కిం ను కార్యం హతస్యేహ మమ రాజ్యేన శోచతః.\n\nవిహీనస్యాథ పిత్రా చ భ్రాత్రా పితృసమేన చ৷৷2.73.2৷৷\n\n"
    },
    {
        "sloka": "దుఃఖే మే దుఃఖమకరోర్వ్రణే క్షారమివాదధాః.\n\nరాజానం ప్రేతభావస్థం కృత్వా రామం చ తాపసమ్৷৷2.73.3৷৷\n\n"
    },
    {
        "sloka": "కులస్య త్వమభావాయ కాలరాత్రిరివాగతా.\n\nఅఙ్గారముపగూహ్య స్మ పితా మే నావబుద్ధవాన్৷৷2.73.4৷৷\n\n"
    },
    {
        "sloka": "మృత్యుమాపాదితో పితా త్వయా మే పాపదర్శిని.\n\nసుఖం పరిహృతం మోహాత్కులేస్మిన్కులపాంసని৷৷2.73.5৷৷\n\n"
    },
    {
        "sloka": "త్వాం ప్రాప్య హి పితా మేద్య సత్యసన్ధో మహాయశాః.\n\nతీవ్రదుఃఖాభిసన్తప్తో వృత్తో దశరథో నృపః৷৷2.73.6৷৷\n\n"
    },
    {
        "sloka": "వినాశితో మహారాజః పితా మే ధర్మవత్సలః.\n\nకస్మాత్ప్రవ్రాజితో రామః కస్మాదేవ వనం గతః৷৷2.73.7৷৷\n\n"
    },
    {
        "sloka": "కౌసల్యా చ సుమిత్రా చ పుత్రశోకాభిపీడితే.\n\nదుష్కరం యది జీవేతాం ప్రాప్య త్వాం జననీం మమ৷৷2.73.8৷৷\n\n"
    },
    {
        "sloka": "ననుత్వార్యోపి ధర్మాత్మా త్వయి వృతిమనుత్తమామ్.\n\nవర్తతే గురువృత్తిజ్ఞో యథా మాతరి వర్తతే৷৷2.73.9৷৷\n\n"
    },
    {
        "sloka": "తథా జ్యేష్ఠా హి మే మాతా కౌసల్యా దీర్ఘదర్శినీ.\n\nత్వయి ధర్మం సమాస్థాయ భగిన్యామివ వర్తతే৷৷2.74.10৷৷\n\n"
    },
    {
        "sloka": "తస్యాః పుత్రం కృతాత్మానం చీరవల్కలవాససమ్. \n\nప్రస్థాప్య వనవాసాయ కథం పాపే న శోచసి৷৷2.73.11৷৷\n\n"
    },
    {
        "sloka": "అపాపదర్శనం శూరం కృతాత్మానం యశస్వినమ్.\n\nప్రవ్రాజ్య చీరవసనం కిన్ను పశ్యసి కారణమ్৷৷2.73.12৷৷\n\n"
    },
    {
        "sloka": "లుబ్ధాయా విదితో మన్యే న తేహం రాఘవం ప్రతి.\n\nతథాహ్యనర్ధో రాజ్యార్థం త్వయానీతో మహానయమ్৷৷2.73.13৷৷\n\n"
    },
    {
        "sloka": "అహం హి పురుషవ్యాఘ్రావపశ్యన్రామలక్ష్మణౌ.\n\nకేన శక్తిప్రభావేన రాజ్యం రక్షితుముత్సహే৷৷2.73.14৷৷\n\n"
    },
    {
        "sloka": "తం హి నిత్యం మహారాజో బలవన్తం మహాబలః.\n\nఉపాశ్రితోభూద్ధర్మాత్మా మేరుర్మేరువనం యథా৷৷2.73.15৷৷\n\n"
    },
    {
        "sloka": "సోహం కథమిమం భారం మహాధుర్యసముద్ధృతమ్.\n\nదమ్యోధురమివాసాద్య వహేయం కేనచౌజసా৷৷ 2.73.16৷৷\n\n"
    },
    {
        "sloka": "అథవా మే భవేచ్ఛక్తిర్యోగైర్బుద్ధిబలేన వా.\n\nసకామాం న కరిష్యామి త్వామహం పుత్రగర్ధినీమ్৷৷2.73.17৷৷\n\n"
    },
    {
        "sloka": "న మే వికాఙ్క్షా జాయేత త్యక్తుం త్వాం పాపనిశ్చయామ్.\n\nయది రామస్య నావేక్షా త్వయి స్యాన్మాతృవత్సదా৷৷2.73.18৷৷\n\n"
    },
    {
        "sloka": "ఉత్పన్నాతు కథం బుద్ధిస్తవేయం పాపదర్శిని!.\n\nసాధుచారిత్రవిభ్రష్టే! పూర్వేషాం నో విగర్హితా৷৷2.73.19৷৷\n\n"
    },
    {
        "sloka": "అస్మిన్కులే హి పూర్వేషాం జ్యేష్ఠో రాజ్యేభిషిచ్యతే.\n\nఅపరే భ్రాతరస్తస్మిన్ప్రవర్తన్తే సమాహితాః৷৷2.73.20৷৷\n\n"
    },
    {
        "sloka": "న హి మన్యే నృశంసే! త్వం రాజధర్మమవేక్షసే.\n\nగతిం వా న విజానాసి రాజవృత్తస్య శాశ్వతీమ్৷৷2.73.21৷৷\n\n"
    },
    {
        "sloka": "సతతం రాజవృత్తే హి జ్యేష్ఠో రాజ్యేభిషిచ్యతే.\n\nరాజ్ఞామేతత్సమం తత్స్యాదిక్ష్వాకూణాం విశేషతః৷৷2.73.22৷৷\n\n"
    },
    {
        "sloka": "తేషాం ధర్మైకరక్షాణాం కులచారిత్రశోభినామ్.\n\nఅద్య చారిత్రశౌణ్డీర్యం త్వాం ప్రాప్య వినివర్తితమ్৷৷2.73.23৷৷\n\n"
    },
    {
        "sloka": "తవాపి సుమహాభాగా జనేన్ద్రాః కులపూర్వగాః.\n\nబుద్ధేర్మోహః కథమయం సమ్భూతస్త్వయి గర్హితః৷৷2.73.24৷৷\n\n"
    },
    {
        "sloka": "న తు కామం కరిష్యామి తవాహం పాపనిశ్చయే.\n\nత్వయా వ్యసనమారబ్ధం జీవితాన్తకరం మమ৷৷2.73.25৷৷\n\n"
    },
    {
        "sloka": "ఏషత్విదానీమేవాహమప్రియార్థం తవానఘమ్.\n\nనివర్తయిష్యామి వనాద్భ్రాతరం స్వజనప్రియమ్৷৷2.73.26৷৷\n\n"
    },
    {
        "sloka": "నివర్తయిత్వా రామం చ తస్యాహం దీప్తతేజసః.\n\nదాసభూతో భవిష్యామి సుస్థిరేణాన్తరాత్మనా৷৷2.73.27৷৷\n\n"
    },
    {
        "sloka": "ఇత్యేవముక్త్వా భరతో మహాత్మా ప్రియేతరైర్వాక్యగణైస్తుదంస్తామ్.\n\nశోకాతురశ్చాపి ననాద భూయః సింహో యథా పర్వతగహ్వరస్థః৷৷2.73.28৷৷\n\n"
    }
]