[
    {
        "sloka": "[Sumantra consoles Kausalya.]\n\nతతో భూతోపసృష్టేవ వేపమానా పునః పునః.\n\nధరణ్యాం గతసత్త్వేవ కౌసల్యా సూతమబ్రవీత్৷৷2.60.1৷৷\n\n"
    },
    {
        "sloka": "నయ మాం యత్ర కాకుత్స్థస్సీతా యత్ర చ లక్ష్మణః.\n\nతాన్వినా క్షణమప్యత్ర జీవితుం నోత్సహేహ్యహమ్৷৷2.60.2৷৷\n\n"
    },
    {
        "sloka": "నివర్తయ రథం శీఘ్రం దణ్డకాన్నయ మామపి.\n\nఅథ తాన్నానుగచ్ఛామి గమిష్యామి యమక్షయమ్৷৷2.60.3৷৷\n\n"
    },
    {
        "sloka": "బాష్పవేగోపహతయా స వాచా సజ్జమానయా.\n\nఇదమాశ్వాసయన్దేవీం సూతః ప్రాఞ్జలిరబ్రవీత్৷৷2.60.4৷৷\n\n"
    },
    {
        "sloka": "త్యజ శోకం చ మోహం చ సమ్భ్రమం దుఃఖజం తథా.\n\nవ్యవధూయ చ సన్తాపం వనే వత్స్యతి రాఘవః৷৷2.60.5৷৷\n\n"
    },
    {
        "sloka": "లక్ష్మణశ్చాపి రామస్య పాదౌ పరిచరన్వనే.\n\nఆరాధయతి ధర్మజ్ఞః పరలోకం జితేన్ద్రియః৷৷2.60.6৷৷\n\n"
    },
    {
        "sloka": "విజనేపి వనే సీతా వాసం ప్రాప్య గృహేష్వివ.\n\nవిస్రమ్భం లభతేభీతా రామే సన్న్యస్తమానసా৷৷2.60.7৷৷\n\n"
    },
    {
        "sloka": "నాస్యా దైన్యం కృతం కిఞ్చిత్సుసూక్ష్మమపి లక్ష్యతే.\n\nఉచితేవ ప్రవాసానాం వైదేహీ ప్రతిభాతి మా৷৷2.60.8৷৷\n\n"
    },
    {
        "sloka": "నగరోపవనం గత్వా యథా స్మరమతే పురా.\n\nతథైవ రమతే సీతా నిర్జనేషు వనేష్వపి৷৷2.60.9৷৷\n\n"
    },
    {
        "sloka": "బాలేవ రమతే సీతాబాలచన్ద్రనిభాననా.\n\nరామా రామే హ్యధీనాత్మా విజనేపి వనే సతీ৷৷2.60.10৷৷\n\n"
    },
    {
        "sloka": "తద్గతం హృదయం హ్యస్యాస్తదధీనం చ జీవితమ్.\n\nఅయోధ్యాపి భవేత్తస్యా రామహీనా తదా వనమ్৷৷2.60.11৷৷\n\n"
    },
    {
        "sloka": "పరిపృచ్ఛతి వైదేహీ గ్రామాంశ్చ నగరాణి చ.\n\nగతిం దృష్ట్వా నదీనాం చ పాదపాన్వివిధానపి৷৷2.60.12৷৷\n\nరామం హి లక్ష్మణం వాపి పృష్ట్వా జానాతి జానకీ.\n\nఅయోధ్యా క్రోశమాత్రే తు విహారమివ సంశ్రితా৷৷2.60.13৷৷\n\n"
    },
    {
        "sloka": "ఇదమేవ స్మరామ్యస్యాస్సహసైవోపజల్పితమ్.\n\nకైకేయీ సంశ్రితం వాక్యం నేదానీం ప్రతిభాతి మా৷৷2.60.14৷৷\n\n"
    },
    {
        "sloka": "ధ్వంసయిత్వా తు తద్వాక్యం ప్రమాదాత్పర్యుపత్స్థితమ్.\n\nహ్లాదనం వచనం సూతో దేవ్యా మధురమబ్రవీత్৷৷2.60.15৷৷\n\n"
    },
    {
        "sloka": "అధ్వనా వాతవేగేన సమ్భ్రమేణాతపేన చ.\n\nన విగచ్ఛతి వైదేహ్యాశ్చన్ద్రాంశు సదృశీ ప్రభా৷৷2.60.16৷৷\n\n"
    },
    {
        "sloka": "సదృశం శతపత్రస్య పూర్ణచన్ద్రోపమప్రభమ్.\n\nవదనం తద్వదాన్యాయా వైదేహ్యా న వికమ్పతే৷৷2.60.17৷৷\n\n"
    },
    {
        "sloka": "అలక్తరసరక్తాభావలక్తరసవర్జితౌ.\n\nఅద్యాపి చరణౌ తస్యాః పద్మకోశసమప్రభౌ৷৷2.60.18৷৷\n\n"
    },
    {
        "sloka": "నూపురోద్ఘుష్టహేలేవ ఖేలం గచ్ఛతి భామినీ.\n\nఇదానీమపి వైదేహీ తద్రాగాన్నయస్త భూషణా৷৷2.60.19৷৷\n\n"
    },
    {
        "sloka": "గజం వా వీక్ష్య సింహం వా వ్యాఘ్రం వా వనమాశ్రితా.\n\nనాహారయతి సన్త్రాసం బాహూ రామస్య సంశ్రితా৷৷2.60.20৷৷\n\n"
    },
    {
        "sloka": "న శోచ్యాస్తే న చాత్మనశ్శోచ్యో నాపి జనాధిపః.\n\nఇదం హి చరితం లోకే ప్రతిష్ఠాస్యతి శాశ్వతమ్৷৷2.60.21৷৷\n\n"
    },
    {
        "sloka": "విధూయ శోకం పరిహృష్టమానసా మహర్షియాతే పథి సువ్యవత్స్థితాః.\n\nవనేరతా వన్యఫలాశనాః పితుశ్శుభాం ప్రతిజ్ఞాం పరిపాలయన్తి తే৷৷2.60.22৷৷\n\n"
    },
    {
        "sloka": "తథాపి సూతేన సుయుక్తవాదినా నివార్యమాణా సుతశోకకర్శితా.\n\nన చైవ దేవీ విరరామ కూజితాత్ప్రియేతి పుత్రేతి చ రాఘవేతి చ৷৷2.60.23৷৷\n\n"
    }
]