[
    {
        "sloka": "[Rama's correction of Lakshmana's judgement --- Bharata's army encamped round Chitrakuta.]\n\nసుసంరబ్ధం తు సౌమిత్రిం లక్ష్మణం క్రోధమూర్ఛితమ్.\n\nరామస్తు పరిసాన్త్వ్యాథ వచనం చేదమబ్రవీత్৷৷2.97.1৷৷\n\n"
    },
    {
        "sloka": "కిమత్ర ధనుషా కార్యమసినా వా సచర్మణా.\n\nమహేష్వాసే మహాప్రాజ్ఞే భరతే స్వయమాగతే৷৷2.97.2৷৷\n\n"
    },
    {
        "sloka": "పితుస్సత్యం ప్రతిశ్రుత్య హత్వా భరతమాగతమ్.\n\nకిం కరిష్యామి రాజ్యేన సాపవాదేన లక్ష్మణ৷৷2.97.3৷৷\n\n"
    },
    {
        "sloka": "యద్ద్రవ్యం బాన్ధవానాం వా మిత్రాణాం వా క్షయే భవేత్.\n\nనాహం తత్ప్రతిగృహ్ణీయాం భక్షాన్విషకృతానివ৷৷2.97.4৷৷\n\n"
    },
    {
        "sloka": "ధర్మమర్థం చ కామం చ పృథివీం చాపి లక్ష్మణ.\n\nఇచ్ఛామి భవతామర్థే ఏతత్ ప్రతిశృణోమి తే৷৷2.97.5৷৷\n\n"
    },
    {
        "sloka": "భ్రాత్రూణాం సంగ్రహార్థం చ సుఖార్థం చాపి లక్ష్మణ.\n\nరాజ్యమప్యహమిచ్ఛామి సత్యేనాయుధమాలభే৷৷2.97.6৷৷\n\n"
    },
    {
        "sloka": "నేయం మమ మహీ సౌమ్య దుర్లభా సాగరామ్బరా.\n\nన హీచ్ఛేయమధర్మేణ శక్రత్వమపి లక్ష్మణ৷৷2.97.7৷৷\n\n"
    },
    {
        "sloka": "యద్వినా భరతం త్వాం చ శత్రుఘ్నం చాపి మానద.\n\nభవేన్మమ సుఖం కిఞ్చిద్భస్మ తత్కురుతాం శిఖీ৷৷2.97.8৷৷\n\n"
    },
    {
        "sloka": "మన్యేహమాగతోయోధ్యాం భరతో భ్రాతృవత్సలః.\n\nమమ ప్రాణాత్ప్రియతరః కులధర్మమనుస్మరన్৷৷2.97.9৷৷\n\nశ్రుత్వా ప్రవ్రాజితం మాం హి జటావల్కలధారిణమ్.\n\nజానక్యాసహితం వీర త్వయా చ పురుషర్షభ৷৷2.97.10৷৷\n\nస్నేహేనాక్రాన్తహృదయ శ్శోకేనాకులితేన్ద్రియః.\n\nద్రష్టుమభ్యాగతో హ్యేష భరతో నాన్యథాగతః৷৷2.97.11৷৷\n\n"
    },
    {
        "sloka": "అమ్బాం చ కైకయీం రుష్య పరుషం చాప్రియం వదన్.\n\nప్రసాద్య పితరం శ్రీమార్నాజ్యం మే దాతుమాగతః৷৷2.97.12৷৷\n\n"
    },
    {
        "sloka": "ప్రాప్తకాలం యదేషోస్మాన్భరతో ద్రష్టుమిచ్ఛతి.\n\nఅస్మాసు మనసాప్యేష నాప్రియం కిఞ్చిదాచరేత్৷৷2.97.13৷৷\n\n"
    },
    {
        "sloka": "విప్రియం కృతపూర్వం తే భరతేన కదా ను కిమ్.\n\nఈదృశం వా భయం తేద్య భరతం యోత్ర శఙ్కసే৷৷2.97.14৷৷\n\n"
    },
    {
        "sloka": "న హి తే నిష్ఠురం వాచ్యో భరతో నాప్రియం వచః.\n\nఅహం హ్యప్రియముక్త స్స్యాం భరతస్యాప్రియే కృతే৷৷2.97.15৷৷\n\n"
    },
    {
        "sloka": "కథం ను పుత్రాః పితరం హన్యుః కస్యాం చిదాపది.\n\nభ్రాతా వా భ్రాతరం హన్యాత్సౌమిత్రే ప్రాణమాత్మనః৷৷2.97.16৷৷\n\n"
    },
    {
        "sloka": "యది రాజ్యస్య హేతోస్త్వమిమాం వాచం ప్రభాషసే.\n\nవక్ష్యామి భరతం దృష్ట్వా రాజ్యమస్మై ప్రదీయతామ్৷৷2.97.17৷৷\n\n"
    },
    {
        "sloka": "ఉచ్యమానోపి భరతో మయా లక్ష్మణ తద్వచః.\n\nరాజ్యమస్మై ప్రయచ్ఛేతి బాఢమిత్యేవ వక్ష్యతి৷৷2.97.18৷৷\n\n"
    },
    {
        "sloka": "తథోక్తో ధర్మశీలేన భ్రాత్రా తస్య హితే రతః.\n\nలక్ష్మణః ప్రవివేశేవ స్వాని గాత్రాణి లజ్జయా৷৷2.97.19৷৷\n\n"
    },
    {
        "sloka": "తద్వాక్యం లక్ష్మణ శ్శ్రుత్వా వ్రీలితః ప్రత్యువాచ హ.\n\nత్వాం మన్యే ద్రష్టుమాయాతః పితా దశరథ స్స్వయమ్৷৷2.97.20৷৷\n\n"
    },
    {
        "sloka": "వ్రీలితం లక్ష్మణం దృష్ట్వా రాఘవః ప్రత్యువాచ హ.\n\nఏష మన్యే మహాబాహురిహాస్మాన్ద్రష్టుమాగతః৷৷2.97.21৷৷\n\n"
    },
    {
        "sloka": "అథవా నౌ ధ్రువం మన్యే మన్యమాన స్సుఖోచితౌ.\n\nవనవాసమనుధ్యాయ గృహాయ ప్రతినేష్యతి৷৷2.97.22৷৷\n\n"
    },
    {
        "sloka": "ఇమాం వాప్యేష వైదేహీమత్యన్తసుఖసేవినీమ్.\n\nపితా మే రాఘవ శ్శ్రీమాన్వనాదాదాయ యాస్యతి৷৷2.97.23৷৷\n\n"
    },
    {
        "sloka": "ఏతౌ తౌ సమ్ప్రకాశేతే గోత్రవన్తౌ మనోరమౌ.\n\nవాయువేగసమౌ వీర జవనౌ తురగోత్తమౌ৷৷2.97.24৷৷\n\n"
    },
    {
        "sloka": "స ఏష సుమహాకాయః కమ్పతే వాహినీముఖే.\n\nనాగశ్శత్రుఞ్జయో నామ వృద్ధస్తాతస్య ధీమతః৷৷2.97.25৷৷\n\n"
    },
    {
        "sloka": "పితుర్దివ్యం మహాబాహో సంశయో భవతీహ మే৷৷2.97.26৷৷\n\n"
    },
    {
        "sloka": "వృక్షాగ్రాదవరోహ త్వం కురు లక్ష్మణ మద్వచః.\n\nఇతీవ రామో ధర్మాత్మా సౌమిత్రిం తమువాచ హ৷৷2.97.27৷৷\n\n"
    },
    {
        "sloka": "అవతీర్య తు సాలాగ్రాత్తస్మాత్స సమితిఞ్జయః.\n\nలక్ష్మణః ప్రాఞ్జలిర్భూత్వా తస్థౌ రామస్య పార్శ్వతః৷৷2.97.28৷৷\n\n"
    },
    {
        "sloka": "భరతేనాపి సన్దిష్టా సమ్మర్దో న భవేదితి.\n\nసమన్తాత్తస్య శైలస్య సేనా వాసమకల్పయత్৷৷2.97.29৷৷\n\n"
    },
    {
        "sloka": "అధ్యర్ధమిక్ష్వాకుచమూర్యోజనం పర్వతస్య సా.\n\nపార్శ్వే న్యవిశదావృత్య గజవాజిరథాకులా৷৷2.97.30৷৷\n\n"
    },
    {
        "sloka": "సా చిత్రకూటే భరతేన సేనా ధర్మం పురస్కృత్య విధూయ దర్పమ్.\n\nప్రసాదనార్థం రఘునన్దనస్య విరాజతే నీతిమతా ప్రణీతా৷৷2.97.31৷৷\n\n"
    }
]