[
    {
        "sloka": "[Sumantra reaches Rama's palace and conveys to him  Dasaratha's message-Rama accompanied by Lakshmana proceeds to his father's palace--- comments of men and women on his way to the king.]\n\nతదన్తఃపురద్వారం సమతీత్య జనాకులమ్.\n\nప్రవివిక్తాం తతః కక్ష్యామాససాద పురాణవిత్৷৷2.16.1৷৷\n\nప్రాసకార్ముకబిభ్రద్భిర్యువభిర్మృష్టకుణ్డలైః.\n\nఅప్రమాదిభిరేకాగ్రై స్స్వనురక్తైరధిష్ఠితామ్৷৷2.16.2৷৷\n\n"
    },
    {
        "sloka": "తదన్తఃపురద్వారం సమతీత్య జనాకులమ్.\n\nప్రవివిక్తాం తతః కక్ష్యామాససాద పురాణవిత్৷৷2.16.1৷৷\n\nప్రాసకార్ముకబిభ్రద్భిర్యువభిర్మృష్టకుణ్డలైః.\n\nఅప్రమాదిభిరేకాగ్రై స్స్వనురక్తైరధిష్ఠితామ్৷৷2.16.2৷৷\n\n"
    },
    {
        "sloka": "తత్ర కాషాయిణో వృద్ధాన్ వేత్రపాణీన్ స్వలఙ్కృతాన్.\n\nదదర్శ విష్ఠితాన్ ద్వారి స్త్ర్యధ్యక్షాన్సుసమాహితాన్৷৷2.16.3৷৷\n\n"
    },
    {
        "sloka": "తే సమీక్ష్య సమాయాన్తం రామప్రియచికీర్షవః.\n\nసహసోత్పతితాస్సర్వే స్వాసనేభ్యస్ససమ్భ్రమాః৷৷2.16.4৷৷\n\n"
    },
    {
        "sloka": "తానువాచ వినీతాత్మా సూతపుత్రః ప్రదక్షిణః. \n\nక్షిప్రమాఖ్యాత రామాయ సుమంన్త్రో ద్వారి తిష్ఠతి৷৷2.16.5৷৷\n\n"
    },
    {
        "sloka": "తే రామముపసఙ్గమ్య భర్తుః ప్రియచికీర్షవః. \n\nసహభార్యాయ రామాయ క్షిప్రమేవాభిచక్షిరే৷৷2.16.6৷৷\n\n"
    },
    {
        "sloka": "ప్రతివేదితమాజ్ఞాయ సూతమభ్యన్తరం పితుః.\n\nతత్రైవానాయయామాస రాఘవప్రియకామ్యయా৷৷2.16.7৷৷\n\n"
    },
    {
        "sloka": "తం వైశ్రవణసఙ్కాశముపవిష్టం స్వలఙ్కృతమ్.\n\nదదర్శ సూతః పర్య్యఙ్కే సౌవర్ణే సోత్తరచ్ఛదే৷৷2.16.8৷৷\n\nవరాహరుధిరాభేణ శుచినా చ సుగన్ధినా.\n\nఅనులిప్తం పరార్ధ్యేన చన్దనేన పరన్తపమ్৷৷2.16.9৷৷\n\nస్థితయా పార్శ్వతశ్చాపి వాలవ్యజనహస్తయా.\n\nఉపేతం సీతయాభూయశ్చిత్రయా శశినం యథా৷৷2.16.10৷৷\n\n"
    },
    {
        "sloka": "తం తపన్తమివాదిత్యముపపన్నం స్వతేజసా.\n\nవవన్దే వరదం వన్దీ వినయజ్ఞో వినీతవత్৷৷2.16.11৷৷\n\n"
    },
    {
        "sloka": "ప్రాఞ్జలిస్సుముఖం దృష్ట్వా విహారశయనాసనే.\n\nరాజపుత్రమువాచేదం సుమన్త్రో రాజసత్కృతః৷৷2.16.12৷৷\n\n"
    },
    {
        "sloka": "కౌశల్యాసుప్రజా రామ! పితా త్వాం ద్రష్టుమిచ్ఛతి.\n\nమహిష్యా సహ కైకేయ్యా గమ్యతాం తత్ర మా చిరమ్৷৷2.16.13৷৷\n\n"
    },
    {
        "sloka": "ఏవముక్తస్తు సంహృష్టో నరసింహో మహాద్యుతిః.\n\nతతస్సమ్మానయామాస సీతామిదమువాచ హ৷৷2.16.14৷৷\n\n"
    },
    {
        "sloka": "దేవి! దేవశ్చ దేవీ చ సమాగమ్య మదన్తరే.\n\nమన్త్రయేతే ధృవం కిఞ్చిదభిషేచనసంహితమ్৷৷2.16.15৷৷\n\n"
    },
    {
        "sloka": "లక్షయిత్వా హ్యభిప్రాయం ప్రియకామా సుదక్షిణా.\n\nసఞ్చోదయతి రాజానం మదర్థమసితేక్షణా৷৷2.16.16৷৷\n\n"
    },
    {
        "sloka": "సా ప్రహృష్టా మహారాజం హితకామానువర్తినీ.\n\nజననీ చార్థకామా మే కేకయాధిపతేస్సుతా৷৷2.16.17৷৷\n\n"
    },
    {
        "sloka": "దిష్ట్యా ఖలు మహారాజో మహిష్యా ప్రియయా సహ.\n\nసుమన్త్రం ప్రాహిణోద్దూతమర్థకామకరం మమ৷৷2.16.18৷৷\n\n"
    },
    {
        "sloka": "యాదృశీ పరిషత్తత్ర తాదృశో దూత ఆగతః.\n\nధ్రువమద్యైవ మాం రాజా యౌవరాజ్యేభిషేక్ష్యతి৷৷2.16.19৷৷\n\n"
    },
    {
        "sloka": "హన్త! శీఘ్రమితో గత్వా ద్రక్ష్యామి చ మహీపతిమ్.\n\nసహ త్వం పరివారేణ సుఖమాస్వ రమస్వ చ৷৷2.16.20৷৷\n\n"
    },
    {
        "sloka": "పతిసమ్మానితా సీతా భర్తారమసితేక్షణా.\n\nఆద్వారమనువవ్రాజ మఙ్గలాన్యభిదధ్యుషీ৷৷2.16.21৷৷\n\n"
    },
    {
        "sloka": "రాజ్యం ద్విజాతిభిర్జుష్టం రాజసూయాభిషేచనమ్.\n\nకర్తుమర్హతి తే రాజా వాసవస్యేవ లోకకృత్৷৷2.16.22৷৷\n\n"
    },
    {
        "sloka": "దీక్షితం వ్రతసమ్పన్నం వరాజినధరం శుచిమ్.\n\nకురఙ్గశృఙ్గపాణిం చ పశ్యన్తీ త్వాం భజామ్యహమ్৷৷2.16.23৷৷\n\n"
    },
    {
        "sloka": "పూర్వాం దిశం వజ్రధరో దక్షిణాం పాతు తే యమః.\n\nవరుణః పశ్చిమామాశాం ధనేశస్తూత్తరాం దిశమ్৷৷2.16.24৷৷\n\n"
    },
    {
        "sloka": "అథ సీతామనుజ్ఞాప్య కృతకౌతుకమఙ్గలః.\n\nనిశ్చక్రామ సుమన్త్రేణ సహ రామో నివేశనాత్৷৷2.16.25৷৷\n\n"
    },
    {
        "sloka": "పర్వతాదివ నిష్క్రమ్య సింహో గిరిగుహాశయః.\n\nలక్ష్మణం ద్వారిసోపశ్యత్ప్రహ్వాఞ్జలిపుటం స్థితమ్৷৷2.16.26৷৷\n\n"
    },
    {
        "sloka": "అథ మధ్యమకక్ష్యాయాం సమాగచ్ఛత్సుహృజ్జనైః.\n\nస సర్వానర్థినో దృష్ట్వా సమేత్య ప్రతినన్ద్య చ৷৷2.16.27৷৷\n\nతతః పావకసఙ్కాశమారురోహ రథోత్తమమ్.\n\nవైయాఘ్రం పురుషవ్యాఘ్రో రాజతం రాజనన్దనః৷৷2.16.28৷৷\n\n"
    },
    {
        "sloka": "మేఘనాదమసమ్బాధం మణిహేమవిభూషితమ్.\n\nముష్ణన్తమివ చక్షూంషి ప్రభయా సూర్యవర్చసమ్৷৷2.16.29৷৷\n\nకరేణుశిశుకల్పైశ్చ యుక్తం పరమవాజిభిః.\n\nహరియుక్తం సహస్రాక్షో రథమిన్ద్ర ఇవాశుగమ్৷৷2.16.30৷৷\n\nప్రయయౌ తూర్ణమాస్థాయ రాఘవో జ్వలితశ్శ్రియా.\n\n"
    },
    {
        "sloka": "స పర్జన్య ఇవాకాశే స్వనవానభినాదయన్৷৷2.16.31৷৷\n\nనికేతాన్నిర్యయౌ శ్రీమాన్మహాభ్రాదివ చన్ద్రమాః.\n\n"
    },
    {
        "sloka": "ఛత్రచామరపాణిస్తు లక్ష్మణో రాఘవానుజః৷৷2.16.32৷৷\n\nజుగోప భ్రాతరం భ్రాతా రథమాస్థాయ పృష్ఠతః.\n\n"
    },
    {
        "sloka": "తతో హలహలాశబ్దస్తుములస్సమజాయత৷৷2.16.33৷৷\n\nతస్య నిష్క్రమమాణస్య జనౌఘస్య సమన్తతః.\n\n"
    },
    {
        "sloka": "తతో హయవరా ముఖ్యా నాగాశ్చ గిరిసన్నిభాః৷৷2.16.34৷৷\n\nఅనుజగ్ముస్తదా రామం శతశోథ సహస్రశః.\n\n"
    },
    {
        "sloka": "అగ్రతశ్చాస్య సన్నద్ధాశ్చన్దనాగరుభూషితాః৷৷2.16.35৷৷\n\nఖడ్గచాపధరాశ్శూరా జగ్మురాశంసవో జనాః.\n\n"
    },
    {
        "sloka": "తతో వాదిత్రశబ్దాశ్చ స్తుతిశబ్దాశ్చ వన్దినామ్৷৷2.16.36৷৷\n\nసింహనాదాశ్చ శూరాణాం తదా శుశ్రువిరే పథి.\n\n"
    },
    {
        "sloka": "హర్మ్యవాతాయనస్థాభిర్భూషితాభిస్సమన్తతః৷৷2.16.37৷৷\n\nకీర్యమాణ స్సుపుష్పౌఘైర్యయౌ స్త్రీభిరరిన్దమః.\n\n"
    },
    {
        "sloka": "రామం సర్వానవద్యాఙ్గ్యో రామపిప్రీషయా తతః৷৷2.16.38৷৷\n\nవచోభిరగ్య్రైర్హర్మ్యస్థా క్షితిస్థాశ్చ వవన్దిరే. \n\n"
    },
    {
        "sloka": "నూనం నన్దతి తే మాతా కౌశల్యామాతృనన్దన!৷৷2.16.39৷৷\n\nపశ్యన్తీ సిద్ధయాత్రం త్వాం పిత్ర్యం రాజ్యమవస్థితమ్.\n\n"
    },
    {
        "sloka": "సర్వసీమన్తినీభ్యశ్చ సీతాం సీమన్తినీ వరామ్৷৷2.16.40৷৷\n\nఅమన్యన్త హి తా నార్యో రామస్య హృదయప్రియామ్.\n\n"
    },
    {
        "sloka": "తయా సుచరితం దేవ్యా పురా నూనం మహత్తపః৷৷2.16.41৷৷\n\nరోహిణీవ శశాఙ్కేన రామసంయోగమాప యా.\n\n"
    },
    {
        "sloka": "ఇతి ప్రాసాదశృఙ్గేషు ప్రమదాభిర్నరోత్తమః৷৷2.16.42৷৷\n\nశుశ్రావ రాజమార్గస్థః ప్రియా వాచ ఉదాహృతాః.\n\nఆత్మసంపూజనై శృణ్వన్ యయౌ రామౌ మహాపథమ్৷৷2.16.43৷৷\n\n"
    },
    {
        "sloka": "స రాఘవస్తత్ర కథాప్రపఞ్చాన్ \n\nశుశ్రావ లోకస్య సమాగతస్య.\n\nఆత్మాధికారా వివిధాశ్చ వాచః\n\nప్రహృష్టరూపస్య పురో జనస్య৷৷2.16.44৷৷\n\n"
    },
    {
        "sloka": "ఏష శ్రియం గచ్ఛతి రాఘవోద్య \n\nరాజప్రసాదాద్విపులాం గమిష్యన్.\n\nఏతే వయం సర్వ సమృద్ధకామా\n\nయేషామయం నో భవితా ప్రశాస్తా৷৷2.16.45৷৷\n\n"
    },
    {
        "sloka": "లాభో జనస్యాస్య యదేష సర్వం \n\nప్రపత్స్యతే రాష్ట్రమిదం చిరాయ.\n\nన హ్యప్రియం కిఞ్చన జాతు కశ్చి-\n\nత్పశ్యేన్న దుఃఖం మనుజాధిపేస్మిన్৷৷2.16.46৷৷\n\n"
    },
    {
        "sloka": "స ఘోషవద్భిశ్చ మతఙ్గాజైర్యయైః\n\nపురస్సరై స్స్వస్తికసూతమాగధైః.\n\nమహీయమానః ప్రవరైశ్చ వాదకై- \n\nరభిష్టుతో వైశ్రవణో యథా యయౌ৷৷2.16.47৷৷\n\n"
    },
    {
        "sloka": "కరేణుమాతంఙ్గరథాశ్వసంకులం \n\nమహాజనౌఘ పరిపూర్ణచత్వరమ్.\n\nప్రభూతరత్నం బహుపణ్యసఞ్చయం \n\nదదర్శ రామో రుచిరం మహాపథమ్৷৷2.16.48৷৷\n\n"
    }
]