[
    {
        "sloka": "[Lamentations of Dasaratha--Sumantra fetches the chariot at the command of the king- treasury officer gives valuable ornaments and garments to Sita---Kausalya instructs Sita on the obligations of a wife towards her husband-- Rama seeks leave of his other mothers.]\n\nరామస్య తు వచః శృత్వా మునివేశధరం చ తమ్.\n\nసమీక్ష్య సహ భార్యాభీ రాజా విగతచేతనః৷৷2.39.1৷৷\n\nనైనం దుఃఖేన సన్తప్తః ప్రత్యవైక్షత రాఘవమ్.\n\nన చైనమభిసమ్ప్రేక్ష్య ప్రత్యభాషత దుర్మనాః৷৷2.39.2৷৷\n\n"
    },
    {
        "sloka": "రామస్య తు వచః శృత్వా మునివేశధరం చ తమ్.\n\nసమీక్ష్య సహ భార్యాభీ రాజా విగతచేతనః৷৷2.39.1৷৷\n\nనైనం దుఃఖేన సన్తప్తః ప్రత్యవైక్షత రాఘవమ్.\n\nన చైనమభిసమ్ప్రేక్ష్య ప్రత్యభాషత దుర్మనాః৷৷2.39.2৷৷\n\n"
    },
    {
        "sloka": "స ముహూర్తమివాసంజ్ఞో దుఃఖితశ్చ మహీపతిః.\n\nవిలలాప మహాబాహూ రామమేవానుచిన్తయన్৷৷2.39.3৷৷\n\n"
    },
    {
        "sloka": "మన్యే ఖలు మయా పూర్వం వివత్సా బహవఃకృతాః.\n\nప్రాణినో హింసితా వాపి తస్మాదిదముపస్థితమ్৷৷2.39.4৷৷\n\n"
    },
    {
        "sloka": "న త్వేవానాగతే కాలే దేహాచ్చ్యవతి జీవితమ్.\n\nకైకేయ్యా క్లిశ్యమానస్య మృత్యుర్మమ న విద్యతే৷৷2.39.5৷৷\n\nయోహం పావకసఙ్కాశం పశ్యామి పురతః స్థితమ్.\n\nవిహాయ వసనే సూక్ష్మే తాపసాచ్ఛాదమాత్మజమ్৷৷2.39.6৷৷\n\n"
    },
    {
        "sloka": "ఏకస్యాః ఖలు కైకేయ్యాః కృతేయం క్లిశ్యతే జనః.\n\nస్వార్థే ప్రయతమానాయాః సంశ్రిత్య నికృతిం త్విమామ్৷৷2.39.7৷৷\n\n"
    },
    {
        "sloka": "ఏవముక్త్వా తు వచనం బాష్పేణ పిహితేన్ద్రియః.\n\nరామేతి సకృదేవోక్త్వా వ్యాహర్తుం న శశాక హ৷৷2.39.8৷৷\n\n"
    },
    {
        "sloka": "సంజ్ఞాం తు ప్రతిలభ్యైవ ముహూర్తాత్స మహీపతిః.\n\nనేత్రాభ్యామశ్రుపూర్ణాభ్యాం సుమన్త్రమిదమబ్రవీత్৷৷2.39.9৷৷\n\n"
    },
    {
        "sloka": "ఔపవాహ్యం రథం యుక్త్వా త్వమాయాహి హయోత్తమైః.\n\nప్రాపయైనం మహాభాగమితో జనపదాత్పరమ్৷৷2.39.10৷৷\n\n"
    },
    {
        "sloka": "ఏవం మన్యే గుణవతాం గుణానాం ఫలముచ్యతే.\n\nపిత్రా మాత్రా చ యత్సాధుర్వీరో నిర్వాస్యతే వనమ్৷৷2.39.11৷৷\n\n"
    },
    {
        "sloka": "రాజ్ఞో వచనమాజ్ఞాయ సుమన్త్రః శీఘ్రవిక్రమః.\n\nయోజయిత్వాయయౌ తత్ర రథమశ్వైరలఙ్కృతమ్৷৷2.39.12৷৷\n\n"
    },
    {
        "sloka": "తం రథం రాజపుత్రాయ సూత: కనకభూషితమ్.\n\nఆచచక్షేఞ్జలిం కృత్వా యుక్తం పరమవాజిభిః৷৷2.39.13৷৷\n\n"
    },
    {
        "sloka": "రాజా సత్వరమాహూయ వ్యాపృతం విత్తసంఞ్చయే.\n\nఉవాచ దేశకాలజ్ఞో నిశ్చితం సర్వత శ్శుచిమ్৷৷2.39.14৷৷\n\n"
    },
    {
        "sloka": "వాసాంసి చ మహార్హాణి భూషణాని వరాణి చ.\n\nవర్షాణ్యేతాని సఙ్ఖ్యాయ వైదేహ్యాః క్షిప్రమానయ৷৷2.39.15৷৷\n\n"
    },
    {
        "sloka": "నరేన్ద్రేణైవముక్తస్తు గత్వా కోశగృహం తతః.\n\nప్రాయచ్ఛత్సర్వమాహృత్య సీతాయై సమమేవ తత్৷৷2.39.16৷৷\n\n"
    },
    {
        "sloka": "సా సుజాతా సుజాతాని వైదేహీ ప్రస్థితా వనమ్.\n\nభూషయామాస గాత్రాణి తైర్విచిత్రైర్విభూషణైః৷৷2.39.17৷৷\n\n"
    },
    {
        "sloka": "వ్యరాజయత వైదేహీ వేశ్మ తత్సువిభూషితా.\n\nఉద్యతోంశుమతః కాలే ఖం ప్రభేవ వివస్వతః৷৷2.39.18৷৷\n\n"
    },
    {
        "sloka": "తాం భుజాభ్యాం పరిష్వజ్య శ్వశ్రూర్వచనమబ్రవీత్.\n\nఅనాచరన్తీ కృపణం మూర్ధ్న్యుపాఘ్రాయ మైథిలీమ్৷৷2.39.19৷৷\n\n"
    },
    {
        "sloka": "అసత్య స్సర్వలోకేస్మిన్సతతం సత్కృతాః ప్రియైః.\n\nభర్తారం నానుమన్యన్తే వినిపాతగతం స్త్రియః৷৷2.39.20৷৷\n\n"
    },
    {
        "sloka": "ఏష స్వభావో నారీణామనుభూయ పురా సుఖమ్.\n\nఅల్పామప్యాపదం ప్రాప్య దుష్యన్తి ప్రజహత్యపి৷৷2.39.21৷৷\n\n"
    },
    {
        "sloka": "అసత్యశీలా వికృతా దుర్గ్రాహ్యహృదయాస్సదా.\n\nయువత్యః పాపసంఙ్కల్పాః క్షణమాత్రాద్విరాగిణః৷৷2.39.22৷৷\n\n"
    },
    {
        "sloka": "న కులం న కృతం విద్యా న దత్తం నాపి సఙ్గ్రహః.\n\nస్త్రీణాం గృహ్ణాతి హృదయమనిత్యహృదయా హి తాః৷৷2.39.23৷৷\n\n"
    },
    {
        "sloka": "సాధ్వీనాం హి స్థితానాం తు శీలే సత్యే శ్రుతే శమే.\n\nస్త్రీణాం పవిత్రం పరమం పతిరేకో విశిష్యతే৷৷2.39.24৷৷\n\n"
    },
    {
        "sloka": "స త్వయా నావమన్తవ్యః పుత్రః ప్రవ్రాజితో మమ.\n\nతవ దైవతమస్త్వేష నిర్ధనః సధనోపి వా৷৷2.39.25৷৷\n\n"
    },
    {
        "sloka": "విజ్ఞాయ వచనం సీతా తస్యా ధర్మార్థసంహితమ్.\n\nకృతాఞ్జలిరువాచేదం శ్వశ్రూమభిముఖే స్థితామ్৷৷2.39.26৷৷\n\n"
    },
    {
        "sloka": "కరిష్యే సర్వమేవాహమార్యా యదనుశాస్తి మామ్.\n\nఅభిజ్ఞాస్మి యథా భర్తుర్వర్తితవ్యం శ్రుతం చ మే৷৷2.39.27৷৷\n\n"
    },
    {
        "sloka": "న మామసజ్జనేనార్యా సమానయితుమర్హతి.\n\nధర్మాద్విచలితుం నాహమలం చన్ద్రాదివ ప్రభా৷৷2.39.28৷৷\n\n"
    },
    {
        "sloka": "నాతన్త్రీ వాద్యతే వీణా నాచక్రో వర్తతే రథః.\n\nనాపతిస్సుఖమేధేత యా స్యాదపి శతాత్మజా৷৷2.39.29৷৷\n\n"
    },
    {
        "sloka": "మితం దదాతి హి పితా మితం మాతా మితం సుతః.\n\nఅమితస్య హి దాతారం భర్తారం కా న పూజయేత్৷৷2.39.30৷৷\n\n"
    },
    {
        "sloka": "సాహమేవం గతా శ్రేష్ఠా శ్రుతధర్మపరావరా.\n\nఆర్యే! కిమవమన్యేహం స్త్రీణాం భర్తా హి దైవతమ్৷৷2.39.31৷৷\n\n"
    },
    {
        "sloka": "సీతాయా వచనం శ్రుత్వా కౌశల్యా హృదయఙ్గమమ్.\n\nశుద్ధసత్త్వా ముమోచాశ్రు సహసా దుఃఖహర్షజమ్৷৷2.39.32৷৷\n\n"
    },
    {
        "sloka": "తాం ప్రాఞ్జలిరభిక్రమ్య మాతృమధ్యేతిసత్కృతామ్. \n\nరామః పరమధర్మాత్మా మాతరం వాక్యమబ్రవీత్৷৷2.39.33৷৷\n\n"
    },
    {
        "sloka": "అమ్బ! మా దుఃఖితా భూస్త్వం పశ్య త్వం పితరం మమ৷৷\n\nక్షయో హి వనవాసస్య క్షిప్రమేవ భవిష్యతి৷৷2.39.34৷৷\n\n"
    },
    {
        "sloka": "సుప్తాయాస్తే గమిష్యన్తి నవ వర్షాణి పఞ్చ చ.\n\nసా సమగ్రమిహ ప్రాప్తం మాం ద్రక్ష్యసి సుహృద్వృతమ్৷৷2.39.35৷৷\n\n"
    },
    {
        "sloka": "ఏతావదభినీతార్థముక్త్వా స జననీం వచః.\n\nత్రయశ్శతశతార్ధాశ్చ దదర్శా వేక్ష్య మాతరః৷৷2.39.36৷৷\n\n"
    },
    {
        "sloka": "తా శ్చాపి స తథైవార్తా మాతృ్దశరథాత్మజః.\n\nధర్మయుక్తమిదం వాక్యం నిజగాద కృతాఞ్జలిః৷৷2.39.37৷৷\n\n"
    },
    {
        "sloka": "సంవాసాత్పరుషం కిఞ్చిదజ్ఞానాద్వాపి యత్కృతమ్.\n\nతన్మే సమనుజానీత సర్వాశ్చామన్త్రయామి వః৷৷2.39.38৷৷\n\n"
    },
    {
        "sloka": "వచనం రాఘవస్యైతధ్దర్మయుక్తం సమాహితమ్.\n\nశుశ్రువుస్తాః స్త్రియంస్సర్వా శ్శోకోపహతచేతసః৷৷2.39.39৷৷\n\n"
    },
    {
        "sloka": "జజ్ఞేథ తాసాం సన్నాదః క్రౌఞ్చీనామివ నిస్వనః.\n\nమానవేన్ద్రస్య భార్యాణామేవం వదతి రాఘవే৷৷2.39.40৷৷\n\n"
    },
    {
        "sloka": "మురజపణవమేఘఘోషవత్\n\nదశరథవేశ్మ బభూవ యత్పురా.\n\nవిలపితపరిదేవనాకులం\n\nవ్యసనగతం తదభూత్సుదుఃఖితమ్৷৷2.39.41৷৷\n\n"
    }
]