[
    {
        "sloka": "[Lakshmana tells Guha about events which might overtake Ayodhya after Rama's exile]\n\nతం జాగ్రతమదమ్భేన భ్రాతురర్థాయ లక్ష్మణమ్.\n\nగుహః సన్తాపసన్తప్తో రాఘవం వాక్యమబ్రవీత్৷৷2.51.1৷৷\n\n"
    },
    {
        "sloka": "ఇయం తాత సుఖా శయ్యా త్వదర్థముపకల్పితా.\n\nప్రత్యాశ్వసిహి సాధ్వస్యాం రాజపుత్ర! యథాసుఖమ్৷৷2.51.2৷৷\n\n"
    },
    {
        "sloka": "ఉచితోయం జనస్సర్వః క్లేశానాం త్వం సుఖోచితః.\n\nగుప్త్యర్థం జాగరిష్యామః కాకుత్స్థస్య వయం నిశామ్৷৷2.51.3৷৷\n\n"
    },
    {
        "sloka": "న హి రామాత్ప్రియతమో మమాస్తి భువి కశ్చన.\n\nబ్రవీమ్యేతదహం సత్యం సత్యేనైవ చ తే శపే৷৷2.51.4৷৷\n\n"
    },
    {
        "sloka": "అస్య ప్రసాదాదాశంసే లోకేస్మిన్ సుముహద్యశః.\n\nధర్మావాప్తిం చ విపులామర్థావాప్తిం చ కేవలమ్৷৷2.51.5৷৷\n\n"
    },
    {
        "sloka": "సోహం ప్రియసఖం రామం శయానం సహ సీతయా.\n\nరక్షిష్యామి ధనుష్పాణి స్సర్వతో జ్ఞాతిభి స్సహ৷৷2.51.6৷৷\n\n"
    },
    {
        "sloka": "న హి మేవిదితం కిఞ్చిద్వనేస్మింశ్చరతస్సదా.\n\nచతురఙ్గం హ్యపిబలం సుమహత్ప్రసహేమహి৷৷2.51.7৷৷\n\n"
    },
    {
        "sloka": "లక్ష్మణస్తం తదోవాచ రక్ష్యమాణాస్త్వయానఘ.\n\nనాత్ర భీతా వయం సర్వే ధర్మమేవానుపశ్యతా৷৷2.51.8৷৷\n\n"
    },
    {
        "sloka": "కథం దశరథౌ భూమౌ శయానే సహ సీతయా.\n\nశక్యా నిద్రా మయా లబ్ధుం జీవితం వా సుఖాని వా৷৷2.51.9৷৷\n\n"
    },
    {
        "sloka": "యో న దేవాసురైః సర్వైః శక్యః ప్రసహితుం యుధి.\n\nతం పశ్య సుఖసంవిష్టం తృణేషు సహ సీతయా৷৷2.51.10৷৷\n\n"
    },
    {
        "sloka": "యో మన్త్రతపసా లబ్ధో వివిధైశ్చ పరాశ్రమైః.\n\nఏకో దశరథస్యేష్టః పుత్రః సదృశలక్షణః৷৷2.51.11৷৷\n\nఅస్మిన్ ప్రవ్రాజితే రాజా న చిరం వర్తయిష్యతి.\n\nవిధవా మేదినీ నూనం క్షిప్రమేవ భవిష్యతి৷৷2.51.12৷৷\n\n"
    },
    {
        "sloka": "వినద్య సుమహానాదం శ్రమేణోపరతాః స్త్రియః.\n\nనిర్ఘోషోపరతం చాతో మన్యే రాజనివేశనమ్৷৷2.51.13৷৷\n\n"
    },
    {
        "sloka": "కౌశల్యా చైవ రాజా చ తథైవ జననీ మమ.\n\nనాశంసే యది జీవన్తి సర్వే తే శర్వరీమిమామ్৷৷2.51.14৷৷\n\n"
    },
    {
        "sloka": "జీవేదపి హి మే మాతా శత్రుఘ్నస్యాన్వవేక్షయా.\n\nతద్దుఃఖం యత్తు కౌశల్యా వీరసూర్వినశిష్యతి৷৷2.51.15৷৷\n\n"
    },
    {
        "sloka": "అనురక్తజనాకీర్ణా సుఖాలోకప్రియావహా.\n\nరాజవ్యసనసంసృష్టా సా పురీ వినశిష్యతి৷৷2.51.16৷৷\n\n"
    },
    {
        "sloka": "కథం పుత్రం మహాత్మానం జ్యేష్ఠం ప్రియమపశ్యతః.\n\nశరీరం ధారయిష్యన్తి ప్రాణా రాజ్ఞో మహాత్మనః৷৷2.51.17৷৷\n\n"
    },
    {
        "sloka": "వినష్టే నృపతౌ పశ్చాత్కౌసల్యా వినశిష్యతి.\n\nఅనన్తరం చ మాతాపి మమ నాశముపైష్యతి৷৷2.51.18৷৷\n\n"
    },
    {
        "sloka": "అతిక్రాన్తమతిక్రాన్తమనవాప్య మనోరథమ్.\n\nరాజ్యే రామమనిక్షిప్య పితా మే వినశిష్యతి৷৷2.51.19৷৷\n\n"
    },
    {
        "sloka": "సిద్ధార్థాః పితరం వృత్తం తస్మిన్కాలేప్యుపస్థితే.\n\nప్రేతకార్యేషు సర్వేషు సంస్కరిష్యన్తి భూమిపమ్৷৷2.51.20৷৷\n\n"
    },
    {
        "sloka": "రమ్యచత్వరసంస్థానాం సువిభక్తమహాపథామ్.\n\nహర్మ్యప్రాసాదసమ్పన్నామ్ గణికావరశోభితామ్৷৷2.51.21৷৷\n\nరథాశ్వగజసమ్బాధాం తూర్యనాదవినాదితామ్.\n\nసర్వకల్యాణసమ్పూర్ణాం హృష్టపుష్టజనాకులామ్৷৷2.51.22৷৷\n\nఆరామోద్యానసమ్పన్నాం సమాజోత్సవశాలినీమ్.\n\nసుఖితా విచరిష్యన్తి రాజధానీం పితుర్మమ৷৷2.51.23৷৷\n\n"
    },
    {
        "sloka": "అపి జీవేద్దశరథో వనవాసాత్పునర్వయమ్.\n\nప్రత్యాగమ్య మహాత్మానమపి పశ్యేమ సువ్రతమ్৷৷2.51.24৷৷\n\n"
    },
    {
        "sloka": "అపి సత్యప్రతిజ్ఞేన సార్ధం కుశలినా వయమ్.\n\nనివృత్తే వనవాసేస్మిన్నయోధ్యాం ప్రవిశేమహి৷৷2.51.25৷৷\n\n"
    },
    {
        "sloka": "పరిదేవయమానస్య దుఖార్తస్య మహాత్మనః.\n\nతిష్ఠతో రాజపుత్రస్య శర్వరీ సాత్యవర్తత৷৷2.51.26৷৷\n\n"
    },
    {
        "sloka": "తథా హి సత్యం బ్రువతి ప్రజాహితే\n\nనరేన్ద్రపుత్రే గురుసౌహృదాద్గుహః.\n\nముమోచ బాష్పం వ్యసనాభిపీడితో\n\nజ్వరాతురో నాగ ఇవ వ్యథాతురః৷৷2.51.27৷৷\n\n"
    }
]