[
    {
        "sloka": "[Rama, Lakshmana and Sita set out for the forest--wailing of citizens, queens and the king.]\n\nఅథ రామశ్చ సీతా చ లక్ష్మణశ్చ కృతాఞ్జలిః. \n\nఉపసఙ్గృహ్య రాజానం చక్రుర్దీనా: ప్రదక్షిణమ్৷৷2.40.1৷৷\n\n"
    },
    {
        "sloka": "తం చాపి సమనుజ్ఞాప్య ధర్మజ్ఞస్సీతయా సహ. \n\nరాఘవ శ్శోకసమ్మూఢో జననీమభ్యవాదయత్৷৷2.40.2৷৷\n\n"
    },
    {
        "sloka": "అఅన్వక్షం లక్ష్మణో భ్రాతుః కౌశల్యామభ్యవాదయత్. \n\nఅథ మాతు స్సుమిత్రాయా జగ్రాహ చరణౌ పునః৷৷2.40.3৷৷\n\n"
    },
    {
        "sloka": "తం వన్దమానం రుదతీ మాతా సౌమిత్రిమబ్రవీత్.\n\nహితకామా మహాబాహుం మూధ్నర్యుపాఘ్రాయ లక్ష్మణమ్৷৷2.40.4৷৷\n\n"
    },
    {
        "sloka": "సృష్టస్త్వం వనవాసాయ స్వనురక్తస్సుహృజ్జనే. \n\nరామే ప్రమాదం మా కార్షీః పుత్ర! భ్రాతరి గచ్ఛతి৷৷2.40.5৷৷\n\n"
    },
    {
        "sloka": "వ్యసనీ వా సమృద్ధో వా గతిరేష తవానఘ!. \n\nఏష లోకే సతాం ధర్మో యజ్జ్యేష్ఠవశగో భవేత్৷৷2.40.6৷৷\n\n"
    },
    {
        "sloka": "ఇదం హి వృత్తముచితం కులస్యాస్య సనాతనమ్.\n\nదానం దీక్షా చ యజ్ఞేషు తనుత్యాగో మృధేషు చ৷৷2.40.7৷৷\n\n"
    },
    {
        "sloka": "లక్ష్మణం త్వేవముక్త్వా సా సంసిద్ధం ప్రియరాఘవమ్.\n\nసుమిత్రా గచ్ఛ గచ్ఛేతి పునః పునరువాచ తమ్৷৷2.40.8৷৷\n\n"
    },
    {
        "sloka": "రామం దశరథం విద్ధి మాం విద్ధి జనకాత్మజామ్. \n\nఅయోధ్యామటవీం విధ్ది గచ్ఛ తాత! యథాసుఖమ్৷৷2.40.9৷৷\n\n"
    },
    {
        "sloka": "తతః సుమన్త్రః కాకుత్స్థం ప్రాఞ్జలిర్వాక్యమబ్రవీత్. \n\nవినీతో వినయజ్ఞశ్చ మాతలిర్వాసవం యథా৷৷2.40.10৷৷\n\n"
    },
    {
        "sloka": "రరథమారోహ భద్రం తే రాజపుత్ర మహాయశః. \n\nక్షిప్రం త్వాం ప్రాపయిష్యామి యత్ర మాం రామ! వక్ష్యసి৷৷2.40.11৷৷\n\n"
    },
    {
        "sloka": "చతుర్దశ హి వర్షాణి వస్తవ్యాని వనే త్వయా. \n\nతాన్యుపక్రమితవ్యాని యాని దేవ్యాసి చోదితః৷৷2.40.12৷৷\n\n"
    },
    {
        "sloka": "తం రథం సూర్యసఙ్కాశం సీతా హృష్టేన చేతసా. \n\nఆరురోహ వరారోహా కృత్వాలఙ్కారమాత్మనః৷৷2.40.13৷৷\n\n"
    },
    {
        "sloka": "అథో జ్వలనసఙ్కాశం చామీకరవిభూషితమ్!. \n\nతమారురుహతుస్తూర్ణం భ్రాతరౌ రామలక్ష్మణౌ৷৷2.40.14৷৷\n\n"
    },
    {
        "sloka": "వనవాసం హి సంఖ్యాయ వాసాంస్యాభరణాని చ. \n\nభర్తారమనుగచ్ఛన్త్యై సీతాయై శ్వశురో దదౌ৷৷2.40.15৷৷\n\n"
    },
    {
        "sloka": "తథైవాయుధజాలాని భ్రాతృభ్యాం కవచాని చ. \n\nరథోపస్థే ప్రతిన్యస్య సచర్మ కఠినం చ తత్৷৷2.40.16৷৷\n\nసీతాతృతీయానారూఢాన్ దృష్ట్వా దృష్టమచోదయత్. \n\nసుమన్త్రస్సమ్మతానశ్వాన్ వాయువేగసమాన్జవే৷৷2.40.17৷৷\n\n"
    },
    {
        "sloka": "ప్రతియాతే మహారణ్యం చిరరాత్రాయ రాఘవే. \n\nబభూవ నగరే మూర్ఛా బలమూర్ఛా జనస్య చ৷৷2.40.18৷৷\n\n"
    },
    {
        "sloka": "తత్సమాకులసమ్భ్రాన్తం మత్తసఙ్కుపితద్విపమ్. \n\nహయశిఞ్జితనిర్ఘోషం పురమాసీన్మహాస్వనమ్৷৷2.40.19৷৷\n\n"
    },
    {
        "sloka": "తత స్సబాలవృద్ధా సా పురీ పరమపీడితా. \n\nరామమేవాభిదుద్రావ ఘర్మార్తా సలిలం యథా৷৷2.40.20৷৷\n\n"
    },
    {
        "sloka": "పార్శ్వతః పృష్ఠతశ్చాపి లమ్బమానాస్తదున్ముఖాః. \n\nబాష్పపూర్ణముఖాస్సర్వే తమూచుర్భృశనిస్వనాః৷৷2.40.21৷৷\n\n"
    },
    {
        "sloka": "సంయచ్ఛ వాజినాం రశ్మీన్ సూత! యాహి శనైశ్శనైః. \n\nముఖం ద్రక్ష్యామ రామస్య దుర్దర్శం నో భవిష్యతి৷৷2.40.22৷৷\n\n"
    },
    {
        "sloka": "ఆయసం హృదయం నూనం రామమాతురసంశయమ్.\n\nయద్దేవగర్భప్రతిమే వనం యాతి న భిద్యతే৷৷2.40.23৷৷\n\n"
    },
    {
        "sloka": "కృతకృత్యా హి వైదేహీ ఛాయేవానుగతా పతిమ్. \n\nన జహాతి రతా ధర్మే మేరుమర్కప్రభా యథా৷৷2.40.24৷৷\n\n"
    },
    {
        "sloka": "అహో! లక్ష్మణ! సిద్ధార్థ స్సతతం ప్రియవాదినమ్.\n\nభ్రాతరం దేవసఙ్కాశం యస్త్వం పరిచరిష్యసి৷৷2.40.25৷৷\n\n"
    },
    {
        "sloka": "మహత్యేషా హి తే సిధ్దిరేష చాభ్యుదయో మహాన్. \n\nఏష స్వర్గస్య మార్గశ్చ యదేనమనుగచ్ఛసి৷৷2.40.26৷৷\n\n"
    },
    {
        "sloka": "ఏవం వదన్తస్తే సోఢుం న శేకుర్బాష్పమాగతమ్. \n\nనరాస్తమనుగచ్ఛన్తః ప్రియమిక్ష్వాకునన్దనమ్৷৷2.40.27৷৷\n\n"
    },
    {
        "sloka": "అథ రాజా వృత స్త్రీభిర్దీనాభిర్దీనచేతనః.\n\nనిర్జగామ ప్రియం పుత్రం ద్రక్ష్యామీతి బ్రువన్ గృహాత్৷৷2.40.28৷৷\n\n"
    },
    {
        "sloka": "శుశ్రువే చాగ్రతః స్త్రీణాం రుదన్తీనాం మహాస్వనః.\n\nయథా నాదః కరేణూనాం బద్ధే మహతి కుఞ్జరే৷৷2.40.29৷৷\n\n"
    },
    {
        "sloka": "పితా హి రాజా కాకుత్స్థః శ్రీమాన్ సన్నస్తదాభవత్. \n\nపరిపూర్ణః శశీ కాలే గ్రహేణోపప్లుతో యథా৷৷2.40.30৷৷\n\n"
    },
    {
        "sloka": "స చ శ్రీమానచిన్త్యాత్మా రామో దశరథాత్మజః.\n\nసూతం సఞ్చోదయామాస త్వరితం వాహ్యతామితి৷৷2.40.31৷৷\n\n"
    },
    {
        "sloka": "రామో యాహీతి సూతం తం తిష్ఠేతి స జనస్తదా. \n\nఉభయం నాశకత్సూతః కర్తుమధ్వని చోదితః৷৷2.40.32৷৷\n\n"
    },
    {
        "sloka": "నిర్గచ్ఛతి మహాబాహౌ రామే పౌరజనాశ్రుభిః.\n\nపతితైరభ్యవహితం ప్రశశామ మహీరజః৷৷2.40.33৷৷\n\n"
    },
    {
        "sloka": "రుదితాశ్రుపరిద్యూనం హాహాకృతమచేతనమ్.  \n\nప్రయాణే రాఘవస్యాసీత్పురం పరమపీడితమ్৷৷2.40.34৷৷\n\n"
    },
    {
        "sloka": "సుస్రావ నయనైః స్త్రీణామస్రమాయాససమ్భవమ్.\n\nమీనసఙ్క్షోభచలితై స్సలిలం పఙ్కజైరివ৷৷2.40.35৷৷\n\n"
    },
    {
        "sloka": "దృష్ట్వా తు నృపతి శ్శ్రీమానేకచిత్తగతం పురమ్. \n\nనిపపాతైవ దుఃఖేన హతమూల ఇవ ద్రుమః৷৷2.40.36৷৷\n\n"
    },
    {
        "sloka": "తతో హలహలాశబ్దో జజ్ఞే రామస్య పృష్ఠతః.\n\nనరాణాం ప్రేక్ష్య రాజానం సీదన్తం భృశదుఃఖితమ్৷৷2.40.37৷৷\n\n"
    },
    {
        "sloka": "హా రామేతి జనాః కేచిద్రామమాతేతి చాపరే. \n\nఅన్తఃపురం సమృద్ధం చ క్రోశన్తః పర్యదేవయన్৷৷2.40.38৷৷\n\n"
    },
    {
        "sloka": "అన్వీక్షమాణో రామస్తు విషణ్ణం భ్రాన్తచేతసమ్.\n\nరాజానం మాతరం చైవ దదర్శానుగతౌ పథి৷৷2.40.39৷৷\n\n"
    },
    {
        "sloka": "స బద్ధ ఇవ పాశేన కిశోరో మాతరం యథా.\n\nధర్మపాశేన సఙ్క్షిప్తః ప్రకాశం నాభ్యుదైక్షత৷৷2.40.40৷৷\n\n"
    },
    {
        "sloka": "పదాతినౌ చ యానార్హావదుఃఖార్హౌ సుఖోచితౌ. \n\nదృష్ట్వా సఞ్చోదయామాస శీఘ్రం యాహీతి సారథిమ్৷৷2.40.41৷৷\n\n"
    },
    {
        "sloka": "న హి తత్పురుషవ్యాఘ్రో దుఃఖదం దర్శనం పితుః. \n\nమాతుశ్చ సహితుం శక్తస్తోత్రార్దిత ఇవ ద్విపః৷৷2.40.42৷৷\n\n"
    },
    {
        "sloka": "ప్రత్యగారమివాయాన్తీ వత్సలా వత్సకారణాత్. \n\nబద్ధవత్సా యథా ధేనూ రామమాతాభ్యధావత৷৷2.40.43৷৷\n\n"
    },
    {
        "sloka": "తథా రుదన్తీం కౌసల్యాం రథం తమనుధావతీమ్. \n\nక్రోశన్తీం రామ రామేతి హా సీతే! లక్ష్మణేతి చ৷৷2.40.44৷৷\n\nరామలక్ష్మణసీతార్థం స్రవన్తీం వారి నేత్రజమ్. \n\nఅసకృత్ప్రైక్షత తదా నృత్యన్తీమివ మాతరమ్৷৷2.40.45৷৷\n\n"
    },
    {
        "sloka": "తిష్ఠేతి రాజా చుక్రోశ యాహి యాహీతి రాఘవః. \n\nసుమన్త్రస్య బభూవాత్మా చక్రయోరివ చాన్తరా৷৷2.40.46৷৷\n\n"
    },
    {
        "sloka": "నాశ్రౌషమితి రాజానముపాలబ్ధోపి వక్ష్యసి. \n\nచిరం దుఃఖస్య పాపిష్ఠమితి రామస్తమబ్రవీత్৷৷2.40.47৷৷\n\n"
    },
    {
        "sloka": "రామస్య స వచః కుర్వన్ననుజ్ఞాప్య చ తం జనమ్. \n\nవ్రజతోపి హయాన్ శీఘ్రం చోదయామాస సారథిః৷৷2.40.48৷৷\n\n"
    },
    {
        "sloka": "న్యవర్తత జనో రాజ్ఞో రామం కృత్వా ప్రదక్షిణమ్. \n\nమనసాప్యశ్రువేగైశ్చ న న్యవర్తత మానుషమ్৷৷2.40.49৷৷\n\n"
    },
    {
        "sloka": "యమిచ్ఛేత్పునరాయాన్తం నైనం దూరమనువ్రజేత్. \n\nఇత్యమాత్యా మహారాజమూచుర్దశరథం వచః৷৷2.40.50৷৷\n\n"
    },
    {
        "sloka": "తేషాం వచః సర్వగుణోపపన్నం \n\nప్రస్విన్నగాత్రః ప్రవిషణ్ణరూపః. \n\nనిశమ్య రాజా కృపణః సభార్యో \n\nవ్యవస్థితస్తం సుతమీక్షమాణః৷৷2.40.51৷৷\n\n"
    }
]