[
    {
        "sloka": "[Lakshmana speaks of his valour-- condemns destiny as feeble and powerless-- urges Rama to  get consecrated--  Rama resolves to obey his father's command.] \n\nఇతి బ్రువతి రామే తు లక్ష్మణోధశ్శిరా ముహుః.\n\nశ్రృత్వా మధ్యం జగామేవ మనసా దుఃఖహర్షయోః৷৷2.23.1৷৷\n\n"
    },
    {
        "sloka": "తదా తు బధ్ద్వా భ్రుకుటీం భ్రువోర్మధ్యే నరర్షభః.\n\nనిశశ్వాస మహాసర్పో బిలస్థ ఇవ రోషితః৷৷2.23.2৷৷\n\n"
    },
    {
        "sloka": "తస్య దుష్ప్రతివీక్షం తద్భ్రుకుటీసహితం తదా.\n\nబభౌ క్రుద్ధస్య సింహస్య ముఖస్య సదృశం ముఖమ్৷৷2.23.3৷৷\n\n"
    },
    {
        "sloka": "అగ్రహస్తం విధున్వంస్తు హస్తీ హస్తమివాత్మనః.\n\nతిర్యగూర్ధ్వం శరీరే చ పాతయిత్వా శిరోధరామ్৷৷2.23.4৷৷\n\nఅగ్రాక్ష్ణా వీక్షమాణస్తు తిర్యగ్భ్రాతరమబ్రవీత్.\n\n"
    },
    {
        "sloka": "అస్థానే సమ్భ్రమో యస్య జాతో వై సుమహానయమ్৷৷2.23.5৷৷\n\nధర్మదోష ప్రసఙ్గేన లోకస్యానతిశఙ్కయా.\n\nకథంహ్యేతదసమ్భ్రాన్తస్త్వద్విధో వక్తుమర్హతి৷৷2.23.6৷৷\n\nయథా దైవమశౌడీరం శౌణ్డీర! క్షత్రియర్షభ!.\n\n"
    },
    {
        "sloka": "కిన్నామ కృపణం దైవమశక్తమభిశంససి৷৷2.23.7৷৷\n\nపాపయోస్తే కథం నామ తయోశ్శఙ్కా న విద్యతే.\n\n"
    },
    {
        "sloka": "సన్తి ధర్మోపధా శ్లక్ష్ణాః ధర్మాత్మన్కిం న బుధ్యసే৷৷2.23.8৷৷\n\nతయోస్సుచరితం స్వార్థం శాఠ్యాత్పరిజిహీర్షతోః.\n\n"
    },
    {
        "sloka": "యది నైవం వ్యవసితం స్యాద్ధి ప్రాగేవ రాఘవ!৷৷2.23.9৷৷\n\nతయోః ప్రాగేవ దత్తశ్చ స్యాద్వరః ప్రకృతశ్చ సః.\n\n"
    },
    {
        "sloka": "లోకవిద్విష్టమారబ్ధం త్వదన్యస్యాభిషేచనమ్.\n\nనోత్సహే సహితుం వీర! తత్ర మే క్షన్తుమర్హసి৷৷2.23.10৷৷\n\n"
    },
    {
        "sloka": "యేనేయ మాగతా ద్వైధం తవ బుద్ధిర్మహామతే!.\n\nస హి ధర్మో మమ ద్వేష్యః ప్రసఙ్గాద్యస్య ముహ్యసి৷৷2.23.11৷৷\n\n"
    },
    {
        "sloka": "కథం త్వం కర్మణా శక్తః కైకేయీవశవర్తినః.\n\nకరిష్యసి పితుర్వాక్యమధర్మిష్ఠం విగర్హితమ్৷৷2.23.12৷৷\n\n"
    },
    {
        "sloka": "యద్యయం కిల్బిషాద్భేదః కృతోప్యేవం న గృహ్యతే.\n\nజాయతే తత్ర మే దుఃఖం ధర్మసఙ్గశ్చ గర్హితః৷৷2.23.13৷৷\n\n"
    },
    {
        "sloka": "మనసాపి కథం కామం కుర్యాస్త్వం కామవృత్తయోః.\n\nతయోస్త్వహితయోర్నిత్యం శత్ర్వోః పిత్రభిధానయోః৷৷2.23.14৷৷\n\n"
    },
    {
        "sloka": "యద్యపి ప్రతిపత్తిస్తే దైవీ చాపి తయోర్మతమ్.\n\nతథాప్యుపేక్షణీయం తే న మే తదపి రోచతే৷৷2.23.15৷৷\n\n"
    },
    {
        "sloka": "విక్లబో వీర్యహీనో యస్స దైవమనువర్తతే.\n\nవీరాస్సమ్భావితాత్మానో న దైవం పర్యుపాసతే৷৷2.23.16৷৷\n\n"
    },
    {
        "sloka": "దైవం పురుషకారేణ యః సమర్థః ప్రబాధితుమ్.\n\nన దైవేన విపన్నార్థః పురుషస్సోవసీదతి৷৷2.23.17৷৷\n\n"
    },
    {
        "sloka": "ద్రక్ష్యన్తి త్వద్య దైవస్య పౌరుషం పురుషస్య చ.\n\nదైవమానుషయోరద్య వ్యక్తా వ్యక్తిర్భవిష్యతి৷৷2.23.18৷৷\n\n"
    },
    {
        "sloka": "అద్య మత్పౌరుషహతం దైవం ద్రక్ష్యన్తి వై జనాః.\n\nయద్దైవాదాహతం తేద్య దృష్టం రాజ్యాభిషేచనమ్৷৷2.23.19৷৷\n\n"
    },
    {
        "sloka": "అత్యఙ్కుశమివోద్దామం గజం మదబలోద్ధతమ్.\n\nప్రధావితమహం దైవం పౌరుషేణ నివర్తయే৷৷2.23.20৷৷\n\n"
    },
    {
        "sloka": "లోకపాలాస్సమస్తా స్తే నాద్య రామాభిషేచనమ్.\n\nన చ కృత్స్నాస్త్రయో లోకా విహన్యుః కిం పునః పితా৷৷2.23.21৷৷\n\n"
    },
    {
        "sloka": "యైర్నివాసస్తవారణ్యే మిథో రాజన్సమర్థితః.\n\nఅరణ్యే తే నివత్స్యన్తి చతుర్దశ సమాస్తథా৷৷2.23.22৷৷\n\n"
    },
    {
        "sloka": "అహం తదాశాం ఛేత్స్యామి పితుస్తస్యాశ్చ యా తవ.\n\nఅభిషేకవిఘాతేన పుత్రరాజ్యాయ వర్తతే৷৷2.23.23৷৷\n\n"
    },
    {
        "sloka": "మద్బలేన విరుద్ధాయ న స్యాద్దైవబలం తథా.\n\nప్రభవిష్యతి దుఃఖాయ యథోగ్రం పౌరుషం మమ৷৷2.23.24৷৷\n\n"
    },
    {
        "sloka": "ఊర్ధ్వం వర్షసహస్రాన్తే ప్రజాపాల్యమనన్తరమ్.\n\nఆర్యపుత్రాః కరిష్యన్తి వనవాసం గతే త్వయి৷৷2.23.25৷৷\n\n"
    },
    {
        "sloka": "పూర్వం రాజర్షివృత్త్యా హి వనవాసో విధీయతే.\n\nప్రజా నిక్షిప్య పుత్రేషు పుత్రవత్పరిపాలనే৷৷2.23.26৷৷\n\n"
    },
    {
        "sloka": "స చేద్రాజన్యనేకాగ్రే రాజ్యవిభ్రమశఙ్కయా.\n\nనైవమిచ్ఛసి ధర్మాత్మన్ రాజ్యం రామ! త్వమాత్మని৷৷2.23.27৷৷\n\nప్రతిజానే చ తే వీర! మాభూవం వీరలోకభాక్.\n\nరాజ్యం చ తవ రక్షేయమహం వేలేవ సాగరమ్৷৷2.23.28৷৷\n\n"
    },
    {
        "sloka": "మఙ్గలైరభిషిఞ్చస్వ తత్ర త్వం వ్యాపృతో భవ.\n\nఅహమేకో మహీపాలానలం వారయితుం బలాత్৷৷2.23.29৷৷\n\n"
    },
    {
        "sloka": "న శోభార్థావిమౌ బాహూ న ధనుర్భూషణాయ మే.\n\nనాసిరాబన్ధనార్థాయ న శరాస్తమ్భహేతవః৷৷2.23.30৷৷\n\nఅమిత్రదమనార్థం మే సర్వమేతచ్చతుష్టయమ్.\n\n"
    },
    {
        "sloka": "న చాహం కామయేత్యర్థం యస్స్యాచ్ఛత్రుర్మతో మమ৷৷2.23.31৷৷\n\nఅసినా తీక్ష్ణధారేణ విద్యుచ్చలితవర్చసా.\n\nప్రగృహీతేన వై శత్రుం వజ్రిణం వా న కల్పయే৷৷2.23.32৷৷\n\n"
    },
    {
        "sloka": "ఖడ్గనిష్పేషనిష్పిష్టైర్గహనా దుశ్చరా చ మే.\n\nహస్త్యశ్వనరహస్తోరుశిరోభిర్భవితా మహీ৷৷2.23.33৷৷\n\n"
    },
    {
        "sloka": "ఖడ్గధారాహతా మేద్య దీప్యమానా ఇవాద్రయః.\n\nపతిష్యన్తి ద్విపా భూమౌ మేఘా ఇవ సవిద్యుతః৷৷2.23.34৷৷\n\n"
    },
    {
        "sloka": "బద్ధగోధాఙ్గులిత్రాణే ప్రగృహీతశరాసనే.\n\nకథం పురుషమానీ స్యాత్పురుషాణాం మయి స్థితే৷৷2.23.35৷৷\n\n"
    },
    {
        "sloka": "బహుభిశ్చైకమత్యస్యన్నేకేన చ బహూన్జనాన్.\n\nవినియోక్ష్యామ్యహం బాణాన్నృవాజిగజమర్మసు৷৷2.23.36৷৷\n\n"
    },
    {
        "sloka": "అద్య మేస్త్రప్రభావస్య ప్రభావః ప్రభవిష్యతి.\n\nరాజ్ఞశ్చాప్రభుతాం కర్తుం ప్రభుత్వం తవ చ ప్రభోః৷৷2.23.37৷৷\n\n"
    },
    {
        "sloka": "అద్య చన్దనసారస్య కేయూరామోక్షణస్య చ.\n\nవసూనాం చ విమోక్షస్య సుహృదాం పాలనస్య చ৷৷2.23.38৷৷\n\nఅనురూపావిమౌ బాహూ రామ! కర్మ కరిష్యతః.\n\nఅభిషేచనవిఘ్నస్య కర్తృాం తే నివారణే৷৷2.23.39৷৷\n\n"
    },
    {
        "sloka": "బ్రవీహి కోద్యైవ మయా వియుజ్యతామ్\n\nతవా సుహృత్ప్రాణయశస్సుహృజ్జనైః. \n\nయథా తవేయం వసుధా వశే భవే  \n\nత్తథైవ మాం శాధి తవాస్మి కిఙ్కరః৷৷2.23.40৷৷\n\n"
    },
    {
        "sloka": "విమృజ్య బాష్పం పరిసాన్త్వ్యచాసకృత్ \n\nస లక్ష్మణం రాఘవవంశవర్ధనః.\n\nఉవాచ పిత్ర్యే వచనే వ్యవస్థితం  \n\nనిబోధ మామేష హి సౌమ్య! సత్పథః৷৷2.23.41৷৷\n\n"
    }
]