[
    {
        "sloka": "[Rama reaches the banks of Tamasa river.]\n\nఅనురక్తా మహాత్మానం రామం సత్యపరాక్రమమ్.\n\nఅనుజగ్ముః ప్రయాన్తం తం వనవాసాయ మానవాః৷৷2.45.1৷৷\n\n"
    },
    {
        "sloka": "నివర్తితేపి చ బలాత్సుహృద్వర్గే చ రాజని.\n\nనైవ తే సంన్యవర్తన్త రామస్యానుగతా రథమ్৷৷2.45.2৷৷\n\n"
    },
    {
        "sloka": "అయోధ్యానిలయానాం హి పురుషాణాం మహాయశాః.\n\nబభూవ గుణసమ్పన్నః పూర్ణచన్ద్ర ఇవ ప్రియః৷৷2.45.3৷৷\n\n"
    },
    {
        "sloka": "స యాచ్యమానః కాకుత్స్థః స్వాభిః ప్రకృతిభిస్తదా.\n\nకుర్వాణః పితరం సత్యం వనమేవాన్వపద్యత৷৷2.45.4৷৷\n\n"
    },
    {
        "sloka": "అవేక్షమాణః సస్నేహం చక్షుషా ప్రపిబన్నివ.\n\nఉవాచ రామః స్నేహేన తాః ప్రజాః స్వాః ప్రజా ఇవ৷৷2.45.5৷৷\n\n"
    },
    {
        "sloka": "యా ప్రీతిర్బహుమానశ్చ మయ్యయోధ్యానివాసినామ్.\n\nమత్ప్రియార్థం విశేషేణ భరతే సా నివేశ్యతామ్৷৷2.45.6৷৷\n\n"
    },
    {
        "sloka": "స హి కల్యాణచారిత్రః కైకేయ్యానన్దవర్ధనః.\n\nకరిష్యతి యథావద్వః ప్రియాణి చ హితాని చ৷৷2.45.7৷৷\n\n"
    },
    {
        "sloka": "జ్ఞానవృద్ధో వయోబాలో మృదుర్వీర్యగుణాన్వితః.\n\nఅనురూపః స వో భర్తా భవిష్యతి భయాపహః৷৷2.45.8৷৷\n\n"
    },
    {
        "sloka": "స హి రాజగుణైర్యుక్తో యువరాజః సమీక్షితః.\n\nఅపి చాపి మయా శిష్టైః కార్యం వో భర్తృశాసనమ్৷৷2.45.9৷৷\n\n"
    },
    {
        "sloka": "న చ సన్తప్యేద్యథా చాసౌ వనవాసం గతే మయి.\n\nమహారాజస్తథా కార్యో మమ ప్రియచికీర్షయా৷৷2.45.10৷৷\n\n"
    },
    {
        "sloka": "యథా యథా దాశరథి ర్ధర్మ ఏవాస్థితోభవత్.\n\nతథా తథా ప్రకృతయో రామం పతిమకామయన్৷৷2.45.11৷৷\n\n"
    },
    {
        "sloka": "బాష్పేణ పిహితం దీనం రామః సౌమిత్రిణా సహ.\n\nచకర్షేవ గుణైర్బద్ధ్వా జనం పురనివాసినమ్৷৷2.45.12৷৷\n\n"
    },
    {
        "sloka": "తే ద్విజాస్త్రివిధం వృద్ధా జ్ఞానేన వయసౌజసా.\n\nవయః ప్రకమ్పశిరసో దూరాదూచురిదం వచః৷৷2.45.13৷৷\n\n"
    },
    {
        "sloka": "వహన్తో జవనా రామం భో భో జాత్యాస్తురఙ్గమాః.\n\nనివర్తధ్వం న గన్తవ్యం హితా భవత భర్తరి৷৷2.45.14৷৷\n\n"
    },
    {
        "sloka": "కర్ణవన్తి హి భూతాని విశేషేణ తురఙ్గమాః.\n\nయూయం తస్మాన్నివర్తధ్వం యాచనాం ప్రతివేదితాః৷৷2.45.15৷৷\n\n"
    },
    {
        "sloka": "ధర్మతః స విశుద్ధాత్మా వీరః శుభదృఢవ్రతః.\n\nఉపవాహ్యస్తు వో భర్తా నాపవాహ్యః పురాద్వనమ్৷৷2.45.16৷৷\n\n"
    },
    {
        "sloka": "ఏవమార్తప్రలాపాంస్తాన్ వృద్ధాన్ ప్రలపతో ద్విజాన్.\n\nఅవేక్ష్య సహసా రామో రథాదవతతార హ৷৷2.45.17৷৷\n\n"
    },
    {
        "sloka": "పద్భ్యామేవ జగామాథ ససీత స్సహలక్ష్మణః.\n\nసన్నికృష్టపదన్యాసో రామో వనపరాయణః৷৷2.45.18৷৷\n\n"
    },
    {
        "sloka": "ద్విజాతీంస్తు పదాతీంస్తాన్ రామశ్చారిత్రవత్సలః.\n\nన శశాక ఘృణాచక్షుః పరిమోక్తుం రథేన సః৷৷2.45.19৷৷\n\n"
    },
    {
        "sloka": "గచ్ఛన్తమేవ తం దృష్ట్వా రామం సమ్భ్రాన్తచేతసః.\n\nఊచుః పరమసన్తప్తా రామం వాక్యమిదం ద్విజాః৷৷2.45.20৷৷\n\n"
    },
    {
        "sloka": "బ్రాహ్మణ్యం సర్వమేతత్త్వాం బ్రహ్మణ్యమనుగచ్ఛతి.\n\nద్విజస్కన్ధాధిరూఢాస్త్వామగ్నయోప్యనుయాన్త్యమీ৷৷2.45.21৷৷\n\n"
    },
    {
        "sloka": "వాజపేయసముత్థాని ఛత్రాణ్యేతాని పశ్య నః.\n\nపృష్ఠతోనుప్రయాతాని మేఘానివ జలాత్యయే৷৷2.45.22৷৷\n\n"
    },
    {
        "sloka": "అనవాప్తాతపత్రస్య రశ్మిసన్తాపితస్య తే.\n\nఏభిశ్ఛాయాం కరిష్యామః స్వైశ్ఛత్రైర్వాజపేయికైః৷৷2.45.23৷৷\n\n"
    },
    {
        "sloka": "యా హి నః సతతం బుద్ధిర్వేదమన్త్రానుసారిణీ.\n\nత్వత్కృతే సా కృతా వత్స! వనవాసానుసారిణీ৷৷2.45.24৷৷\n\n"
    },
    {
        "sloka": "హృదయేష్వేవ తిష్ఠన్తి వేదా యే నః పరం ధనమ్.\n\nవత్స్యన్త్యపి గృహేష్వేవ దారాశ్చారిత్రరక్షితాః৷৷2.45.25৷৷\n\n"
    },
    {
        "sloka": "న పునర్నిశ్చయః కార్యస్త్వద్గతౌ సుకృతా మతిః.\n\nత్వయి ధర్మవ్యపేక్షే తు కిం స్యాద్ధర్మపథే స్థితమ్৷৷2.45.26৷৷\n\n"
    },
    {
        "sloka": "యాచితో నో నివర్తస్వ హంసశుక్లశిరోరుహైః.\n\nశిరోభిర్నిభృతాచార మహీపతనపాంసులైః৷৷2.45.27৷৷\n\n"
    },
    {
        "sloka": "బహూనాం వితతా యజ్ఞా ద్విజానాం య ఇహాగతాః.\n\nతేషాం సమాప్తిరాయత్తా తవ వత్స! నివర్తనే৷৷2.45.28৷৷\n\n"
    },
    {
        "sloka": "భక్తిమన్తి హి భూతాని జఙ్గమాజఙ్గమాని చ.\n\nయాచమానేషు రామ! త్వం భక్తిం భక్తేషు దర్శయ৷৷2.45.29৷৷\n\n"
    },
    {
        "sloka": "అనుగన్తుమశక్తా స్త్వాం మూలైరుద్ధతవేగినః.\n\nఉన్నతా వాయువేగేన విక్రోశన్తీవ పాదపాః৷৷2.45.30৷৷\n\n"
    },
    {
        "sloka": "నిశ్చేష్టాహారసఞ్చారా వృక్షైకస్థానవిష్ఠితాః.\n\nపక్షిణోపి ప్రయాచన్తే సర్వభూతానుకమ్పినమ్৷৷2.45.31৷৷\n\n"
    },
    {
        "sloka": "ఏవం విక్రోశతాం తేషాం ద్విజాతీనాం నివర్తనే.\n\nదదృశే తమసా తత్ర వారయన్తీవ రాఘవమ్৷৷2.45.32৷৷\n\n"
    },
    {
        "sloka": "తతః సుమన్త్రోపి రథాద్విముచ్య\n\nశ్రాన్తాన్హయాన్సమ్పరివర్త్య శీఘ్రమ్.\n\nపీతోదకాంస్తోయపరిప్లుతాఙ్గా-\n\nనచారయద్వై తమసావిదూరే৷৷2.45.33৷৷\n\n"
    }
]