[
    {
        "sloka": "[Dasaratha tries to appease queen Kaikeyi.]\n\nఅతదర్హం మహారాజం శయానమతథోచితమ్.\n\nయయాతిమివ పుణ్యాన్తే దేవలోకాత్పరిచ్యుతమ్৷৷2.13.1৷৷\n\nఅనర్థరూపా సిద్ధార్థా హ్యభీతా భయదర్శినీ.\n\nపునరాకారయామాస తమేవ వరమఙ్గనా৷৷2.13.2৷৷\n\n"
    },
    {
        "sloka": "అతదర్హం మహారాజం శయానమతథోచితమ్.\n\nయయాతిమివ పుణ్యాన్తే దేవలోకాత్పరిచ్యుతమ్৷৷2.13.1৷৷\n\nఅనర్థరూపా సిద్ధార్థా హ్యభీతా భయదర్శినీ.\n\nపునరాకారయామాస తమేవ వరమఙ్గనా৷৷2.13.2৷৷\n\n"
    },
    {
        "sloka": "త్వం కత్థసే మహారాజ! సత్యవాదీ దృఢవ్రతః.\n\nమమ చేమం వరం కస్మాద్విధారయితుమిచ్ఛసి৷৷2.13.3৷৷\n\n"
    },
    {
        "sloka": "ఏవముక్తస్తు కైకేయ్యా రాజా దశరథస్తదా.\n\nప్రత్యువాచ తతః క్రుద్ధో ముహూర్తం విహ్వలన్నివ৷৷2.13.4৷৷\n\n"
    },
    {
        "sloka": "మృతే మయి గతే రామే వనం మనుజపుఙ్గవే.\n\nహన్తానార్యే! మమామిత్రే! సకామా సుఖినీ భవ৷৷2.13.5৷৷\n\n"
    },
    {
        "sloka": "స్వర్గేపి ఖలు రామస్య కుశలం దైవతైరహమ్.\n\nప్రత్యాదేశాదభిహితం ధారయిష్యే కథం బత৷৷2.13.6৷৷\n\n"
    },
    {
        "sloka": "కైకేయ్యాః ప్రియకామేన రామః ప్రవ్రాజితో మయా.\n\nయది సత్యం బ్రవీమ్యేతత్తదసత్యం భవిష్యతి৷৷2.13.7৷৷\n\n"
    },
    {
        "sloka": "అపుత్రేణ మయా పుత్రశ్శ్రమేణ మహతా మహాన్.\n\nరామో లబ్ధో మహాబాహు స్సకథం త్యజ్యతే మయా৷৷2.13.8৷৷\n\n"
    },
    {
        "sloka": "శూరశ్చ కృతవిద్యశ్చ జితక్రోధో క్షమాపరః.\n\nకథం కమలపత్రాక్షో మయా రామో వివాస్యతే৷৷2.13.9৷৷\n\n"
    },
    {
        "sloka": "కథమిన్దీవరశ్యామం దీర్ఘబాహుం మహాబలమ్.\n\nఅభిరామమహం రామం ప్రేషయిష్యామి దణ్డకాన్৷৷2.13.10৷৷\n\n"
    },
    {
        "sloka": "సుఖానాముచితస్యైవ దుఃఖైరనుచితస్య చ.\n\nదుఖం నామానుపశ్యేయం కథం రామస్య ధీమతః৷৷2.13.11৷৷\n\n"
    },
    {
        "sloka": "యది దుఃఖమకృత్వాద్య మమ సంక్రమణం భవేత్.\n\nఅదుఃఖార్హస్య రామస్య తత స్సుఖమవాప్నుయామ్৷৷2.13.12৷৷\n\n"
    },
    {
        "sloka": "నృశంసే! పాపసఙ్కల్పే రామం సత్యపరాక్రమమ్.\n\nకిం విప్రియేణ కైకేయి! ప్రియం యోజయసే మమ৷৷2.13.13৷৷\n\nఅకీర్తిరతులా లోకే ధ్రువం పరిభవశ్చ మే.\n\n"
    },
    {
        "sloka": "తథా విలపతస్తస్య పరిభ్రమితచేతసః৷৷2.13.14৷৷\n\nఅస్తమభ్యగమత్సూర్యో రజనీ చాభ్యవర్తత.\n\n"
    },
    {
        "sloka": "సా త్రియామా తథార్త్తస్య చన్ద్రమణ్డలమణ్డితా৷৷2.13.15৷৷\n\nరాజ్ఞో విలపమానస్య న వ్యభాసత శర్వరీ.\n\n"
    },
    {
        "sloka": "తథైవోష్ణం వినిశ్వస్య వృద్ధో దశరథో నృపః৷৷2.13.16৷৷\n\nవిలలాపార్తవద్యుఖం గగనాసక్తలోచనః.\n\n"
    },
    {
        "sloka": "న ప్రభాతం త్వయేచ్ఛామి నిశే! నక్షత్రభూషణే!৷৷2.13.17৷৷\n\nక్రియతాం మే దయా భద్రే! మయాయం రచితోఞ్జలిః.\n\n"
    },
    {
        "sloka": "అథవా గమ్యతాం శీఘ్రం నాహమిచ్ఛామి నిర్ఘృణామ్৷৷2.13.18৷৷\n\nనృశంసాం కైకయీం ద్రష్టుం యత్కృతే వ్యసనం మహత్.\n\n"
    },
    {
        "sloka": "ఏవముక్త్వా తతో రాజా కైకేయీం సంయతాఞ్జలిః৷৷2.13.19৷৷\n\nప్రసాదయామాస పునః కైకేయీం చేదమబ్రవీత్.\n\n"
    },
    {
        "sloka": "సాధు వృత్తస్య దీనస్య త్వద్గతస్య గతాయుషః৷৷2.1.20৷৷\n\nప్రసాదః క్రియతాం దేవి! భద్రే రాజ్ఞో విశేషతః.\n\n"
    },
    {
        "sloka": "శూన్యే న ఖలు సుశ్రోణి! మయేదం సముదాహృతమ్৷৷2.13.21৷৷\n\nకురు సాధు ప్రసాదం మే బాలే! సహృదయా హ్యసి.\n\n"
    },
    {
        "sloka": "ప్రసీద దేవి! రామోమేత్వద్దత్తం రాజ్యమవ్యమ్৷৷2.13.22৷৷\n\nలభతామసితాపాఙ్గే యశః పరమవాప్ను హి.\n\n"
    },
    {
        "sloka": "మమ రామస్య లోకస్య గురూణాం భరతస్య చ৷৷2.13.23৷৷\n\nప్రియమేతద్గురుశ్రోణి! కురు చారుముఖేక్షణే\n\n"
    },
    {
        "sloka": "విశుద్ధభావస్య సుదుష్టభావా \n\nతామ్రేక్షణస్యాశ్రుకలస్య రాజ్ఞః.\n\nశ్రుత్వా విచిత్రం కరుణం విలాపం \n\nభర్తుర్నృశంసా న చకార వాక్యమ్৷৷2.13.24৷৷\n\n"
    },
    {
        "sloka": "తతస్స రాజా పునరేవ మూర్ఛితః\n\nప్రియామతుష్టాం ప్రతికూలభాషిణీమ్.\n\nసమీక్ష్య పుత్రస్య వివాసనం ప్రతి \n\nక్షితౌ విసంజ్ఞో నిపపాత దుఖితః৷৷2.13.25৷৷\n\n"
    },
    {
        "sloka": "ఇతీవ రాజ్ఞో వ్యథితస్య సా నిశా \n\nజగామ ఘోరం శ్వసతో మనస్వినః\n\nవిబోధ్యమానః ప్రతిబోధనం తదా  \n\nనివారయామాస స రాజసత్తమః৷৷2.13.26৷৷\n\n"
    }
]