[
    {
        "sloka": "[Dasaratha commands Sumantra to bring Rama] \n\nతే తు తాం రజనీముష్య బ్రాహ్మణా వేదపారగాః.\n\nఉపతస్థురుపస్థానం సహ రాజపురోహితాః৷৷2.15.1৷৷\n\n"
    },
    {
        "sloka": "అమాత్యా బలముఖ్యాశ్చ ముఖ్యా యే నిగమస్య చ.\n\nరాఘవస్యాభిషేకార్థే ప్రియమాణాస్తు సంగతాః৷৷2.15.2৷৷\n\n"
    },
    {
        "sloka": "ఉదితే విమలే సూర్యే పుష్యే చాభ్యాగతేహని.\n\nలగ్నే కర్కటకే ప్రాప్తే జన్మ రామస్య చ స్థితే৷৷2.15.3৷৷\n\nఅభిషేకాయ రామస్య ద్విజేన్ద్రైరుపకల్పితమ్.\n\n"
    },
    {
        "sloka": "కాఞ్చనా జలకుమ్భాశ్చ భద్రపీఠం స్వలంకృతమ్৷৷2.15,4৷৷\n\nరథః చ సమ్యగాస్తీర్ణో భాస్వతా వ్యాఘ్రచర్మణా. \n\n"
    },
    {
        "sloka": "గఙ్గాయమునయోఃపుణ్యాత్సఙ్గమాదాహృతం జలమ్৷৷2.15.5৷৷\n\nయాశ్చాన్యా స్సరితః పుణ్యా హ్రదాః కూపా స్సరాంసి చ.\n\nప్రాగ్వాహాశ్చోర్ధ్వవాహాశ్చ తిర్యగ్వాహా స్సమాహితాః৷৷2.15.6৷৷\n\nతాభ్యశ్చైవాహృతం తోయం సముద్రేభ్యశ్చ సర్వశః.\n\n"
    },
    {
        "sloka": "సలాజాః క్షీరిభిశ్ఛన్నా ఘటాః కాఞ్చనరాజతాః৷৷2.15.7৷৷\n\nపద్మోత్పలయుతా భాన్తి పూర్ణాః పరమవారిణా.\n\n"
    },
    {
        "sloka": "క్షౌద్రం దధి ఘృతం లాజా దర్భా స్సుమనసః పయః৷৷2.15.8৷৷\n\nవేశ్యాశ్చైవ శుభాచారా స్సర్వాభరణభూషితాః.\n\n"
    },
    {
        "sloka": "చన్ద్రాంశువికచప్రఖ్యం కాఞ్చనం రత్నభూషితమ్৷৷2.15.9৷৷\n\nసజ్జం తిష్ఠతి రామస్య వాలవ్యజనముత్తమమ్.\n\n"
    },
    {
        "sloka": "చన్ద్రమణ్డలసఙ్కాశమాతపత్రం చ పాణ్డురమ్৷৷2.15.10৷৷\n\nసజ్జం ద్యుతికరం శ్రీమదభిషేకపురస్కృతమ్.  \n\n"
    },
    {
        "sloka": "పాణ్డురశ్చ వృషస్సజ్జః పాణ్డురోశ్వశ్చ సుస్థితః৷৷2.15.11৷৷\n\nప్రసృతశ్చ గజఃశ్రీమానౌపవాహ్యః ప్రతీక్షతే.\n\n"
    },
    {
        "sloka": "అష్టౌ చ కన్యా మాఙ్గల్యా స్సర్వాభరణభూషితాః৷৷2.15.12৷৷\n\nవాదిత్రాణి చ సర్వాణి వన్దినశ్చ తథాపరే.\n\n"
    },
    {
        "sloka": "ఇక్ష్వాకూణాం యథా రాజ్యే సంభ్రియేతాభిషేచనమ్৷৷2.15.13৷৷\n\nతథాజాతీయమాదాయ రాజపుత్రాభిషేచనమ్.\n\nతే రాజవచనాత్తత్ర సమవేతామహీపతిమ్৷৷2.15.14৷৷\n\nఅపశ్యన్తోబ్రువన్ కో ను రాజ్ఞో నః ప్రతివేదయేత్.\n\nన పశ్యామశ్చ రాజానముదితశ్చ దివాకరః৷৷2.15.15৷৷\n\nయౌవరాజ్యాభిషేకశ్చ సజ్జో రామస్య ధీమతః. \n\n"
    },
    {
        "sloka": "ఇతి తేషు బ్రువాణేషు సార్వభౌమాన్ మహీపతీన్৷৷2.15.16৷৷\n\nఅబ్రవీత్తానిదం సర్వాన్సుమన్త్రో రాజసత్కృతః.\n\n"
    },
    {
        "sloka": "రామం రాజ్ఞో నియోగేన త్వరయా ప్రస్థితోస్మ్యహమ్৷৷2.15.17৷৷\n\nపూజ్యా రాజ్ఞో భవన్తస్తు రామస్య చ విశేషతః.\n\n"
    },
    {
        "sloka": "అయం పృచ్ఛామి వచనాత్సుఖమాయుష్మతామహమ్৷৷2.15.18৷৷\n\nరాజ్ఞః సంప్రతి బుద్ధస్య యచ్చాగమనకారణమ్.\n\n"
    },
    {
        "sloka": "ఇత్యుక్త్వాన్తః పురద్వారమాజగామ పురాణవిత్৷৷2.15.19৷৷\n\nసదాసక్తం చ తద్వేశ్మ సుమన్త్రః ప్రవివేశ హ.\n\n"
    },
    {
        "sloka": "తుష్టావాస్య తదా వంశం ప్రవిశ్య స విశాంపతేః৷৷2.15.20৷৷\n\nశయనీయం నరేన్ద్రస్య తదాసాద్య వ్యతిష్ఠత.\n\n"
    },
    {
        "sloka": "సోత్యాసాద్య తు తద్వేశ్మ తిరస్కరణిమన్తరా৷৷2.15.21৷৷\n\nఆశీర్భిర్గుణయుక్తాభి రభితుష్టావ రాఘవమ్. \n\n"
    },
    {
        "sloka": "సోమసూర్యౌ చ కాకుత్స్థ! శివవైశ్రవణావపి৷৷2.15.22৷৷\n\nవరుణశ్చాగ్నిరిన్ద్రశ్చ విజయం ప్రదిశన్తు తే. \n\n"
    },
    {
        "sloka": "గతా భగవతీ రాత్రిరహః శివముపస్థితమ్৷৷2.15.23৷৷\n\nబుద్ధ్యస్వ నృపశార్దూల! కురు కార్యమనన్తరమ్.\n\n"
    },
    {
        "sloka": "బ్రాహ్మణా బలముఖ్యాశ్చ నైగమాశ్చాగతా నృప!৷৷2.15.24৷৷\n\nదర్శనం తేభికాంక్షన్తే ప్రతిబుధ్యస్వ రాఘవ.\n\n"
    },
    {
        "sloka": "స్తువన్తం తం తదా సూతం సుమన్త్రం మన్త్రకోవిదమ్৷৷2.15.25৷৷\n\nప్రతిబుధ్య తతో రాజా ఇదం వచనమబ్రవీత్.\n\n"
    },
    {
        "sloka": "రామమానయ సూతేతి యదస్యభిహితోనయా৷৷2.15.26৷৷\n\nకిమిదం కారణం యేన మమాజ్ఞా ప్రతిహన్యతే.\n\n"
    },
    {
        "sloka": "న చైవ సంప్రసుప్తోహమానయేహాశు రాఘవమ్৷৷2.15.27৷৷\n\nఇతి రాజా దశరథ స్సూతం తత్రాన్వశాత్పునః.\n\n"
    },
    {
        "sloka": "స రాజవచనం శ్రుత్వా శిరసా ప్రతిపూజ్య తమ్৷৷2.15.28৷৷\n\nనిర్జగామ నృపావాసాన్మన్యమానః ప్రియం మహత్.\n\n"
    },
    {
        "sloka": "ప్రసన్నో రాజమార్గం చ పతాకాధ్వజశోభితమ్৷৷2.15.29৷৷\n\nహృష్టః ప్రముదిత స్సూతో జగామాశు విలోకయన్.\n\n"
    },
    {
        "sloka": "స సూతస్తత్ర శుశ్రావ రామాధికరణాః కథాః৷৷2.15.30৷৷\n\nఅభిషేచనసంయుక్తాస్సర్వలోకస్య హృష్టవత్.\n\n"
    },
    {
        "sloka": "తతో దదర్శ రుచిరం కైలాసశిఖరప్రభమ్৷৷2.15.31৷৷\n\nరామవేశ్మ సుమన్త్రస్తు శక్రవేశ్మసమప్రభమ్.\n\n"
    },
    {
        "sloka": "మహాకవాటవిహితం వితర్దిశతశోభితమ్৷৷2.15.32৷৷\n\nకాఞ్చనప్రతిమైకాగ్రం మణివిద్రుమతోరణమ్.\t\t\t\t\n\nశారదాభ్రఘనప్రఖ్యం దీప్తం మేరుగుహోపమమ్৷৷2.15.33৷৷\n\nమణిభిర్వరమాల్యానాం సముహద్భిరలంకృతమ్.\n\nముక్తామణిభిరాకీర్ణం చన్దనాగరూధూపితమ్৷৷2.15.34৷৷\n\nగన్ధాన్మనోజ్ఞాన్ విసృజద్దార్దురం శిఖరం యథా.\n\nసారసైశ్చ మయూరైశ్చ వినదద్భిర్విరాజితమ్৷৷2.15.35৷৷\n\nసుకృతేహామృగాకీర్ణం సుకీర్ణం భక్తిభిస్తథా.\n\nమనశ్చక్షుశ్చ భూతానామాదదత్తిగ్మతేజసా৷৷2.15.36৷৷\n\nచన్ద్రభాస్కరసఙ్కాశం కుబేరభవనోపమమ్.\n\nమహేన్ద్రధామప్రతిమం నానాపక్షిసమాకులమ్৷৷2.15.37৷৷\n\nమేరుశృఙ్గసమం సూతో రామవేశ్మ దదర్శ హ.\n\nఉపస్థితైఃసమాకీర్ణం జనైరఞ్జలికారిభిః৷৷2.15.38৷৷\n\nఉపాదాయ సమాక్రాన్తైస్తథా జానపదైర్జనైః.\n\nరామాభిషేకసుముఖైరున్ముఖైస్సమలంకృతమ్৷৷2.15.39৷৷\n\nమహామేఘసమప్రఖ్యముదగ్రం సువిభూషితమ్.\n\nనానారత్నసమాకీర్ణం కుబ్జకైరాతకావృతమ్৷৷2.15.40৷৷\n\n"
    },
    {
        "sloka": "స వాజియుక్తేన రథేన సారథిః\n\nనరాకులం రాజకులం విరాజయన్.\n\nవరూథినా రామగృహాభిపాతినా   \n\nపురస్య సర్వస్య మనాంసి హర్షయన్৷৷2.15.41৷৷\n\n"
    },
    {
        "sloka": "తతస్సమాసాద్య మహాధనం మహత్\n\nప్రహృష్టరోమా స బభూబ సారథిః.  \n\nమృర్గైర్మయూరైశ్చ సమాకులోల్బణం                  \n\nగృహం వరార్హస్య శచీపతేరివ৷৷2.15.42৷৷\n\n"
    },
    {
        "sloka": "స తత్ర కైలాసనిభాస్స్వలంకృతాః\n\nప్రవిశ్య కక్ష్యాస్త్రిదశాలయోపమాః.\n\nప్రియాన్వరాన్ రామమతే స్థితాన్ బహూన్\n\nవ్యపోహ్య శుద్ధాన్తముపస్థితో రథీ৷৷2.15.43৷৷\n\n"
    },
    {
        "sloka": "స తత్ర శుశ్రావ చ హర్షయుక్తాః\n\nరామాభిషేకార్థకృతా జనానామ్.\n\nనరేన్ద్రసూనోరభిమఙ్గలార్థాః\n\nసర్వస్య లోకస్య గిరః ప్రహృష్టః৷৷2.15.44৷৷ \n\n"
    },
    {
        "sloka": "మహేన్ద్రసద్మప్రతిమం తు వేశ్మ\n\nరామస్య రమ్యం మృగపక్షి జుష్టమ్.\n\nదదర్శ మేరోరివ శ్రుఙ్గముచ్చం\n\nవిభ్రాజమానం ప్రభయా సుమన్త్రః৷৷2.15.45৷৷\n\n"
    },
    {
        "sloka": "ఉపస్థితైరఞ్జలికారకైశ్చ\n\nసోపాయనైర్జానపదైర్జనైశ్చ.\n\nకోట్యా పరార్ధైశ్చ విముక్తయానైః\n\nసమాకులం ద్వారపథం దదర్శ৷৷2.15.46৷৷\n\n"
    },
    {
        "sloka": "తతో మహామేఘమహీధరాభం \n\nప్రభిన్నమత్యఙ్కుశమత్యసహ్యమ్.\n\nరామౌపవాహ్యం రుచిరం దదర్శ\n\nశత్రుఞ్జయం నాగముదగ్రకాయమ్৷৷2.15.47৷৷     \n\n"
    },
    {
        "sloka": "స్వలఙ్కృతాన్ సాశ్వరథాన్ సకుఞ్జరా-\n\nనమాత్య ముఖ్యాంశ్చ దదర్శ వల్లభాన్.\n\nవ్యపోహ్య సూతస్సహితాన్ సమన్తతః\n\nసమృద్ధమన్తఃపురమావివేశ హ৷৷2.15.48৷৷\n\n"
    },
    {
        "sloka": "తదన్ద్రికూటాచలమేఘసన్నిభం \n\nమహావిమానోపమవేశ్మసంయుతమ్.\n\nఅవార్యమాణః ప్రవివేశ సారథిః\n\nప్రభూతరత్నం మకరో యథార్ణవమ్৷৷2.15.49৷৷\n\n"
    }
]