[
    {
        "sloka": "[Messengers from Ayodhya arrive as Bharata was describing his nightmare to his friends --- the message of Vasistha is conveyed to Bharata to hurry back to Ayodhya --- departure of Bharata and Satrughna to Ayodhya.]\n\nభరతే బ్రువతి స్వప్నం దూతాస్తే క్లాన్తవాహనాః.\n\nప్రవిశ్యాసహ్యపరిఖం రమ్యం రాజగృహం పురమ్৷৷2.70.1৷৷\n\nసమాగమ్య తు రాజ్ఞా చ రాజపుత్రేణ చార్చితాః \n\nరాజ్ఞః పాదౌ గృహీత్వా తు తమూచుర్భరతం వచః৷৷2.70.2৷৷\n\n"
    },
    {
        "sloka": "భరతే బ్రువతి స్వప్నం దూతాస్తే క్లాన్తవాహనాః.\n\nప్రవిశ్యాసహ్యపరిఖం రమ్యం రాజగృహం పురమ్৷৷2.70.1৷৷\n\nసమాగమ్య తు రాజ్ఞా చ రాజపుత్రేణ చార్చితాః \n\nరాజ్ఞః పాదౌ గృహీత్వా తు తమూచుర్భరతం వచః৷৷2.70.2৷৷\n\n"
    },
    {
        "sloka": "పురోహితస్త్వాం కుశలం ప్రాహ సర్వే చ మన్త్రిణః.\n\nత్వరమాణశ్చ నిర్యాహి కృత్యమాత్యయికం త్వయా৷৷2.70.3৷৷\n\n"
    },
    {
        "sloka": "ఇమాని చ మహార్హాణి వస్త్రాణ్యాభరణాని చ.\n\nప్రతిగృహ్య విశాలక్ష! మాతులస్య చ దాపయ৷৷2.70.4৷৷\n\n"
    },
    {
        "sloka": "అత్ర విశంతికోట్యస్తు నృపతేర్మాతులస్య తే.\n\nదశకోట్యస్తు సమ్పూర్ణాస్తథైవ చ నృపాత్మజ৷৷2.70.5৷৷\n\n"
    },
    {
        "sloka": "ప్రతిగృహ్య తు తత్సర్వం స్వనురక్త స్సుహృజ్జనే.\n\nదూతానువాచ భరతః కామైస్సమ్ప్రతిపూజ్య తాన్৷৷2.70.6৷৷\n\n"
    },
    {
        "sloka": "కచ్చిత్సుకుశలీ రాజా పితా దశరథో మమ.\n\nకచ్చిచ్చారోగతా రామే లక్ష్మణే చ మహాత్మని৷৷2.70.7৷৷\n\n"
    },
    {
        "sloka": "ఆర్యా చ ధర్మనిరతా ధర్మజ్ఞా ధర్మదర్శినీ.\n\nఅరోగా చాపి కౌసల్యా మాతా రామస్య ధీమతః৷৷2.70.8৷৷\n\n"
    },
    {
        "sloka": "కచ్చిత్సుమిత్రా ధర్మజ్ఞా జననీ లక్ష్మణస్య యా.\n\nశత్రుఘ్నస్య చ వీరస్య సారోగా చాపి మధ్యమా৷৷2.70.9৷৷\n\n"
    },
    {
        "sloka": "ఆత్మకామా సదా చణ్డీ క్రోధనా ప్రాజ్ఞమానినీ.\n\nఅరోగా చాపి మే మాతా కైకేయీ కిమువాచ హ৷৷2.70.10৷৷\n\n"
    },
    {
        "sloka": "ఏవముక్తాస్తు తే దూతాః భరతేన మహాత్మనా.\n\nఊచుస్సప్రశ్రయం వాక్యమిదం తం భరతం తదా৷৷2.70.11৷৷\n\n"
    },
    {
        "sloka": "కుశలాస్తే నరవ్యాఘ్ర! యేషాం కుశలమిచ్ఛసి.\n\nశ్రీశ్చ త్వాం వృణుతే పద్మా యుజ్యతాం చాపి తే రథః৷৷2.70.12৷৷\n\n"
    },
    {
        "sloka": "భరతశ్చాపి తాన్ దూతానేవముక్తోభ్యభాషత.\n\nఆపృచ్చేహం మహారాజం దూతాస్సన్త్వరయన్తి మామ్৷৷2.70.13৷৷\n\n"
    },
    {
        "sloka": "ఏవముక్త్వా తు తాన్ దూతాన్భరతః పార్థివాత్మజః.\n\nదూతై స్సఞ్చోదితో వాక్యం మాతామహమువాచ హ৷৷2.70.14৷৷\n\n"
    },
    {
        "sloka": "రాజన్! పితుర్గమిష్యామి సకాశం దూతచోదితః.\n\nపునరప్యహమేష్యామి యదా మే త్వం స్మరిష్యసి৷৷2.70.15৷৷\n\n"
    },
    {
        "sloka": "భరతేనైవముక్తస్తు నృపో మాతామహస్తదా.\n\nతమువాచ శుభం వాక్యం శిరస్యాఘ్రాయ రాఘవమ్৷৷2.70.16৷৷\n\n"
    },
    {
        "sloka": "గచ్ఛ తాతానుజానే త్వాం కైకేయీసుప్రజాస్త్వయా.\n\nమాతరం కుశలం బ్రూయాః పితరం చ పరన్తప৷৷2.70.17৷৷\n\n"
    },
    {
        "sloka": "పురోహితం చ కుశలం యే చాన్యే ద్విజసత్తమాః.\n\nతౌ చ తాత! మహేష్వాసౌ భ్రాతరౌ రామలక్ష్మణౌ৷৷2.70.18৷৷\n\n"
    },
    {
        "sloka": "తస్మై హస్త్యుత్తమాంశ్చిత్రాన్కమ్బలానజినాని చ.\n\nఅభిసత్కృత్య కైకేయో భరతాయ ధనం దదౌ৷৷2.70.19৷৷\n\n"
    },
    {
        "sloka": "రుక్మనిష్కసహస్రే ద్వే షోడశాశ్వశతాని చ.\n\nసత్కృత్య కైకయీపుత్రం కేకయో ధనమాదిశత్৷৷2.70.20৷৷\n\n"
    },
    {
        "sloka": "తథామాత్యానభిప్రేతాన్విశ్వాస్యాంశ్చ గుణాన్వితాన్.\n\nదదావశ్వపతిః క్షిప్రం భరతాయానుయాయినః৷৷2.70.21৷৷\n\n"
    },
    {
        "sloka": "ఐరావతానైన్ద్రశిరాన్నాగాన్వై ప్రియదర్శనాన్.\n\nఖరాన్ శ్రీఘ్రాన్సుసంయుక్తాన్మాతులోస్మై ధనం దదౌ৷৷2.70.22৷৷\n\n"
    },
    {
        "sloka": "అన్తఃపురేతి సంవృద్ధాన్ వ్యాఘ్రవీర్యబలాన్వితాన్.  \n\nదంష్ట్రాయుధాన్మహాకాయాన్ శునశ్చోపాయనం దదౌ৷৷2.70.23৷৷ \n\n"
    },
    {
        "sloka": "స దత్తం కేకయేన్ద్రేణ ధనం తన్నాభ్యనన్దత.\n\nభరతః కైకయీపుత్రో గమనత్వరయా తదా৷৷2.70.24৷৷\n\n"
    },
    {
        "sloka": "బభూవ హ్యస్య హృదయే చిన్తా సుమహతీ తదా.\n\nత్వరయా చాపి దూతానాం స్వప్నస్యాపి చ దర్శనాత్৷৷2.70.25৷৷\n\n"
    },
    {
        "sloka": "స స్వవేశ్మాభ్యతిక్రమ్య నరనాగాశ్వసంవృతమ్.\n\nప్రపేదే సుమహచ్ఛ్రీమాన్రాజమార్గమనుత్తమమ్৷৷2.70.26৷৷\n\n"
    },
    {
        "sloka": "అభ్యతీత్య తతోపశ్యదన్తఃపురముదారధీః.\n\nతతస్తద్భరతశ్శ్రీమానావివేశానివారితః৷৷2.70.27৷৷\n\n"
    },
    {
        "sloka": "స మాతామహమాపృచ్ఛ్య మాతులం చ యుధాజితమ్.\n\nరథమారుహ్య భరతశ్శత్రుఘ్నసహితో యయౌ৷৷2.70.28৷৷\n\n"
    },
    {
        "sloka": "రథాన్మణ్డల చక్రాంశ్చ యోజయిత్వా పరశ్శతమ్.\n\nఉష్ట్ర గోశ్వబలైర్భృత్యా భరతం యాన్తమన్వయుః৷৷2.70.29৷৷\n\n"
    },
    {
        "sloka": "బలేన గుప్తో భరతో మహాత్మా సహార్యకస్యాత్మసమైరమాత్యైః.\n\nఆదాయ శత్రుఘ్నమపేతశత్రుర్గృహాద్యయౌ సిద్ధ ఇవేన్ద్రలోకాత్৷৷2.70.30৷৷\n\n"
    }
]