[
    {
        "sloka": "[Guha relates to Bharata about Rama's life in the forest contrary to the life in Ayodhya.] \n\nతచ్ఛ్రుత్వా నిపుణం సర్వం భరత స్సహ మన్త్రిభిః.\n\nఇఙ్గుదీమూలమాగమ్య రామశయ్యామవేక్ష్య తామ్৷৷2.88.1৷৷\n\nఅబ్రవీజ్జననీ స్సర్వా ఇహ తేన మహాత్మనా.\n\nశర్వరీ శయితా భూమావిదమస్య విమర్దితమ్৷৷2.88.2৷৷\n\n"
    },
    {
        "sloka": "\n\nతచ్ఛ్రుత్వా నిపుణం సర్వం భరత స్సహ మన్త్రిభిః.\n\nఇఙ్గుదీమూలమాగమ్య రామశయ్యామవేక్ష్య తామ్৷৷2.88.1৷৷\n\nఅబ్రవీజ్జననీ స్సర్వా ఇహ తేన మహాత్మనా.\n\nశర్వరీ శయితా భూమావిదమస్య విమర్దితమ్৷৷2.88.2৷৷\n\n"
    },
    {
        "sloka": "మహాభాగకులీనేన మహాభాగేన ధీమతా.\n\nజాతో దశరథేనోర్వ్యాం న రామస్స్వప్తు మర్హతి৷৷2.88.3৷৷\n\n"
    },
    {
        "sloka": "అజినోత్తరసంస్తీర్ణే వరాస్తరణసంచయే.\n\nశయిత్వా పురుషవ్యాఘ్రః కథం శేతే మహీతలే৷৷2.88.4৷৷\n\n"
    },
    {
        "sloka": "ప్రాసాదాగ్రవిమానేషు వలభీషు చ సర్వదా.\n\nహైమరాజతభౌమేషు వరాస్తరణశాలిషు৷৷2.88.5৷৷\n\nపుష్పసఞ్చయచిత్రేషు చన్దనాగరుగన్ధిషు.\n\nపాణ్డురాభ్రప్రకాశేషు శుకసఙ్ఘరూతేషుచ৷৷2.88.6৷৷\n\nప్రాసాదవరవర్యేషు శీతవత్సు సుగన్ధిషు.\n\nఉషిత్వామేరుకల్పేషు కృతకాఞ్చన భిత్తిషు৷৷2.88.7৷৷\n\nగీతవాదిత్రనిర్ఘోషైర్వరాభరణనిస్స్వనైః.\n\nమృదఙ్గవరశబ్దైశ్చ సతతం ప్రతిబోధితః৷৷2.88.8৷৷\n\nవన్దిభిర్వన్దితః కాలే బహుభి స్సూతమాగధైః.\n\nగాథాభిరనురూపాభి స్స్తుతిభిశ్చ పరన్తపః৷৷2.88.9৷৷\n\n"
    },
    {
        "sloka": "అశ్రద్ధేయమిదం లోకే న సత్యం ప్రతిభాతి మా.\n\nముహ్యతే ఖలు మే భావ స్స్వప్నోయమితి మే మతిః৷৷2.88.10৷৷\n\n"
    },
    {
        "sloka": "న నూనం దైవతం కించిత్కాలేన బలవత్తరమ్.\n\nయత్ర దాశరథీ రామో భూమావేవ శయీత సః৷৷2.88.11৷৷\n\n"
    },
    {
        "sloka": "విదేహరాజస్య సుతా సీతా చ ప్రియదర్శనా.\n\nదయితా శయితా భూమౌ స్నుషా దశరథస్య చ৷৷2.88.12৷৷\n\n"
    },
    {
        "sloka": "ఇయం శయ్యా మమ భ్రాతురిదం హి పరివర్తితమ్.\n\nస్థణ్డిలే కఠినే సర్వం గాత్రై ర్విమృదితం తృణమ్৷৷2.88.13৷৷\n\n"
    },
    {
        "sloka": "మన్యే సాభరణా సుప్తా సీతాస్మిఞ్ఛయనోత్తమే.\n\nతత్ర తత్ర హి దృశ్యన్తే సక్తాః కనకబిన్దవః৷৷2.88.14৷৷\n\n"
    },
    {
        "sloka": "ఉత్తరీయమిహాసక్తం సువ్యక్తం సీతయా తదా.\n\nతథా హ్యేతే ప్రకాశన్తే సక్తాః కౌశేయతన్తవః৷৷2.88.15৷৷\n\n"
    },
    {
        "sloka": "మన్యే భర్తు స్సుఖా శయ్యా యేన బాలా తపస్వినీ.\n\nసుకుమారీ సతీ దుఃఖం న హి విజానాతి మైథిలీ৷৷2.88.16৷৷\n\n"
    },
    {
        "sloka": "హా హన్తాస్మి నృశంసోహం యత్సభార్యః కృతే మమ.\n\nఈదృశీం రాఘవశ్శయ్యామధిశేతే హ్యనాథవత్৷৷2.88.17৷৷\n\n"
    },
    {
        "sloka": "సార్వభౌమకులే జాత స్సర్వలోకస్య సమ్మతః.\n\nసర్వలోకప్రియస్త్యక్త్వా రాజ్యం సుఖమనుత్తమ్৷৷2.88.18৷৷\n\nకథమిన్దీవరశ్యామో రక్తాక్షః ప్రియదర్శనః.\n\nసుఖభాగీ న దుఃఖార్హ శ్శయితో భువి రాఘవః৷৷2.88.19৷৷\n\n"
    },
    {
        "sloka": "ధన్యః ఖలు మహాభాగో లక్ష్మణ శ్శుభలక్షణః.\n\nభ్రాతరం విషమే కాలే యో రామమనువర్తతే৷৷2.88.20৷৷\n\n"
    },
    {
        "sloka": "సిద్ధార్థా ఖలు వైదేహీ పతిం యానుగతా వనమ్.\n\nవయం సంశయితా స్సర్వే హీనాస్తేన మహాత్మనా৷৷2.88.21৷৷\n\n"
    },
    {
        "sloka": "ఆకర్ణధారా పృథివీ నౌః ఇవ ప్రతిభాతి మా.\n\nగతే దశరథే స్వర్గం రామే చారణ్యమాశ్రితే৷৷2.88.22৷৷\n\n"
    },
    {
        "sloka": "న చ ప్రార్థయతే కచ్చిన్మనసాపి వసున్ధరామ్.\n\nవనేపి వసతస్తస్య బాహువీర్యాభిరక్షితామ్৷৷2.88.23৷৷\n\n"
    },
    {
        "sloka": "శూన్యసంవరణారక్షామయన్త్రితహయద్విపామ్.\n\nఅపావృతపురద్వారాం రాజధానీమరక్షితామ్৷৷2.88.24৷৷\n\nఅప్రహృష్టబలాం శూన్యాం విషమస్థామనావృతామ్.\n\nశత్రవో నాభిమన్యన్తే భక్షాన్విషకృతానివ৷৷2.88.25৷৷\n\n"
    },
    {
        "sloka": "అద్యప్రభృతి భూమౌ తు శయిష్యేహం తృణేషు వా.\n\nఫలమూలాశనో నిత్యం జటాచీరాణి ధారయన్৷৷2.88.26৷৷\n\n"
    },
    {
        "sloka": "తస్యార్థముత్తరం కాలం నివత్స్యామి సుఖం వనే.\n\nతం ప్రతిశ్రవమాముచ్య నాస్య మిథ్యా భవిష్యతి৷৷2.88.27৷৷\n\n"
    },
    {
        "sloka": "వసన్తం భ్రాతురర్థాయ శత్రుఘ్నో మానువత్స్యతి.\n\nలక్ష్మణేన సహత్వార్యో హ్యయోధ్యాం పాలయిష్యతి৷৷2.88.28৷৷\n\n"
    },
    {
        "sloka": "అభిషేక్ష్యన్తి కాకుత్స్థమయోధ్యాయాం ద్విజాతయః.\n\nఅపి మే దేవతాః కుర్యురిమం సత్యం మనోరథమ్৷৷2.88.29৷৷\n\n"
    },
    {
        "sloka": "ప్రసాద్యమాన శ్శిరసా మయా స్వయం బహుప్రకారం యది నాభిపత్స్యతే.\n\nతతోనువత్స్యామి చిరాయ రాఘవమ్ వనేచరన్నార్హతి మాముపేక్షితుమ్৷৷2.88.30৷৷\n\n"
    }
]