[
    {
        "sloka": "[Bharadwaja welcomes Bharata and Vasistha --- Bharata discloses his intention to get back Rama.]\n\nభరద్వాజాశ్రమం దృష్ట్వా క్రోశాదేవ నరర్షభః.\n\nబలం సర్వమవస్థాప్య జగామ సహ మన్త్రిభిః৷৷2.90.1৷৷\n\nపద్భ్యామేవ హి ధర్మజ్ఞో న్యస్తశస్త్రపరిచ్ఛదః.\n\nవసానో వాససీ క్షౌమే పురోధాయ పురోధసమ్৷৷2.90.2৷৷\n\n"
    },
    {
        "sloka": "భరద్వాజాశ్రమం దృష్ట్వా క్రోశాదేవ నరర్షభః.\n\nబలం సర్వమవస్థాప్య జగామ సహ మన్త్రిభిః৷৷2.90.1৷৷\n\nపద్భ్యామేవ హి ధర్మజ్ఞో న్యస్తశస్త్రపరిచ్ఛదః.\n\nవసానో వాససీ క్షౌమే పురోధాయ పురోధసమ్৷৷2.90.2৷৷\n\n"
    },
    {
        "sloka": "తత స్సన్దర్శనే తస్య భరద్వాజస్య రాఘవః.\n\nమన్త్రిణస్తానవస్థాప్య జగామానుపురోహితమ్৷৷2.90.3৷৷\n\n"
    },
    {
        "sloka": "వసిష్ఠమథ దృష్ట్వైవ భరద్వాజో మహాతపాః.\n\nసఞ్చచాలాసనాత్తూర్ణం శిష్యానర్ఘ్యమితి బ్రువన్৷৷2.90.4৷৷\n\n"
    },
    {
        "sloka": "సమాగమ్య వసిష్ఠేన భరతేనాభివాదితః.\n\nఅబుద్ధ్యత మహాతేజాస్సుతం దశరథస్య తమ్৷৷2.90.5৷৷\n\n"
    },
    {
        "sloka": "తాభ్యామర్ఘ్యం చ పాద్యం చ దత్వా పశ్చాత్ఫలాని చ.\n\nఆనుపూర్వ్యాచ్ఛ ధర్మజ్ఞః పప్రచ్ఛ కుశలం కులే৷৷2.90.6৷৷\n\n"
    },
    {
        "sloka": "అయోధ్యాయాం బలే కోశే మిత్రేష్వపి చ మన్త్రిషు.\n\nజానన్ దశరథం వృత్తం న రాజానముదాహరత్৷৷2.90.7৷৷\n\n"
    },
    {
        "sloka": "వసిష్ఠో భరతశ్చైనం పప్రచ్ఛతురనామయమ్.\n\nశరీరేగ్నిషు వృక్షేషు శిష్యేషు మృగపక్షిషు৷৷2.90.8৷৷\n\n"
    },
    {
        "sloka": "తథేతి తత్ప్రతిజ్ఞాయ భరద్వాజో మహాతపాః.\n\nభరతం ప్రత్యువాచేదం రాఘవస్నేహబన్ధనాత్৷৷2.90.9৷৷\n\n"
    },
    {
        "sloka": "కిమిహాగమనే కార్యం తవ రాజ్యం ప్రశాసతః.\n\nఏతదాచక్ష్వ మే సర్వం న హి మే శుద్ధ్యతే మనః৷৷2.90.10৷৷\n\n"
    },
    {
        "sloka": "సుషువే యమమిత్రఘ్నం కౌసల్యానన్దవర్ధనమ్.\n\nభ్రాత్రా సహ సభార్యో యశ్చిరం ప్రవ్రాజితో వనమ్৷৷2.90.11৷৷\n\nనియుక్తః స్త్రీనియుక్తేన పిత్రా యోసౌ మహాయశాః.\n\nవనవాసీ భవేతీహ సమాః కిల చతుర్దశ৷৷2.90.12৷৷\n\nకచ్ఛిన్న తస్యాపాపస్య పాపం కర్తుమిహేచ్ఛసి.\n\nఅకణ్టకం భోక్తుమనా రాజ్యం తస్యానుజస్య చ৷৷2.90.13৷৷\n\n"
    },
    {
        "sloka": "ఏవముక్తో భరద్వాజం భరతః ప్రత్యువాచ హ.\n\nపర్యశ్రునయనో దుఃఖాద్వాచా సంసజ్జమానయా৷৷2.90.14৷৷\n\n"
    },
    {
        "sloka": "హతోస్మి యది మామేవం భగవానపి మన్యతే.\n\nమత్తో న దోషమాశఙ్కే నైవం మామనుశాస్తు హి.2.90.15৷৷\n\n"
    },
    {
        "sloka": "న చైతదిష్టం మాతా మే యదవోచన్మదన్తరే.\n\nనాహమేతేన తుష్టశ్చ న తద్వచనమాదదే৷৷2.90.16৷৷\n\n"
    },
    {
        "sloka": "అహం తు తం నరవ్యాఘ్రముపయాతః ప్రసాదకః.\n\nప్రతినేతుమయోధ్యాం చ పాదౌ తస్యాభివన్దితుమ్৷৷2.90.17৷৷\n\n"
    },
    {
        "sloka": "త్వం మామేవంగతం మత్వా ప్రసాదం కర్తుమర్హసి.\n\nశంస మే భగవన్రామః క్వ సమ్ప్రతి మహీపతిః৷৷2.90.18৷৷\n\n"
    },
    {
        "sloka": "వశిష్ఠాదిభిః ఋత్విగ్భిర్యాచితో భగవాంస్తతః.\n\nఉవాచ తం భరద్వాజః ప్రసాదాద్భరతం వచః.2.90.19৷৷\n\n"
    },
    {
        "sloka": "త్వయ్యేతత్పురుషవ్యాఘ్ర యుక్తం రాఘవవంశజే.\n\nగురువృత్తిర్దమశ్చైవ సాధూనామనుయాయితా৷৷2.90.20৷৷\n\n"
    },
    {
        "sloka": "జానే చైతన్మనస్థం తే దృఢీకరణమస్త్వితి.\n\nఅపృచ్ఛం త్వాం తథాత్యర్థం కీర్తిం సమభివర్ధయన్৷৷2.90.21৷৷\n\n"
    },
    {
        "sloka": "జానే చ రామం ధర్మజ్ఞం ససీతం సహలక్ష్మణమ్.\n\nఅసౌ వసతి తే భ్రాతా చిత్రకూటే మహాగిరౌ৷৷2.90.22৷৷\n\n"
    },
    {
        "sloka": "శ్వస్తు గన్తాసి తం దేశం వసాద్య సహ మన్త్రిభిః.\n\nఏతన్మే కురు సుప్రాజ్ఞ కామం కామార్థకోవిద৷৷2.90.23৷৷\n\n"
    },
    {
        "sloka": "తతస్తథేత్యేవముదారదర్శనః ప్రతీతరూపో భరతోబ్రవీద్వచః.\n\nచకార బుద్ధిం చ తదా తదాశ్రమే నిశానివాసాయ నరాధిపాత్మజః৷৷2.90.24৷৷\n\n"
    }
]