[
    {
        "sloka": "[Dasaratha commends to the assembly of elders and counsellors for installation of Rama as Prince Regent-- Assembly approves the proposal of Dasaratha with delight describing the virtues of Rama in support of their approval.]\n\nతతః పరిషదం సర్వామామన్త్ర్య వసుధాధిపః.\n\nహితముద్ధర్షణం చైవమువాచ ప్రథితం వచః৷৷2.2.1৷৷\n\n"
    },
    {
        "sloka": "దున్దుభిస్వనకల్పేన గమ్భీరేణానునాదినా.\n\nస్వరేణ మహతా రాజా జీమూత ఇవ నాదయన్৷৷2.2.2৷৷\n\nరాజలక్షణయుక్తేన కాన్తేనానుపమేన చ.\n\nఉవాచ రసయుక్తేన స్వరేణ నృపతిర్నృపాన్৷৷2.2.3৷৷\n\n"
    },
    {
        "sloka": "విదితం భవతామేతద్యథా మే రాజ్యముత్తమమ్.\n\nపూర్వకైర్మమ రాజేన్ద్రైస్సుతవత్పరిపాలితమ్৷৷2.2.4৷৷\n\n"
    },
    {
        "sloka": "సోహమిక్ష్వాకుభి స్సర్వైర్నరేన్ద్రైః పరిపాలితమ్.\n\nశ్రేయసా యోక్తుకామోస్మి సుఖార్హమఖిలం జగత్৷৷2.2.5৷৷\n\n"
    },
    {
        "sloka": "మయాప్యాచరితం పూర్వైః పన్థానమనుగచ్ఛతా.\n\nప్రజా నిత్యమనిద్రేణ యథాశక్త్యభిరక్షితాః৷৷2.2.6৷৷\n\n"
    },
    {
        "sloka": "ఇదం శరీరం కృత్స్నస్య లోకస్య చరతా హితమ్.\n\nపాణ్డురస్యాతపత్రస్యచ్ఛాయాయాం జరితం మయా৷৷2.2.7৷৷\n\n"
    },
    {
        "sloka": "ప్రాప్య వర్షసహస్రాణి బహూన్యాయూంషి జీవతః.\n\nజీర్ణస్యాస్య శరీరస్య విశ్రాన్తిమభిరోచయే৷৷2.2.8৷৷\n\n"
    },
    {
        "sloka": "రాజప్రభావజుష్టాం హి దుర్వహామజితేన్ద్రియైః.\n\nపరిశ్రాన్తోస్మి లోకస్య గుర్వీం ధర్మధురం వహన్৷৷2.2.9৷৷\n\n"
    },
    {
        "sloka": "సోహం విశ్రమమిచ్ఛామి పుత్రం కృత్వా ప్రజాహితే.\n\nసన్నికృష్టానిమాన్సర్వాననుమాన్య ద్విజర్షభాన్৷৷2.2.10৷৷\n\n"
    },
    {
        "sloka": "అనుజాతో హి మాం సర్వైర్గుణైర్జ్యేష్ఠో మమాత్మజః.\n\nపురన్దరసమో వీర్యే రామః పరపురఞ్జయః৷৷2.2.11৷৷\n\n"
    },
    {
        "sloka": "తం చన్ద్రమివ పుష్యేణ యుక్తం ధర్మభృతాం వరమ్.\n\nయౌవరాజ్యే నియోక్తాస్మి ప్రీతః పురుషపుఙ్గవమ్৷৷2.2.12৷৷\n\n"
    },
    {
        "sloka": "అనురూపస్స వై నాథో లక్ష్మీవాన్ లక్ష్మణాగ్రజః.\n\nత్రైలోక్యమపి నాథేన యేన స్యాన్నాథవత్తరమ్৷৷2.2.13৷৷\n\n"
    },
    {
        "sloka": "అనేన శ్రేయసా సద్యస్సంయోజ్యైవమిమాం మహీమ్.\n\nగతక్లేశో భవిష్యామి సుతే తస్మిన్నివేశ్య వై৷৷2.2.14৷৷\n\n"
    },
    {
        "sloka": "యదిదం మేనురూపార్థం మయా సాధు సుమన్త్రితమ్.\n\nభవన్తో మేనుమన్యన్తాం కథం వా కరవాణ్యహమ్৷৷2.2.15৷৷\n\n"
    },
    {
        "sloka": "యద్యప్యేషా మమ ప్రీతిర్హితమన్యద్విచిన్త్యతామ్.\n\nఅన్యా మధ్యస్థచిన్తా హి విమర్దాభ్యధికోదయా৷৷2.2.16৷৷\n\n"
    },
    {
        "sloka": "ఇతి బ్రువన్తం ముదితాః ప్రత్యనన్దన్నృపా నృపమ్.\n\nవృష్టిమన్తం మహామేఘం నర్దన్త ఇవ బర్హిణః৷৷2.2.17৷৷\n\n"
    },
    {
        "sloka": "స్నిగ్ధోనునాదీ సంజజ్ఞే తత్ర హర్షసమీరితః.\n\nజనౌఘోద్ఘుష్టసన్నాదో విమానం కమ్పయన్నివ৷৷2.2.18৷৷\n\n"
    },
    {
        "sloka": "తస్య ధర్మార్థవిదుషో భావమాజ్ఞాయ సర్వశః.\n\nబ్రాహ్మణా జనముఖ్యాశ్చ పౌరజానపదై స్సహ৷৷2.2.19৷৷\n\nసమేత్య మన్త్రయిత్వా తు సమతాగతబుద్ధయః.\n\nఊచుశ్చ మనసా జ్ఞాత్వా వృద్ధం దశరథం నృపమ్৷৷2.2.20৷৷\n\n"
    },
    {
        "sloka": "అనేకవర్షసాహస్రో వృద్ధస్త్వమసి పార్థివ.\n\nస రామం యువరాజానమభిషిఞ్చిస్వ పార్థివమ్৷৷2.2.21৷৷\n\n"
    },
    {
        "sloka": "ఇచ్ఛామో హి మహాబాహుం రఘువీరం మహాబలమ్.\n\nగజేన మహతాయాన్తం రామం ఛత్రావృతాననమ్৷৷2.2.22৷৷\n\n"
    },
    {
        "sloka": "ఇతి తద్వచనం శ్రుత్వా రాజా తేషాం మనఃప్రియం.\n\nఅజానన్నివ జిజ్ఞాసురిదం వచనమబ్రవీత్৷৷2.2.23৷৷\n\n"
    },
    {
        "sloka": "శ్రుత్వైవ వచనం యన్మే రాఘవం పతిమిచ్ఛథ.\n\nరాజాన స్సంశయోయం మే కిమిదం బ్రూత తత్త్వతః৷৷2.2.24৷৷\n\n"
    },
    {
        "sloka": "కథం ను మయి ధర్మేణ పృథివీమనుశాసతి.\n\nభవన్తో ద్రష్టుమిచ్ఛన్తి యువరాజం మమాత్మజమ్৷৷2.2.25৷৷\n\n"
    },
    {
        "sloka": "తే తమూచుర్మహాత్మానం పౌరజానపదైస్సహ.\n\nబహవో నృప కల్యాణా గుణాః పుత్రస్య సన్తి తే৷৷2.2.26৷৷\n\n"
    },
    {
        "sloka": "గుణాన్ గుణవతో దేవ దేవకల్పస్య ధీమతః.\n\nప్రియానానన్దనాన్కృత్స్నాన్ప్రవక్ష్యామోద్య తాన్ శృణు৷৷2.2.27৷৷\n\n"
    },
    {
        "sloka": "దివ్యైర్గుణైశ్శక్రసమో రామస్సత్యపరాక్రమః.\n\nఇక్ష్వాకుభ్యోపి సర్వేభ్యో హ్యతిరిక్తో విశాంపతే৷৷2.2.28৷৷\n\n"
    },
    {
        "sloka": "రామ స్సత్పురుషో లోకే సత్యధర్మపరాయణః.\n\nసాక్షాద్రామాద్వినిర్వృత్తో ధర్మశ్చాపి శ్రియా సహ৷৷2.2.29৷৷\n\n"
    },
    {
        "sloka": "ప్రజాసుఖత్త్వే చన్ద్రస్య వసుధాయాః క్షమాగుణైః.\n\nబుద్ధ్యా బృహస్పతేస్తుల్యో వీర్యే సాక్షాచ్ఛచీపతేః৷৷2.2.30৷৷\n\n"
    },
    {
        "sloka": "ధర్మజ్ఞ స్సత్యసన్ధశ్చ శీలవాననసూయకః.\n\nక్షాన్త స్సాన్త్వయితా శ్లక్ష్ణః కృతజ్ఞో విజితేన్ద్రియః৷৷2.2.31৷৷\n\n"
    },
    {
        "sloka": "మృదుశ్చ స్థిరచిత్తశ్చ సదా భవ్యోనసూయకః.\n\nప్రియవాదీ చ భూతానాం సత్యవాదీ చ రాఘవః৷৷2.2.32৷৷\n\nబహుశ్రుతానాం వృద్ధానాం బ్రాహ్మణానాముపాసితా.\n\nతేనాస్యేహాతులా కీర్తిర్యశస్తేజశ్చ వర్ధతే৷৷2.2.33৷৷\n\n"
    },
    {
        "sloka": "దేవాసురమనుష్యాణాం సర్వాస్త్రేషు విశారదః.\n\nసమ్యగ్విద్యావ్రతస్నాతో యథావత్సాఙ్గవేదవిత్৷৷2.2.34৷৷\n\n"
    },
    {
        "sloka": "గాన్ధర్వే చ భువి శ్రేష్ఠో బభూవ భరతాగ్రజః.\n\nకల్యాణాభిజన స్సాధురదీనాత్మా మహామతిః৷৷2.2.35৷৷\n\n"
    },
    {
        "sloka": "ద్విజైరభివినీతశ్చ శ్రేష్ఠైర్ధర్మార్థనైపుణైః.\n\nయదా వ్రజతి సఙ్గ్రామం గ్రామార్థే నగరస్య వా৷৷2.2.36৷৷\n\nగత్వా సౌమిత్రిసహితో నావిజిత్య నివర్తతే.\n\n"
    },
    {
        "sloka": "సఙ్గ్రామాత్పునరాగమ్య కుఞ్జరేణ రథేన వా.2.2.37৷৷\n\nపౌరాన్ స్వజనవన్నిత్యం కుశలం పరిపృచ్ఛతి৷৷\n\nపుత్రేష్వగ్నిషు దారేషు ప్రేష్యశిష్యగణేషు చ.2.2.38৷৷\n\nనిఖిలేనానుపూర్వ్యాచ్చ పితాపుత్రానివౌరసాన్৷৷\n\n"
    },
    {
        "sloka": "శుశ్రూషన్తే చ వ శ్శిష్యాః కచ్చిత్కర్మసు దంశితాః৷৷2.2.39৷৷\n\nఇతి నః పురుషవ్యాఘ్ర స్సదా రామోభిభాషతే.\n\n"
    },
    {
        "sloka": "వ్యసనేషు మనుష్యాణాం భృశం భవతి దుఃఖితః৷৷2.2.40৷৷\n\nఉత్సవేషు చ సర్వేషు పితేవ పరితుష్యతి.\n\n"
    },
    {
        "sloka": "సత్యవాదీ మహేష్వాసో వృద్ధసేవీ జితేన్ద్రియః৷৷2.2.41৷৷\n\nస్మితపూర్వాభిభాషీ చ ధర్మం సర్వాత్మనా శ్రితః.\n\n"
    },
    {
        "sloka": "సమ్యగ్యోక్తా శ్రేయసాం చ న విగృహ్య కథారుచిః৷৷2.2.42৷৷\n\nఉత్తరోత్తరయుక్తౌ చ వక్తా వాచస్పతిర్యథా.\n\n"
    },
    {
        "sloka": "సుభ్రూరాయత తామ్రాక్ష స్సాక్షాద్విష్ణురివ స్వయమ్৷৷2.2.43৷৷\n\nరామో లోకాభిరామోయం శౌర్యవీర్యపరాక్రమైః.\n\n"
    },
    {
        "sloka": "ప్రజాపాలనతత్త్వజ్ఞో న రాగోపహతేన్ద్రియః৷৷2.2.44৷৷\n\nశక్తస్త్రైలోక్యమప్యేకో భోక్తుం కిన్ను మహీమిమామ్.\n\n"
    },
    {
        "sloka": "నాస్య క్రోధః ప్రసాదశ్చ నిరర్థోస్తి కదాచన৷৷2.2.45৷৷\n\nహన్త్యేవ నియమాద్వధ్యానవధ్యే న చ కుప్యతి.\n\n"
    },
    {
        "sloka": "యునక్త్యర్థైః ప్రహృష్టశ్చ తమసౌ యత్ర తుష్యతి৷৷2.2.46৷৷\n\nశాన్తై స్సర్వప్రజాకాన్తైః ప్రీతిసఞ్జననైర్నృణామ్.\n\nగుణైర్విరురుచే రామో దీప్త స్సూర్య ఇవాంశుభిః৷৷2.2.47৷৷\n\n"
    },
    {
        "sloka": "తమేవంగుణసమ్పన్నం రామం సత్యపరాక్రమమ్.\n\nలోకపాలోపమం నాథమకామయత మేదినీ৷৷2.2.48৷৷\n\n"
    },
    {
        "sloka": "వత్సశ్శ్రేయసి జాతస్తే దిష్ట్యాసౌ తవ రాఘవ.\n\nదిష్ట్యా పుత్రగుణైర్యుక్తో మారీచ ఇవ కాశ్యపః৷৷2.2.49৷৷\n\n"
    },
    {
        "sloka": "బలమారోగ్యమాయుశ్చ రామస్య విదితాత్మనః.\n\nదేవాసురమనుష్యేషు సగన్ధర్వోరగేషు చ৷৷2.2.50৷৷\n\nఆశంసతే జనస్సర్వో రాష్ట్రే పురవరే తథా.\n\nఆభ్యన్తరశ్చ బాహ్యశ్చ పౌరజానపదో జనః৷৷2.2.51৷৷\n\n"
    },
    {
        "sloka": "స్త్రియో వృద్ధాస్తరుణ్యశ్చ సాయం ప్రాతస్సమాహితాః.\n\nసర్వాన్ దేవాన్ నమస్యన్తి రామస్యార్థే యశస్వినః৷৷2.2.52৷৷\n\n"
    },
    {
        "sloka": "తేషామాయాచితం దేవ! త్వత్ప్రసాదాత్సమృద్ధ్యతామ్.\n\nరామమిన్దీవరశ్యామం సర్వశత్రునిబర్హణమ్৷৷2.2.53৷৷\n\nపశ్యామో యౌవరాజ్యస్థం తవ రాజోత్తమాత్మజమ్.\n\n"
    },
    {
        "sloka": "తం దేవ దేవోపమమాత్మజం తే\n\nసర్వస్య లోకస్య హితే నివిష్టమ్.\n\nహితాయ నః క్షిప్రముదారజుష్టం\n\nముదాభషేక్తుం వరద! త్వమర్హసి৷৷2.2.54৷৷\n\n"
    }
]