[
    {
        "sloka": "[Sita enquires why Rama is distressed-Rama informs her about his impending banishment and instructs her to stay back in Ayodhya.] \n\nఅభివాద్య చ కౌసల్యాం రామ స్సంప్రస్థితో వనమ్.\n\nకృతస్వస్త్యయనో మాత్రా ధర్మిష్ఠే వర్త్మని స్థితః৷৷2.26.1৷৷\n\nవిరాజయన్రాజసుతో రాజమార్గం నరైర్వృతమ్.\n\nహృదయాన్యామమన్థేవ జనస్య గుణవత్తయా৷৷2.26.2৷৷\n\n"
    },
    {
        "sloka": "అభివాద్య చ కౌసల్యాం రామ స్సంప్రస్థితో వనమ్.\n\nకృతస్వస్త్యయనో మాత్రా ధర్మిష్ఠే వర్త్మని స్థితః৷৷2.26.1৷৷\n\nవిరాజయన్రాజసుతో రాజమార్గం నరైర్వృతమ్.\n\nహృదయాన్యామమన్థేవ జనస్య గుణవత్తయా৷৷2.26.2৷৷\n\n"
    },
    {
        "sloka": "వైదేహీ చాపి తత్సర్వం న శుశ్రావ తపస్వినీ.\n\nతదేవ హృది తస్యాశ్చ యౌవరాజ్యాభిషేచనమ్৷৷2.26.3৷৷\n\n"
    },
    {
        "sloka": "దేవకార్యం స్వయం కృత్వా కృతజ్ఞా హృష్టచేతనా.\n\nఅభిజ్ఞా రాజధర్మాణాం రాజపుత్రం ప్రతీక్షతే৷৷2.26.4৷৷\n\n"
    },
    {
        "sloka": "ప్రవివేశాథ రామస్తు స్వం వేశ్మ సువిభూషితమ్.\n\nప్రహృష్టజనసమ్పూర్ణం హ్రియా కిఞ్చిదవాఙ్ముఖః৷৷2.26.5৷৷\n\n"
    },
    {
        "sloka": "అథ సీతా సముత్పత్య వేపమానా చ తం పతిమ్.\n\nఅపశ్యచ్ఛోకసన్తప్తం చిన్తావ్యాకులితేన్ద్రియమ్৷৷2.26.6৷৷\n\n"
    },
    {
        "sloka": "తాం దృష్ట్వా స హి ధర్మాత్మా న శశాక మనోగతమ్.\n\nతం శోకం రాఘవః సోఢుం తతో వివృతతాం గతః৷৷2.26.7৷৷\n\n"
    },
    {
        "sloka": "వివర్ణవదనం దృష్ట్వా తం ప్రస్విన్నమమర్షణమ్.\n\nఆహ దుఃఖాభిసన్తప్తా కిమిదానీమిదం ప్రభో!৷৷2.26.8৷৷\n\n"
    },
    {
        "sloka": "అద్య బార్హస్పత శ్శ్రీమాన్యుక్తః పుష్యోను రాఘవ.\n\nప్రోచ్యతే బ్రాహ్మణైః ప్రాజ్ఞైః కేన త్వమసి దుర్మనాః৷৷2.26.9৷৷\n\n"
    },
    {
        "sloka": "న తే శతశలాకేన జలఫేననిభేన చ.\n\nఆవృతం వదనం వల్గు ఛత్రేణాపి విరాజతే৷৷2.26.10৷৷\n\n"
    },
    {
        "sloka": "వ్యజనాభ్యాం చ ముఖ్యాభ్యాం శతపత్రనిభేక్షణమ్.\n\nచన్ద్రహంసప్రకాశాభ్యాం వీజ్యతే న తవాననమ్৷৷2.26.11৷৷\n\n"
    },
    {
        "sloka": "వాగ్మినో వన్దినశ్చాపి ప్రహృష్టాస్త్వాం నరర్షభ.\n\nస్తువన్తో నాత్ర దృశ్యన్తే మఙ్గలైః స్సూతమాగధాః৷৷2.26.12৷৷\n\n"
    },
    {
        "sloka": "న తే క్షౌద్రం చ దధి చ బ్రాహ్మణా వేదపారగాః.\n\nమూర్ధ్ని మూర్ధాభిషిక్తస్య దదతి స్మ విధానతః৷৷2.26.13৷৷\n\n"
    },
    {
        "sloka": "న త్వాం ప్రకృతయ స్సర్వా శ్శ్రేణీముఖ్యాశ్చ భూషితాః.\n\nఅనువ్రజితుమిచ్ఛన్తి పౌరజానపదాస్తథా৷৷2.26.14৷৷\n\n"
    },
    {
        "sloka": "చతుర్భిర్వేగసమ్పన్నైర్హయైః కాఞ్చనభూషితైః.\n\nముఖ్యః పుష్యరథో యుక్తః కిం న గచ్ఛతి తేగ్రతః৷৷2.26.15৷৷\n\n"
    },
    {
        "sloka": "హస్తీ చాగ్రత శ్శ్రీమాం స్తవ లక్షణపూజితః.\n\nప్రయాణే లక్ష్యతే వీర! కృష్ణమేఘగిరి ప్రభః৷৷2.26.16৷৷\n\n"
    },
    {
        "sloka": "న చ కాఞ్చనచిత్రం తే పశ్యామి ప్రియదర్శన!.\n\nభద్రాసనం పురస్కృత్య యాన్తం వీర పురస్కృతమ్৷৷2.26.17৷৷\n\n"
    },
    {
        "sloka": "అభిషేకో యథా సజ్జః కిమిదానీమిదం తవ.\n\nఅపూర్వో ముఖవర్ణశ్చ న ప్రహర్షశ్చ లక్ష్యతే৷৷2.26.18৷৷\n\n"
    },
    {
        "sloka": "ఇతీవ విలపన్తీం తాం ప్రోవాచ రఘునన్దనః.\n\nసీతే! తత్ర భవాంస్తాతః ప్రవ్రాజయతి మాం వనమ్৷৷2.26.19৷৷\n\n"
    },
    {
        "sloka": "కులే మహతి సమ్భూతే ధర్మజ్ఞే ధర్మచారిణి!.\n\nశృణు జానకి! యేనేదం క్రమేణాభ్యాగతం మమ৷৷2.26.20৷৷\n\n"
    },
    {
        "sloka": "రాజ్ఞా సత్యప్రతిజ్ఞేన పిత్రా దశరథేన చ.\n\nకైకేయ్యై మమ మాత్రే తు పురా దత్తౌ మహావరౌ৷৷2.26.21৷৷\n\n"
    },
    {
        "sloka": "తయాద్య మమ సజ్జేస్మిన్నభిషేకే నృపోద్యతే.\n\nప్రచోదిత స్స సమయో ధర్మేణ ప్రతినిర్జితః৷৷2.26.22৷৷\n\n"
    },
    {
        "sloka": "చతుర్దశ హి వర్షాణి వస్తవ్యం దణ్డకే మయా.\n\nపిత్రా మే భరతశ్చాపి యౌవరాజ్యే నియోజితః৷৷2.26.23৷৷\n\n"
    },
    {
        "sloka": "సోహం త్వామాగతో ద్రష్టుం ప్రస్థితో విజనం వనమ్.\n\nభరతస్య సమీపే తు నాహం కథ్యః కదాచన৷৷2.26.24৷৷\n\nబుద్ధియుక్తా హి పురుషా న సహన్తే పరస్తవమ్.\n\nతస్మాన్నతే గుణాః కథ్యా భరతస్యాగ్రతో మమ৷৷2.26.25৷৷\n\n"
    },
    {
        "sloka": "నాపి త్వం తేన భర్తవ్యా విశేషేణ కదాచన.\n\nఅనుకూలతయా శక్యం సమీపే త్వస్య వర్తితుమ్৷৷2.26.26৷৷\n\n"
    },
    {
        "sloka": "తస్మై దత్తం నృపతినా యౌవరాజ్యం సనాతనమ్.\n\nస ప్రసాద్యస్త్వయా సీతే! నృపతిశ్చ విశేషతః৷৷2.26.27৷৷\n\n"
    },
    {
        "sloka": "అహం చాపి ప్రతిజ్ఞాం తాం గురోస్సమనుపాలయన్.\n\nవనమద్యైవ యాస్యామి స్థిరా భవ మనస్వినీ!৷৷2.26.28৷৷\n\n"
    },
    {
        "sloka": "యాతే చ మయి కల్యాణి వనం మునినిషేవితమ్.\n\nవ్రతోపవాసపరయా భవితవ్యం త్వయానఘే৷৷2.26.29৷৷\n\n"
    },
    {
        "sloka": "కాల్యముత్థాయ దేవానాం కృత్వా పూజాం యథావిధి.\n\nవన్దితవ్యో దశరథః పితా మమ నరేశ్వరః৷৷2.26.30৷৷\n\n"
    },
    {
        "sloka": "మాతా చ మమ కౌశల్యా వృద్ధా సన్తాపకర్శితా.\n\nధర్మమేవాగ్రతః కృత్వా త్వత్త స్సమ్మానమర్హతి৷৷2.27.31৷৷\n\n"
    },
    {
        "sloka": "వన్దితవ్యాశ్చ తే నిత్యం యా శ్శేషా మమ మాతరః.\n\nస్నేహ ప్రణయసమ్భోగై స్సమా హి మమ మాతరః৷৷2.26.32৷৷\n\n"
    },
    {
        "sloka": "భ్రాతృపుత్రసమౌ చాపి ద్రష్టవ్యౌ చ విశేషతః.\n\nత్వయా భరతశత్రుఘ్నౌ ప్రాణైః ప్రియతరౌ మమ৷৷2.26.33৷৷\n\n"
    },
    {
        "sloka": "విప్రియం న చ కర్తవ్యం భరతస్య కదాచన.\n\nస హి రాజా ప్రభుశ్చైవ దేశస్య చ కులస్య చ৷৷2.26.34৷৷\n\n"
    },
    {
        "sloka": "ఆరాధితా హి శీలేన ప్రయత్నైశ్చోపసేవితాః.\n\nరాజాన స్సమ్ప్రసీదన్తి కుప్యన్తిచ విపర్యయే৷৷2.26.35৷৷\n\n"
    },
    {
        "sloka": "ఔరసానపి పుత్రాన్హి త్యజన్త్యహితకారిణః.\n\nసమర్థాన్సమ్ప్రగృహ్ణన్తి జనానపి నరాధిపాః৷৷2.26.36৷৷\n\n"
    },
    {
        "sloka": "సా త్వం వసేహ కల్యాణి! రాజ్ఞస్సమనువర్తినీ.\n\nభరతస్య రతా ధర్మే సత్యవ్రతపరాయణా৷৷2.26.37৷৷\n\n"
    },
    {
        "sloka": "అహం గమిష్యామి మహావనం ప్రియే!\n\nత్వయా హి వస్తవ్యమిహైవ భామిని!. \n\nయథా వ్యలీకం కురుషే న కస్య చి-\n\nత్తథా త్వయా కార్యమిదం వచో మమ৷৷2.26.38৷৷\n\n"
    }
]