[
    {
        "sloka": "[Disappointed citizens return to Ayodhya.]\n\nప్రభాతాయాం తు శర్వర్యాం పౌరాస్తే రాఘవం వినా.\n\nశోకోపహతనిశ్చేష్టా బభూవుర్హతచేతసః৷৷2.47.1৷৷\n\n"
    },
    {
        "sloka": "శోకజాశ్రుపరిద్యూనా వీక్షమాణాస్తతస్తతః.\n\nఆలోకమపి రామస్య న పశ్యన్తి స్మ దుఃఖితాః৷৷2.47.2৷৷\n\n"
    },
    {
        "sloka": "తే విషాదార్తవదనా రహితాస్తేన ధీమతా.\n\nకృపణాః కరుణా వాచో వదన్తి స్మ మనస్వినః৷৷2.47.3৷৷\n\n"
    },
    {
        "sloka": "ధిగస్తు ఖలు నిద్రాం తాం యయాపహృతచేతసః.\n\nనాద్య పశ్యామహే రామం పృథూరస్కం మహాభుజమ్৷৷2.47.4৷৷\n\n"
    },
    {
        "sloka": "కథం నామ మహాబాహు స్స తథావితథక్రియః.\n\nభక్తం జనం పరిత్యజ్య ప్రవాసం రాఘవో గతః৷৷2.47.5৷৷\n\n"
    },
    {
        "sloka": "యో నః సదా పాలయతి పితా పుత్రానివౌరసాన్.\n\nకథం రఘూణాం స శ్రేష్ఠస్త్యక్త్వా నో విపినం గతః৷৷2.47.6৷৷\n\n"
    },
    {
        "sloka": "ఇహైవ నిధనం యామో మహాప్రస్థానమేవ వా.\n\nరామేణ రహితానాం హి కిమర్థం జీవితం హి నః৷৷2.47.7৷৷\n\n"
    },
    {
        "sloka": "సన్తి శుష్కాణి కాష్ఠాని ప్రభూతాని మహాన్తి చ.\n\nతైః ప్రజ్వాల్య చితాం సర్వే ప్రవిశామోథ పావకమ్৷৷2.47.8৷৷\n\n"
    },
    {
        "sloka": "కిం వక్ష్యామో మహాబాహురనసూయః ప్రియంవదః.\n\nనీత స్స రాఘవోస్మాభిరితి వక్తుం కథం క్షమమ్৷৷2.47.9৷৷\n\n"
    },
    {
        "sloka": "సా నూనం నగరీ దీనా దృష్ట్వాస్మాన్ రాఘవం వినా.\n\nభవిష్యతి నిరానన్దా సస్త్రీబాలవయోధికా৷৷2.47.10৷৷\n\n"
    },
    {
        "sloka": "నిర్యాతాస్తేన వీరేణ సహ నిత్యం జితాత్మనా.\n\nవిహీనాస్తేన చ పునః కథం పశ్యామ తాం పురీమ్৷৷2.47.11৷৷\n\n"
    },
    {
        "sloka": "ఇతీవ బహుధా వాచో బాహుముద్యమ్య తే జనాః.\n\nవిలపన్తి స్మ దుఃఖార్తా వివత్సా ఇవ ధేనవః৷৷2.47.12৷৷\n\n"
    },
    {
        "sloka": "తతో మార్గానుసారేణ గత్వా కిఞ్చిత్ క్షణం పునః.\n\nమార్గనాశాద్విషాదేన మహతా సమభిప్లుతాః৷৷2.47.13৷৷\n\n"
    },
    {
        "sloka": "రథస్య మార్గనాశేన న్యవర్తన్త మనస్వినః.\n\nకిమిదం కిం కరిష్యామో దైవేనోపహతా ఇతి৷৷2.47.14৷৷\n\n"
    },
    {
        "sloka": "తతో యథాగతేనైవ మార్గేణ క్లాన్తచేతసః.\n\nఅయోధ్యామాగమన్సర్వే పురీం వ్యథితసజ్జనామ్৷৷2.47.15৷৷\n\n"
    },
    {
        "sloka": "ఆలోక్య నగరీం తాం చ క్షయవ్యాకులమానసాః.\n\nఆవర్తయన్త తేశ్రూణి నయనైః శోకపీడితైః৷৷2.47.16৷৷\n\n"
    },
    {
        "sloka": "ఏషా రామేణ నగరీ రహితా నాతిశోభతే.\n\nఆపగా గరుడేనేవ హ్రదాదుద్ధృతపన్నగా৷৷2.47.17৷৷\n\n"
    },
    {
        "sloka": "చన్ద్రహీనమివాకాశం తోయహీనమివార్ణవమ్.\n\nఅపశ్యన్నిహతానన్దం నగరం తే విచేతసః৷৷2.47.18৷৷\n\n"
    },
    {
        "sloka": "తే తాని వేశ్మాని మహాధనాని\n\nదుఃఖేన దుఃఖోపహతా విశన్తః.\n\nనైవ ప్రజజ్ఞుః స్వజనం జనం వా\n\nనిరీక్షమాణాః ప్రవినష్టహర్షాః৷৷2.47.19৷৷\n\n"
    }
]