[
    {
        "sloka": "[King Dasaratha enters the palace of Kaikeyi who is in the chamber of wrath--tries to pacify her in different ways.]\n\nవిదర్శితా యదా దేవీ కుబ్జయా పాపయా భృశమ్.\n\nతదా శేతే స్మ సా భూమౌ దిగ్ధవిద్ధేవ కిన్నరీ৷৷2.10.1৷৷\n\n"
    },
    {
        "sloka": "నిశ్చిత్య మనసా కృత్యం సా సమ్యగితి భామినీ.\n\nమన్థరాయై శనైస్సర్వమాచచక్షే విచక్షణా৷৷2.10.2৷৷\n\n"
    },
    {
        "sloka": "సా దీనా నిశ్చయం కృత్వా మన్థరావాక్యమోహితా.\n\nనాగకన్యేవ నిశ్వస్య దీర్ఘముష్ణం చ భామినీ৷৷2.10.3৷৷\n\nముహూర్తం చిన్తయామాస మార్గమాత్మసుఖావహమ్.\n\n"
    },
    {
        "sloka": "సా సుహృచ్చార్థకామా చ తం నిశమ్య సునిశ్చయమ్৷৷2.10.4৷৷\n\nబభూవ పరమప్రీతా సిధ్దిం ప్రాప్యేవ మన్థరా.  \n\n"
    },
    {
        "sloka": "అథ సా రుషితా దేవీ సమ్యక్కృత్వా వినిశ్చయమ్৷৷2.10.5৷৷\n\nసంవివేశాబలా భూమౌ నివేశ్య భృకుటీం ముఖే.\n\n"
    },
    {
        "sloka": "తతశ్చిత్రాణి మాల్యాని దివ్యాన్యాభరణాని చ৷৷2.10.6৷৷\n\nఅపవిద్ధాని కైకేయ్యా తాని భూమిం ప్రపేదిరే.\n\n"
    },
    {
        "sloka": "తయా తాన్యపవిద్ధాని మాల్యాన్యాభరణాని చ৷৷2.10.7৷৷\n\nఅశోభయన్త వసుధాం నక్షత్రాణి యథా నభః.\n\n"
    },
    {
        "sloka": "క్రోధాగారే నిపతితా సా బభౌ మలినామ్బరా৷৷2.10.8৷৷\n\nఏకవేణీం దృఢం బద్వా గతసత్త్వేవ కిన్నరీ.\n\n"
    },
    {
        "sloka": "ఆజ్ఞాప్య చ మహారాజో రాఘవస్యాభిషేచనమ్৷৷2.10.9৷৷\n\nఉపస్థానమనుజ్ఞాప్య ప్రవివేశ నివేశనమ్.\n\n"
    },
    {
        "sloka": "అద్య రామాభిషేకో వై ప్రసిద్ధ ఇతి జజ్ఞివాన్৷৷2.10.10৷৷\n\nప్రియార్హాం ప్రియమాఖ్యాతుం వివేశాన్తఃపురం వశీ.\n\n"
    },
    {
        "sloka": "స కైకేయ్యా గృహం శ్రేష్ఠం ప్రవివేశ మహాయశాః৷৷2.10.11৷৷\n\nపాణ్డురాభ్రమివాకాశం రాహుయుక్తం నిశాకరః.\n\n"
    },
    {
        "sloka": "శుకబర్హిణసఙ్ఘుష్టం క్రౌఞ్చహంసరుతాయుతమ్৷৷2.10.12৷৷\n\nవాదిత్రరవసఙ్ఘుష్టం కుబ్జా వామనికాయుతమ్.\n\nలతాగృహైశ్చిత్రగృహైశ్చమ్పకాశోకశోభితైః৷৷2.10.13৷৷\n\nదాన్తరాజతసౌవర్ణవేదికాభి స్సమాయుతమ్.\n\nనిత్యపుష్పఫలైర్వృక్షైర్వాపీభిశ్చోపశోభితమ్৷৷2.10.14৷৷\n\nదాన్తరజతసౌవర్ణైస్సంవృతం పరమాసనైః.\n\nవివిధైరన్నపానైశ్చ భక్ష్యైశ్చ వివిధైరపి৷৷2.10.15৷৷\n\nఉపపన్నం మహార్హైశ్చ భూషితైస్త్రిదివోపమమ్.\n\nతత్ప్రవిశ్య మహారాజస్స్వమన్తః పురమృద్ధిమత్৷৷2.10.16৷৷\n\nన దదర్శ ప్రియాం రాజా కైకేయీం శయనోత్తమే.\n\n"
    },
    {
        "sloka": "కామబలసంయుక్తో రత్యర్థం మనుజాధిపః৷৷2.10.17৷৷\n\nఅపశ్యన్దయితాం భార్యాం పప్రచ్ఛ విషసాద చ.\n\n"
    },
    {
        "sloka": "న హి తస్య పురా దేవీ తాం వేలామత్యవర్తత৷৷2.10.18৷৷\n\nన చ రాజా గృహం శూన్యం ప్రవివేశ కదాచన.\n\n"
    },
    {
        "sloka": "తతో గృహగతో రాజా కైకేయీం పర్యపృచ్ఛత৷৷2.10.19৷৷\n\nయథా పూర్వమవిజ్ఞాయ స్వార్థలిప్సుమపణ్డితామ్.\n\n"
    },
    {
        "sloka": "ప్రతీహారీ త్వథోవాచ సన్త్రస్తా సుకృతాఞ్జలిః৷৷2.10.20৷৷\n\nదేవ దేవీ భృశం కృద్ధా క్రోధాగారమభిదృతా.\n\n"
    },
    {
        "sloka": "ప్రతీహార్యా వచశ్శృత్వా రాజా పరమదుర్మనాః৷৷2.10.21৷৷\n\nవిషసాద పునర్భూయో లులితవ్యాకులేన్ద్రియః৷৷\n\n"
    },
    {
        "sloka": "తత్ర తాం పతితాం భూమౌ శయానామతథోచితామ్৷৷2.10.22৷৷\n\nప్రతప్త ఇవ దుఃఖేన సోపశ్యజ్జగతీపతిః.\n\n"
    },
    {
        "sloka": "స వృద్ధస్తరుణీం భార్యాం ప్రాణేభ్యోపి గరీయసీమ్৷৷2.10.23৷৷\n\nఅపాపః పాపసఙ్కల్పాం దదర్శ ధరణీతలే.\n\nలతామివ వినిష్కృత్తాం పతితాం దేవతామివ৷৷2.10.24৷৷\n\nకిన్నరీమివ నిర్ధూతాం చ్యుతామప్సరసం యథా.\n\nమాయామివ పరిభ్రష్టాం హరిణీమివ సంయతామ్৷৷2.10.25৷৷\n\n"
    },
    {
        "sloka": "కరేణుమివ దిగ్ధేన విద్ధాం మృగయునా వనే.\n\nమహాగజ ఇవారణ్యే స్నేహాత్పరిమమర్శ తామ్৷৷2.10.26৷৷\n\n"
    },
    {
        "sloka": "పరిమృశ్య చ పాణిభ్యామభిసన్త్రస్తచేతనః.\n\nకామీ కమలపత్రాక్షీమువాచ వనితామిదమ్৷৷2.10.27৷৷\n\n"
    },
    {
        "sloka": "న తేహమభిజానామి క్రోధమాత్మని సంశ్రితమ్.\n\nదేవి! కేనాభిశప్తాసి కేన వాసి విమానితా৷৷2.10.28৷৷\n\nయదిదం మమ దుఃఖాయ శేషే కల్యాణి! పాంసుషు.\n\n"
    },
    {
        "sloka": "భూమౌ శేషే కిమర్థం త్వం మయి కల్యాణచేతసి৷৷2.10.29৷৷\n\nభూతోపహతచిత్తేవ మమ చిత్తప్రమాథినీ.\n\n"
    },
    {
        "sloka": "సన్తి మే కుశలా వైద్యాస్త్వభితుష్టాశ్చ సర్వశః৷৷2.10.30৷৷\n\nసుఖితాం త్వాం కరిష్యన్తి వ్యాధిమాచక్ష్వ భామినీ.\n\n"
    },
    {
        "sloka": "కస్య వా తే ప్రియం కార్యం కేన వా విప్రియం కృతమ్৷৷2.10.31৷৷\n\nకః ప్రియం లభతామద్య కో వా సుమహదప్రియమ్.\n\n"
    },
    {
        "sloka": "మా రోదీర్మా చ కార్షీస్త్వం దేవి! సంపరిశోషణమ్৷৷2.10.32৷৷\n\nఅవధ్యో వధ్యతాం కో వా కో వా వధ్యో విముచ్యతామ్.\n\nదరిద్రః కో భవత్వాఢ్యో ద్రవ్యవాన్వాప్యకిఞ్చనః৷৷2.10.33৷৷\n\n"
    },
    {
        "sloka": "అహం చైవ మదీయాశ్చ సర్వే తవ వశానుగాః.\n\nన తే కిఞ్చిదభిప్రాయం వ్యాహన్తుమహముత్సహే৷৷2.10.34৷৷\n\n"
    },
    {
        "sloka": "ఆత్మనో జీవితేనాపి బ్రూహి యన్మనసేచ్ఛసి.\n\nబలమాత్మని జానన్తీ న మాం శఙ్కితుమర్హసి৷৷2.10.35৷৷\n\nకరిష్యామి తవ ప్రీతిం సుకృతేనాపి తే శపే.\n\n"
    },
    {
        "sloka": "యావదావర్తతే చక్రం తావతీ మే వసున్ధరా৷৷2.10.36৷৷\n\nప్రాచీనాస్సిన్ధుసౌవీరా స్సౌరాష్ట్రా దక్షిణాపథాః.\n\nవఙ్గాఙ్గమగధాః మత్స్యాః సమృద్ధా కాశికోసలాః৷৷2.10.37৷৷\n\n"
    },
    {
        "sloka": "తత్ర జాతం బహు ద్రవ్యం ధనధాన్యమజావికమ్.\n\nతతో వృణీష్వ! కైకేయి యద్యత్త్వం మనసేచ్ఛసి৷৷2.10.38৷৷\n\n"
    },
    {
        "sloka": "కిమాయాసేన తే భీరు! ఉత్తిష్ఠోత్తిష్ఠ శోభనే.\n\nతత్త్వం మే బ్రూహి కైకేయి! యతస్తే భయమాగతమ్৷৷2.10.39৷৷\n\nతత్తే వ్యపనయిష్యామి నీహారమివ రశ్మివాన్.\n\n"
    },
    {
        "sloka": "తథోక్తా సా సమాశ్వస్తా వక్తుకామా తదప్రియమ్৷৷2.10.40৷৷\n\nపరిపీడయితుం భూయో భర్తారముపచక్రమే.\n\n"
    }
]