[
    {
        "sloka": "[Sages praise Rama and Bharata for their virtues --- Bharata proclaims to stay outside Ayodhya and rule under the security of Rama's sandals.]\n\nతమప్రతిమతేజోభ్యాం భ్రాతృభ్యాం రోమహర్షణమ్.\n\nవిస్మితా స్సఙ్గమం ప్రేక్ష్య సమవేతా మహర్షయః৷৷2.112.1৷৷\n\n"
    },
    {
        "sloka": "అన్తర్హితా మునిగణాస్సిద్ధాశ్చ పరమర్షయః. \n\nతౌ భ్రాతరౌ మహాత్మానౌ కాకుత్స్థౌ ప్రశశంసిరే৷৷2.112.2৷৷\n\n"
    },
    {
        "sloka": "స ధన్యో యస్య పుత్రౌ ద్వౌ ధర్మజ్ఞౌ ధర్మవిక్రమౌ.\n\nశ్రుత్వా వయం హి సమ్భాషాముభయోస్స్పృహయామహే৷৷2.112.3৷৷\n\n"
    },
    {
        "sloka": "తతస్త్వృషిగణాః క్షిప్రం దశగ్రీవవధైషిణః.\n\nభరతం రాజశార్దూలమిత్యూచు స్సఙ్గతా వచః৷৷2.112.4৷৷\n\n"
    },
    {
        "sloka": "కులే జాత మహాప్రాజ్ఞ మహావృత్త మహాయశః.\n\nగ్రాహ్యం రామస్య వాక్యం తే పితరం యద్యవేక్షసే৷৷2.112.5৷৷\n\n"
    },
    {
        "sloka": "సదానృణమిమం రామం వయమిచ్ఛామహే పితుః.\n\nఆనృణత్వాచ్చ కైకేయ్యా స్స్వర్గం దశరథో గతః৷৷2.112.6৷৷\n\n"
    },
    {
        "sloka": "ఏతావదుక్త్వా వచనం గన్ధర్వా స్సమహర్షయః.\n\nరాజర్షయశ్చైవ తదా సర్వే స్వాం స్వాం గతిం గతాః৷৷2.112.7৷৷\n\n"
    },
    {
        "sloka": "హ్లాదితస్తేన వాక్యేన శుభేన శుభదర్శనః.\n\nరామ స్సంహృష్టవదనస్తానృషీనభ్యపూజయత్৷৷2.112.8৷৷\n\n"
    },
    {
        "sloka": "త్రస్తగాత్రస్తు భరతస్స వాచా సజ్జమానయా.\n\nకృతాఞ్జలిరిదం వాక్యం రాఘవం పునరబ్రవీత్৷৷2.112.9৷৷\n\n"
    },
    {
        "sloka": "రాజధర్మమనుప్రేక్ష్య కులధర్మానుసన్తతిమ్.\n\nకర్తుమర్హసి కాకుత్స్థ మమ మాతుశ్చ యాచనామ్৷৷2.112.10৷৷\n\n"
    },
    {
        "sloka": "రక్షితుం సుమహద్రాజ్యమహమేకస్తు నోత్సహే.\n\nపౌరజానపదాంశ్చాపి రక్తాన్రఞ్జయితుం తథా৷৷2.112.11৷৷\n\n"
    },
    {
        "sloka": "జ్ఞాతయశ్చ హి యోధాశ్చ మిత్రాణి సుహృదశ్చ నః.\n\nత్వామేవ ప్రతివీక్షన్తే పర్జన్యమివ కర్షకాః৷৷2.112.12৷৷\n\n"
    },
    {
        "sloka": "ఇదం రాజ్యం మహాప్రాజ్ఞ స్థాపయ ప్రతిపద్య హి.\n\nశక్తిమానసి కాకుత్స్థ! లోకస్య పరిపాలనే৷৷2.112.13৷৷\n\n"
    },
    {
        "sloka": "ఇత్యుక్త్వా న్యపతద్భ్రాతుః పాదయోర్భరతస్తదా.\n\nభృశం సమ్ప్రార్థయామాస రామమేవ ప్రియంవదః৷৷2.112.14৷৷\n\n"
    },
    {
        "sloka": "తమఙ్కే భరతం కృత్వా రామో వచనమబ్రవీత్.\n\nశ్యామం నలినపత్రాక్షం మత్తహంసస్వరం స్వయమ్৷৷2.112.15৷৷\n\n"
    },
    {
        "sloka": "ఆగతా త్వామియం బుద్ధిస్స్వజా వైనయికీ చ యా.\n\nభృశముత్సహసే తాత రక్షితుం పృథివీమపి৷৷2.112.16৷৷\n\n"
    },
    {
        "sloka": "అమాత్యైశ్చ సుహృద్భిశ్చ బుద్ధిమద్భిశ్చ మన్త్రిభిః.\n\nసర్వకార్యాణి సమ్మన్త్ర్య సుమహన్త్యపి కారయ৷৷2.112.17৷৷\n\n"
    },
    {
        "sloka": "లక్ష్మీశ్చన్ద్రాదపేయాద్వా హిమవాన్వా హిమం త్యజేత్.\n\nఅతీయాత్సాగరో వేలాం న ప్రతిజ్ఞామహం పితుః৷৷2.112.18৷৷\n\n"
    },
    {
        "sloka": "కామాద్వా తాత! లోభాద్వా మాత్రాతుభ్యమిదం కృతమ్.\n\nన తన్మనసి కర్తవ్యం వర్తితవ్యం చ మాతృవత్৷৷2.112.19৷৷\n\n"
    },
    {
        "sloka": "ఏవం బ్రువాణం భరతః కౌసల్యాసుతమబ్రవీత్.\n\nతేజసాదిత్యసఙ్కాశం ప్రతిపచ్చన్ద్రదర్శనమ్৷৷2.112.20৷৷\n\n"
    },
    {
        "sloka": "ఆధిరోహార్య పాదాభ్యాం పాదుకే హేమభూషితే.\n\nఏతేహి సర్వలోకస్య యోగక్షేమం విధాస్యతః৷৷2.112.21৷৷\n\n"
    },
    {
        "sloka": "సోధిరుహ్య నరవ్యాఘ్రః పాదుకే హ్యవరుహ్య చ.\n\nప్రాయచ్ఛత్సుమహాతేజా భరతాయ మహాత్మనే৷৷2.112.22৷৷\n\n"
    },
    {
        "sloka": "స పాదుకే సమ్ప్రణమ్య రామం వచనమబ్రవీత్\n\nచతుర్దశ హి వర్షాణి జటాచీరధరో హ్యాహమ్৷৷2.112.23৷৷\n\nఫలమూలాశనో వీర భవేయం రఘునన్దన.\n\nతవాగమనమాకాఙ్క్షాన్వసన్వై నగరాద్బహిః৷৷2.112.24৷৷\n\nతవ పాదుకయోర్న్యస్తరాజ్యతన్త్రః పరన్తప.\n\n"
    },
    {
        "sloka": "చతుర్దశే తు సంపూర్ణే వర్షేహని రఘూత్తమ৷৷2.112.25৷৷\n\nన ద్రక్ష్యామి యది త్వాం తు ప్రవేక్ష్యామి హుతాశనమ్.\n\n"
    },
    {
        "sloka": "తథేతి చ ప్రతిజ్ఞాయ తం పరిష్వజ్య సాదరమ్৷৷2.112.26৷৷\n\nశత్రుఘ్నం చ పరిష్వజ్య భరతం చేదమబ్రవీత్.\n\n"
    },
    {
        "sloka": "మాతరం రక్ష కైకేయీం మా రోషం కురు తాం ప్రతి৷৷2.112.27৷৷\n\nమయా చ సీతయా చైవ శప్తోసి రఘుసత్తమ.\n\nఇత్యుక్త్వాశ్రుపరీతాక్షో భ్రాతరం విససర్జ హ৷৷2.112.28৷৷\n\n"
    },
    {
        "sloka": "స పాదుకే తే భరతః ప్రతాపవాన్ స్వలఙ్కృతే సమ్పరిపూజ్య ధర్మవిత్.\n\nప్రదక్షిణం చైవ చకార రాఘవమ్ చకార తే చోత్తమనాగమూర్ధని৷৷2.112.29৷৷\n\n"
    },
    {
        "sloka": "అథానుపూర్వ్యాత్ప్రతినన్ద్య తం జనం గురూంశ్చ మన్త్రిప్రకృతీస్తథానుజౌ.\n\nవ్యసర్జయద్రాఘవవంశవర్ధనస్థిరః స్వధర్మే హిమవానివాచలః৷৷2.112.30৷৷\n\n"
    },
    {
        "sloka": "తం మాతరో బాష్పగృహీతకణ్ఠ్యో దుఃఖేన నామన్త్రయితుం హి శేకుః.\n\nస త్వేవ మాత్రృభివాద్య సర్వారుదన్కుటీం స్వాం ప్రవివేశ రాఘవః৷৷2.112.31৷৷\n\n"
    }
]