[
    {
        "sloka": "[Bharata pleads with Rama in several ways --- all priests, mothers etc. extol Bharata --- Rama determines to respect his father's word.]\n\nఏవముక్త్వా తు విరతే రామే వచనమర్థవత్.\n\nతతో మన్దాకినీతీరే రామం ప్రకృతివత్సలమ్৷৷2.106.1৷৷\n\nఉవాచ భరత శ్చిత్రం ధార్మికో ధార్మికం వచః.\n\n"
    },
    {
        "sloka": "కో హి స్యాదీదృశో లోకే యాదృశ స్త్వమరిన్దమః৷৷2.106.2৷৷\n\nన త్వాం ప్రవ్యథయేద్దుఃఖం ప్రీతిర్వా నప్రహర్షయేత్.\n\nసమ్మతశ్చాసి వృద్ధానాం తాంశ్చ పృచ్ఛసి సంశయాన్৷৷2.106.3৷৷\n\n"
    },
    {
        "sloka": "యథా మృత స్తథా జీవన్యథాసతి తథా సతి.\n\nయస్యైష బుద్ధిలాభ స్స్యాత్పరితప్యేత కేన సః৷৷2.106.4৷৷\n\n"
    },
    {
        "sloka": "పరావరజ్ఞో యశ్చ స్యాత్తథా త్వం మనుజాధిపః.\n\nస ఏవం వ్యసనం ప్రాప్య న విషీదితుమర్హతి৷৷2.106.5৷৷\n\n"
    },
    {
        "sloka": "అమరోపమసత్త్వ స్త్వం మహాత్మా సత్యసఙ్గరః.\n\nసర్వజ్ఞ స్సర్వదర్శీ చ బుద్ధిమాంశ్చాసి రాఘవ!৷৷2.106.6৷৷\n\n"
    },
    {
        "sloka": "న త్వామేవం గుణైర్యుక్తం ప్రభవాభవకోవిదమ్.\n\nఅవిషహ్యతమం దుఃఖమాసాదయితుమర్హతి৷৷2.106.7৷৷\n\n"
    },
    {
        "sloka": "ప్రోషితే మయి యత్పాపం మాత్రా మత్కారణాత్కృతమ్.\n\nక్షుద్రయా తదనిష్టం మే ప్రసీదతు భవాన్మమ৷৷2.106.8৷৷\n\n"
    },
    {
        "sloka": "ధర్మబన్ధేన బద్ధోస్మి తేనేమాం నేహ మాతరమ్.\n\nహన్మితీవ్రేణ దణ్డేన దణ్డార్హాం పాపకారిణీమ్৷৷2.106.9৷৷\n\n"
    },
    {
        "sloka": "కథం దశరథా జ్జాత శ్శుద్ధాభిజనకర్మణః.\n\nజానన్ ధర్మమధర్మిష్ఠం కుర్యాం కర్మ జుగుప్సితమ్৷৷2.106.10৷৷\n\n"
    },
    {
        "sloka": "గురుః క్రియావాన్వృద్ధశ్చ రాజా ప్రేతః పితేతిచ.\n\nతాతం న పరిగర్హేయం దైవతం చేతి సంసది৷৷2.106.11৷৷\n\n"
    },
    {
        "sloka": "కో హి ధర్మార్థయోర్హీనమీదృశం కర్మ కిల్బిషమ్.\n\nస్త్రియాః ప్రియం చికీర్షు స్సన్కుర్యాద్ధర్మజ్ఞ! ధర్మవిత్৷৷2.106.12৷৷\n\n"
    },
    {
        "sloka": "అన్తకాలే హి భూతాని ముహ్యన్తీతి పురా శ్రుతిః.\n\nరాజ్ఞైవం కుర్వతా లోకే ప్రత్యక్షం సా శ్రుతిః కృతా৷৷2.106.13৷৷\n\n"
    },
    {
        "sloka": "సాధ్వర్థమభిసన్ధాయ క్రోధాన్మోహాచ్చ సాహసాత్.\n\nతాతస్య యదతిక్రాన్తం ప్రత్యాహరతు తద్భవాన్৷৷2.106.14৷৷\n\n"
    },
    {
        "sloka": "పితుర్హి సమతిక్రాన్తం పుత్రో యస్సాధు మన్యతే.\n\nతదపత్యం మతం లోకే విపరీతమతోన్యథా৷৷2.106.15৷৷\n\n"
    },
    {
        "sloka": "తదపత్యం భవానస్తు మా భవాన్ దుష్కృతం పితుః.\n\nఅభిపత్తా కృతం కర్మ లోకే ధీరవిగర్హితమ్৷৷2.106.16৷৷\n\n"
    },
    {
        "sloka": "కైకేయీం మాం చ తాతం చ సుహృదో బాన్ధవాంశ్చ నః.\n\nపౌరజానపదాన్సర్వాంస్త్రాతు సర్వమిదం భవాన్৷৷2.106.17৷৷\n\n"
    },
    {
        "sloka": "క్వ చారణ్యం క్వచ క్షాత్రం క్వ జటాః క్వ చ పాలనమ్.\n\nఈదృశం వ్యాహతం కర్మ న భవాన్కర్తుమర్హతి৷৷2.106.18৷৷\n\n"
    },
    {
        "sloka": "ఏష హి ప్రథమో ధర్మః క్షత్రియస్యాభిషేచనమ్.\n\nయేన శక్యం మహాప్రాజ్ఞ! ప్రజానాం పరిపాలనమ్৷৷2.106.19৷৷\n\n"
    },
    {
        "sloka": "కశ్చ ప్రత్యక్షముత్సృజ్య సంశయస్థ మలక్షణమ్.\n\nఆయతిస్థం చరే ద్ధర్మం క్షత్రబన్దురనిశ్చితమ్৷৷2.106.20৷৷\n\n"
    },
    {
        "sloka": "అథ క్లేశజ మేవ త్వం ధర్మం చరితు మిచ్ఛసి.\n\nధర్మేణ చతురో వర్ణాన్పాలయన్ క్లేశ మాప్నుహి৷৷2.106.21৷৷\n\n"
    },
    {
        "sloka": "చతుర్ణామాశ్రమాణాం హి గార్హస్థ్యం శ్రేష్ఠ మాశ్రమమ్.\n\nప్రాహుర్ధర్మజ్ఞ! ధర్మజ్ఞా స్తం కథం త్యక్తు మర్హసి৷৷2.106.22৷৷\n\n"
    },
    {
        "sloka": "శ్రుతేన బాలః స్థానేన జన్మనా భవతో హ్యహమ్.\n\nస కథం పాలయిష్యామి భూమిం భవతి తిష్ఠతి৷৷2.106.23৷৷\n\n"
    },
    {
        "sloka": "హీనబుద్ధిగుణో బాలో హీనః స్థానేన చాప్యహమ్.\n\nభవతా చ వినాభూతో న వర్తయితుముత్సుహే৷৷2.106.24৷৷\n\n"
    },
    {
        "sloka": "ఇదం నిఖిల మవ్యగ్రం రాజ్యం పిత్ర్యమకణ్టకమ్.\n\nఅనుశాధి స్వధర్మేణ ధర్మజ్ఞ! సహబాన్ధవైః৷৷2.106.25৷৷\n\n"
    },
    {
        "sloka": "ఇహైవ త్వాభిషిఞ్చన్తు సర్వాః ప్రకృతయ స్సహ.\n\nఋత్విజ స్సవసిష్ఠాశ్చ మన్త్రవిన్మన్త్రకోవిదాః৷৷2.106.26৷৷\n\n"
    },
    {
        "sloka": "అభిషిక్తస్త్వమస్మాభిరయోధ్యాం పాలనే వ్రజ.\n\nవిజిత్య తరసా లోకాన్మరుద్భిరివ వాసవః৷৷2.106.27৷৷\n\n"
    },
    {
        "sloka": "ఋణాని త్రీణ్యపాకుర్వన్దుర్హృదస్సాధు నిర్దహన్.\n\nసుహృదస్తర్పయన్కామైస్త్వమేవాత్రానుశాధి మామ్৷৷2.106.28৷৷\n\n"
    },
    {
        "sloka": "అద్యార్య ముదితా స్సన్తు సుహృదస్తేభిషేచనే.\n\nఅద్య భీతాః పలాయన్తాం దుర్హృదస్తే దిశో దశ৷৷2.106.29৷৷\n\n"
    },
    {
        "sloka": "ఆక్రోశం మమ మాతుశ్చ ప్రమృజ్య పురుషర్షభ.\n\nఅద్య తత్ర భవన్తం చ పితరం రక్ష కిల్బిషాత్৷৷2.106.30৷৷\n\n"
    },
    {
        "sloka": "శిరసా త్వాభియాచేహం కురుష్వ కరుణాం మయి.\n\nబాన్ధవేషు చ సర్వేషు భూతేష్వివ మహేశ్వరః৷৷2.106.31৷৷\n\n"
    },
    {
        "sloka": "అథైతత్పృష్ఠతః కృత్వా వనమేవ భవానితః.\n\nగమిష్యతి గమిష్యామి భవతా సార్ధమప్యహమ్৷৷2.106.32৷৷\n\n"
    },
    {
        "sloka": "తథాహి రామో భరతేన తామ్యతా ప్రసాద్యమానశ్శిరసా మహీపతిః.\n\nనచైవ చక్రే గమనాయ సత్త్వవాన్మతిం పితుస్తద్వచనే ప్రతిష్ఠితః৷৷2.106.33৷৷\n\n"
    },
    {
        "sloka": "తదద్భుతం స్థైర్యమవేక్ష్య రాఘవే సమం జనో హర్షమవాప దుఃఖితః.\n\nన యాత్యయోధ్యామితి దుఃఖితోభవత్ స్థిరప్రతిజ్ఞత్వమవేక్ష్య హర్షితః৷৷2.106.34৷৷\n\n"
    },
    {
        "sloka": "తమృత్విజో నైగమయూథవల్లభాస్తదా విసంజ్ఞాశ్రుకలాశ్చ మాతరః.\n\nతథా బ్రువాణం భరతం ప్రతుష్టువుః ప్రణమ్య రామం చ యయాచిరే సహ৷৷2.106.35৷৷\n\n"
    }
]