[
    {
        "sloka": "[Bharata performs funeral rites of king Dasaratha on the bank of Sarayu.]\n\nతమేవం శోకసన్తప్తం భరతం కైకయీ సుతమ్.\n\nఉవాచ వదతాం శ్రేష్ఠో వసిష్ఠ శ్శ్రేష్ఠవాగృషిః৷৷2.76.1৷৷\n\n"
    },
    {
        "sloka": "అలం శోకేన భద్రం తే రాజపుత్ర మహాయశః.\n\nప్రాప్తకాలం నరపతేః కురు సంయానముత్తమమ్৷৷2.76.2৷৷\n\n"
    },
    {
        "sloka": "వసిష్ఠస్య వచ శ్శృత్వా భరతో ధారణాం గతః.\n\nప్రేతకార్యాణి సర్వాణి కారయామాస ధర్మవిత్৷৷2.76.3৷৷\n\n"
    },
    {
        "sloka": "ఉద్ధృతం తైలసంరోధాత్సతు భూమౌ నివేశితమ్.\n\nఆపీతవర్ణవదనం ప్రసుప్తమివ భూమిపమ్৷৷2.76.4৷৷\n\nసంవేశ్య శయనే చాగ్య్రే నానారత్నపరిష్కృతే.\n\nతతో దశరథం పుత్రో విలలాప సుదుఃఖితః৷৷2.76.5৷৷\n\n"
    },
    {
        "sloka": "కిం తే వ్యవసితం రాజన్! ప్రోషితే మయ్యనాగతే.\n\nవివాస్య రామం ధర్మజ్ఞం లక్ష్మణం చ మహాబలమ్৷৷2.76.6৷৷\n\n"
    },
    {
        "sloka": "క్వ యాస్యసి మహారాజ! హిత్వేమం దుఃఖితం జనమ్.\n\nహీనం పురుషసింహేన రామేణాక్లిష్టకర్మణా৷৷2.76.7৷৷\n\n"
    },
    {
        "sloka": "యోగక్షేమం తు తే రాజన్! కోస్మిన్కల్పయితా పురే\n\nత్వయి ప్రయాతే స్వస్తాత రామే చ వనమాశ్రితే৷৷2.76.8৷৷\n\n"
    },
    {
        "sloka": "విధవా పృథివీ రాజన్! స్త్వయా హీనా న రాజతే.\n\nహీనచన్ద్రేవ రజనీ నగరీ ప్రతిభాతి మా৷৷2.76.9৷৷\n\n"
    },
    {
        "sloka": "ఏవం విలపమానం తం భరతం దీనమానసమ్.\n\nఅబ్రవీద్వచనం భూయో వసిష్ఠస్తు మహామునిః৷৷2.76.10৷৷\n\n"
    },
    {
        "sloka": "ప్రేతకార్యాణి యాన్యస్య కర్తవ్యాని విశాం పతేః.\n\nతాన్యవ్యగ్రం మహాబాహో! క్రియాన్తామవిచారితమ్৷৷2.76.11৷৷\n\n"
    },
    {
        "sloka": "తథేతి భరతో వాక్యం వసిష్ఠస్యాభిపూజ్య తత్.\n\nఋత్విక్పురోహితాచార్యాన్ స్త్వరయామాస సర్వశః৷৷2.76.12৷৷\n\n"
    },
    {
        "sloka": "యే త్వగ్నయో నరేన్ద్రేస్య చాగ్న్యగారాద్బహిష్కృతాః.\n\nఋత్విగ్భిర్యాజకైశ్చైవ తే ఆహ్రియన్త యథావిధి৷৷2.76.13৷৷\n\n"
    },
    {
        "sloka": "శిబికాయామథాోప్య రాజానం గతచేతసమ్.\n\nబాష్పకణ్ఠా విమనసస్తమూహుః పరిచారకాః৷৷2.76.14৷৷\n\n"
    },
    {
        "sloka": "హిరణ్యం చ సువర్ణం చ వాసాంసి వివిధాని చ.\n\nప్రకిరన్తో జనా మార్గం నృపతేరగ్రతో యయుః৷৷2.76.15৷৷\n\n"
    },
    {
        "sloka": "చన్దనాగరునిర్యాసాన్ సరలం పద్మకం తథా.\n\nదేవదారూణి చాహృత్య క్షేపయన్తి తథాపరే৷৷2.76.16৷৷\n\nగన్ధానుచ్చావచాంశ్చాన్యాం స్తత్ర గత్వాథ భూమిపమ్.\n\nతత్ర సంవేశయామాసుశ్చితామధ్యే తమృత్విజః৷৷2.76.17৷৷\n\n"
    },
    {
        "sloka": "తదా హుతాశనం హుత్వా జేపుస్తస్య తదృత్విజః.\n\nజగుశ్చ తే యథాశాస్త్ర తత్ర సామాని సామగాః৷৷2.76.18৷৷\n\n"
    },
    {
        "sloka": "శిబికాభిశ్చ యానైశ్చ యథార్హం తస్య యోషితః.\n\nనగరా న్నిర్యయుస్తత్ర వృద్ధైః పరివృతా స్తదా৷৷2.76.19৷৷\n\n"
    },
    {
        "sloka": "ప్రసవ్యం చాపి తం చకుః ఋత్విజోగ్నిచితం నృపమ్.\n\nస్త్రియశ్చ శోకసన్తప్తాః కౌసల్యాప్రముఖాస్తదా৷৷2.76.20৷৷\n\n"
    },
    {
        "sloka": "క్రౌఞ్చీనామివ నారీణాం నినాదస్తత్ర శుశ్రువే.\n\nఆర్తానాం కరుణం కాలే క్రోశన్తీనాం సహస్రశః৷৷2.76.21৷৷\n\n"
    },
    {
        "sloka": "తతో రుదన్త్యో వివశావిలప్య చ పునః పునః.\n\nయానేభ్యస్సరయూతీరమవతేరుర్వరాఙ్గనాః৷৷2.76.22৷৷\n\n"
    },
    {
        "sloka": "కృత్వోదకం తే భరతేన సార్ధం నృపాఙ్గనా మన్త్రిపురోహితా శ్చ.\n\nపురంప్రవిశ్యాశ్రుపరీతనేత్రాః భూమౌ దశాహం వ్యనయన్త దుఃఖమ్৷৷2.76.23৷৷\n\n"
    }
]