[
    {
        "sloka": "[Sudden flash of a thought in the mind of Dasaratha about an evil act done by him in the past --- Dasaratha attributes present misfortune to the past action --- seeks forgiveness of Kausalya.]\n\nఏవం తు క్రుద్ధయా రాజా రామమాత్రా సశోకయా.\n\nశ్రావితః పరుషం వాక్యం చిన్తయామాస దుఃఖితః৷৷2.62.1৷৷\n\n"
    },
    {
        "sloka": "చిన్తయిత్వా స చ నృపో ముమోహ వ్యాకులేన్ద్రియః.\n\nఅథ దీర్ఘీణ కాలేన సంజ్ఞామాప పరన్తపః৷৷2.62.2৷৷\n\n"
    },
    {
        "sloka": "స సంజ్ఞాముపలభ్యైవ దీర్ఘముష్ణం చ నిశ్శ్వసన్.\n\nకౌసల్యాం పార్శ్వతో దృష్ట్వా పున శ్చిన్తాముపాగమత్৷৷2.62.3৷৷\n\n"
    },
    {
        "sloka": "తస్య చిన్తయమానస్య ప్రత్యాభాత్కర్మ దుష్కృతమ్.\n\nయదనేన కృతం పూర్వమజ్ఞానాచ్ఛబ్దవేధినా৷৷2.62.4৷৷\n\n"
    },
    {
        "sloka": "అమనాస్తేన శోకేన రామశోకేన చ ప్రభుః.\n\nద్వాభ్యామపి మహారాజ శ్శోకాభ్యామన్వతప్యత৷৷2.62.5৷৷\n\n"
    },
    {
        "sloka": "దహ్యామాన స్సశోకాభ్యాం కౌసల్యామాహ భూపతిః.\n\nవేపమానోఞ్జలిం కృత్వా ప్రసాదార్థమవాఙ్ముఖః৷৷2.62.6৷৷\n\n"
    },
    {
        "sloka": "ప్రసాదయే త్వాం కౌసల్యే! రచితోయం మయాఞ్జలిః.\n\nవత్సలా చానృశంసా చ త్వం హి నిత్యం పరేష్వపి৷৷2.62.7৷৷\n\n"
    },
    {
        "sloka": "భర్తా తు ఖలు నారీణాం గుణవాన్నిర్గుణోపి వా.\n\nధర్మం విమృశమానానాం ప్రత్యక్షం దేవి! దైవతమ్৷৷2.62.8৷৷\n\n"
    },
    {
        "sloka": "సా త్వం ధర్మపరా నిత్యం దృష్టలోక పరావరా.\n\nనార్హసే విప్రియం వక్తుం దుఖిఃతాపి సుదుఃఖితమ్৷৷2.62.9৷৷\n\n"
    },
    {
        "sloka": "తద్వాక్యం కరుణం రాజ్ఞః శ్రుత్వా దీనస్య భాషితమ్.\n\nకౌసల్యా వ్యసృజద్బాష్పం ప్రణాలీవ నవోదకమ్৷৷2.62.10৷৷   \n\n"
    },
    {
        "sloka": "సా మూర్ధ్నిబధ్వా రుదతీ రాజ్ఞః పద్మమివాఞ్జలిమ్.\n\nసమ్భ్రమాదబ్రవీత్ త్రస్తా త్వరమాణాక్షరం వచః৷৷2.62.11৷৷\n\n"
    },
    {
        "sloka": "ప్రసీద శిరసా యాచే భూమౌ నిపతితాస్మి తే.\n\nయాచితాస్మి హతా దేవ! క్షన్తవ్యాహం న హి త్వయా৷৷2.62.12৷৷\n\n"
    },
    {
        "sloka": "నైషా హి సా స్త్రీ భవతి శ్లాఘనీయేన ధీమతా.\n\nఉభయోర్లోకయోర్వీర! పత్యా యా సమ్సాద్యతే৷৷2.62.13৷৷\n\n"
    },
    {
        "sloka": "జానామి ధర్మం ధర్మజ్ఞ! త్వాం జానే సత్యవాదినమ్.\n\nపుత్రశోకార్తయా తత్తు మయా కిమపి భాషితమ్৷৷2.62.14৷৷\n\n"
    },
    {
        "sloka": "శోకో నాశయతే ధైర్యం శోకో నాశయతే శ్రుతమ్.\n\nశోకో నాశయతే సర్వం నాస్తి శోకసమో రిపుః৷৷2.62.15৷৷\n\n"
    },
    {
        "sloka": "శక్య ఆపతిత స్సోఢుం ప్రహారో రిపుహస్తతః.\n\nసోఢుంమాపతితశ్శోకస్సుసూక్ష్మోపి న శక్యతే৷৷2.62.16৷৷\n\n"
    },
    {
        "sloka": "ధర్మజ్ఞా శ్శ్రుతిమన్తోపి ఛిన్నధర్మార్థసంశయాః.\n\nయతయో వీర! ముహ్యన్తి శోకసమ్మూఢచేతసః৷৷2.62.17৷৷\n\n"
    },
    {
        "sloka": "వనవాసాయ రామస్య పఞ్చరాత్రోద్య గణ్యతే.\n\nయ శ్శోకహతహర్షాయాః పఞ్చవర్షోపమో మమ৷৷2.62.18৷৷\n\n"
    },
    {
        "sloka": "తం హి చిన్తయమానాయా శ్శోకోయం హృది వర్ధతే.\n\nనదీనామివ వేగేన సముద్రసలిలం మహత్৷৷2.62.19৷৷\n\n"
    },
    {
        "sloka": "ఏవం హి కథయన్త్యాస్తు కౌసల్యాయాశ్శుభం వచః.\n\nమన్దరశ్మిరభూత్సూర్యో రజనీ చాభ్యవర్తత৷৷2.62.20৷৷\n\n"
    },
    {
        "sloka": "తథా ప్రసాదితో వాక్యైర్దేవ్యా కౌసల్యయా నృపః.\n\nశోకేన చ సమాక్రాన్తో నిద్రాయా వశన్తోమేయివాన్৷৷2.62.21৷৷\n\n"
    }
]