[
    {
        "sloka": "[On the thirteenth day Bharata drops down in agony while picking up the bones of his deceased father --- Bharata and Satrughna once again plunge in grief --- Vasistha and Sumanthra console them]\n\nతతో దశాహేతిగతే కృతశౌచో నృపాత్మజః.\n\nద్వాదశేహని సమ్ప్రాప్తే శ్రాద్ధకర్మాణ్యకారయత్৷৷2.77.1৷৷\n\n"
    },
    {
        "sloka": "బ్రాహ్మణేభ్యో దదౌ రత్నం ధనమన్నం చ పుష్కలమ్.\n\nవాసాంసి చ మహార్హాణి రత్నాని వివిధాని చ৷৷2.77.2৷৷\n\n"
    },
    {
        "sloka": "బాస్తికం బహు శుక్లం చ గాశ్చాపి శతశస్తథా.\n\nదాసీదాసం చ యానం చ వేశ్మాని సుమహాన్తి చ৷৷2.77.3৷৷\n\nబ్రాహ్మణేభ్యో దదౌ పుత్రో రాజ్ఞస్తస్యౌర్ధ్వదైహికమ్.\n\n"
    },
    {
        "sloka": "తతః ప్రభాతసమయే దివసేథ త్రయోదశే৷৷2.77.4৷৷\n\nవిలలాప మహాబాహుర్భరత శ్శోకమూర్ఛితః.\n\nశబ్దాపిహితకణ్ఠస్తు శోధనార్థముపాగతః৷৷2.77.5৷৷\n\nచితామూలే పితుర్వాక్యమిదమాహ సుదుఃఖితః.\n\n"
    },
    {
        "sloka": "తాత! యస్మిన్నిసృష్టోహం త్వయా భ్రాతరి రాఘవే৷৷2.77.6৷৷\n\nతస్మిన్వనం ప్రవ్రజితే శూన్యే త్యక్తోస్మ్యహం త్వయా.\n\n"
    },
    {
        "sloka": "యస్యా గతిరనాథాయాః పుత్రః ప్రవాజితో వనమ్.\n\nతామమ్బాం తాత! కౌసల్యాం త్యక్త్వా త్వం క్వ గతో నృప৷৷2.77.7৷৷\n\n"
    },
    {
        "sloka": "దృష్ట్వా భస్మారుణం తచ్చ దగ్ధాస్థి స్థానమణ్డలమ్৷৷2.77.8৷৷\n\nపితు శ్శరీరనిర్వాణం నిష్టనన్విషసాద సః.\n\n"
    },
    {
        "sloka": "స తు దృష్ట్వా రుదన్ దీనః పపాత ధరణీతలే৷৷2.77.9৷৷\n\nఉత్థాప్యమానశ్శక్రస్య యన్త్రధ్వజ ఇవ చ్యుతః.\n\n"
    },
    {
        "sloka": "అభిపేతుస్తతస్సర్వే తస్యామాత్యాశ్శుచివ్రతమ్৷৷2.77.10৷৷\n\nఅన్తకాలే నిపతితం యయాతిమృషయో యథా.\n\n"
    },
    {
        "sloka": "శత్రుఘ్న శ్చాపి భరతం దృష్ట్వా శోకమ్ పరిప్లుతః৷৷2.77.11৷৷\n\nవిసంజ్ఞో న్యపతద్భూమౌ భూమిపాలమనుస్మరన్.\n\n"
    },
    {
        "sloka": "ఉన్మత్త ఇవ నిశ్చేతా విలలాప సుదుఃఖితః৷৷2.77.12৷৷\n\nస్మృత్వా పితుర్గుణాఙ్గాని తాని తాని తథా తథా.\n\n"
    },
    {
        "sloka": "మన్థరాప్రభవస్తీవ్రః కైకేయీగ్రాహసఙ్కులః৷৷2.77.13৷৷\n\nవరదానమయోక్షోభ్యోమఞ్జయచ్ఛోకసాగరః.\n\n"
    },
    {
        "sloka": "సుకుమారం చ బాలం చ సతతం లాలితం త్వయా৷৷2.77.14৷৷\n\nక్వ తాత! భరతం హిత్వా విలపన్తం గతో భవాన్.\n\n"
    },
    {
        "sloka": "నను భోజ్యేషు పానేషు వస్త్రేష్వాభరణేషు చ৷৷2.77.15৷৷\n\nప్రవారయసి నస్సర్వాన్ తన్నః కోన్యః కరిష్యతి.\n\n"
    },
    {
        "sloka": "అవదారణకాలే తు పృథివీ నావదీర్యతే৷৷2.77.16৷৷\n\nయా విహీనా త్వయా రాజ్ఞా ధర్మజ్ఞేన మహాత్మనా.\n\n"
    },
    {
        "sloka": "పితరి స్వర్గమాపన్నే రామే చారణ్యమాశ్రితే৷৷2.77.17৷৷\n\nకిం మే జీవితసామర్థ్యం ప్రవేక్ష్యామి హుతాశనమ్.\n\n"
    },
    {
        "sloka": "హీనో భ్రాత్రా చ పిత్రా చ శూన్యామిక్ష్వాకుపాలితామ్৷৷2.77.18৷৷\n\nఅయోధ్యాం న ప్రవేక్ష్యామి ప్రవేక్ష్యామి తపోవనమ్.\n\n"
    },
    {
        "sloka": "తయోర్విలపితం శ్రుత్వా వ్యసనం చాన్వవేక్ష్య తత్৷৷2.77.19৷৷\n\nభృశమార్తతరా భూయస్సర్వఏవానుగామినః.\n\n"
    },
    {
        "sloka": "తతో విషణ్ణౌ శ్రాన్తౌ చ శత్రుఘ్నభరతావుభౌ৷৷2.77.20৷৷\n\nధరణ్యాం సంవ్యవేష్టేతాం భగ్నశృఙ్గావివర్షభౌ.\n\n"
    },
    {
        "sloka": "తతః ప్రకృతిమాన్వైద్యః పితురేషాం పురోహితః৷৷2.77.21৷৷\n\nవసిష్ఠో భరతం వాక్యముత్థాప్య తమువాచ హ.\n\n"
    },
    {
        "sloka": "త్రయోదశోయం దివసః పితుర్వృత్తస్య తే విభో৷৷2.77.22৷৷\n\nసావశేషాస్థినిచయే కిమిహ త్వం విలమ్భసే.\n\n"
    },
    {
        "sloka": "త్రీణి ద్వన్ద్వాని భూతేషు ప్రవృత్తాన్యవిశేషతః৷৷2.77.23৷৷\n\nతేషు చాపరిహార్యేషు నైవం భవితుమర్హసి.\n\n"
    },
    {
        "sloka": "సుమన్త్రశ్చాపి శత్రుఘ్నముత్థాప్యాభిప్రసాద్య చ৷৷2.77.24৷৷\n\nశ్రావయామాస తత్త్వజ్ఞ స్సర్వభూతభవాభవమ్.\n\n"
    },
    {
        "sloka": "ఉత్థితౌ చ నరవ్యాఘ్రౌ ప్రకాశేతే యశస్వినౌ৷৷2.77.25৷৷\n\nవర్షాతపపరిక్లినౌ పృథగిన్ద్రధ్వజావివ.\n\n"
    },
    {
        "sloka": "అశ్రూణి పరిమృద్నన్తౌ రక్తాక్షౌ దీనభాషిణౌ.\n\nఅమాత్యాస్త్వరయన్తి స్మ తనయౌ చాపరాః క్రియాః৷৷2.77.26৷৷\n\n"
    }
]