[
    {
        "sloka": "[Sugriva tells Dadhimukha not to worry about the destruction of Madhuvanam. He asked him to send Hanuman, Angada and others]\n\nతతో మూర్ధ్నా నిపతితం వానరం వానరర్షభః.\n\nదృష్ట్వైవోద్విగ్నహృదయో వాక్యమేతదువాచ హ৷৷5.63.1৷৷\n\n"
    },
    {
        "sloka": "ఉత్తిష్ఠోత్తిష్ఠ కస్మాత్త్వం పాదయోః పతితో మమ.\n\nఅభయం తే భవేద్వీర సర్వమేవాభిధీయతామ్৷৷5.63.2৷৷\n\n"
    },
    {
        "sloka": "స తు విశ్వాసితస్తేన సుగ్రీవేణ మహాత్మనా.\n\nఉత్థాయ సుమహాప్రాజ్ఞో వాక్యం దధిముఖోబ్రవీత్৷৷5.63.3৷৷\n\n"
    },
    {
        "sloka": "నైవర్క్షరజసా రాజన్న త్వయా నాపి వాలినా.\n\nవనం నిసృష్టపూర్వం హి భక్షితం తచ్చ వానరైః৷৷5.63.4৷৷\n\n"
    },
    {
        "sloka": "ఏభిః ప్రధర్షితాశ్చైవ వానరా వనరక్షిభిః.\n\nమధూన్యచిన్తయిత్వేమాన్ భక్షయన్తి పిబన్తి చ৷৷5.63.5৷৷\n\n"
    },
    {
        "sloka": "శిష్టమత్రాపవిధ్యన్తి భక్షయన్తి తథాపరే.\n\nనివార్యమాణాస్తే సర్వే భ్రువో వై దర్శయన్తి హి৷৷5.63.6৷৷\n\n"
    },
    {
        "sloka": "ఇమే హి సంరబ్ధతరాస్తథా తైస్సమ్ప్రధర్షితాః.\n\nవారయన్తో వనాత్తస్మాత్క్రుద్ధైర్వానరపుఙ్గవైః৷৷5.63.7৷৷\n\n"
    },
    {
        "sloka": "తతస్తైర్బహుభిర్వీరైర్వానరైర్వానరర్షభ.\n\nసంరక్తనయనైః క్రోధాద్ధరయః ప్రవిచాలితాః৷৷5.63.8৷৷\n\n"
    },
    {
        "sloka": "పాణిభిర్నిహతాః కేచిత్కేచిజ్జానుభిరాహతాః.\n\nప్రకృష్టాశ్చ యథాకామం దేవమార్గం చ దర్శితాః৷৷5.63.9৷৷\n\n"
    },
    {
        "sloka": "ఏవమేతే హతాశ్శూరాస్త్వయి తిష్ఠతి భర్తరి.\n\nకృత్స్నం మధువనం చైవ ప్రకామం తైః ప్రభక్ష్యతే৷৷5.63.10৷৷\n\n"
    },
    {
        "sloka": "ఏవం విజ్ఞాప్యమానం తం సుగ్రీవం వానరర్షభమ్.\n\nఅపృచ్ఛత్తం మహాప్రాజ్ఞో లక్ష్మణః పరవీరహా৷৷5.63.11৷৷\n\n"
    },
    {
        "sloka": "కిమయం వానరో రాజన్ వనపః ప్రత్యుపస్థితః.\n\nకం చార్థమభినిర్దిశ్య దుఃఖితో వాక్యమబ్రవీత్৷৷5.63.12৷৷\n\n"
    },
    {
        "sloka": "ఏవముక్తస్తు సుగ్రీవో లక్ష్మణేన మహాత్మనా.\n\nలక్ష్మణం ప్రత్యువాచేదం వాక్యం వాక్యవిశారదః৷৷5.63.13৷৷\n\n"
    },
    {
        "sloka": "ఆర్య లక్ష్మణ సమ్ప్రాహ వీరో దధిముఖః కపిః.\n\nఅఙ్గదప్రముఖైర్వీరైర్భక్షితం మధు వానరైః৷৷5.63.14৷৷\n\nవిచిత్య దక్షిణామాశామాగతైర్హరిపుఙ్గవైః.\n\n"
    },
    {
        "sloka": "నైషామకృత్యానామీదృశస్స్యాదుపక్రమః৷৷5.63.15৷৷\n\nఆగతైశ్చ ప్రమథితం యథా మధువనం హి తైః.\n\nధర్షితం చ వనం కృత్స్నముపయుక్తం చ వానరైః৷৷5.63.16৷৷\n\n"
    },
    {
        "sloka": "వనం యదాభిపన్నాస్తే సాధితం కర్మ వానరైః.\n\nదృష్టా దేవీ న సన్దేహో న చాన్యేన హనూమతా৷৷5.63.17৷৷\n\n"
    },
    {
        "sloka": "న హ్యన్యస్సాధనే హేతుః కర్మణోస్య హనూమతః.\n\nకార్యసిద్ధిర్మతిశ్చైవ తస్మిన్వానరపుఙ్గవే৷৷5.63.18৷৷\n\nవ్యవసాయశ్చ వీర్యం చ శ్రుతం చాపి ప్రతిష్ఠితమ్.\n\n"
    },
    {
        "sloka": "జామ్బవాన్యత్ర నేతా స్యాదఙ్గదశ్చ మహాబలః৷৷5.63.19৷৷\n\nహనుమాంశ్చాప్యధిష్ఠాతా న తస్య గతిరన్యథా.\n\n"
    },
    {
        "sloka": "అఙ్గదప్రముఖైర్వీరైర్హతం మధువనం కిల৷৷5.63.20৷৷\n\nవారయన్తశ్చ సహితాస్తదా జానుభిరాహతాః.\n\n"
    },
    {
        "sloka": "ఏతదర్థమయం ప్రాప్తో వక్తుం మధురవాగిహ৷৷5.63.21৷৷\n\nనామ్నా దధిముఖో నామ హరిః ప్రఖ్యాతవిక్రమః.\n\n"
    },
    {
        "sloka": "దృష్టా సీతా మహాబాహో సౌమిత్రే పశ్య తత్త్వతః৷৷5.63.22৷৷\n\nఅభిగమ్య తథా సర్వే పిబన్తి మధు వానరాః.\n\n"
    },
    {
        "sloka": "న చాప్యదృష్ట్వా వైదేహీం విశ్రుతాః పురుషర్షభ৷৷5.63.23৷৷\n\nవనం దత్తవరం దివ్యం ధర్షయేయుర్వనౌకసః.\n\n"
    },
    {
        "sloka": "తతః ప్రహృష్టో ధర్మాత్మా లక్ష్మణస్సహ రాఘవః৷৷5.63.24৷৷\n\nశ్రుత్వా కర్ణసుఖాం వాణీం సుగ్రీవవదనాచ్చ్యుతామ్.\n\nప్రాహృష్యత భృశం రామో లక్ష్మణశ్చ మహాబలః৷৷5.63.25৷৷\n\n"
    },
    {
        "sloka": "శ్రుత్వా దధిముఖస్యేదం సుగ్రీవస్సమ్ప్రహృష్య చ.\n\nవనపాలం పునర్వాక్యం సుగ్రీవః ప్రత్యభాషత৷৷5.63.26৷৷\n\n"
    },
    {
        "sloka": "ప్రీతోస్మి సోహం యద్భుక్తం వనం తైః కృతకర్మభిః.\n\nమర్షితం మర్షణీయం చ చేష్టితం కృతకర్మణామ్৷৷5.63.27৷৷\n\n"
    },
    {
        "sloka": "ఇచ్ఛామి శీఘ్రం హనుమత్ప్రధానాన్ శాఖామృగాంస్తాన్ మృగరాజదర్పాన్.\n\nద్రష్టుం కృతార్థాన్ సహ రాఘవాభ్యాం శ్రోతుం చ సీతాధిగమే ప్రయత్నమ్৷৷5.63.28৷৷\n\n"
    },
    {
        "sloka": "ప్రీతిస్ఫీతాక్షౌ సమ్ప్రహృష్టౌ కుమారౌ దృష్ట్వా సిద్ధార్థౌ వానరాణాం చ రాజా.\n\nఅఙ్గైః సంహృష్టైః కర్మసిద్ధిం విదిత్వా బాహ్వోరాసన్నాం సోతిమాత్రం ననన్ద৷৷5.63.29৷৷\n\n"
    },
    {
        "sloka": "[Sugriva tells Dadhimukha not to worry about the destruction of Madhuvanam. He asked him to send Hanuman, Angada and others]\n\nతతో మూర్ధ్నా నిపతితం వానరం వానరర్షభః.\n\nదృష్ట్వైవోద్విగ్నహృదయో వాక్యమేతదువాచ హ৷৷5.63.1৷৷\n\n"
    },
    {
        "sloka": "ఉత్తిష్ఠోత్తిష్ఠ కస్మాత్త్వం పాదయోః పతితో మమ.\n\nఅభయం తే భవేద్వీర సర్వమేవాభిధీయతామ్৷৷5.63.2৷৷\n\n"
    },
    {
        "sloka": "స తు విశ్వాసితస్తేన సుగ్రీవేణ మహాత్మనా.\n\nఉత్థాయ సుమహాప్రాజ్ఞో వాక్యం దధిముఖోబ్రవీత్৷৷5.63.3৷৷\n\n"
    },
    {
        "sloka": "నైవర్క్షరజసా రాజన్న త్వయా నాపి వాలినా.\n\nవనం నిసృష్టపూర్వం హి భక్షితం తచ్చ వానరైః৷৷5.63.4৷৷\n\n"
    },
    {
        "sloka": "ఏభిః ప్రధర్షితాశ్చైవ వానరా వనరక్షిభిః.\n\nమధూన్యచిన్తయిత్వేమాన్ భక్షయన్తి పిబన్తి చ৷৷5.63.5৷৷\n\n"
    },
    {
        "sloka": "శిష్టమత్రాపవిధ్యన్తి భక్షయన్తి తథాపరే.\n\nనివార్యమాణాస్తే సర్వే భ్రువో వై దర్శయన్తి హి৷৷5.63.6৷৷\n\n"
    },
    {
        "sloka": "ఇమే హి సంరబ్ధతరాస్తథా తైస్సమ్ప్రధర్షితాః.\n\nవారయన్తో వనాత్తస్మాత్క్రుద్ధైర్వానరపుఙ్గవైః৷৷5.63.7৷৷\n\n"
    },
    {
        "sloka": "తతస్తైర్బహుభిర్వీరైర్వానరైర్వానరర్షభ.\n\nసంరక్తనయనైః క్రోధాద్ధరయః ప్రవిచాలితాః৷৷5.63.8৷৷\n\n"
    },
    {
        "sloka": "పాణిభిర్నిహతాః కేచిత్కేచిజ్జానుభిరాహతాః.\n\nప్రకృష్టాశ్చ యథాకామం దేవమార్గం చ దర్శితాః৷৷5.63.9৷৷\n\n"
    },
    {
        "sloka": "ఏవమేతే హతాశ్శూరాస్త్వయి తిష్ఠతి భర్తరి.\n\nకృత్స్నం మధువనం చైవ ప్రకామం తైః ప్రభక్ష్యతే৷৷5.63.10৷৷\n\n"
    },
    {
        "sloka": "ఏవం విజ్ఞాప్యమానం తం సుగ్రీవం వానరర్షభమ్.\n\nఅపృచ్ఛత్తం మహాప్రాజ్ఞో లక్ష్మణః పరవీరహా৷৷5.63.11৷৷\n\n"
    },
    {
        "sloka": "కిమయం వానరో రాజన్ వనపః ప్రత్యుపస్థితః.\n\nకం చార్థమభినిర్దిశ్య దుఃఖితో వాక్యమబ్రవీత్৷৷5.63.12৷৷\n\n"
    },
    {
        "sloka": "ఏవముక్తస్తు సుగ్రీవో లక్ష్మణేన మహాత్మనా.\n\nలక్ష్మణం ప్రత్యువాచేదం వాక్యం వాక్యవిశారదః৷৷5.63.13৷৷\n\n"
    },
    {
        "sloka": "ఆర్య లక్ష్మణ సమ్ప్రాహ వీరో దధిముఖః కపిః.\n\nఅఙ్గదప్రముఖైర్వీరైర్భక్షితం మధు వానరైః৷৷5.63.14৷৷\n\nవిచిత్య దక్షిణామాశామాగతైర్హరిపుఙ్గవైః.\n\n"
    },
    {
        "sloka": "నైషామకృత్యానామీదృశస్స్యాదుపక్రమః৷৷5.63.15৷৷\n\nఆగతైశ్చ ప్రమథితం యథా మధువనం హి తైః.\n\nధర్షితం చ వనం కృత్స్నముపయుక్తం చ వానరైః৷৷5.63.16৷৷\n\n"
    },
    {
        "sloka": "వనం యదాభిపన్నాస్తే సాధితం కర్మ వానరైః.\n\nదృష్టా దేవీ న సన్దేహో న చాన్యేన హనూమతా৷৷5.63.17৷৷\n\n"
    },
    {
        "sloka": "న హ్యన్యస్సాధనే హేతుః కర్మణోస్య హనూమతః.\n\nకార్యసిద్ధిర్మతిశ్చైవ తస్మిన్వానరపుఙ్గవే৷৷5.63.18৷৷\n\nవ్యవసాయశ్చ వీర్యం చ శ్రుతం చాపి ప్రతిష్ఠితమ్.\n\n"
    },
    {
        "sloka": "జామ్బవాన్యత్ర నేతా స్యాదఙ్గదశ్చ మహాబలః৷৷5.63.19৷৷\n\nహనుమాంశ్చాప్యధిష్ఠాతా న తస్య గతిరన్యథా.\n\n"
    },
    {
        "sloka": "అఙ్గదప్రముఖైర్వీరైర్హతం మధువనం కిల৷৷5.63.20৷৷\n\nవారయన్తశ్చ సహితాస్తదా జానుభిరాహతాః.\n\n"
    },
    {
        "sloka": "ఏతదర్థమయం ప్రాప్తో వక్తుం మధురవాగిహ৷৷5.63.21৷৷\n\nనామ్నా దధిముఖో నామ హరిః ప్రఖ్యాతవిక్రమః.\n\n"
    },
    {
        "sloka": "దృష్టా సీతా మహాబాహో సౌమిత్రే పశ్య తత్త్వతః৷৷5.63.22৷৷\n\nఅభిగమ్య తథా సర్వే పిబన్తి మధు వానరాః.\n\n"
    },
    {
        "sloka": "న చాప్యదృష్ట్వా వైదేహీం విశ్రుతాః పురుషర్షభ৷৷5.63.23৷৷\n\nవనం దత్తవరం దివ్యం ధర్షయేయుర్వనౌకసః.\n\n"
    },
    {
        "sloka": "తతః ప్రహృష్టో ధర్మాత్మా లక్ష్మణస్సహ రాఘవః৷৷5.63.24৷৷\n\nశ్రుత్వా కర్ణసుఖాం వాణీం సుగ్రీవవదనాచ్చ్యుతామ్.\n\nప్రాహృష్యత భృశం రామో లక్ష్మణశ్చ మహాబలః৷৷5.63.25৷৷\n\n"
    },
    {
        "sloka": "శ్రుత్వా దధిముఖస్యేదం సుగ్రీవస్సమ్ప్రహృష్య చ.\n\nవనపాలం పునర్వాక్యం సుగ్రీవః ప్రత్యభాషత৷৷5.63.26৷৷\n\n"
    },
    {
        "sloka": "ప్రీతోస్మి సోహం యద్భుక్తం వనం తైః కృతకర్మభిః.\n\nమర్షితం మర్షణీయం చ చేష్టితం కృతకర్మణామ్৷৷5.63.27৷৷\n\n"
    },
    {
        "sloka": "ఇచ్ఛామి శీఘ్రం హనుమత్ప్రధానాన్ శాఖామృగాంస్తాన్ మృగరాజదర్పాన్.\n\nద్రష్టుం కృతార్థాన్ సహ రాఘవాభ్యాం శ్రోతుం చ సీతాధిగమే ప్రయత్నమ్৷৷5.63.28৷৷\n\n"
    },
    {
        "sloka": "ప్రీతిస్ఫీతాక్షౌ సమ్ప్రహృష్టౌ కుమారౌ దృష్ట్వా సిద్ధార్థౌ వానరాణాం చ రాజా.\n\nఅఙ్గైః సంహృష్టైః కర్మసిద్ధిం విదిత్వా బాహ్వోరాసన్నాం సోతిమాత్రం ననన్ద৷৷5.63.29৷৷\n\n"
    }
]