[
    {
        "sloka": "[Hanuman  decides to  praise Rama within Sita's earshot.]\n\nహనుమానపి విక్రాన్తః సర్వం శుశ్రావ తత్త్వతః.\n\nసీతాయాస్త్రిజటాయాశ్చ రాక్షసీనాం చ తర్జనమ్৷৷5.30.1৷৷\n\n"
    },
    {
        "sloka": "అవేక్షమాణస్తాం దేవీం దేవతామివ నన్దనే.\n\nతతో బహువిధాం చిన్తాం చిన్తయామాస వానరః৷৷5.30.2৷৷\n\n"
    },
    {
        "sloka": "యాం కపీనాం సహస్రాణి సుబహూన్యయుతాని చ.\n\nదిక్షు సర్వాసు మార్గన్తే సేయమాసాదితా మయా৷৷5.30.3৷৷\n\n"
    },
    {
        "sloka": "చారేణ తు సుయుక్తేన శత్రోశ్శక్తిమవేక్షతా.\n\nగూఢేన చరతా తావదవేక్షితమిదం మయా৷৷5.30.4৷৷\n\n"
    },
    {
        "sloka": "రాక్షసానాం విశేషశ్చ పురీ చేయమవేక్షితా.\n\nరాక్షసాధిపతేరస్య ప్రభావో రావణస్య చ৷৷5.30.5৷৷\n\n"
    },
    {
        "sloka": "యుక్తం తస్యాప్రమేయస్య సర్వసత్త్వదయావతః.\n\nసమాశ్వాసయితుం భార్యాం పతిదర్శనకాఙ్క్షిణీమ్৷৷5.30.6৷৷\n\n"
    },
    {
        "sloka": "అహమాశ్వాసయామ్యేనాం పూర్ణచన్ద్రనిభాననామ్.\n\nఅదృష్టదుఃఖాం దుఃఖార్తాం దుఃఖస్యాన్తమగచ్ఛతీమ్৷৷5.30.7৷৷\n\n"
    },
    {
        "sloka": "యద్యప్యహమిమాం దేవీం శోకోపహతచేతనామ్.\n\nఅనాశ్వాస్య గమిష్యామి దోషవద్గమనం భవేత్৷৷5.30.8৷৷\n\n"
    },
    {
        "sloka": "గతే హి మయి తత్రేయం రాజపుత్రీ యశస్వినీ.\n\nపరిత్రాణమవిన్దన్తీ జానకీ జీవితం త్యజేత్৷৷5.30.9৷৷\n\n"
    },
    {
        "sloka": "మయా చ స మహాబాహుః పూర్ణచన్ద్రనిభాననః.\n\nసమాశ్యాసయితుం న్యాయ్యస్సీతాదర్శనలాలసః৷৷5.30.10৷৷\n\n"
    },
    {
        "sloka": "నిశాచరీణాం ప్రత్యక్షమనర్హం చాభిభాషితమ్.\n\nకథన్ను ఖలు కర్తవ్యమిదం కృచ్ఛ్రగతో హ్యహమ్৷৷5.30.11৷৷\n\n"
    },
    {
        "sloka": "అనేన రాత్రిశేషేణ యది నాశ్వాస్యతే మయా.\n\nసర్వథా నాస్తి సన్దేహః పరిత్యక్ష్యతి జీవితమ్৷৷5.30.12৷৷\n\n"
    },
    {
        "sloka": "రామశ్చ యది పృచ్ఛేన్మాం కిం మాం సీతాబ్రవీద్వచః.\n\nకిమహం తం ప్రతి బ్రూయామసంభాష్య సుమధ్యమామ్৷৷5.30.13৷৷\n\n"
    },
    {
        "sloka": "సీతాసన్దేశరహితం మామితస్త్వరయాగతమ్.\n\nనిర్దహేదపి కాకుత్స్య క్రుద్ధస్తీవ్రేణ చక్షుషా৷৷5.30.14৷৷\n\n"
    },
    {
        "sloka": "యది చోద్యోజయిష్యామి భర్తారం రామకారణాత్.\n\nవ్యర్థమాగమనం తస్య ససైన్యస్య భవిష్యతి৷৷5.30.15৷৷\n\n"
    },
    {
        "sloka": "అన్తరం త్వహమాసాద్య రాక్షసీనామిహ స్థితః.\n\nశనైరాశ్వాసయిష్యామి సన్తాపబహుళామిమామ్৷৷5.30.16৷৷\n\n"
    },
    {
        "sloka": "అహం త్వతితనుశ్చైవ వానరశ్చ విశేషతః.\n\nచం చోదాహరిష్యామి మానుషీమిహ సంస్కృతామ్৷৷5.30.17৷৷\n\n"
    },
    {
        "sloka": "యది వాచం ప్రదాస్యామి ద్విజాతిరివ సంస్కృతామ్.\n\nరావణం మన్యమానా మాం సీతా భీతా భవిష్యతి৷৷5.30.18৷৷\n\nవానరస్య విశేషేణ కథం స్యాదభిభాషణమ్.\n\n"
    },
    {
        "sloka": "అవశ్యమేవ వక్తవ్యం మానుషం వాక్యమర్థవత్৷৷5.30.19৷৷\n\nమయా సాన్త్వయితుం శక్యా నాన్యథేయమనిన్దితా.\n\n"
    },
    {
        "sloka": "సేయమాలోక్య మే రూపం జానకీ భాషితం తథా৷৷5.30.20৷৷\n\nరక్షోభిస్త్రాసితా పూర్వం భూయస్త్రాసం గమిష్యతి.\n\n"
    },
    {
        "sloka": "తతో జాతపరిత్రాసా శబ్దం కుర్యాన్మనస్వినీ৷৷5.30.21৷৷\n\nజానమానా  విశాలాక్షీ రావణం కామరూపిణమ్.\n\n"
    },
    {
        "sloka": "సీతయా చ కృతే శబ్దే సహసా రాక్షసీగణా:.\n\nనానాప్రహరణో ఘోర: సమేయాదన్తకోపమ:৷৷5.30.22৷৷\n\n"
    },
    {
        "sloka": "తతో మాం సమ్పరిక్షిప్య సర్వతో వికృతాననాః৷৷5.30.23৷৷\n\nవధే చ గ్రహణే చైవ కుర్యుర్యత్నం యథాబలమ్.\n\n"
    },
    {
        "sloka": "గృహ్య శాఖాః ప్రశాఖాశ్చ స్కన్ధాంశ్చోత్తమశాఖినామ్৷৷5.30.24৷৷\n\nదృష్ట్వా విపరిధావన్తం భవేయుర్భయశఙ్కితాః.\n\n"
    },
    {
        "sloka": "మమ రూపం చ సమ్ప్రేక్ష్య వనే విచరతో మహత్৷৷5.30.25৷৷\n\nరాక్షస్యో భయవిత్రస్తా భవేయుర్వికృతాననాః.\n\n"
    },
    {
        "sloka": "తతః కుర్యుస్సమాహ్వానం రాక్షస్యో రక్షసామపి৷৷5.30.26৷৷\n\nరాక్షసేన్ద్రనియుక్తానాం రాక్షసేన్ద్రనివేశనే.\n\n"
    },
    {
        "sloka": "తే శూలశక్తినిస్త్రింశవివిధాయుధపాణయః৷৷5.30.27৷৷\n\nఆపతేయుర్విమర్దేస్మిన్వేగేనోద్వేగకారణాత్.\n\n"
    },
    {
        "sloka": "సమృద్ధస్తైస్తు పరితో విధమన్ రక్షసాం బలమ్৷৷5.30.28৷৷\n\nశక్నుయాం న తు సంప్రాప్తుం పరం పారం మహోదధేః.\n\n"
    },
    {
        "sloka": "మాం వా గృహ్ణీయురాప్లుత్య బహవశ్శీఘ్రకారిణః৷৷5.30.29৷৷\n\nస్యాదియం చాగృహీతార్థా మమ చ గ్రహణం భవేత్.\n\n"
    },
    {
        "sloka": "హింసాభిరుచయో హింస్యురిమాం వా జనకాత్మజామ్৷৷5.30.30৷৷\n\nవిపన్నం స్యాత్తతః కార్యం రామసుగ్రీవయోరిదమ్.\n\n"
    },
    {
        "sloka": "ఉద్దేశే నష్టమార్గేస్మిన్ రాక్షసైః పరివారితే৷৷5.30.31৷৷\n\nసాగరేణ పరిక్షిప్తే గుప్తే వసతి జానకీ.\n\n"
    },
    {
        "sloka": "విశస్తే వా గృహీతే వా రక్షోభిర్మయి సంయుగే৷৷5.30.32৷৷\n\nనాన్యం పశ్యామి రామస్య సహాయం కార్యసాధనే.\n\n"
    },
    {
        "sloka": "విమృశంశ్చ న పశ్యామి యో హతే మయి వానరః৷৷5.30.33৷৷\n\nశతయోజనవిస్తీర్ణం లఙ్ఘయేత మహోదధిమ్.\n\n"
    },
    {
        "sloka": "కామం హన్తుం సమర్థోస్మి సహస్రాణ్యపి రక్షసామ్৷৷5.30.34৷৷\n\nన తు శక్ష్యామి సమ్ప్రాప్తుం పరం పారం మహోదధేః.\n\n"
    },
    {
        "sloka": "అసత్యాని చ యుద్ధాని సంశయో మే న రోచతే৷৷5.30.35৷৷\n\nకశ్చ నిస్సంశయం కార్యం కుర్యాత్ప్రాజ్ఞః ససంశయమ్.\n\n"
    },
    {
        "sloka": "ప్రాణత్యాగశ్చ వైదేహ్యా భవేదనభిభాషణే৷৷5.30.36৷৷\n\nఏష దోషో మహాన్హి స్యాన్మమ సీతాభిభాషణే.\n\n"
    },
    {
        "sloka": "భూతాశ్చార్థా వినశ్యన్తి దేశకాలవిరోధితాః৷৷5.30.37৷৷\n\nవిక్లబం దూతమాసాద్య తమః సూర్యోదయే యథా.\n\n"
    },
    {
        "sloka": "అర్థానర్థాన్తరే బుద్ధినిశ్చితాపి న శోభతే৷৷5.30.38৷৷\n\nఘాతయన్తి హి కార్యాణి దూతాః పణ్డితమానినః.\n\n"
    },
    {
        "sloka": "న వినశ్యేత్కథం కార్యం వైక్లబ్యం న కథం భవేత్৷৷5.30.39৷৷\n\nలఙ్ఘనం చ సముద్రస్య కథం ను న వృథా భవేత్.\n\n"
    },
    {
        "sloka": "కథం ను ఖలు వాక్యం మే శృణుయాన్నోద్విజేత వా.\n\nఇతి సఞ్చిన్త్య హనుమాంశ్చకార మతిమాన్మతిమ్৷৷5.30.40৷৷\n\n"
    },
    {
        "sloka": "రామమక్లిష్టకర్మాణం సుబన్ధుమనుకీర్తయన్৷৷5.30.41৷৷\n\nనైనాముద్వేజయిష్యామి తద్బన్ధుగతమానసామ్.\n\n"
    },
    {
        "sloka": "ఇక్ష్వాకూణాం వరిష్ఠస్య రామస్య విదితాత్మనః৷৷5.30.42৷৷\n\nశుభాని ధర్మయుక్తాని వచనాని సమర్పయన్.\n\nశ్రావయిష్యామి సర్వాణి మధురాం ప్రబ్రువన్ గిరమ్৷৷5.30.43৷৷\n\nశ్రద్ధాస్యతి యథాహీయం తథా సర్వం సమాదధే.\n\n"
    },
    {
        "sloka": "ఇతి స బహువిధం మహానుభావో\n\nజగతిపతేః ప్రమదామవేక్షమాణః.\n\nమధురమవితథం జగాద వాక్యం \n\nద్రుమవిటపాన్తరమాస్థితో హనూమాన్৷৷5.30.44৷৷\n\n"
    },
    {
        "sloka": "[Hanuman  decides to  praise Rama within Sita's earshot.]\n\nహనుమానపి విక్రాన్తః సర్వం శుశ్రావ తత్త్వతః.\n\nసీతాయాస్త్రిజటాయాశ్చ రాక్షసీనాం చ తర్జనమ్৷৷5.30.1৷৷\n\n"
    },
    {
        "sloka": "అవేక్షమాణస్తాం దేవీం దేవతామివ నన్దనే.\n\nతతో బహువిధాం చిన్తాం చిన్తయామాస వానరః৷৷5.30.2৷৷\n\n"
    },
    {
        "sloka": "యాం కపీనాం సహస్రాణి సుబహూన్యయుతాని చ.\n\nదిక్షు సర్వాసు మార్గన్తే సేయమాసాదితా మయా৷৷5.30.3৷৷\n\n"
    },
    {
        "sloka": "చారేణ తు సుయుక్తేన శత్రోశ్శక్తిమవేక్షతా.\n\nగూఢేన చరతా తావదవేక్షితమిదం మయా৷৷5.30.4৷৷\n\n"
    },
    {
        "sloka": "రాక్షసానాం విశేషశ్చ పురీ చేయమవేక్షితా.\n\nరాక్షసాధిపతేరస్య ప్రభావో రావణస్య చ৷৷5.30.5৷৷\n\n"
    },
    {
        "sloka": "యుక్తం తస్యాప్రమేయస్య సర్వసత్త్వదయావతః.\n\nసమాశ్వాసయితుం భార్యాం పతిదర్శనకాఙ్క్షిణీమ్৷৷5.30.6৷৷\n\n"
    },
    {
        "sloka": "అహమాశ్వాసయామ్యేనాం పూర్ణచన్ద్రనిభాననామ్.\n\nఅదృష్టదుఃఖాం దుఃఖార్తాం దుఃఖస్యాన్తమగచ్ఛతీమ్৷৷5.30.7৷৷\n\n"
    },
    {
        "sloka": "యద్యప్యహమిమాం దేవీం శోకోపహతచేతనామ్.\n\nఅనాశ్వాస్య గమిష్యామి దోషవద్గమనం భవేత్৷৷5.30.8৷৷\n\n"
    },
    {
        "sloka": "గతే హి మయి తత్రేయం రాజపుత్రీ యశస్వినీ.\n\nపరిత్రాణమవిన్దన్తీ జానకీ జీవితం త్యజేత్৷৷5.30.9৷৷\n\n"
    },
    {
        "sloka": "మయా చ స మహాబాహుః పూర్ణచన్ద్రనిభాననః.\n\nసమాశ్యాసయితుం న్యాయ్యస్సీతాదర్శనలాలసః৷৷5.30.10৷৷\n\n"
    },
    {
        "sloka": "నిశాచరీణాం ప్రత్యక్షమనర్హం చాభిభాషితమ్.\n\nకథన్ను ఖలు కర్తవ్యమిదం కృచ్ఛ్రగతో హ్యహమ్৷৷5.30.11৷৷\n\n"
    },
    {
        "sloka": "అనేన రాత్రిశేషేణ యది నాశ్వాస్యతే మయా.\n\nసర్వథా నాస్తి సన్దేహః పరిత్యక్ష్యతి జీవితమ్৷৷5.30.12৷৷\n\n"
    },
    {
        "sloka": "రామశ్చ యది పృచ్ఛేన్మాం కిం మాం సీతాబ్రవీద్వచః.\n\nకిమహం తం ప్రతి బ్రూయామసంభాష్య సుమధ్యమామ్৷৷5.30.13৷৷\n\n"
    },
    {
        "sloka": "సీతాసన్దేశరహితం మామితస్త్వరయాగతమ్.\n\nనిర్దహేదపి కాకుత్స్య క్రుద్ధస్తీవ్రేణ చక్షుషా৷৷5.30.14৷৷\n\n"
    },
    {
        "sloka": "యది చోద్యోజయిష్యామి భర్తారం రామకారణాత్.\n\nవ్యర్థమాగమనం తస్య ససైన్యస్య భవిష్యతి৷৷5.30.15৷৷\n\n"
    },
    {
        "sloka": "అన్తరం త్వహమాసాద్య రాక్షసీనామిహ స్థితః.\n\nశనైరాశ్వాసయిష్యామి సన్తాపబహుళామిమామ్৷৷5.30.16৷৷\n\n"
    },
    {
        "sloka": "అహం త్వతితనుశ్చైవ వానరశ్చ విశేషతః.\n\nచం చోదాహరిష్యామి మానుషీమిహ సంస్కృతామ్৷৷5.30.17৷৷\n\n"
    },
    {
        "sloka": "యది వాచం ప్రదాస్యామి ద్విజాతిరివ సంస్కృతామ్.\n\nరావణం మన్యమానా మాం సీతా భీతా భవిష్యతి৷৷5.30.18৷৷\n\nవానరస్య విశేషేణ కథం స్యాదభిభాషణమ్.\n\n"
    },
    {
        "sloka": "అవశ్యమేవ వక్తవ్యం మానుషం వాక్యమర్థవత్৷৷5.30.19৷৷\n\nమయా సాన్త్వయితుం శక్యా నాన్యథేయమనిన్దితా.\n\n"
    },
    {
        "sloka": "సేయమాలోక్య మే రూపం జానకీ భాషితం తథా৷৷5.30.20৷৷\n\nరక్షోభిస్త్రాసితా పూర్వం భూయస్త్రాసం గమిష్యతి.\n\n"
    },
    {
        "sloka": "తతో జాతపరిత్రాసా శబ్దం కుర్యాన్మనస్వినీ৷৷5.30.21৷৷\n\nజానమానా  విశాలాక్షీ రావణం కామరూపిణమ్.\n\n"
    },
    {
        "sloka": "సీతయా చ కృతే శబ్దే సహసా రాక్షసీగణా:.\n\nనానాప్రహరణో ఘోర: సమేయాదన్తకోపమ:৷৷5.30.22৷৷\n\n"
    },
    {
        "sloka": "తతో మాం సమ్పరిక్షిప్య సర్వతో వికృతాననాః৷৷5.30.23৷৷\n\nవధే చ గ్రహణే చైవ కుర్యుర్యత్నం యథాబలమ్.\n\n"
    },
    {
        "sloka": "గృహ్య శాఖాః ప్రశాఖాశ్చ స్కన్ధాంశ్చోత్తమశాఖినామ్৷৷5.30.24৷৷\n\nదృష్ట్వా విపరిధావన్తం భవేయుర్భయశఙ్కితాః.\n\n"
    },
    {
        "sloka": "మమ రూపం చ సమ్ప్రేక్ష్య వనే విచరతో మహత్৷৷5.30.25৷৷\n\nరాక్షస్యో భయవిత్రస్తా భవేయుర్వికృతాననాః.\n\n"
    },
    {
        "sloka": "తతః కుర్యుస్సమాహ్వానం రాక్షస్యో రక్షసామపి৷৷5.30.26৷৷\n\nరాక్షసేన్ద్రనియుక్తానాం రాక్షసేన్ద్రనివేశనే.\n\n"
    },
    {
        "sloka": "తే శూలశక్తినిస్త్రింశవివిధాయుధపాణయః৷৷5.30.27৷৷\n\nఆపతేయుర్విమర్దేస్మిన్వేగేనోద్వేగకారణాత్.\n\n"
    },
    {
        "sloka": "సమృద్ధస్తైస్తు పరితో విధమన్ రక్షసాం బలమ్৷৷5.30.28৷৷\n\nశక్నుయాం న తు సంప్రాప్తుం పరం పారం మహోదధేః.\n\n"
    },
    {
        "sloka": "మాం వా గృహ్ణీయురాప్లుత్య బహవశ్శీఘ్రకారిణః৷৷5.30.29৷৷\n\nస్యాదియం చాగృహీతార్థా మమ చ గ్రహణం భవేత్.\n\n"
    },
    {
        "sloka": "హింసాభిరుచయో హింస్యురిమాం వా జనకాత్మజామ్৷৷5.30.30৷৷\n\nవిపన్నం స్యాత్తతః కార్యం రామసుగ్రీవయోరిదమ్.\n\n"
    },
    {
        "sloka": "ఉద్దేశే నష్టమార్గేస్మిన్ రాక్షసైః పరివారితే৷৷5.30.31৷৷\n\nసాగరేణ పరిక్షిప్తే గుప్తే వసతి జానకీ.\n\n"
    },
    {
        "sloka": "విశస్తే వా గృహీతే వా రక్షోభిర్మయి సంయుగే৷৷5.30.32৷৷\n\nనాన్యం పశ్యామి రామస్య సహాయం కార్యసాధనే.\n\n"
    },
    {
        "sloka": "విమృశంశ్చ న పశ్యామి యో హతే మయి వానరః৷৷5.30.33৷৷\n\nశతయోజనవిస్తీర్ణం లఙ్ఘయేత మహోదధిమ్.\n\n"
    },
    {
        "sloka": "కామం హన్తుం సమర్థోస్మి సహస్రాణ్యపి రక్షసామ్৷৷5.30.34৷৷\n\nన తు శక్ష్యామి సమ్ప్రాప్తుం పరం పారం మహోదధేః.\n\n"
    },
    {
        "sloka": "అసత్యాని చ యుద్ధాని సంశయో మే న రోచతే৷৷5.30.35৷৷\n\nకశ్చ నిస్సంశయం కార్యం కుర్యాత్ప్రాజ్ఞః ససంశయమ్.\n\n"
    },
    {
        "sloka": "ప్రాణత్యాగశ్చ వైదేహ్యా భవేదనభిభాషణే৷৷5.30.36৷৷\n\nఏష దోషో మహాన్హి స్యాన్మమ సీతాభిభాషణే.\n\n"
    },
    {
        "sloka": "భూతాశ్చార్థా వినశ్యన్తి దేశకాలవిరోధితాః৷৷5.30.37৷৷\n\nవిక్లబం దూతమాసాద్య తమః సూర్యోదయే యథా.\n\n"
    },
    {
        "sloka": "అర్థానర్థాన్తరే బుద్ధినిశ్చితాపి న శోభతే৷৷5.30.38৷৷\n\nఘాతయన్తి హి కార్యాణి దూతాః పణ్డితమానినః.\n\n"
    },
    {
        "sloka": "న వినశ్యేత్కథం కార్యం వైక్లబ్యం న కథం భవేత్৷৷5.30.39৷৷\n\nలఙ్ఘనం చ సముద్రస్య కథం ను న వృథా భవేత్.\n\n"
    },
    {
        "sloka": "కథం ను ఖలు వాక్యం మే శృణుయాన్నోద్విజేత వా.\n\nఇతి సఞ్చిన్త్య హనుమాంశ్చకార మతిమాన్మతిమ్৷৷5.30.40৷৷\n\n"
    },
    {
        "sloka": "రామమక్లిష్టకర్మాణం సుబన్ధుమనుకీర్తయన్৷৷5.30.41৷৷\n\nనైనాముద్వేజయిష్యామి తద్బన్ధుగతమానసామ్.\n\n"
    },
    {
        "sloka": "ఇక్ష్వాకూణాం వరిష్ఠస్య రామస్య విదితాత్మనః৷৷5.30.42৷৷\n\nశుభాని ధర్మయుక్తాని వచనాని సమర్పయన్.\n\nశ్రావయిష్యామి సర్వాణి మధురాం ప్రబ్రువన్ గిరమ్৷৷5.30.43৷৷\n\nశ్రద్ధాస్యతి యథాహీయం తథా సర్వం సమాదధే.\n\n"
    },
    {
        "sloka": "ఇతి స బహువిధం మహానుభావో\n\nజగతిపతేః ప్రమదామవేక్షమాణః.\n\nమధురమవితథం జగాద వాక్యం \n\nద్రుమవిటపాన్తరమాస్థితో హనూమాన్৷৷5.30.44৷৷\n\n"
    }
]