[
    {
        "sloka": "[Hanuman once again narrates to Rama, Sita's condition.]\n\nఏవముక్తస్తు హనుమాన్ రాఘవేణ మహాత్మనా.\n\nసీతాయా భాషితం సర్వం న్యవేదయత రాఘవే৷৷5.67.1৷৷\n\n"
    },
    {
        "sloka": "ఇదముక్తవతీ దేవీ జానకీ పురుషర్షభ.\n\nపూర్వ వృత్తమభిజ్ఞానం చిత్రకూటే యథాతథమ్৷৷5.67.2৷৷\n\n"
    },
    {
        "sloka": "సుఖసుప్తా త్వయా సార్ధం జానకీ పూర్వముత్థితా.\n\nవాయస స్సహసోత్పత్య విదదార స్తనాన్తరే৷৷5.67.3৷৷\n\n"
    },
    {
        "sloka": "పర్యాయేణ చ సుప్తస్త్వం దేవ్యఙ్కే భరతాగ్రజ.\n\nపునశ్చ కిల పక్షీ స దేవ్యా జనయతి వ్యథామ్৷৷5.67.4৷৷\n\n"
    },
    {
        "sloka": "పునః పునరుపాగమ్య విదదార భృశం కిల.\n\nతతస్త్వం బోధితస్తస్యాశ్శోణితేన సముక్షితః৷৷5.67.5৷৷\n\n"
    },
    {
        "sloka": "వాయసేన చ తేనైవ సతతం బాధ్యమానయా.\n\nబోధితః కిల దేవ్యా త్వం సుఖసుప్తః పరన్తప৷৷5.67.6৷৷\n\n"
    },
    {
        "sloka": "తాం తు దృష్ట్వా మహాబాహో దారితాం చ స్తనాన్తరే.\n\nఆశీవిష ఇవ క్రుద్ధో నిశ్వసన్నభ్యభాషథాః৷৷5.67.7৷৷\n\n"
    },
    {
        "sloka": "నఖాగ్రైః కేన తే భీరు దారితం తు స్తనాన్తరమ్.\n\nకః క్రీడతి సరోషేణ పఞ్చవక్త్రేణ భోగినా৷৷5.67.8৷৷\n\n"
    },
    {
        "sloka": "నిరీక్షమాణస్సహసా వాయసం సమవైక్షథాః.\n\nనఖై స్సరుధిరైస్తీక్ష్ణైస్తామేవాభిముఖం స్థితమ్৷৷5.67.9৷৷\n\n"
    },
    {
        "sloka": "సుతః కిల స శక్రస్య వాయసః పతతాం వరః.\n\nధరాన్తరచరశ్శీఘ్రం పవనస్య గతౌ సమః৷৷5.67.10৷৷\n\n"
    },
    {
        "sloka": "తతస్తస్మిన్మహాబాహో కోపసంవర్తితేక్షణః.\n\nవాయసే త్వం కృథాః క్రూరాం మతిం మతిమతాం వర৷৷5.67.11৷৷\n\n"
    },
    {
        "sloka": "స దర్భం సంస్తరాద్గృహ్య బ్రహ్మాస్త్రేణ హ్యయోజయః.\n\nస దీప్త ఇవ కాలాగ్నిర్జజ్వాలాభిముఖః ఖగమ్৷৷5.67.12৷৷\n\n"
    },
    {
        "sloka": "క్షిప్తవాంస్త్వం ప్రదీప్తం హి దర్భం తం వాయసం ప్రతి.\n\nతతస్తు వాయసం దీప్తస్స దర్భోనుజగామ హ৷৷5.67.13৷৷\n\n"
    },
    {
        "sloka": "స పిత్రా చ పరిత్యక్తస్సురైశ్చ సమహర్షిభిః.\n\nత్రీన్ లోకాన్ సమ్పరిక్రమ్య త్రాతారం నాధిగచ్ఛతి৷৷5.67.14৷৷\n\n"
    },
    {
        "sloka": "పునరేవాగతస్త్రస్తస్త్వత్సకాశమరిందమ.\n\nస తం నిపతితం భూమౌ శరణ్యశ్శరణాగతమ్৷৷5.67.15৷৷\n\nవధార్హమపి కాకుత్స్థ కృపయా పర్యపాలయః.\n\n"
    },
    {
        "sloka": "మోఘమస్త్రం న శక్యం తు కర్తుమిత్యేవ రాఘవ৷৷5.67.16৷৷\n\nభవాంస్తస్యాక్షి కాకస్య హినస్తి స్మ స దక్షిణమ్.\n\n"
    },
    {
        "sloka": "రామ త్వాం స నమస్కృత్య రాజ్ఞే దశరథాయ చ৷৷5.67.17৷৷\n\nవిసృష్టస్తు తదా కాక ప్రతిపేదే స్వమాలయమ్.\n\n"
    },
    {
        "sloka": "ఏవమస్త్రవిదాం శ్రేష్ఠస్సత్త్వవాన్ శీలవానపి৷৷5.67.18৷৷\n\nకిమర్థమస్త్రం రక్షస్సు న యోజయతి రాఘవః.\n\n"
    },
    {
        "sloka": "న నాగా నాపి గన్ధర్వా నాసురా న మరుద్గణాః৷৷5.67.19৷৷\n\nన చ సర్వే రణే శక్తా రామం ప్రతిసమాసితుమ్.\n\n"
    },
    {
        "sloka": "తస్య వీర్యవతః కశ్చిద్యద్యస్తి మయి సమ్భ్రమః৷৷5.67.20৷৷\n\nక్షిప్రం సునిశితైర్బాణైర్హన్యతాం యుధి రావణః.\n\n"
    },
    {
        "sloka": "భ్రాతురాదేశమాజ్ఞాయ లక్ష్మణో వా పరన్తపః৷৷5.67.21৷৷\n\nస కిమర్థం నరవరో న మాం రక్షతి రాఘవః.\n\n"
    },
    {
        "sloka": "శక్తౌ తౌ పురుషవ్యాఘ్రౌ వాయ్వగ్నిసమతేజసౌ ৷৷5.67.22৷৷\n\nసురాణామపి దుర్ధర్షౌ కిమర్థం మాముపేక్షతః.\n\n"
    },
    {
        "sloka": "మమైవ దుష్కృతం కిఞ్చిన్మహదస్తి న సంశయః৷৷5.67.23৷৷\n\nసమర్థౌ సహితౌ యన్మాం నావేక్షేతే పరన్తపౌ.\n\n"
    },
    {
        "sloka": "వైదేహ్యా వచనం శ్రుత్వా కరుణం సాశ్రు భాషితమ్.\n\nపునరప్యహమార్యాం తామిదం వచనమబ్రువమ్৷৷5.67.24৷৷\n\n"
    },
    {
        "sloka": "త్వచ్ఛోకవిముఖో రామో దేవి సత్యేన తే శపే৷৷5.67.25৷৷\n\nరామే దుఃఖాభిభూతే తు లక్ష్మణః పరితప్యతే.\n\n"
    },
    {
        "sloka": "కథఞ్చిద్భవతీ దృష్టా న కాలః పరిశోచితుమ్৷৷5.67.26৷৷\n\nఅస్మిన్ముహూర్తే దుఃఖానామన్తం ద్రక్ష్యసి భామిని.\n\n"
    },
    {
        "sloka": "తావుభౌ నరశార్దూలౌ రాజపుత్రావనిన్దితౌ৷৷5.67.27৷৷\n\nత్వద్దర్శనకృతోత్సాహౌ లఙ్కాం భస్మీకరిష్యతః.\n\n"
    },
    {
        "sloka": "హత్వా చ సమరే రౌద్రం రావణం సహ బాన్ధవమ్৷৷5.67.28৷৷\n\nరాఘవస్త్వాం వరారోహే స్వాం పురీం నయతే ధ్రువమ్.\n\n"
    },
    {
        "sloka": "యత్తు రామో విజానీయాదభిజ్ఞానమనిన్దితే৷৷5.67.29৷৷\n\nప్రీతిసఞ్జననం తస్య ప్రదాతుం త్వమిహార్హసి.\n\n"
    },
    {
        "sloka": "సాభివీక్ష్య దిశస్సర్వా వేణ్యుద్గ్రథితముత్తమమ్৷৷5.67.30৷৷\n\nముక్త్వా వస్త్రాద్దదౌ మహ్యం మణిమేతం మహాబల.\n\n"
    },
    {
        "sloka": "ప్రతిగృహ్య మణిం దివ్యం తవ హేతో రఘూద్వహ৷৷5.67.31৷৷\n\nశిరసా తాం ప్రణమ్యార్యామహమాగమనే త్వరే.\n\n"
    },
    {
        "sloka": "గమనే చ కృతోత్సాహమవేక్ష్య వరవర్ణినీ৷৷5.67.32৷৷\n\nవివర్ధమానం చ హి మామువాచ జనకాత్మజా.\n\n"
    },
    {
        "sloka": "అశ్రుపూర్ణముఖీ దీనా బాష్పసన్దిగ్ధభాషిణీ৷৷5.67.33৷৷\n\nమమోత్పతనసమ్భ్రాన్తా శోకవేగసమాహతా.\n\n"
    },
    {
        "sloka": "హనుమన్ సింహసంకాశావుభౌ తౌ రామలక్ష్మణౌ৷৷5.67.34৷৷\n\nసుగ్రీవఞ్చ సహామాత్యం సర్వాన్ బ్రూయా హ్యనామయమ్.\n\n"
    },
    {
        "sloka": "యథా చ స మహాబాహుర్మాం తారయతి రాఘవః.\n\nఅస్మాద్ధుఃఖామ్బుసంరోధాత్త్వం సమాధాతుమర్హసి৷৷5.67.35৷৷\n\n"
    },
    {
        "sloka": "ఇమం చ తీవ్రం మమ శోకవేగం రక్షోభిరేభిః పరిభర్త్సనం చ.\n\nబ్రూయాస్తు రామస్య గతస్సమీపమ్ శివశ్చ తేధ్వాస్తు హరిప్రవీర৷৷5.67.36৷৷\n\n"
    },
    {
        "sloka": "ఏతత్తవార్యా నృపరాజసింహ సీతా వచః ప్రాహ విషాదపూర్వమ్.\n\nఏతచ్చ బుద్ధ్వా గదితం మయా త్వం శ్రద్ధత్స్వ సీతాం కుశలాం సమగ్రామ్৷৷5.67.37৷৷\n\n"
    },
    {
        "sloka": "[Hanuman once again narrates to Rama, Sita's condition.]\n\nఏవముక్తస్తు హనుమాన్ రాఘవేణ మహాత్మనా.\n\nసీతాయా భాషితం సర్వం న్యవేదయత రాఘవే৷৷5.67.1৷৷\n\n"
    },
    {
        "sloka": "ఇదముక్తవతీ దేవీ జానకీ పురుషర్షభ.\n\nపూర్వ వృత్తమభిజ్ఞానం చిత్రకూటే యథాతథమ్৷৷5.67.2৷৷\n\n"
    },
    {
        "sloka": "సుఖసుప్తా త్వయా సార్ధం జానకీ పూర్వముత్థితా.\n\nవాయస స్సహసోత్పత్య విదదార స్తనాన్తరే৷৷5.67.3৷৷\n\n"
    },
    {
        "sloka": "పర్యాయేణ చ సుప్తస్త్వం దేవ్యఙ్కే భరతాగ్రజ.\n\nపునశ్చ కిల పక్షీ స దేవ్యా జనయతి వ్యథామ్৷৷5.67.4৷৷\n\n"
    },
    {
        "sloka": "పునః పునరుపాగమ్య విదదార భృశం కిల.\n\nతతస్త్వం బోధితస్తస్యాశ్శోణితేన సముక్షితః৷৷5.67.5৷৷\n\n"
    },
    {
        "sloka": "వాయసేన చ తేనైవ సతతం బాధ్యమానయా.\n\nబోధితః కిల దేవ్యా త్వం సుఖసుప్తః పరన్తప৷৷5.67.6৷৷\n\n"
    },
    {
        "sloka": "తాం తు దృష్ట్వా మహాబాహో దారితాం చ స్తనాన్తరే.\n\nఆశీవిష ఇవ క్రుద్ధో నిశ్వసన్నభ్యభాషథాః৷৷5.67.7৷৷\n\n"
    },
    {
        "sloka": "నఖాగ్రైః కేన తే భీరు దారితం తు స్తనాన్తరమ్.\n\nకః క్రీడతి సరోషేణ పఞ్చవక్త్రేణ భోగినా৷৷5.67.8৷৷\n\n"
    },
    {
        "sloka": "నిరీక్షమాణస్సహసా వాయసం సమవైక్షథాః.\n\nనఖై స్సరుధిరైస్తీక్ష్ణైస్తామేవాభిముఖం స్థితమ్৷৷5.67.9৷৷\n\n"
    },
    {
        "sloka": "సుతః కిల స శక్రస్య వాయసః పతతాం వరః.\n\nధరాన్తరచరశ్శీఘ్రం పవనస్య గతౌ సమః৷৷5.67.10৷৷\n\n"
    },
    {
        "sloka": "తతస్తస్మిన్మహాబాహో కోపసంవర్తితేక్షణః.\n\nవాయసే త్వం కృథాః క్రూరాం మతిం మతిమతాం వర৷৷5.67.11৷৷\n\n"
    },
    {
        "sloka": "స దర్భం సంస్తరాద్గృహ్య బ్రహ్మాస్త్రేణ హ్యయోజయః.\n\nస దీప్త ఇవ కాలాగ్నిర్జజ్వాలాభిముఖః ఖగమ్৷৷5.67.12৷৷\n\n"
    },
    {
        "sloka": "క్షిప్తవాంస్త్వం ప్రదీప్తం హి దర్భం తం వాయసం ప్రతి.\n\nతతస్తు వాయసం దీప్తస్స దర్భోనుజగామ హ৷৷5.67.13৷৷\n\n"
    },
    {
        "sloka": "స పిత్రా చ పరిత్యక్తస్సురైశ్చ సమహర్షిభిః.\n\nత్రీన్ లోకాన్ సమ్పరిక్రమ్య త్రాతారం నాధిగచ్ఛతి৷৷5.67.14৷৷\n\n"
    },
    {
        "sloka": "పునరేవాగతస్త్రస్తస్త్వత్సకాశమరిందమ.\n\nస తం నిపతితం భూమౌ శరణ్యశ్శరణాగతమ్৷৷5.67.15৷৷\n\nవధార్హమపి కాకుత్స్థ కృపయా పర్యపాలయః.\n\n"
    },
    {
        "sloka": "మోఘమస్త్రం న శక్యం తు కర్తుమిత్యేవ రాఘవ৷৷5.67.16৷৷\n\nభవాంస్తస్యాక్షి కాకస్య హినస్తి స్మ స దక్షిణమ్.\n\n"
    },
    {
        "sloka": "రామ త్వాం స నమస్కృత్య రాజ్ఞే దశరథాయ చ৷৷5.67.17৷৷\n\nవిసృష్టస్తు తదా కాక ప్రతిపేదే స్వమాలయమ్.\n\n"
    },
    {
        "sloka": "ఏవమస్త్రవిదాం శ్రేష్ఠస్సత్త్వవాన్ శీలవానపి৷৷5.67.18৷৷\n\nకిమర్థమస్త్రం రక్షస్సు న యోజయతి రాఘవః.\n\n"
    },
    {
        "sloka": "న నాగా నాపి గన్ధర్వా నాసురా న మరుద్గణాః৷৷5.67.19৷৷\n\nన చ సర్వే రణే శక్తా రామం ప్రతిసమాసితుమ్.\n\n"
    },
    {
        "sloka": "తస్య వీర్యవతః కశ్చిద్యద్యస్తి మయి సమ్భ్రమః৷৷5.67.20৷৷\n\nక్షిప్రం సునిశితైర్బాణైర్హన్యతాం యుధి రావణః.\n\n"
    },
    {
        "sloka": "భ్రాతురాదేశమాజ్ఞాయ లక్ష్మణో వా పరన్తపః৷৷5.67.21৷৷\n\nస కిమర్థం నరవరో న మాం రక్షతి రాఘవః.\n\n"
    },
    {
        "sloka": "శక్తౌ తౌ పురుషవ్యాఘ్రౌ వాయ్వగ్నిసమతేజసౌ ৷৷5.67.22৷৷\n\nసురాణామపి దుర్ధర్షౌ కిమర్థం మాముపేక్షతః.\n\n"
    },
    {
        "sloka": "మమైవ దుష్కృతం కిఞ్చిన్మహదస్తి న సంశయః৷৷5.67.23৷৷\n\nసమర్థౌ సహితౌ యన్మాం నావేక్షేతే పరన్తపౌ.\n\n"
    },
    {
        "sloka": "వైదేహ్యా వచనం శ్రుత్వా కరుణం సాశ్రు భాషితమ్.\n\nపునరప్యహమార్యాం తామిదం వచనమబ్రువమ్৷৷5.67.24৷৷\n\n"
    },
    {
        "sloka": "త్వచ్ఛోకవిముఖో రామో దేవి సత్యేన తే శపే৷৷5.67.25৷৷\n\nరామే దుఃఖాభిభూతే తు లక్ష్మణః పరితప్యతే.\n\n"
    },
    {
        "sloka": "కథఞ్చిద్భవతీ దృష్టా న కాలః పరిశోచితుమ్৷৷5.67.26৷৷\n\nఅస్మిన్ముహూర్తే దుఃఖానామన్తం ద్రక్ష్యసి భామిని.\n\n"
    },
    {
        "sloka": "తావుభౌ నరశార్దూలౌ రాజపుత్రావనిన్దితౌ৷৷5.67.27৷৷\n\nత్వద్దర్శనకృతోత్సాహౌ లఙ్కాం భస్మీకరిష్యతః.\n\n"
    },
    {
        "sloka": "హత్వా చ సమరే రౌద్రం రావణం సహ బాన్ధవమ్৷৷5.67.28৷৷\n\nరాఘవస్త్వాం వరారోహే స్వాం పురీం నయతే ధ్రువమ్.\n\n"
    },
    {
        "sloka": "యత్తు రామో విజానీయాదభిజ్ఞానమనిన్దితే৷৷5.67.29৷৷\n\nప్రీతిసఞ్జననం తస్య ప్రదాతుం త్వమిహార్హసి.\n\n"
    },
    {
        "sloka": "సాభివీక్ష్య దిశస్సర్వా వేణ్యుద్గ్రథితముత్తమమ్৷৷5.67.30৷৷\n\nముక్త్వా వస్త్రాద్దదౌ మహ్యం మణిమేతం మహాబల.\n\n"
    },
    {
        "sloka": "ప్రతిగృహ్య మణిం దివ్యం తవ హేతో రఘూద్వహ৷৷5.67.31৷৷\n\nశిరసా తాం ప్రణమ్యార్యామహమాగమనే త్వరే.\n\n"
    },
    {
        "sloka": "గమనే చ కృతోత్సాహమవేక్ష్య వరవర్ణినీ৷৷5.67.32৷৷\n\nవివర్ధమానం చ హి మామువాచ జనకాత్మజా.\n\n"
    },
    {
        "sloka": "అశ్రుపూర్ణముఖీ దీనా బాష్పసన్దిగ్ధభాషిణీ৷৷5.67.33৷৷\n\nమమోత్పతనసమ్భ్రాన్తా శోకవేగసమాహతా.\n\n"
    },
    {
        "sloka": "హనుమన్ సింహసంకాశావుభౌ తౌ రామలక్ష్మణౌ৷৷5.67.34৷৷\n\nసుగ్రీవఞ్చ సహామాత్యం సర్వాన్ బ్రూయా హ్యనామయమ్.\n\n"
    },
    {
        "sloka": "యథా చ స మహాబాహుర్మాం తారయతి రాఘవః.\n\nఅస్మాద్ధుఃఖామ్బుసంరోధాత్త్వం సమాధాతుమర్హసి৷৷5.67.35৷৷\n\n"
    },
    {
        "sloka": "ఇమం చ తీవ్రం మమ శోకవేగం రక్షోభిరేభిః పరిభర్త్సనం చ.\n\nబ్రూయాస్తు రామస్య గతస్సమీపమ్ శివశ్చ తేధ్వాస్తు హరిప్రవీర৷৷5.67.36৷৷\n\n"
    },
    {
        "sloka": "ఏతత్తవార్యా నృపరాజసింహ సీతా వచః ప్రాహ విషాదపూర్వమ్.\n\nఏతచ్చ బుద్ధ్వా గదితం మయా త్వం శ్రద్ధత్స్వ సీతాం కుశలాం సమగ్రామ్৷৷5.67.37৷৷\n\n"
    }
]