[
    {
        "sloka": "[Hanuman ruins Ashoka garden -- kills eighty thousand kinkaras]\n\nతతః పక్షినినాదేన వృక్షభఙ్గస్వనేన చ.\n\nబభూవుస్త్రాససమ్భ్రాన్తాస్సర్వే లఙ్కానివాసినః৷৷5.42.1৷৷\n\n"
    },
    {
        "sloka": "విద్రుతాశ్చ భయత్రస్తా వినేదుర్మృగపక్షిణః.\n\nరక్షసాం చ నిమిత్తాని క్రూరాణి ప్రతిపేదిరే৷৷5.42.2৷৷\n\n"
    },
    {
        "sloka": "తతో గతాయాం నిద్రాయాం రాక్షస్యో వికృతాననాః.\n\nతద్వనం దదృశుర్భగ్నం తం చ వీరం మహాకపిమ్৷৷5.42.3৷৷\n\n"
    },
    {
        "sloka": "స తా దృష్ట్వా మహాబాహుర్మహాసత్త్వో మహాబలః.\n\nచకార సుమహద్రూపం రాక్షసీనాం భయావహమ్৷৷5.42.4৷৷\n\n"
    },
    {
        "sloka": "తతస్తం గిరిసఙ్కాశమతికాయం మహాబలమ్.\n\nరాక్షస్యో వానరం దృష్ట్వా పప్రచ్ఛుర్జనకాత్మజామ్৷৷5.42.5৷৷\n\n"
    },
    {
        "sloka": "కోయం కస్య కుతో వాయం కిం నిమిత్తమిహాగతః.\n\nకథం త్వయా సహానేన సంవాదః కృత ఇత్యుత৷৷5.42.6৷৷\n\n"
    },
    {
        "sloka": "ఆచక్ష్వ నో విశాలాక్షి మా భూత్తే సుభగే భయమ్.\n\nసంవాదమసితాపాఙ్గే త్వయా కిం కృతవానయమ్৷৷5.42.7৷৷\n\n"
    },
    {
        "sloka": "అథాబ్రవీన్మహాసాధ్వీ సీతా సర్వాఙ్గసున్దరీ.\n\nరక్షసాం భీమరూపాణాం విజ్ఞానే మమ కా గతిః৷৷5.42.8৷৷\n\n"
    },
    {
        "sloka": "యూయమేవాభిజానీత యోయం యద్వా కరిష్యతి.\n\nఅహిరేవ హ్యహేః పాదాన్విజానాతి న సంశయః৷৷5.42.9৷৷\n\n"
    },
    {
        "sloka": "అహమప్యస్య భీతాస్మి నైనం జానామి కో న్వయం.\n\nవేద్మి రాక్షసమేవైనం కామరూపిణమాగతమ్৷৷5.42.10৷৷\n\n"
    },
    {
        "sloka": "వైదేహ్యా వచనం శ్రుత్వా రాక్షస్యో విద్రుతా దిశః.\n\nస్థితాః కాశ్చిద్గతాః కాశ్చిద్రావణాయ నివేదితుమ్৷৷5.42.11৷৷\n\n"
    },
    {
        "sloka": "రావణస్య సమీపే తు రాక్షస్యో వికృతాననాః.\n\nవిరూపం వానరం భీమమాఖ్యాతుముపచక్రముః৷৷5.42.12৷৷\n\n"
    },
    {
        "sloka": "అశోకవనికామధ్యే రాజన్భీమవపుః కపిః.\n\nసీతయా కృతసంవాదస్తిష్ఠత్యమితవిక్రమః৷৷5.42.13৷৷\n\n"
    },
    {
        "sloka": "న చ తం జానకీ సీతా హరిం హరిణలోచనా.\n\nఅస్మాభిర్బహుధా పృష్టా నివేదయితుమిచ్ఛతి৷৷5.42.14৷৷\n\n"
    },
    {
        "sloka": "వాసవస్య భవేద్దూతో దూతో వైశ్రవణస్య వా.\n\nప్రేషితో వాపి రామేణ సీతాన్వేషణకాఙ్క్షయా৷৷5.42.15৷৷\n\n"
    },
    {
        "sloka": "తేన త్వద్భుతరూపేణ యత్తత్తవ మనోహరమ్.\n\nనానామృగగణాకీర్ణం ప్రమృష్టం ప్రమదావనమ్৷৷5.42.16৷৷\n\n"
    },
    {
        "sloka": "న తత్ర కశ్చిదుద్దేశో యస్తేన న వినాశితః.\n\nయత్ర సా జానకీ సీతా స తేన న వినాశితః৷৷5.42.17৷৷\n\n"
    },
    {
        "sloka": "జానకీరక్షణార్థం వా శ్రమాద్వా నోపలభ్యతే.\n\nఅథవా కశ్శ్రమస్తస్య సైవ తేనాభిరక్షితా৷৷5.42.18৷৷\n\n"
    },
    {
        "sloka": "చారుపల్లవపుష్పాఢ్యం యం సీతా స్వయమాస్థితా.\n\nప్రవృద్ధశ్శింశుపావృక్ష స్స చ తేనాభిరక్షితః৷৷5.42.19৷৷\n\n"
    },
    {
        "sloka": "తస్యోగ్రరూపస్యోగ్ర! త్వం దణ్డమాజ్ఞాతుమర్హసి.\n\nసీతా సమ్భాషితా యేన తద్వనం చ వినాశితమ్৷৷5.42.20৷৷\n\n"
    },
    {
        "sloka": "మనః పరిగృహీతాం తాం తవ రక్షోగణేశ్వర.\n\nకస్సీతామభిభాషేత యో న స్యాత్త్యక్తజీవితః৷৷5.42.21৷৷\n\n"
    },
    {
        "sloka": "రాక్షసీనాం వచశ్త్రుత్వా రావణో రాక్షసేశ్వరః.\n\nహుతాగ్నిరివ జజ్వాల కోపసంవర్తితేక్షణః৷৷5.42.22৷৷\n\n"
    },
    {
        "sloka": "తస్య క్రుద్ధస్య నేత్రాభ్యాం ప్రాపతన్నాస్రబిన్దవః.\n\nదీప్తాభ్యామివ దీపాభ్యాం సార్చిష స్స్నేహబిన్దవః৷৷5.42.23৷৷\n\n"
    },
    {
        "sloka": "ఆత్మనస్సదృశాన్శూరాన్కిఙ్కరాన్నామ రాక్షసాన్.\n\nవ్యాదిదేశ మహాతేజా నిగ్రహార్థం హనూమతః৷৷5.42.24৷৷\n\n"
    },
    {
        "sloka": "తేషామశీతిసాహస్రం కిఙ్కరాణాం తరస్వినామ్.\n\nనిర్యయుర్భవనాత్తస్మాత్కూటముద్గరపాణయః৷৷5.42.25৷৷\n\nమహోదరా మహాదంష్ట్రా ఘోరరూపా మహాబలాః.\n\nయుద్ధాభిమనసస్సర్వే హనుమద్గ్రహణోద్యతాః৷৷5.42.26৷৷\n\n"
    },
    {
        "sloka": "తే కపీన్ద్రం సమాసాద్య తోరణస్థమవస్థితమ్.\n\nఅభిపేతుర్మహావేగాః పతఙ్గా ఇవ పావకమ్৷৷5.42.27৷৷\n\n"
    },
    {
        "sloka": "తే గదాభిర్విచిత్రాభిః పరిఘైః కాఞ్చనాఙ్గదైః.\n\nఆజఘ్నుర్వానరశ్రేష్ఠం శరైశ్చాదిత్యసన్నిభైః৷৷5.42.28৷৷\n\n"
    },
    {
        "sloka": "ముద్గరైః పట్టిశైశ్శూలైః ప్రాసతోమరశక్తిభిః.\n\nపరివార్య హనూమన్తం సహసా తస్థురగ్రతః৷৷5.42.29৷৷\n\n"
    },
    {
        "sloka": "హనుమానపి తేజస్వీ శ్రీమాన్పర్వతసన్నిభః.\n\nక్షితావావిధ్య లాఙ్గూలం ననాద చ మహాస్వనమ్৷৷5.42.30৷৷\n\n"
    },
    {
        "sloka": "స భూత్వా సుమహాకాయో హనుమాన్మారుతాత్మజః.\n\nధృష్టమాస్ఫోటయామాస లఙ్కాం శబ్దేన పూరయన్৷৷5.42.31৷৷\n\n"
    },
    {
        "sloka": "తస్యాస్ఫోటితశబ్దేన మహతా సానునాదినా.\n\nపేతుర్విహఙ్గా గగనాదుచ్చైశ్చేదమఘోషయత్৷৷5.42.32৷৷\n\n"
    },
    {
        "sloka": "జయత్యతిబలో రామో లక్ష్మణశ్చ మహాబలః.\n\nరాజా జయతి సుగ్రీవో రాఘవేణాభిపాలితః৷৷5.42.33৷৷\n\n"
    },
    {
        "sloka": "దాసోహం కోసలేన్ద్రస్య రామస్యాక్లిష్టకర్మణః.\n\nహనుమాన్శత్రుసైన్యానాం నిహన్తా మారుతాత్మజః৷৷5.42.34৷৷\n\n"
    },
    {
        "sloka": "న రావణసహస్రం మే యుద్ధే ప్రతిబలం భవేత్.\n\nశిలాభిస్తు ప్రహరతః పాదపైశ్చ సహస్రశః৷৷5.42.35৷৷\n\n"
    },
    {
        "sloka": "అర్దయిత్వా పురీం లఙ్కామభివాద్య చ మైథిలీమ్.\n\nసమృద్ధార్థో గమిష్యామి మిషతాం సర్వరక్షసామ్৷৷5.42.36৷৷\n\n"
    },
    {
        "sloka": "తస్య సన్నాదశబ్దేన తేభవన్భయశఙ్కితాః.\n\nదదృశుశ్చ హనూమన్తం సన్ధ్యామేఘమివోన్నతమ్৷৷5.42.37৷৷\n\n"
    },
    {
        "sloka": "స్వామిసన్దేశనిశ్శఙ్కాస్తతస్తే రాక్షసాః కపిమ్.\n\nచిత్రైః ప్రహరణైర్భీమైరభిపేతుస్తతస్తతః৷৷5.42.38৷৷\n\n"
    },
    {
        "sloka": "స తైః పరివృతశ్శూరైస్సర్వతస్సుమహాబలః.\n\nఆససాదాయసం భీమం పరిఘం తోరణాశ్రితమ్৷৷5.42.39৷৷\n\n"
    },
    {
        "sloka": "స తం పరిఘమాదాయ జఘాన రజనీచరాన్.\n\nస పన్నగమివాదాయ స్ఫురన్తం వినతాసుతః৷৷5.42.40৷৷\n\nవిచచారామ్బరే వీరః పరిగృహ్య చ మారుతిః.\n\n"
    },
    {
        "sloka": "స హత్వా రాక్షసాన్వీరాన్కిఙ్కరాన్మారుతాత్మజః৷৷5.42.41৷৷\n\nయుద్ధాకాఙ్క్షీ పునర్వీరస్తోరణం సముపాశ్రితః.\n\n"
    },
    {
        "sloka": "తతస్తస్మాద్భయాన్ముక్తాః కతిచిత్తత్ర రాక్షసాః৷৷5.42.42৷৷\n\nనిహతాన్కిఙ్కరాన్సర్వాన్రావణాయన్యవేదయన్.\n\n"
    },
    {
        "sloka": "స రాక్షసానాం నిహతం మహద్బలం నిశమ్య రాజా పరివృత్తలోచనః.\n\nసమాదిదేశాప్రతిమం పరాక్రమే ప్రహస్తపుత్రం సమరే సుదుర్జయమ్৷৷5.42.43৷৷\n\n"
    },
    {
        "sloka": "[Hanuman ruins Ashoka garden -- kills eighty thousand kinkaras]\n\nతతః పక్షినినాదేన వృక్షభఙ్గస్వనేన చ.\n\nబభూవుస్త్రాససమ్భ్రాన్తాస్సర్వే లఙ్కానివాసినః৷৷5.42.1৷৷\n\n"
    },
    {
        "sloka": "విద్రుతాశ్చ భయత్రస్తా వినేదుర్మృగపక్షిణః.\n\nరక్షసాం చ నిమిత్తాని క్రూరాణి ప్రతిపేదిరే৷৷5.42.2৷৷\n\n"
    },
    {
        "sloka": "తతో గతాయాం నిద్రాయాం రాక్షస్యో వికృతాననాః.\n\nతద్వనం దదృశుర్భగ్నం తం చ వీరం మహాకపిమ్৷৷5.42.3৷৷\n\n"
    },
    {
        "sloka": "స తా దృష్ట్వా మహాబాహుర్మహాసత్త్వో మహాబలః.\n\nచకార సుమహద్రూపం రాక్షసీనాం భయావహమ్৷৷5.42.4৷৷\n\n"
    },
    {
        "sloka": "తతస్తం గిరిసఙ్కాశమతికాయం మహాబలమ్.\n\nరాక్షస్యో వానరం దృష్ట్వా పప్రచ్ఛుర్జనకాత్మజామ్৷৷5.42.5৷৷\n\n"
    },
    {
        "sloka": "కోయం కస్య కుతో వాయం కిం నిమిత్తమిహాగతః.\n\nకథం త్వయా సహానేన సంవాదః కృత ఇత్యుత৷৷5.42.6৷৷\n\n"
    },
    {
        "sloka": "ఆచక్ష్వ నో విశాలాక్షి మా భూత్తే సుభగే భయమ్.\n\nసంవాదమసితాపాఙ్గే త్వయా కిం కృతవానయమ్৷৷5.42.7৷৷\n\n"
    },
    {
        "sloka": "అథాబ్రవీన్మహాసాధ్వీ సీతా సర్వాఙ్గసున్దరీ.\n\nరక్షసాం భీమరూపాణాం విజ్ఞానే మమ కా గతిః৷৷5.42.8৷৷\n\n"
    },
    {
        "sloka": "యూయమేవాభిజానీత యోయం యద్వా కరిష్యతి.\n\nఅహిరేవ హ్యహేః పాదాన్విజానాతి న సంశయః৷৷5.42.9৷৷\n\n"
    },
    {
        "sloka": "అహమప్యస్య భీతాస్మి నైనం జానామి కో న్వయం.\n\nవేద్మి రాక్షసమేవైనం కామరూపిణమాగతమ్৷৷5.42.10৷৷\n\n"
    },
    {
        "sloka": "వైదేహ్యా వచనం శ్రుత్వా రాక్షస్యో విద్రుతా దిశః.\n\nస్థితాః కాశ్చిద్గతాః కాశ్చిద్రావణాయ నివేదితుమ్৷৷5.42.11৷৷\n\n"
    },
    {
        "sloka": "రావణస్య సమీపే తు రాక్షస్యో వికృతాననాః.\n\nవిరూపం వానరం భీమమాఖ్యాతుముపచక్రముః৷৷5.42.12৷৷\n\n"
    },
    {
        "sloka": "అశోకవనికామధ్యే రాజన్భీమవపుః కపిః.\n\nసీతయా కృతసంవాదస్తిష్ఠత్యమితవిక్రమః৷৷5.42.13৷৷\n\n"
    },
    {
        "sloka": "న చ తం జానకీ సీతా హరిం హరిణలోచనా.\n\nఅస్మాభిర్బహుధా పృష్టా నివేదయితుమిచ్ఛతి৷৷5.42.14৷৷\n\n"
    },
    {
        "sloka": "వాసవస్య భవేద్దూతో దూతో వైశ్రవణస్య వా.\n\nప్రేషితో వాపి రామేణ సీతాన్వేషణకాఙ్క్షయా৷৷5.42.15৷৷\n\n"
    },
    {
        "sloka": "తేన త్వద్భుతరూపేణ యత్తత్తవ మనోహరమ్.\n\nనానామృగగణాకీర్ణం ప్రమృష్టం ప్రమదావనమ్৷৷5.42.16৷৷\n\n"
    },
    {
        "sloka": "న తత్ర కశ్చిదుద్దేశో యస్తేన న వినాశితః.\n\nయత్ర సా జానకీ సీతా స తేన న వినాశితః৷৷5.42.17৷৷\n\n"
    },
    {
        "sloka": "జానకీరక్షణార్థం వా శ్రమాద్వా నోపలభ్యతే.\n\nఅథవా కశ్శ్రమస్తస్య సైవ తేనాభిరక్షితా৷৷5.42.18৷৷\n\n"
    },
    {
        "sloka": "చారుపల్లవపుష్పాఢ్యం యం సీతా స్వయమాస్థితా.\n\nప్రవృద్ధశ్శింశుపావృక్ష స్స చ తేనాభిరక్షితః৷৷5.42.19৷৷\n\n"
    },
    {
        "sloka": "తస్యోగ్రరూపస్యోగ్ర! త్వం దణ్డమాజ్ఞాతుమర్హసి.\n\nసీతా సమ్భాషితా యేన తద్వనం చ వినాశితమ్৷৷5.42.20৷৷\n\n"
    },
    {
        "sloka": "మనః పరిగృహీతాం తాం తవ రక్షోగణేశ్వర.\n\nకస్సీతామభిభాషేత యో న స్యాత్త్యక్తజీవితః৷৷5.42.21৷৷\n\n"
    },
    {
        "sloka": "రాక్షసీనాం వచశ్త్రుత్వా రావణో రాక్షసేశ్వరః.\n\nహుతాగ్నిరివ జజ్వాల కోపసంవర్తితేక్షణః৷৷5.42.22৷৷\n\n"
    },
    {
        "sloka": "తస్య క్రుద్ధస్య నేత్రాభ్యాం ప్రాపతన్నాస్రబిన్దవః.\n\nదీప్తాభ్యామివ దీపాభ్యాం సార్చిష స్స్నేహబిన్దవః৷৷5.42.23৷৷\n\n"
    },
    {
        "sloka": "ఆత్మనస్సదృశాన్శూరాన్కిఙ్కరాన్నామ రాక్షసాన్.\n\nవ్యాదిదేశ మహాతేజా నిగ్రహార్థం హనూమతః৷৷5.42.24৷৷\n\n"
    },
    {
        "sloka": "తేషామశీతిసాహస్రం కిఙ్కరాణాం తరస్వినామ్.\n\nనిర్యయుర్భవనాత్తస్మాత్కూటముద్గరపాణయః৷৷5.42.25৷৷\n\nమహోదరా మహాదంష్ట్రా ఘోరరూపా మహాబలాః.\n\nయుద్ధాభిమనసస్సర్వే హనుమద్గ్రహణోద్యతాః৷৷5.42.26৷৷\n\n"
    },
    {
        "sloka": "తే కపీన్ద్రం సమాసాద్య తోరణస్థమవస్థితమ్.\n\nఅభిపేతుర్మహావేగాః పతఙ్గా ఇవ పావకమ్৷৷5.42.27৷৷\n\n"
    },
    {
        "sloka": "తే గదాభిర్విచిత్రాభిః పరిఘైః కాఞ్చనాఙ్గదైః.\n\nఆజఘ్నుర్వానరశ్రేష్ఠం శరైశ్చాదిత్యసన్నిభైః৷৷5.42.28৷৷\n\n"
    },
    {
        "sloka": "ముద్గరైః పట్టిశైశ్శూలైః ప్రాసతోమరశక్తిభిః.\n\nపరివార్య హనూమన్తం సహసా తస్థురగ్రతః৷৷5.42.29৷৷\n\n"
    },
    {
        "sloka": "హనుమానపి తేజస్వీ శ్రీమాన్పర్వతసన్నిభః.\n\nక్షితావావిధ్య లాఙ్గూలం ననాద చ మహాస్వనమ్৷৷5.42.30৷৷\n\n"
    },
    {
        "sloka": "స భూత్వా సుమహాకాయో హనుమాన్మారుతాత్మజః.\n\nధృష్టమాస్ఫోటయామాస లఙ్కాం శబ్దేన పూరయన్৷৷5.42.31৷৷\n\n"
    },
    {
        "sloka": "తస్యాస్ఫోటితశబ్దేన మహతా సానునాదినా.\n\nపేతుర్విహఙ్గా గగనాదుచ్చైశ్చేదమఘోషయత్৷৷5.42.32৷৷\n\n"
    },
    {
        "sloka": "జయత్యతిబలో రామో లక్ష్మణశ్చ మహాబలః.\n\nరాజా జయతి సుగ్రీవో రాఘవేణాభిపాలితః৷৷5.42.33৷৷\n\n"
    },
    {
        "sloka": "దాసోహం కోసలేన్ద్రస్య రామస్యాక్లిష్టకర్మణః.\n\nహనుమాన్శత్రుసైన్యానాం నిహన్తా మారుతాత్మజః৷৷5.42.34৷৷\n\n"
    },
    {
        "sloka": "న రావణసహస్రం మే యుద్ధే ప్రతిబలం భవేత్.\n\nశిలాభిస్తు ప్రహరతః పాదపైశ్చ సహస్రశః৷৷5.42.35৷৷\n\n"
    },
    {
        "sloka": "అర్దయిత్వా పురీం లఙ్కామభివాద్య చ మైథిలీమ్.\n\nసమృద్ధార్థో గమిష్యామి మిషతాం సర్వరక్షసామ్৷৷5.42.36৷৷\n\n"
    },
    {
        "sloka": "తస్య సన్నాదశబ్దేన తేభవన్భయశఙ్కితాః.\n\nదదృశుశ్చ హనూమన్తం సన్ధ్యామేఘమివోన్నతమ్৷৷5.42.37৷৷\n\n"
    },
    {
        "sloka": "స్వామిసన్దేశనిశ్శఙ్కాస్తతస్తే రాక్షసాః కపిమ్.\n\nచిత్రైః ప్రహరణైర్భీమైరభిపేతుస్తతస్తతః৷৷5.42.38৷৷\n\n"
    },
    {
        "sloka": "స తైః పరివృతశ్శూరైస్సర్వతస్సుమహాబలః.\n\nఆససాదాయసం భీమం పరిఘం తోరణాశ్రితమ్৷৷5.42.39৷৷\n\n"
    },
    {
        "sloka": "స తం పరిఘమాదాయ జఘాన రజనీచరాన్.\n\nస పన్నగమివాదాయ స్ఫురన్తం వినతాసుతః৷৷5.42.40৷৷\n\nవిచచారామ్బరే వీరః పరిగృహ్య చ మారుతిః.\n\n"
    },
    {
        "sloka": "స హత్వా రాక్షసాన్వీరాన్కిఙ్కరాన్మారుతాత్మజః৷৷5.42.41৷৷\n\nయుద్ధాకాఙ్క్షీ పునర్వీరస్తోరణం సముపాశ్రితః.\n\n"
    },
    {
        "sloka": "తతస్తస్మాద్భయాన్ముక్తాః కతిచిత్తత్ర రాక్షసాః৷৷5.42.42৷৷\n\nనిహతాన్కిఙ్కరాన్సర్వాన్రావణాయన్యవేదయన్.\n\n"
    },
    {
        "sloka": "స రాక్షసానాం నిహతం మహద్బలం నిశమ్య రాజా పరివృత్తలోచనః.\n\nసమాదిదేశాప్రతిమం పరాక్రమే ప్రహస్తపుత్రం సమరే సుదుర్జయమ్৷৷5.42.43৷৷\n\n"
    }
]