[
    {
        "sloka": "[Ravana appeals to Sita -- asks the demon guards to change her mind -- gives ultimatum to Sita] \n\nసీతాయా వచనం శ్రుత్వా పరుషం రాక్షసాధిపః.\n\nప్రత్యువాచ తతః సీతాం విప్రియం ప్రియదర్శనామ్৷৷5.22.1৷৷\n\n"
    },
    {
        "sloka": "యథా యథా సాన్త్వయితా వశ్యః స్త్రీణాం తథా తథా.\n\nయథా యథా ప్రియం వక్తా పరిభూతస్తథా తథా৷৷5.22.2৷৷\n\n"
    },
    {
        "sloka": "సన్నియచ్ఛతి మే క్రోధం త్వయి కామః సముత్థితః.\n\nద్రవతోమార్గమాసాద్య హయానివ సుసారథిః৷৷5.22.3৷৷\n\n"
    },
    {
        "sloka": "వామః కామో మనుష్యాణాం యస్మిన్ కిల నిబధ్యతే.\n\nజనే తస్మింస్త్వనుక్రోశః స్నేహశ్చ కిల జాయతే৷৷5.22.4৷৷\n\n"
    },
    {
        "sloka": "ఏతస్మాత్కారణాన్న త్వాం ఘాతయామి వరాననే.\n\nవధార్హామవమానార్హాం మిథ్యాప్రవ్రజితే రతామ్৷৷5.22.5৷৷\n\n"
    },
    {
        "sloka": "పరుషాణీహ వాక్యాని యాని యాని బ్రవీషి మామ్.\n\nతేషు తేషు వధో యుక్తస్తవ మైథిలి దారుణః৷৷5.22.6৷৷\n\n"
    },
    {
        "sloka": "ఏవముక్త్వా తు వైదేహీం రావణో రాక్షసాధిపః.\n\nక్రోధసంరమ్భసంయుక్తః సీతాముత్తరమబ్రవీత్৷৷5.22.7৷৷\n\n"
    },
    {
        "sloka": "ద్వౌ మాసౌ రక్షితవ్యౌ మే యోవధిస్తే మయా కృతః.\n\nతతః శయనమారోహ మమ త్వం వరవర్ణిని৷৷5.22.8৷৷\n\n"
    },
    {
        "sloka": "ఊర్ధ్వం ద్వాభ్యాం తు మాసాభ్యాం భర్తారం మామనిచ్ఛతీమ్.\n\nమమ త్వాం ప్రాతరాశార్థమాలభన్తే మహానసే৷৷5.22.9৷৷\n\n"
    },
    {
        "sloka": "తాం తర్జ్యమానాం సమ్ప్రేక్ష్య రాక్షసేన్ద్రేణ జానకీమ్.\n\nదేవగన్ధర్వకన్యాస్తా విషేదుర్వికృతేక్షణాః৷৷5.22.10৷৷\n\n"
    },
    {
        "sloka": "ఓష్ఠప్రకారైరపరా వక్త్రనేత్రైస్తథాపరాః.\n\nసీతామాశ్వాసయామాసుస్తర్జితాం తేన రక్షసా৷৷5.22.11৷৷\n\n"
    },
    {
        "sloka": "తాభిరాశ్వాసితా సీతా రావణం రాక్షసాధిపమ్.\n\nఉవాచాత్మహితం వాక్యం వృత్తశౌణ్డీర్యగర్వితమ్৷৷5.22.12৷৷\n\n"
    },
    {
        "sloka": "నూనం న తే జనః కశ్చిదస్తి నిఃశ్రేయసే స్థిత:.\n\nనివారయతి యో న త్వాం కర్మణోస్మాద్విగర్హితాత్৷৷5.22.13৷৷\n\n"
    },
    {
        "sloka": "మాం హి ధర్మాత్మనః పత్నీం శచీమివ శచీపతేః.\n\nత్వదన్యస్త్రిషు లోకేషు ప్రార్థయేన్మనసాపి కః৷৷5.22.14৷৷\n\n"
    },
    {
        "sloka": "రాక్షసాధమ రామస్య భార్యామమితతేజసః.\n\nఉక్తవానసి యత్పాపం క్వ గతస్తస్య మోక్ష్యసే৷৷5.22.15৷৷\n\n"
    },
    {
        "sloka": "యథా దృప్తశ్చ మాతఙ్గః శశశ్చ సద్దృశో యుధి.\n\nతథా మాతఙ్గవద్రామస్త్వం నీచ: శశవత్ స్మృతః৷৷5.22.16৷৷\n\n"
    },
    {
        "sloka": "స త్వమిక్ష్వాకునాథం వై క్షిపన్నిహ న లజ్జసే.\n\nచక్షుషోర్విషయం తస్య న తావదుపగచ్ఛసి৷৷5.22.17৷৷\n\n"
    },
    {
        "sloka": "ఇమే తే నయనే క్రూరే విరూపే కృష్ణపిఙ్గలే.\n\nక్షితౌ న పతితే కస్మాన్మామనార్య నిరీక్షితః৷৷5.22.18৷৷\n\n"
    },
    {
        "sloka": "తస్య ధర్మాత్మనః పత్నీం స్నుషాం దశరథస్య చ.\n\nకథం వ్యాహరతో మాం తే న జిహ్వా వ్యవశీర్యతే৷৷5.22.19৷৷\n\n"
    },
    {
        "sloka": "అసన్దేశాత్తు రామస్య తపసశ్చానుపాలనాత్.\n\nన త్వాం కుర్మి దశగ్రీవ భస్మ భర్మార్హ తేజసా৷৷5.22.20৷৷\n\n"
    },
    {
        "sloka": "నాపహర్తుమహం శక్యా త్వయా రామస్య ధీమతః.\n\nవిధిస్తవ వధార్థాయ విహితో నాత్ర సంశయః৷৷5.22.21৷৷\n\n"
    },
    {
        "sloka": "శూరేణ ధనదభ్రాత్రా బలైః సముదితేన చ.\n\nఅపోహ్య రామం కస్మాద్ధి దారచౌర్యం త్వయా కృతమ్৷৷5.22.22৷৷\n\n"
    },
    {
        "sloka": "సీతాయా వచనం శ్రుత్వా రావణో రాక్షసాధిపః.\n\nవివృత్య నయనే క్రూరే జానకీమన్వవైక్షత৷৷5.22.23৷৷\n\n"
    },
    {
        "sloka": "నీలజీమూతసఙ్కాశో మహాభుజశిరోధరః.\n\nసింహసత్త్వగతిః శ్రీమాన్ దీప్త జిహ్వాగ్రలోచనః৷৷5.22.24৷৷\n\n"
    },
    {
        "sloka": "చలాగ్రమకుటప్రాంశుశ్చిత్రమాల్యానులేపనః.\n\nరక్తమాల్యామ్బరధర తత్సఙ్గదవిభూషణః৷৷5.22.25৷৷\n\n"
    },
    {
        "sloka": "శ్రోణిసూత్రేణ మహతా మేచకేన సుసంవృతః.\n\nఅమృతోత్పాదనద్ధేన భుజగేనేవ మన్దరః৷৷5.22.26৷৷\n\n"
    },
    {
        "sloka": "తాభ్యాం స పరిపూర్ణాభ్యాం భుజాభ్యాం రాక్షసేశ్వరః.\n\nశుశుభేచలసఙ్కాశః శృఙ్గాభ్యామివ మన్దరః৷৷5.22.27৷৷\n\n"
    },
    {
        "sloka": "తరుణాదిత్యవర్ణాభ్యాం కుణ్డలాభ్యాం విభూషితః.\n\nరక్తపల్లవపుష్పాభ్యామశోకాభ్యామివాచలః৷৷5.22.28৷৷\n\n"
    },
    {
        "sloka": "స కల్పవృక్షప్రతిమో వసన్త ఇవ మూర్తిమాన్.\n\nశ్మశానచైత్యప్రతిమో భూషితోపి భయఙ్కరః৷৷5.22.29৷৷\n\n"
    },
    {
        "sloka": "అవేక్షమాణో వైదేహీం కోపసంరక్తలోచనః.\n\nఉవాచ రావణః సీతాం భుజఙ్గ ఇవ నిఃశ్వసన్৷৷5.22.30৷৷\n\n"
    },
    {
        "sloka": "అనయేనాభిసమ్పన్నమర్థహీనమనువ్రతే.\n\nనాశయామ్యహమద్య త్వాం సూర్యః సన్ధ్యామివౌజసా৷৷5.22.31৷৷\n\n"
    },
    {
        "sloka": "ఇత్యుక్త్వా మైథిలీం రాజా రావణః శత్రురావణః.\n\nసన్దిదేశ తతః సర్వా రాక్షసీర్ఘోరదర్శనాః৷৷5.22.32৷৷\n\n"
    },
    {
        "sloka": "ఏకాక్షీమేకకర్ణాం చ కర్ణప్రావరణాం తథా.\n\nగోకర్ణీం హస్తికర్ణీం చ లమ్బకర్ణీమకర్ణికామ్৷৷5.22.33৷৷\n\nహస్తిపాద్యశ్వపాద్యౌ చ గోపాదీం పాదచూలికామ్.\n\nఏకాక్షీమేకపాదీం చ పృథుపాదీమపాదికామ్৷৷5.22.34৷৷\n\nఅతిమాత్రశిరోగ్రీవామతిమాత్రకుచోదరీమ్.\n\nఅతిమాత్రాస్యనేత్రాం చ దీర్ఘజిహ్వామజిహ్వికామ్৷৷5.22.35৷৷\n\nఅనాసికాం సింహముఖీం గోముఖీం సూకరీముఖీమ్.\n\n"
    },
    {
        "sloka": "యథా మద్వశగా సీతా క్షిప్రం భవతి జానకీ৷৷5.22.36৷৷\n\nతథా కురుత రాక్షస్యః సర్వాః క్షిప్రం సమేత్య చ.\n\n"
    },
    {
        "sloka": "ప్రతిలోమానులోమైశ్చ సామదానాదిభేదనైః৷৷5.22.37৷৷\n\nఆవర్జయత వైదేహీం దణ్డస్యోద్యమనేన చ.\n\n"
    },
    {
        "sloka": "ఇతి ప్రతిసమాదిశ్య రాక్షసేన్ద్రః పునః పునః৷৷5.22.38৷৷\n\nకామమన్యుపరీతాత్మా జానకీం పర్యతర్జయత్.\n\n"
    },
    {
        "sloka": "ఉపగమ్య తతః శీఘ్రం రాక్షసీ ధాన్యమాలినీ৷৷5.22.39৷৷\n\nపరిష్వజ్య దశగ్రీవమిదం వచనమబ్రవీత్.\n\n"
    },
    {
        "sloka": "మయా క్రీడ మహారాజ సీతయా కిం తవానయా৷৷5.22.40৷৷\n\nవివర్ణయా కృపణయా మానుష్యా రాక్షసేశ్వర.\n\n"
    },
    {
        "sloka": "నూనమస్యా మహారాజ న దివ్యాన్ భోగసత్తమాన్৷৷5.22.41৷৷\n\nవిదధాత్యమరశ్రేష్ఠస్తవ బాహుబలార్జితాన్.\n\n"
    },
    {
        "sloka": "అకామాం కామయానస్య శరీరముపతప్యతే৷৷5.22.42৷৷\n\nఇచ్ఛన్తీం కామయానస్య ప్రీతిర్భవతి శోభనా.\n\n"
    },
    {
        "sloka": "ఏవముక్తస్తు రాక్షస్యా సముత్క్షిప్తస్తతో బలీ৷৷5.22.43৷৷\n\nప్రహసన్మేఘసఙ్కాశో రాక్షసః స న్యవర్తత.\n\n"
    },
    {
        "sloka": "ప్రస్థితః స దశగ్రీవః కమ్పయన్నివ మేదినీమ్৷৷5.22.44৷৷\n\nజ్వలద్భాస్కరవర్ణాభం ప్రవివేశ నివేశనమ్.\n\n"
    },
    {
        "sloka": "దేవగన్ధర్వకన్యాశ్చ నాగకన్యాశ్చ సర్వతః৷৷5.22.45৷৷\n\nపరివార్య దశగ్రీవం వివిశుస్తం గృహోత్తమమ్.\n\n"
    },
    {
        "sloka": "స మైథిలీం ధర్మపరామవస్థితాం ప్రపేపమానాం పరిభర్త్స్య రావణః.\n\nవిహాయ సీతాం మదనేన మోహితః స్వమేవ వేశ్మ ప్రవివేశ భాస్వరమ్৷৷5.22.46৷৷\n\n"
    },
    {
        "sloka": "[Ravana appeals to Sita -- asks the demon guards to change her mind -- gives ultimatum to Sita] \n\nసీతాయా వచనం శ్రుత్వా పరుషం రాక్షసాధిపః.\n\nప్రత్యువాచ తతః సీతాం విప్రియం ప్రియదర్శనామ్৷৷5.22.1৷৷\n\n"
    },
    {
        "sloka": "యథా యథా సాన్త్వయితా వశ్యః స్త్రీణాం తథా తథా.\n\nయథా యథా ప్రియం వక్తా పరిభూతస్తథా తథా৷৷5.22.2৷৷\n\n"
    },
    {
        "sloka": "సన్నియచ్ఛతి మే క్రోధం త్వయి కామః సముత్థితః.\n\nద్రవతోమార్గమాసాద్య హయానివ సుసారథిః৷৷5.22.3৷৷\n\n"
    },
    {
        "sloka": "వామః కామో మనుష్యాణాం యస్మిన్ కిల నిబధ్యతే.\n\nజనే తస్మింస్త్వనుక్రోశః స్నేహశ్చ కిల జాయతే৷৷5.22.4৷৷\n\n"
    },
    {
        "sloka": "ఏతస్మాత్కారణాన్న త్వాం ఘాతయామి వరాననే.\n\nవధార్హామవమానార్హాం మిథ్యాప్రవ్రజితే రతామ్৷৷5.22.5৷৷\n\n"
    },
    {
        "sloka": "పరుషాణీహ వాక్యాని యాని యాని బ్రవీషి మామ్.\n\nతేషు తేషు వధో యుక్తస్తవ మైథిలి దారుణః৷৷5.22.6৷৷\n\n"
    },
    {
        "sloka": "ఏవముక్త్వా తు వైదేహీం రావణో రాక్షసాధిపః.\n\nక్రోధసంరమ్భసంయుక్తః సీతాముత్తరమబ్రవీత్৷৷5.22.7৷৷\n\n"
    },
    {
        "sloka": "ద్వౌ మాసౌ రక్షితవ్యౌ మే యోవధిస్తే మయా కృతః.\n\nతతః శయనమారోహ మమ త్వం వరవర్ణిని৷৷5.22.8৷৷\n\n"
    },
    {
        "sloka": "ఊర్ధ్వం ద్వాభ్యాం తు మాసాభ్యాం భర్తారం మామనిచ్ఛతీమ్.\n\nమమ త్వాం ప్రాతరాశార్థమాలభన్తే మహానసే৷৷5.22.9৷৷\n\n"
    },
    {
        "sloka": "తాం తర్జ్యమానాం సమ్ప్రేక్ష్య రాక్షసేన్ద్రేణ జానకీమ్.\n\nదేవగన్ధర్వకన్యాస్తా విషేదుర్వికృతేక్షణాః৷৷5.22.10৷৷\n\n"
    },
    {
        "sloka": "ఓష్ఠప్రకారైరపరా వక్త్రనేత్రైస్తథాపరాః.\n\nసీతామాశ్వాసయామాసుస్తర్జితాం తేన రక్షసా৷৷5.22.11৷৷\n\n"
    },
    {
        "sloka": "తాభిరాశ్వాసితా సీతా రావణం రాక్షసాధిపమ్.\n\nఉవాచాత్మహితం వాక్యం వృత్తశౌణ్డీర్యగర్వితమ్৷৷5.22.12৷৷\n\n"
    },
    {
        "sloka": "నూనం న తే జనః కశ్చిదస్తి నిఃశ్రేయసే స్థిత:.\n\nనివారయతి యో న త్వాం కర్మణోస్మాద్విగర్హితాత్৷৷5.22.13৷৷\n\n"
    },
    {
        "sloka": "మాం హి ధర్మాత్మనః పత్నీం శచీమివ శచీపతేః.\n\nత్వదన్యస్త్రిషు లోకేషు ప్రార్థయేన్మనసాపి కః৷৷5.22.14৷৷\n\n"
    },
    {
        "sloka": "రాక్షసాధమ రామస్య భార్యామమితతేజసః.\n\nఉక్తవానసి యత్పాపం క్వ గతస్తస్య మోక్ష్యసే৷৷5.22.15৷৷\n\n"
    },
    {
        "sloka": "యథా దృప్తశ్చ మాతఙ్గః శశశ్చ సద్దృశో యుధి.\n\nతథా మాతఙ్గవద్రామస్త్వం నీచ: శశవత్ స్మృతః৷৷5.22.16৷৷\n\n"
    },
    {
        "sloka": "స త్వమిక్ష్వాకునాథం వై క్షిపన్నిహ న లజ్జసే.\n\nచక్షుషోర్విషయం తస్య న తావదుపగచ్ఛసి৷৷5.22.17৷৷\n\n"
    },
    {
        "sloka": "ఇమే తే నయనే క్రూరే విరూపే కృష్ణపిఙ్గలే.\n\nక్షితౌ న పతితే కస్మాన్మామనార్య నిరీక్షితః৷৷5.22.18৷৷\n\n"
    },
    {
        "sloka": "తస్య ధర్మాత్మనః పత్నీం స్నుషాం దశరథస్య చ.\n\nకథం వ్యాహరతో మాం తే న జిహ్వా వ్యవశీర్యతే৷৷5.22.19৷৷\n\n"
    },
    {
        "sloka": "అసన్దేశాత్తు రామస్య తపసశ్చానుపాలనాత్.\n\nన త్వాం కుర్మి దశగ్రీవ భస్మ భర్మార్హ తేజసా৷৷5.22.20৷৷\n\n"
    },
    {
        "sloka": "నాపహర్తుమహం శక్యా త్వయా రామస్య ధీమతః.\n\nవిధిస్తవ వధార్థాయ విహితో నాత్ర సంశయః৷৷5.22.21৷৷\n\n"
    },
    {
        "sloka": "శూరేణ ధనదభ్రాత్రా బలైః సముదితేన చ.\n\nఅపోహ్య రామం కస్మాద్ధి దారచౌర్యం త్వయా కృతమ్৷৷5.22.22৷৷\n\n"
    },
    {
        "sloka": "సీతాయా వచనం శ్రుత్వా రావణో రాక్షసాధిపః.\n\nవివృత్య నయనే క్రూరే జానకీమన్వవైక్షత৷৷5.22.23৷৷\n\n"
    },
    {
        "sloka": "నీలజీమూతసఙ్కాశో మహాభుజశిరోధరః.\n\nసింహసత్త్వగతిః శ్రీమాన్ దీప్త జిహ్వాగ్రలోచనః৷৷5.22.24৷৷\n\n"
    },
    {
        "sloka": "చలాగ్రమకుటప్రాంశుశ్చిత్రమాల్యానులేపనః.\n\nరక్తమాల్యామ్బరధర తత్సఙ్గదవిభూషణః৷৷5.22.25৷৷\n\n"
    },
    {
        "sloka": "శ్రోణిసూత్రేణ మహతా మేచకేన సుసంవృతః.\n\nఅమృతోత్పాదనద్ధేన భుజగేనేవ మన్దరః৷৷5.22.26৷৷\n\n"
    },
    {
        "sloka": "తాభ్యాం స పరిపూర్ణాభ్యాం భుజాభ్యాం రాక్షసేశ్వరః.\n\nశుశుభేచలసఙ్కాశః శృఙ్గాభ్యామివ మన్దరః৷৷5.22.27৷৷\n\n"
    },
    {
        "sloka": "తరుణాదిత్యవర్ణాభ్యాం కుణ్డలాభ్యాం విభూషితః.\n\nరక్తపల్లవపుష్పాభ్యామశోకాభ్యామివాచలః৷৷5.22.28৷৷\n\n"
    },
    {
        "sloka": "స కల్పవృక్షప్రతిమో వసన్త ఇవ మూర్తిమాన్.\n\nశ్మశానచైత్యప్రతిమో భూషితోపి భయఙ్కరః৷৷5.22.29৷৷\n\n"
    },
    {
        "sloka": "అవేక్షమాణో వైదేహీం కోపసంరక్తలోచనః.\n\nఉవాచ రావణః సీతాం భుజఙ్గ ఇవ నిఃశ్వసన్৷৷5.22.30৷৷\n\n"
    },
    {
        "sloka": "అనయేనాభిసమ్పన్నమర్థహీనమనువ్రతే.\n\nనాశయామ్యహమద్య త్వాం సూర్యః సన్ధ్యామివౌజసా৷৷5.22.31৷৷\n\n"
    },
    {
        "sloka": "ఇత్యుక్త్వా మైథిలీం రాజా రావణః శత్రురావణః.\n\nసన్దిదేశ తతః సర్వా రాక్షసీర్ఘోరదర్శనాః৷৷5.22.32৷৷\n\n"
    },
    {
        "sloka": "ఏకాక్షీమేకకర్ణాం చ కర్ణప్రావరణాం తథా.\n\nగోకర్ణీం హస్తికర్ణీం చ లమ్బకర్ణీమకర్ణికామ్৷৷5.22.33৷৷\n\nహస్తిపాద్యశ్వపాద్యౌ చ గోపాదీం పాదచూలికామ్.\n\nఏకాక్షీమేకపాదీం చ పృథుపాదీమపాదికామ్৷৷5.22.34৷৷\n\nఅతిమాత్రశిరోగ్రీవామతిమాత్రకుచోదరీమ్.\n\nఅతిమాత్రాస్యనేత్రాం చ దీర్ఘజిహ్వామజిహ్వికామ్৷৷5.22.35৷৷\n\nఅనాసికాం సింహముఖీం గోముఖీం సూకరీముఖీమ్.\n\n"
    },
    {
        "sloka": "యథా మద్వశగా సీతా క్షిప్రం భవతి జానకీ৷৷5.22.36৷৷\n\nతథా కురుత రాక్షస్యః సర్వాః క్షిప్రం సమేత్య చ.\n\n"
    },
    {
        "sloka": "ప్రతిలోమానులోమైశ్చ సామదానాదిభేదనైః৷৷5.22.37৷৷\n\nఆవర్జయత వైదేహీం దణ్డస్యోద్యమనేన చ.\n\n"
    },
    {
        "sloka": "ఇతి ప్రతిసమాదిశ్య రాక్షసేన్ద్రః పునః పునః৷৷5.22.38৷৷\n\nకామమన్యుపరీతాత్మా జానకీం పర్యతర్జయత్.\n\n"
    },
    {
        "sloka": "ఉపగమ్య తతః శీఘ్రం రాక్షసీ ధాన్యమాలినీ৷৷5.22.39৷৷\n\nపరిష్వజ్య దశగ్రీవమిదం వచనమబ్రవీత్.\n\n"
    },
    {
        "sloka": "మయా క్రీడ మహారాజ సీతయా కిం తవానయా৷৷5.22.40৷৷\n\nవివర్ణయా కృపణయా మానుష్యా రాక్షసేశ్వర.\n\n"
    },
    {
        "sloka": "నూనమస్యా మహారాజ న దివ్యాన్ భోగసత్తమాన్৷৷5.22.41৷৷\n\nవిదధాత్యమరశ్రేష్ఠస్తవ బాహుబలార్జితాన్.\n\n"
    },
    {
        "sloka": "అకామాం కామయానస్య శరీరముపతప్యతే৷৷5.22.42৷৷\n\nఇచ్ఛన్తీం కామయానస్య ప్రీతిర్భవతి శోభనా.\n\n"
    },
    {
        "sloka": "ఏవముక్తస్తు రాక్షస్యా సముత్క్షిప్తస్తతో బలీ৷৷5.22.43৷৷\n\nప్రహసన్మేఘసఙ్కాశో రాక్షసః స న్యవర్తత.\n\n"
    },
    {
        "sloka": "ప్రస్థితః స దశగ్రీవః కమ్పయన్నివ మేదినీమ్৷৷5.22.44৷৷\n\nజ్వలద్భాస్కరవర్ణాభం ప్రవివేశ నివేశనమ్.\n\n"
    },
    {
        "sloka": "దేవగన్ధర్వకన్యాశ్చ నాగకన్యాశ్చ సర్వతః৷৷5.22.45৷৷\n\nపరివార్య దశగ్రీవం వివిశుస్తం గృహోత్తమమ్.\n\n"
    },
    {
        "sloka": "స మైథిలీం ధర్మపరామవస్థితాం ప్రపేపమానాం పరిభర్త్స్య రావణః.\n\nవిహాయ సీతాం మదనేన మోహితః స్వమేవ వేశ్మ ప్రవివేశ భాస్వరమ్৷৷5.22.46৷৷\n\n"
    }
]