[
    {
        "sloka": "[The demonesses attempt to convince Sita]\n\nఇత్యుక్త్వా మైథిలీం రాజా రావణః శత్రురావణః.\n\nసన్దిశ్య చ తతః సర్వా రాక్షసీర్నిర్జగామ హ৷৷5.23.1৷৷\n\n"
    },
    {
        "sloka": "నిష్క్రాన్తే రాక్షసేన్ద్రే తు పునరన్తఃపురం గతే.\n\nరాక్షస్యో భీమరూపాస్తాః సీతాం సమభిదుద్రువుః৷৷5.23.2৷৷\n\n"
    },
    {
        "sloka": "తతః సీతాముపాగమ్య రాక్షస్యః క్రోధమూర్ఛితాః.\n\nపరం పరుషయా వాచా వైదేహీమిదమబ్రువన్৷৷5.23.3৷৷\n\n"
    },
    {
        "sloka": "పౌలస్త్యస్య వరిష్ఠస్య రావణస్య మహాత్మనః.\n\nదశగ్రీవస్య భార్యా త్వం సీతే న బహుమన్యసే৷৷5.23.4৷৷\n\n"
    },
    {
        "sloka": "తతస్త్వేకజటా నామ రాక్షసీ వాక్యమబ్రవీత్.\n\nఆమన్త్య్ర క్రోధాతామ్రాక్షీ సీతాం కరతలోదరీమ్৷৷5.23.5৷৷\n\n"
    },
    {
        "sloka": "ప్రజాపతీనాం షణ్ణాం తు చతుర్థో యః ప్రజాపతిః.\n\nమానసో బ్రహ్మణః పుత్రః పులస్త్య ఇతి విశ్రుతః৷৷5.23.6৷৷\n\n"
    },
    {
        "sloka": "పులస్త్యస్య తు తేజస్వీ మహర్షిర్మానసః సుతః.\n\nనామ్నా స విశ్రవా నామ ప్రజాపతిసమప్రభః৷৷5.23.7৷৷\n\n"
    },
    {
        "sloka": "తస్య పుత్రో విశాలాక్షి రావణః శత్రురావణః.\n\nతస్య త్వం రాక్షసేన్ద్రస్య భార్యా భవితుమర్హసి৷৷5.23.8৷৷\n\nమయోక్తం చారుసర్వాఙ్గిః వాక్యం కిం నానుమన్యసే.\n\n"
    },
    {
        "sloka": "తతో హరిజటా నామ రాక్షసీ వాక్యమబ్రవీత్৷৷5.23.9৷৷\n\nవివర్త్య నయనే కోపాన్మార్జారసదృశేక్షణా.\n\n"
    },
    {
        "sloka": "యేన దేవాస్త్రయస్త్రింశద్దేవరాజశ్చ నిర్జితాః৷৷5.23.10৷৷\n\nతస్య త్వం రాక్షసేన్ద్రస్య భార్యా భవితుమర్హసి.\n\n"
    },
    {
        "sloka": "తతస్తు ప్రఘసా నామ రాక్షసీ క్రోధమూర్ఛితా৷৷5.23.11৷৷\n\nభర్త్సయన్తీ తదా ఘోరమిదం వచనమబ్రవీత్.\n\n"
    },
    {
        "sloka": "వీర్యోత్సిక్తస్య శూరస్య సఙ్గ్రామేషు నివర్తినః৷৷5.23.12৷৷\n\nబలినో వీర్యయుక్తస్య భార్యాత్వం కిం న లప్స్యసే.\n\n"
    },
    {
        "sloka": "ప్రియాం బహుమతాం భార్యాం త్యక్త్వా రాజా మహాబలః৷৷5.23.13৷৷\n\nసర్వాసాం చ మహాభాగాం త్వాముపైష్యతి రావణః.\n\n"
    },
    {
        "sloka": "సమృద్ధం స్త్రీసహస్రేణ నానారత్నోపశోభితమ్৷৷5.23.14৷৷\n\nఅన్తఃపురం సముత్సృజ్య త్వాముపైష్యతి రావణః.\n\n"
    },
    {
        "sloka": "అన్యా తు వికటా నామ రాక్షసీ వాక్యమబ్రవీత్৷৷5.23.15৷৷\n\nఅసకృద్దేవతా యుద్ధే నాగగన్ధర్వదానవాః.\n\nనిర్జితాః సమరే యేన స తే పార్శ్వముపాగతః৷৷5.23.16৷৷\n\n"
    },
    {
        "sloka": "తస్య సర్వసమృద్ధస్య రావణస్య మహాత్మనః.\n\nకిమద్య రాక్షసేన్ద్రస్య భార్యాత్వం నేచ్ఛసేధమే৷৷5.23.17৷৷\n\n"
    },
    {
        "sloka": "తతస్తు దుర్ముఖీ నామ రాక్షసీ వాక్యమబ్రవీత్.\n\nయస్య సూర్యో న తపతి భీతో యస్య చ మారుతః৷৷5.23.18৷৷\n\nన వాతి స్మాయతాపాఙ్గే కిం త్వం తస్య న తిష్ఠసి.\n\n"
    },
    {
        "sloka": "పుష్పవృష్టిం చ తరవో ముముచుర్యస్య వై భయాత్৷৷5.23.19৷৷\n\nశైలాశ్చ సుభ్రు పానీయం జలదాశ్చ యదేచ్ఛతి.\n\nతస్య నైరృతరాజస్య రాజరాజస్య భామిని ৷৷5.23.20৷৷\n\nకిం త్వం న కురుషే బుద్ధిం భార్యార్థే రావణస్య హి.\n\n"
    },
    {
        "sloka": "సాధు తే తత్త్వతో దేవి కథితం సాధు భామిని৷৷5.23.21৷৷\n\nగృహాణ సుస్మితే వాక్యమన్యథా న భవిష్యసి.\n\n"
    },
    {
        "sloka": "[The demonesses attempt to convince Sita]\n\nఇత్యుక్త్వా మైథిలీం రాజా రావణః శత్రురావణః.\n\nసన్దిశ్య చ తతః సర్వా రాక్షసీర్నిర్జగామ హ৷৷5.23.1৷৷\n\n"
    },
    {
        "sloka": "నిష్క్రాన్తే రాక్షసేన్ద్రే తు పునరన్తఃపురం గతే.\n\nరాక్షస్యో భీమరూపాస్తాః సీతాం సమభిదుద్రువుః৷৷5.23.2৷৷\n\n"
    },
    {
        "sloka": "తతః సీతాముపాగమ్య రాక్షస్యః క్రోధమూర్ఛితాః.\n\nపరం పరుషయా వాచా వైదేహీమిదమబ్రువన్৷৷5.23.3৷৷\n\n"
    },
    {
        "sloka": "పౌలస్త్యస్య వరిష్ఠస్య రావణస్య మహాత్మనః.\n\nదశగ్రీవస్య భార్యా త్వం సీతే న బహుమన్యసే৷৷5.23.4৷৷\n\n"
    },
    {
        "sloka": "తతస్త్వేకజటా నామ రాక్షసీ వాక్యమబ్రవీత్.\n\nఆమన్త్య్ర క్రోధాతామ్రాక్షీ సీతాం కరతలోదరీమ్৷৷5.23.5৷৷\n\n"
    },
    {
        "sloka": "ప్రజాపతీనాం షణ్ణాం తు చతుర్థో యః ప్రజాపతిః.\n\nమానసో బ్రహ్మణః పుత్రః పులస్త్య ఇతి విశ్రుతః৷৷5.23.6৷৷\n\n"
    },
    {
        "sloka": "పులస్త్యస్య తు తేజస్వీ మహర్షిర్మానసః సుతః.\n\nనామ్నా స విశ్రవా నామ ప్రజాపతిసమప్రభః৷৷5.23.7৷৷\n\n"
    },
    {
        "sloka": "తస్య పుత్రో విశాలాక్షి రావణః శత్రురావణః.\n\nతస్య త్వం రాక్షసేన్ద్రస్య భార్యా భవితుమర్హసి৷৷5.23.8৷৷\n\nమయోక్తం చారుసర్వాఙ్గిః వాక్యం కిం నానుమన్యసే.\n\n"
    },
    {
        "sloka": "తతో హరిజటా నామ రాక్షసీ వాక్యమబ్రవీత్৷৷5.23.9৷৷\n\nవివర్త్య నయనే కోపాన్మార్జారసదృశేక్షణా.\n\n"
    },
    {
        "sloka": "యేన దేవాస్త్రయస్త్రింశద్దేవరాజశ్చ నిర్జితాః৷৷5.23.10৷৷\n\nతస్య త్వం రాక్షసేన్ద్రస్య భార్యా భవితుమర్హసి.\n\n"
    },
    {
        "sloka": "తతస్తు ప్రఘసా నామ రాక్షసీ క్రోధమూర్ఛితా৷৷5.23.11৷৷\n\nభర్త్సయన్తీ తదా ఘోరమిదం వచనమబ్రవీత్.\n\n"
    },
    {
        "sloka": "వీర్యోత్సిక్తస్య శూరస్య సఙ్గ్రామేషు నివర్తినః৷৷5.23.12৷৷\n\nబలినో వీర్యయుక్తస్య భార్యాత్వం కిం న లప్స్యసే.\n\n"
    },
    {
        "sloka": "ప్రియాం బహుమతాం భార్యాం త్యక్త్వా రాజా మహాబలః৷৷5.23.13৷৷\n\nసర్వాసాం చ మహాభాగాం త్వాముపైష్యతి రావణః.\n\n"
    },
    {
        "sloka": "సమృద్ధం స్త్రీసహస్రేణ నానారత్నోపశోభితమ్৷৷5.23.14৷৷\n\nఅన్తఃపురం సముత్సృజ్య త్వాముపైష్యతి రావణః.\n\n"
    },
    {
        "sloka": "అన్యా తు వికటా నామ రాక్షసీ వాక్యమబ్రవీత్৷৷5.23.15৷৷\n\nఅసకృద్దేవతా యుద్ధే నాగగన్ధర్వదానవాః.\n\nనిర్జితాః సమరే యేన స తే పార్శ్వముపాగతః৷৷5.23.16৷৷\n\n"
    },
    {
        "sloka": "తస్య సర్వసమృద్ధస్య రావణస్య మహాత్మనః.\n\nకిమద్య రాక్షసేన్ద్రస్య భార్యాత్వం నేచ్ఛసేధమే৷৷5.23.17৷৷\n\n"
    },
    {
        "sloka": "తతస్తు దుర్ముఖీ నామ రాక్షసీ వాక్యమబ్రవీత్.\n\nయస్య సూర్యో న తపతి భీతో యస్య చ మారుతః৷৷5.23.18৷৷\n\nన వాతి స్మాయతాపాఙ్గే కిం త్వం తస్య న తిష్ఠసి.\n\n"
    },
    {
        "sloka": "పుష్పవృష్టిం చ తరవో ముముచుర్యస్య వై భయాత్৷৷5.23.19৷৷\n\nశైలాశ్చ సుభ్రు పానీయం జలదాశ్చ యదేచ్ఛతి.\n\nతస్య నైరృతరాజస్య రాజరాజస్య భామిని ৷৷5.23.20৷৷\n\nకిం త్వం న కురుషే బుద్ధిం భార్యార్థే రావణస్య హి.\n\n"
    },
    {
        "sloka": "సాధు తే తత్త్వతో దేవి కథితం సాధు భామిని৷৷5.23.21৷৷\n\nగృహాణ సుస్మితే వాక్యమన్యథా న భవిష్యసి.\n\n"
    }
]