[
    {
        "sloka": "[Description of the aerial car -- Pushpaka.]\n\nస వేశ్మజాలం బలవాన్ దదర్శ\n\nవ్యాసక్తవైడూర్యసువర్ణజాలమ్.\n\nయథా మహత్ ప్రావృషి మేఘజాలం\n\nవిద్యుత్పినద్ధం సవిహఙ్గజాలమ్৷৷5.7.1৷৷\n\n"
    },
    {
        "sloka": "నివేశనానాం వివిధాశ్చ శాలాః\n\nప్రధానశఙ్ఖాయుధచాపశాలాః.\n\nమనోహరాశ్చాపి పునర్విశాలాః\n\nదదర్శ వేశ్మాద్రిషు చన్ద్రశాలాః৷৷5.7.2৷৷\n\n"
    },
    {
        "sloka": "గృహాణి నానావసురాజితాని \n\nదేవాసురైశ్చాపి సుపూజితాని.\n\nసర్వైశ్చ దోషైః పరివర్జితాని \n\nకపిర్దదర్శ స్వబలార్జితాని৷৷5.7.3৷৷\n\n"
    },
    {
        "sloka": "తాని ప్రయత్నాభిసమాహితాని \n\nమయేన సాక్షాదివ నిర్మితాని.\n\nమహీతలే సర్వగుణోత్తరాణి\n\nదదర్శ లఙ్కాధిపతేర్గృహాణి৷৷5.7.4৷৷\n\n"
    },
    {
        "sloka": "తతో దదర్శోఛ్రచితమేఘరూపం\n\nమనోహరం కాఞ్చనచారురూపమ్.\n\nరక్షోధిపస్యాత్మబలానురూపం\n\nగృహోత్తమం హ్యప్రతిరూపరూపమ్৷৷5.7.5৷৷\n\n"
    },
    {
        "sloka": "మహీతలే స్వర్గమివ ప్రకీర్ణం\n\nశ్రియా జ్వలన్తం బహురత్నకీర్ణమ్.\n\nనానాతరూణాం కుసుమావకీర్ణం\n\nగిరేరివాగ్రం రజసావకీర్ణమ్৷৷5.7.6৷৷\n\n"
    },
    {
        "sloka": "నారీప్రవేకైరివ దీప్యమానం \n\nతటిద్భిరమ్భోదవదర్చ్యమానమ్.\n\nహంసప్రవేకైరివ వాహ్యమానం \n\nశ్రియా యుతం ఖే సుకృతాం విమానమ్৷৷5.7.7৷৷\n\n"
    },
    {
        "sloka": "యథా నగాగ్రం బహుధాతుచిత్రం\n\nయథా నభశ్చ గ్రహచన్ద్రచిత్రమ్.\n\nదదర్శయుక్తీకృతమేఘచిత్రం \n\nవిమానరత్నం బహురత్నచిత్రమ్৷৷5.7.8৷৷\n\n"
    },
    {
        "sloka": "మహీ కృతా పర్వతరాజిపూర్ణా \n\nశైలాః కృతా వృక్షవితానపూర్ణాః.\n\nవృక్షాః కృతాః పుష్పవితానపూర్ణాః\n\nపుష్పం కృతం కేసరపత్రపూర్ణమ్৷৷5.7.9৷৷\n\n"
    },
    {
        "sloka": "కృతాని వేశ్మాని చ పాణ్డురాణి \n\nతథా సుపుష్పాణ్యపి పుష్కరాణి.\n\nపునశ్చ పద్మాని సకేసరాణి \n\nధన్యాని చిత్రాణి తథా వనాని৷৷5.7.10৷৷\n\n"
    },
    {
        "sloka": "పుష్పాహ్వయం నామవిరాజమానం\n\nరత్నప్రభాభిశ్చ వివర్ధమానమ్.\n\nవేశ్మోత్తమానామపి చోచ్యమానం\n\nమహాకపిస్తత్ర మహావిమానమ్৷৷5.7.11৷৷\n\n"
    },
    {
        "sloka": "కృతాశ్చ వైడూర్యమయా విహఙ్గాః \n\nరూప్యప్రవాలైశ్చ తథా విహఙ్గాః.\n\nచిత్రాశ్చ నానావసుభిర్భుజఙ్గాః \n\nజాత్యానురూపాస్తురగాః శుభాఙ్గాః৷৷5.7.12৷৷\n\n"
    },
    {
        "sloka": "ప్రవాలజామ్బూనదపుష్పపక్షాః \n\nసలీలమావర్జితజిహ్మపక్షాః.\n\nకామస్య సాక్షాదివ భాన్తి పక్షాః \n\nకృతా విహఙ్గాః సుముఖాః సుపక్షాః৷৷5.7.13৷৷\n\n"
    },
    {
        "sloka": "నియుజ్యమానాస్తు గజాః సుహస్తాః \n\nసకేసరాశ్చోత్పలపత్రహస్తాః.\n\nబభూవదేవీ చ కృతా సుహస్తా\n\nలక్ష్మీ స్తథా పద్మిని పద్మహస్తా৷৷5.7.14৷৷\n\n"
    },
    {
        "sloka": "ఇతీవ తద్గృహమభిగమ్య శోభనమ్\n\nసవిస్మయో నగమివ చారుశోభనమ్.\n\nపునశ్చ తత్పరమసుగన్ధి సున్దరమ్\n\nహిమాత్యయే నగమివ చారుకన్దరమ్৷৷5.7.15৷৷\n\n"
    },
    {
        "sloka": "తతః స తాం కపిరభిపత్య పూజితాం \n\nచరన్ పురీం దశముఖబాహుపాలితామ్.\n\nఅదృశ్య తాం జనకసుతాం సుపూజితాం \n\nసుదుఃఖితః పతిగుణవేగవర్జితామ్৷৷5.7.16৷৷\n\n"
    },
    {
        "sloka": "తతస్తదా బహువిధభావితాత్మనః \n\nకృతాత్మనో జనకసుతాం సువర్త్మనః.\n\nఅపశ్యతోభవదతిదుఃఖితం మనః \n\nసుచక్షుషః ప్రవిచరతో మహాత్మనః৷৷5.7.17৷৷\n\n"
    },
    {
        "sloka": "[Description of the aerial car -- Pushpaka.]\n\nస వేశ్మజాలం బలవాన్ దదర్శ\n\nవ్యాసక్తవైడూర్యసువర్ణజాలమ్.\n\nయథా మహత్ ప్రావృషి మేఘజాలం\n\nవిద్యుత్పినద్ధం సవిహఙ్గజాలమ్৷৷5.7.1৷৷\n\n"
    },
    {
        "sloka": "నివేశనానాం వివిధాశ్చ శాలాః\n\nప్రధానశఙ్ఖాయుధచాపశాలాః.\n\nమనోహరాశ్చాపి పునర్విశాలాః\n\nదదర్శ వేశ్మాద్రిషు చన్ద్రశాలాః৷৷5.7.2৷৷\n\n"
    },
    {
        "sloka": "గృహాణి నానావసురాజితాని \n\nదేవాసురైశ్చాపి సుపూజితాని.\n\nసర్వైశ్చ దోషైః పరివర్జితాని \n\nకపిర్దదర్శ స్వబలార్జితాని৷৷5.7.3৷৷\n\n"
    },
    {
        "sloka": "తాని ప్రయత్నాభిసమాహితాని \n\nమయేన సాక్షాదివ నిర్మితాని.\n\nమహీతలే సర్వగుణోత్తరాణి\n\nదదర్శ లఙ్కాధిపతేర్గృహాణి৷৷5.7.4৷৷\n\n"
    },
    {
        "sloka": "తతో దదర్శోఛ్రచితమేఘరూపం\n\nమనోహరం కాఞ్చనచారురూపమ్.\n\nరక్షోధిపస్యాత్మబలానురూపం\n\nగృహోత్తమం హ్యప్రతిరూపరూపమ్৷৷5.7.5৷৷\n\n"
    },
    {
        "sloka": "మహీతలే స్వర్గమివ ప్రకీర్ణం\n\nశ్రియా జ్వలన్తం బహురత్నకీర్ణమ్.\n\nనానాతరూణాం కుసుమావకీర్ణం\n\nగిరేరివాగ్రం రజసావకీర్ణమ్৷৷5.7.6৷৷\n\n"
    },
    {
        "sloka": "నారీప్రవేకైరివ దీప్యమానం \n\nతటిద్భిరమ్భోదవదర్చ్యమానమ్.\n\nహంసప్రవేకైరివ వాహ్యమానం \n\nశ్రియా యుతం ఖే సుకృతాం విమానమ్৷৷5.7.7৷৷\n\n"
    },
    {
        "sloka": "యథా నగాగ్రం బహుధాతుచిత్రం\n\nయథా నభశ్చ గ్రహచన్ద్రచిత్రమ్.\n\nదదర్శయుక్తీకృతమేఘచిత్రం \n\nవిమానరత్నం బహురత్నచిత్రమ్৷৷5.7.8৷৷\n\n"
    },
    {
        "sloka": "మహీ కృతా పర్వతరాజిపూర్ణా \n\nశైలాః కృతా వృక్షవితానపూర్ణాః.\n\nవృక్షాః కృతాః పుష్పవితానపూర్ణాః\n\nపుష్పం కృతం కేసరపత్రపూర్ణమ్৷৷5.7.9৷৷\n\n"
    },
    {
        "sloka": "కృతాని వేశ్మాని చ పాణ్డురాణి \n\nతథా సుపుష్పాణ్యపి పుష్కరాణి.\n\nపునశ్చ పద్మాని సకేసరాణి \n\nధన్యాని చిత్రాణి తథా వనాని৷৷5.7.10৷৷\n\n"
    },
    {
        "sloka": "పుష్పాహ్వయం నామవిరాజమానం\n\nరత్నప్రభాభిశ్చ వివర్ధమానమ్.\n\nవేశ్మోత్తమానామపి చోచ్యమానం\n\nమహాకపిస్తత్ర మహావిమానమ్৷৷5.7.11৷৷\n\n"
    },
    {
        "sloka": "కృతాశ్చ వైడూర్యమయా విహఙ్గాః \n\nరూప్యప్రవాలైశ్చ తథా విహఙ్గాః.\n\nచిత్రాశ్చ నానావసుభిర్భుజఙ్గాః \n\nజాత్యానురూపాస్తురగాః శుభాఙ్గాః৷৷5.7.12৷৷\n\n"
    },
    {
        "sloka": "ప్రవాలజామ్బూనదపుష్పపక్షాః \n\nసలీలమావర్జితజిహ్మపక్షాః.\n\nకామస్య సాక్షాదివ భాన్తి పక్షాః \n\nకృతా విహఙ్గాః సుముఖాః సుపక్షాః৷৷5.7.13৷৷\n\n"
    },
    {
        "sloka": "నియుజ్యమానాస్తు గజాః సుహస్తాః \n\nసకేసరాశ్చోత్పలపత్రహస్తాః.\n\nబభూవదేవీ చ కృతా సుహస్తా\n\nలక్ష్మీ స్తథా పద్మిని పద్మహస్తా৷৷5.7.14৷৷\n\n"
    },
    {
        "sloka": "ఇతీవ తద్గృహమభిగమ్య శోభనమ్\n\nసవిస్మయో నగమివ చారుశోభనమ్.\n\nపునశ్చ తత్పరమసుగన్ధి సున్దరమ్\n\nహిమాత్యయే నగమివ చారుకన్దరమ్৷৷5.7.15৷৷\n\n"
    },
    {
        "sloka": "తతః స తాం కపిరభిపత్య పూజితాం \n\nచరన్ పురీం దశముఖబాహుపాలితామ్.\n\nఅదృశ్య తాం జనకసుతాం సుపూజితాం \n\nసుదుఃఖితః పతిగుణవేగవర్జితామ్৷৷5.7.16৷৷\n\n"
    },
    {
        "sloka": "తతస్తదా బహువిధభావితాత్మనః \n\nకృతాత్మనో జనకసుతాం సువర్త్మనః.\n\nఅపశ్యతోభవదతిదుఃఖితం మనః \n\nసుచక్షుషః ప్రవిచరతో మహాత్మనః৷৷5.7.17৷৷\n\n"
    }
]