[
    {
        "sloka": "[Hanuman offers to carry Sita back to Rama-Sita politely Sita declines -- appeals to Hanuman to get Rama to take her.]\n\nసీతా తద్వచనం శ్రుత్వా పూర్ణచన్ద్రనిభాననా.\n\nహమామన్తమువాచేదం ధర్మార్థసహితం వచః৷৷5.37.1৷৷\n\n"
    },
    {
        "sloka": "అమృతం విషసంసృష్టం త్వయా వానర భాషితమ్.\n\nయచ్చ నాన్యమనా రామో యచ్చ శోకపరాయణః ৷৷5.37.2৷৷\n\n"
    },
    {
        "sloka": "ఐశ్వర్యే వా సువిస్తీర్ణే వ్యసనే వా సుదారుణే.\n\nరజ్జ్వేవ పురుషం బద్ధ్వా కృతాన్తః పరికర్షతి৷৷5.37.3৷৷\n\n"
    },
    {
        "sloka": "విధిర్నూనమసంహార్యః ప్రాణినాం ప్లవగోత్తమ.\n\nసౌమిత్రిం మాం చ రామం చ వ్యసనై: పశ్య మోహితాన్৷৷5.37.4৷৷\n\n"
    },
    {
        "sloka": "శోకస్యాస్య కదా పారం రాఘవోధిగమిష్యతి.\n\nప్లవమానః పరిశ్రాన్తో హతనౌ స్సాగరే యథా৷৷5.37.5৷৷\n\n"
    },
    {
        "sloka": "రాక్షసానాం వధం కృత్వా సూదయిత్వా చ రావణమ్.\n\nలఙ్కామున్మూలితాం కృత్వా కదా ద్రక్ష్యతి మాం పతిః৷৷5.37.6৷৷\n\n"
    },
    {
        "sloka": "స వాచ్యస్సంత్వరస్వేతి యావదేవ న పూర్యతే.\n\nఅయం సంవత్సరః కాలస్తావద్ధి మమ జీవితమ్৷৷5.37.7৷৷\n\n"
    },
    {
        "sloka": "వర్తతే దశమో మాసో ద్వౌ తు శేషౌ ప్లవఙ్గమ.\n\nరావణేన నృశంసేన సమయో యః కృతో మమ৷৷5.37.8৷৷\n\n"
    },
    {
        "sloka": "విభీషణేన చ భ్రాత్రా మమ నిర్యాతనం ప్రతి.\n\nఅనునీతః ప్రయత్నేన న చ తత్కురుతే మతిమ్৷৷5.37.9৷৷\n\n"
    },
    {
        "sloka": "మమ ప్రతిప్రదానం హి రావణస్య న రోచతే.\n\nరావణం మార్గతే సంఖ్యే మృత్యుః కాలవశం గతమ్৷৷5.37.10৷৷\n\n"
    },
    {
        "sloka": "జ్యేష్ఠా కన్యా నలా నామ విభీషణసుతా కపే.\n\nతయా మమేదమాఖ్యాతం మాత్రా ప్రహితయా స్వయమ్৷৷5.37.11৷৷\n\n"
    },
    {
        "sloka": "అసంశయం హరిశ్రేష్ఠ క్షిప్రం మాం ప్రాప్స్యతే పతిః.\n\nఅన్తరాత్మా చ మే శుద్ధస్తస్మింశ్చ బహవో గుణాః৷৷5.37.12৷৷\n\n"
    },
    {
        "sloka": "ఉత్సాహః పౌరుషం సత్త్వమానృశంస్యం కృతజ్ఞతా.\n\nవిక్రమశ్చ ప్రభావశ్చ సన్తి వానర రాఘవే৷৷5.37.13৷৷\n\n"
    },
    {
        "sloka": "చతుర్దశసహస్రాణి రాక్షసానాం జఘాన యః.\n\nజనస్థానే వినా భ్రాత్రా శత్రుః కస్తస్య నోద్విజేత్ ৷৷5.37.14৷৷\n\n"
    },
    {
        "sloka": "న స శక్యస్తులయితుం వ్యసనైః పురుషర్షభః.\n\nఅహం తస్య ప్రభావజ్ఞా శక్రస్యేవ పులోమజా ৷৷5.37.15৷৷\n\n"
    },
    {
        "sloka": "శరజాలాంశుమాన్శూరః కపే రామదివాకరః.\n\nశత్రురక్షోమయం తోయముపశోషం నయిష్యతి৷৷5.37.16৷৷\n\n"
    },
    {
        "sloka": "ఇతి సఞ్జల్పమానాం తాం రామార్థే శోకకర్శితామ్.\n\nఆశ్రుసమ్పూర్ణనయనామువాచ వచనం కపిః৷৷5.37.17৷৷\n\n"
    },
    {
        "sloka": "శ్రుత్వైవ తు వచో మహ్యం క్షిప్రమేష్యతి రాఘవః.\n\nచమూం ప్రకర్షన్మహతీం హర్యృక్షగణసఙ్కులామ్৷৷5.37.18৷৷\n\n"
    },
    {
        "sloka": "అథవా మోచయిష్యామి త్వామద్యైవ వరాననే.\n\nఅస్మాద్ధుఃఖాదుపారోహ మమ పృష్ఠమనిన్దితే৷৷5.37.19৷৷\n\n"
    },
    {
        "sloka": "త్వాం హి పృష్ఠగతాం కృత్వా సన్తరిష్యామి సాగరమ్.\n\nశక్తిరస్తి హి మే వోఢుం లఙ్కామపి సరావణామ్ ৷৷5.37.20৷৷\n\n"
    },
    {
        "sloka": "అహం ప్రస్రవణస్థాయ రాఘవాయాద్య మైథిలి.\n\nప్రాపయిష్యామి శక్రాయ హవ్యం హుతమివానలః৷৷5.37.21৷৷\n\n"
    },
    {
        "sloka": "ద్రక్ష్యస్యద్వైవ వైదేహి రాఘవం సహలక్ష్మణమ్.\n\nవ్యవసాయసమాయుక్తం విష్ణుం దైత్యవధే యథా৷৷5.37.22৷৷\n\n"
    },
    {
        "sloka": "త్వద్దర్శనకృతోత్సాహమాశ్రమస్థం మహాబలమ్.\n\nపురన్దరమివాసీనం నాగరాజస్య మూర్ధని৷৷5.37.23৷৷\n\n"
    },
    {
        "sloka": "పృష్ఠమారోహ మే దేవి మా వికాఙ్క్షస్వ శోభనే.\n\nయోగమన్విచ్ఛ రామేణ శశాఙ్కేనేవ రోహిణీ৷৷5.37.24৷৷\n\n"
    },
    {
        "sloka": "కథయన్తీవ చన్ద్రేణ సూర్యేణ చ మహార్చిషా.\n\nమత్పృష్ఠమధిరుహ్య త్వం తరాకాశమహార్ణవౌ৷৷5.37.25৷৷\n\n"
    },
    {
        "sloka": "న హి మే సమ్ప్రయాతస్య త్వామితో నయతోఙ్గనే.\n\nఅనుగన్తుం గతిం శక్తాస్సర్వే లఙ్కానివాసినః৷৷5.37.26৷৷\n\n"
    },
    {
        "sloka": "యథైవాహమిహ ప్రాప్తస్తథైవాహమసంశయః.\n\nయాస్యామి పశ్య వైదేహి త్వాముద్యమ్య విహాయసమ్৷৷5.37.27৷৷\n\n"
    },
    {
        "sloka": "మైథిలీ తు హరిశ్రేష్ఠాచ్ఛ్రుత్వా వచనమద్భుతమ్.\n\nహర్షవిస్మితసర్వాఙ్గీ హనుమన్తమథాబ్రవీత్৷৷5.37.28৷৷\n\n"
    },
    {
        "sloka": "హనుమన్దూరమధ్వానం కథం మాం వోఢుమిచ్ఛసి.\n\nతదేవ ఖలు తే మన్యే కపిత్వం హరియూథప৷৷5.37.29৷৷\n\n"
    },
    {
        "sloka": "కథం వాల్పశరీరస్త్వం మామితో నేతుమిచ్ఛసి.\n\nసకాశం మానవేన్ద్రస్య భర్తుర్మే ప్లవగర్షభ৷৷5.37.30৷৷\n\n"
    },
    {
        "sloka": "సీతాయా వచనం శ్రుత్వా హనుమాన్మారుతాత్మజః.\n\nచిన్తయామాస లక్ష్మీవాన్నవం పరిభవం కృతమ్৷৷5.37.31৷৷\n\n"
    },
    {
        "sloka": "న మే జానాతి సత్త్వం వా ప్రభావం వాసితేక్షణా.\n\nతస్మాత్పశ్యతు వైదేహీ యద్రూపం మమ కామతః৷৷5.37.32৷৷\n\n"
    },
    {
        "sloka": "ఇతి సఞ్చిన్త్య హనుమాంస్తదా ప్లవగసత్తమః.\n\nదర్శయామాస వైదేహ్యాస్స్వరూపమరిమర్దనః৷৷5.37.33৷৷\n\n"
    },
    {
        "sloka": "స తస్మాత్పాదపాద్ధీమానాప్లుత్య ప్లవగర్షభః.\n\nతతో వర్ధితుమారేభే సీతాప్రత్యయకారణాత్৷৷5.37.34৷৷\n\n"
    },
    {
        "sloka": "మేరుమన్దరసఙ్కాశో బభౌ దీప్తానలప్రభః.\n\nఅగ్రతో వ్యవతస్థే చ సీతాయా వానరోత్తమః৷৷5.37.35৷৷\n\n"
    },
    {
        "sloka": "హరిః పర్వతసఙ్కాశస్తామ్రవక్త్రో మహాబలః.\n\nవజ్రదంష్ట్రనఖో భీమో వైదేహీమిదమబ్రవీత్৷৷5.37.36৷৷\n\n"
    },
    {
        "sloka": "సపర్వతవనోద్దేశాం సాట్టప్రాకారతోరణామ్.\n\nలఙ్కామిమాం సనాథాం వా నయితుం శక్తిరస్తి మే৷৷5.37.37৷৷\n\n"
    },
    {
        "sloka": "తదవస్థాప్యతాం బుద్ధిరలం దేవి వికాఙ్క్షయా.\n\nవిశోకం కురు వైదేహి రాఘవం సహలక్ష్మణమ్৷৷5.37.38৷৷\n\n"
    },
    {
        "sloka": "తం దృష్ట్వా భీమసఙ్కాశమువాచ జనకాత్మజా.\n\nపద్మపత్రవిశాలాక్షీ మారుతస్యౌరసం సుతమ్৷৷5.37.39৷৷\n\n"
    },
    {
        "sloka": "తవ సత్త్వం బలం చైవ విజానామి మహాకపే.\n\nవాయోరివ గతిం చైవ తేజశ్చాగ్నేరివాద్భుతమ్৷৷5.37.40৷৷\n\n"
    },
    {
        "sloka": "ప్రాకృతోన్యః కథం చేమాం భూమిమాగన్తుమర్హతి.\n\nఉదధేరప్రమేయస్య పారం వానరపుఙ్గవ৷৷5.37.41৷৷\n\n"
    },
    {
        "sloka": "జానామి గమనే శక్తిం నయనే చాపి తే మమ.\n\nఅవశ్యం సమ్ప్రధార్యాశు కార్యసిద్ధిర్మహాత్మనః৷৷5.37.42৷৷\n\n"
    },
    {
        "sloka": "అయుక్తం తు కపిశ్రేష్ఠ మమ గన్తుం త్వయానఘ.\n\nవాయువేగసవేగస్య వేగో మాం మోహయేత్తవ৷৷5.37.43৷৷\n\n"
    },
    {
        "sloka": "అహమాకాశమాపన్నా హ్యుపర్యుపరి సాగరమ్.\n\nప్రపతేయం హి తే పృష్ఠాద్భయాద్వేగేవ గచ్ఛతః৷৷5.37.44৷৷\n\n"
    },
    {
        "sloka": "పతితా సాగరే చాహం తిమినక్రఝషాకులే.\n\nభవేయమాశు వివశా యాదసామన్నముత్తమమ్৷৷5.37.45৷৷\n\n"
    },
    {
        "sloka": "న చ శక్ష్యే త్వయా సార్ధం గన్తుం శత్రువినాశన.\n\nకలత్రవతి సన్దేహస్త్వయ్యపి స్యాదసంశయః৷৷5.37.46৷৷\n\n"
    },
    {
        "sloka": "హ్రియమాణాం తు మాం దృష్ట్వా రాక్షసా భీమవిక్రమాః.\n\nఅనుగచ్ఛేయురాదిష్టా రావణేన దురాత్మనా৷৷5.37.47৷৷\n\n"
    },
    {
        "sloka": "తైస్త్వం పరివృతశ్శూరైశ్శూలముద్గరపాణిభిః.\n\nభవేస్త్వం సంశయం ప్రాప్తో మయా వీర కలత్రవాన్৷৷5.37.48৷৷\n\n"
    },
    {
        "sloka": "సాయుధా బహవో వ్యోమ్ని రాక్షసాస్త్వం నిరాయుధః.\n\nకథం శక్ష్యసి సంయాతుం మాం చైవ పరిరక్షితుమ్৷৷5.37.49৷৷\n\n"
    },
    {
        "sloka": "యుధ్యమానస్య రక్షోభిస్తవ తైః క్రూరకర్మభిః.\n\nప్రపతేయం హి తే పృష్ఠాద్భయార్తా కపిసత్తమ৷৷5.37.50৷৷\n\n"
    },
    {
        "sloka": "అథ రక్షాంసి భీమాని మహాన్తి బలవన్తి చ.\n\nకథఞ్చిత్సాంపరాయే త్వాం జయేయుః కపిసత్తమ৷৷5.37.51৷৷\n\n"
    },
    {
        "sloka": "అథవా యుధ్యమానస్య పతేయం విముఖస్య తే.\n\nపతితాం చ గృహీత్వా మాం నయేయుః పాపరాక్షసాః৷৷5.37.52৷৷\n\n"
    },
    {
        "sloka": "మాం వా హరేయుస్త్వద్ధస్తాద్విశసేయురథాపి వా.\n\nఅవ్యవస్థౌ హి దృశ్యేతే యుద్ధే జయపరాజయౌ৷৷5.37.53৷৷\n\n"
    },
    {
        "sloka": "అహం వాపి విపద్యేయం రక్షోభిరభితర్జితా.\n\nత్వత్ప్రయత్నో హరిశ్రేష్ఠ భవేన్నిష్ఫల ఏవ తు৷৷5.37.54৷৷\n\n"
    },
    {
        "sloka": "కామం త్వమసి పర్యాప్తో నిహన్తుం సర్వరాక్షసాన్.\n\nరాఘవస్య యశో హీయేత్త్వయా శస్తైస్తు రాక్షసైః৷৷5.37.55৷৷\n\n"
    },
    {
        "sloka": "అథవాదాయ రక్షాంసి న్యసేయుస్సమ్వృతే హి మామ్.\n\nయత్ర తే నాభిజానీయుర్హరయో నాపి రాఘవౌ৷৷5.37.56৷৷\n\n"
    },
    {
        "sloka": "ఆరమ్భస్తు మదర్థోయం తతస్తవ నిరర్థకః.\n\nత్వయా హి సహ రామస్య మహానాగమనే గుణః৷৷5.37.57৷৷\n\n"
    },
    {
        "sloka": "మయి జీవితమాయత్తం రాఘవస్య మహాత్మనః.\n\nభ్రాత్రూణాం చ మహాబాహో తవ రాజకులస్య చ৷৷5.37.58৷৷\n\n"
    },
    {
        "sloka": "తౌ నిరాశౌ మదర్థం తు శోకసన్తాపకర్శితౌ.\n\nసహ సర్వర్క్షహరిభిస్త్యక్ష్యతః ప్రాణసఙ్గ్రహమ్৷৷5.37.59৷৷\n\n"
    },
    {
        "sloka": "భర్తుర్భక్తిం పురస్కృత్య రామాదన్యస్య వానర.\n\nన స్పృశామి శరీరం తు పుంసో వానరపుఙ్గవ৷৷5.37.60৷৷\n\n"
    },
    {
        "sloka": "యదహం గాత్రసంస్పర్శం రావణస్య బలాద్గతా.\n\nఅనీశా కిం కరిష్యామి వినాథా వివశా సతీ৷৷5.37.61৷৷\n\n"
    },
    {
        "sloka": "యది రామో దశగ్రీవమిహ హత్త్వా సబాన్ధవమ్.\n\nమామితో గృహ్య గచ్ఛేత తత్తస్య సదృశం భవేత్৷৷5.37.62৷৷\n\n"
    },
    {
        "sloka": "శ్రుతా హి దృష్టాశ్చ మయా పరాక్రమా మహాత్మనస్తస్య రణావమర్దినః.\n\nన దేవగన్ధర్వభుజఙ్గరాక్షసా భవన్తి రామేణ సమా హి సంయుగే৷৷5.37.63৷৷\n\n"
    },
    {
        "sloka": "సమీక్ష్య తం సంయతి చిత్రకార్ముకమ్ మహాబలం వాసవతుల్యవిక్రమమ్.\n\nసలక్ష్మణం కో విషహేత రాఘవం హుతాశనం దీప్తమివానిలేరితమ్৷৷5.37.64৷৷\n\n"
    },
    {
        "sloka": "సలక్ష్మణం రాఘవమాజిమర్దనం దిశాగజం మత్తమివ వ్యవస్థితమ్.\n\nసహేత కో వానరముఖ్య సంయుగే యుగాన్తసూర్యప్రతిమం శరార్చిషమ్৷৷5.37.65৷৷\n\n"
    },
    {
        "sloka": "స మే హరిశ్రేష్ఠ సలక్ష్మణం పతిం సయూథపం క్షిప్రమిహోపపాదయ.\n\nచిరాయ రామం ప్రతి శోకకర్శితాం కురుష్వ మాం వానరముఖ్య హర్షితామ్৷৷5.37.66৷৷\n\n"
    },
    {
        "sloka": "[Hanuman offers to carry Sita back to Rama-Sita politely Sita declines -- appeals to Hanuman to get Rama to take her.]\n\nసీతా తద్వచనం శ్రుత్వా పూర్ణచన్ద్రనిభాననా.\n\nహమామన్తమువాచేదం ధర్మార్థసహితం వచః৷৷5.37.1৷৷\n\n"
    },
    {
        "sloka": "అమృతం విషసంసృష్టం త్వయా వానర భాషితమ్.\n\nయచ్చ నాన్యమనా రామో యచ్చ శోకపరాయణః ৷৷5.37.2৷৷\n\n"
    },
    {
        "sloka": "ఐశ్వర్యే వా సువిస్తీర్ణే వ్యసనే వా సుదారుణే.\n\nరజ్జ్వేవ పురుషం బద్ధ్వా కృతాన్తః పరికర్షతి৷৷5.37.3৷৷\n\n"
    },
    {
        "sloka": "విధిర్నూనమసంహార్యః ప్రాణినాం ప్లవగోత్తమ.\n\nసౌమిత్రిం మాం చ రామం చ వ్యసనై: పశ్య మోహితాన్৷৷5.37.4৷৷\n\n"
    },
    {
        "sloka": "శోకస్యాస్య కదా పారం రాఘవోధిగమిష్యతి.\n\nప్లవమానః పరిశ్రాన్తో హతనౌ స్సాగరే యథా৷৷5.37.5৷৷\n\n"
    },
    {
        "sloka": "రాక్షసానాం వధం కృత్వా సూదయిత్వా చ రావణమ్.\n\nలఙ్కామున్మూలితాం కృత్వా కదా ద్రక్ష్యతి మాం పతిః৷৷5.37.6৷৷\n\n"
    },
    {
        "sloka": "స వాచ్యస్సంత్వరస్వేతి యావదేవ న పూర్యతే.\n\nఅయం సంవత్సరః కాలస్తావద్ధి మమ జీవితమ్৷৷5.37.7৷৷\n\n"
    },
    {
        "sloka": "వర్తతే దశమో మాసో ద్వౌ తు శేషౌ ప్లవఙ్గమ.\n\nరావణేన నృశంసేన సమయో యః కృతో మమ৷৷5.37.8৷৷\n\n"
    },
    {
        "sloka": "విభీషణేన చ భ్రాత్రా మమ నిర్యాతనం ప్రతి.\n\nఅనునీతః ప్రయత్నేన న చ తత్కురుతే మతిమ్৷৷5.37.9৷৷\n\n"
    },
    {
        "sloka": "మమ ప్రతిప్రదానం హి రావణస్య న రోచతే.\n\nరావణం మార్గతే సంఖ్యే మృత్యుః కాలవశం గతమ్৷৷5.37.10৷৷\n\n"
    },
    {
        "sloka": "జ్యేష్ఠా కన్యా నలా నామ విభీషణసుతా కపే.\n\nతయా మమేదమాఖ్యాతం మాత్రా ప్రహితయా స్వయమ్৷৷5.37.11৷৷\n\n"
    },
    {
        "sloka": "అసంశయం హరిశ్రేష్ఠ క్షిప్రం మాం ప్రాప్స్యతే పతిః.\n\nఅన్తరాత్మా చ మే శుద్ధస్తస్మింశ్చ బహవో గుణాః৷৷5.37.12৷৷\n\n"
    },
    {
        "sloka": "ఉత్సాహః పౌరుషం సత్త్వమానృశంస్యం కృతజ్ఞతా.\n\nవిక్రమశ్చ ప్రభావశ్చ సన్తి వానర రాఘవే৷৷5.37.13৷৷\n\n"
    },
    {
        "sloka": "చతుర్దశసహస్రాణి రాక్షసానాం జఘాన యః.\n\nజనస్థానే వినా భ్రాత్రా శత్రుః కస్తస్య నోద్విజేత్ ৷৷5.37.14৷৷\n\n"
    },
    {
        "sloka": "న స శక్యస్తులయితుం వ్యసనైః పురుషర్షభః.\n\nఅహం తస్య ప్రభావజ్ఞా శక్రస్యేవ పులోమజా ৷৷5.37.15৷৷\n\n"
    },
    {
        "sloka": "శరజాలాంశుమాన్శూరః కపే రామదివాకరః.\n\nశత్రురక్షోమయం తోయముపశోషం నయిష్యతి৷৷5.37.16৷৷\n\n"
    },
    {
        "sloka": "ఇతి సఞ్జల్పమానాం తాం రామార్థే శోకకర్శితామ్.\n\nఆశ్రుసమ్పూర్ణనయనామువాచ వచనం కపిః৷৷5.37.17৷৷\n\n"
    },
    {
        "sloka": "శ్రుత్వైవ తు వచో మహ్యం క్షిప్రమేష్యతి రాఘవః.\n\nచమూం ప్రకర్షన్మహతీం హర్యృక్షగణసఙ్కులామ్৷৷5.37.18৷৷\n\n"
    },
    {
        "sloka": "అథవా మోచయిష్యామి త్వామద్యైవ వరాననే.\n\nఅస్మాద్ధుఃఖాదుపారోహ మమ పృష్ఠమనిన్దితే৷৷5.37.19৷৷\n\n"
    },
    {
        "sloka": "త్వాం హి పృష్ఠగతాం కృత్వా సన్తరిష్యామి సాగరమ్.\n\nశక్తిరస్తి హి మే వోఢుం లఙ్కామపి సరావణామ్ ৷৷5.37.20৷৷\n\n"
    },
    {
        "sloka": "అహం ప్రస్రవణస్థాయ రాఘవాయాద్య మైథిలి.\n\nప్రాపయిష్యామి శక్రాయ హవ్యం హుతమివానలః৷৷5.37.21৷৷\n\n"
    },
    {
        "sloka": "ద్రక్ష్యస్యద్వైవ వైదేహి రాఘవం సహలక్ష్మణమ్.\n\nవ్యవసాయసమాయుక్తం విష్ణుం దైత్యవధే యథా৷৷5.37.22৷৷\n\n"
    },
    {
        "sloka": "త్వద్దర్శనకృతోత్సాహమాశ్రమస్థం మహాబలమ్.\n\nపురన్దరమివాసీనం నాగరాజస్య మూర్ధని৷৷5.37.23৷৷\n\n"
    },
    {
        "sloka": "పృష్ఠమారోహ మే దేవి మా వికాఙ్క్షస్వ శోభనే.\n\nయోగమన్విచ్ఛ రామేణ శశాఙ్కేనేవ రోహిణీ৷৷5.37.24৷৷\n\n"
    },
    {
        "sloka": "కథయన్తీవ చన్ద్రేణ సూర్యేణ చ మహార్చిషా.\n\nమత్పృష్ఠమధిరుహ్య త్వం తరాకాశమహార్ణవౌ৷৷5.37.25৷৷\n\n"
    },
    {
        "sloka": "న హి మే సమ్ప్రయాతస్య త్వామితో నయతోఙ్గనే.\n\nఅనుగన్తుం గతిం శక్తాస్సర్వే లఙ్కానివాసినః৷৷5.37.26৷৷\n\n"
    },
    {
        "sloka": "యథైవాహమిహ ప్రాప్తస్తథైవాహమసంశయః.\n\nయాస్యామి పశ్య వైదేహి త్వాముద్యమ్య విహాయసమ్৷৷5.37.27৷৷\n\n"
    },
    {
        "sloka": "మైథిలీ తు హరిశ్రేష్ఠాచ్ఛ్రుత్వా వచనమద్భుతమ్.\n\nహర్షవిస్మితసర్వాఙ్గీ హనుమన్తమథాబ్రవీత్৷৷5.37.28৷৷\n\n"
    },
    {
        "sloka": "హనుమన్దూరమధ్వానం కథం మాం వోఢుమిచ్ఛసి.\n\nతదేవ ఖలు తే మన్యే కపిత్వం హరియూథప৷৷5.37.29৷৷\n\n"
    },
    {
        "sloka": "కథం వాల్పశరీరస్త్వం మామితో నేతుమిచ్ఛసి.\n\nసకాశం మానవేన్ద్రస్య భర్తుర్మే ప్లవగర్షభ৷৷5.37.30৷৷\n\n"
    },
    {
        "sloka": "సీతాయా వచనం శ్రుత్వా హనుమాన్మారుతాత్మజః.\n\nచిన్తయామాస లక్ష్మీవాన్నవం పరిభవం కృతమ్৷৷5.37.31৷৷\n\n"
    },
    {
        "sloka": "న మే జానాతి సత్త్వం వా ప్రభావం వాసితేక్షణా.\n\nతస్మాత్పశ్యతు వైదేహీ యద్రూపం మమ కామతః৷৷5.37.32৷৷\n\n"
    },
    {
        "sloka": "ఇతి సఞ్చిన్త్య హనుమాంస్తదా ప్లవగసత్తమః.\n\nదర్శయామాస వైదేహ్యాస్స్వరూపమరిమర్దనః৷৷5.37.33৷৷\n\n"
    },
    {
        "sloka": "స తస్మాత్పాదపాద్ధీమానాప్లుత్య ప్లవగర్షభః.\n\nతతో వర్ధితుమారేభే సీతాప్రత్యయకారణాత్৷৷5.37.34৷৷\n\n"
    },
    {
        "sloka": "మేరుమన్దరసఙ్కాశో బభౌ దీప్తానలప్రభః.\n\nఅగ్రతో వ్యవతస్థే చ సీతాయా వానరోత్తమః৷৷5.37.35৷৷\n\n"
    },
    {
        "sloka": "హరిః పర్వతసఙ్కాశస్తామ్రవక్త్రో మహాబలః.\n\nవజ్రదంష్ట్రనఖో భీమో వైదేహీమిదమబ్రవీత్৷৷5.37.36৷৷\n\n"
    },
    {
        "sloka": "సపర్వతవనోద్దేశాం సాట్టప్రాకారతోరణామ్.\n\nలఙ్కామిమాం సనాథాం వా నయితుం శక్తిరస్తి మే৷৷5.37.37৷৷\n\n"
    },
    {
        "sloka": "తదవస్థాప్యతాం బుద్ధిరలం దేవి వికాఙ్క్షయా.\n\nవిశోకం కురు వైదేహి రాఘవం సహలక్ష్మణమ్৷৷5.37.38৷৷\n\n"
    },
    {
        "sloka": "తం దృష్ట్వా భీమసఙ్కాశమువాచ జనకాత్మజా.\n\nపద్మపత్రవిశాలాక్షీ మారుతస్యౌరసం సుతమ్৷৷5.37.39৷৷\n\n"
    },
    {
        "sloka": "తవ సత్త్వం బలం చైవ విజానామి మహాకపే.\n\nవాయోరివ గతిం చైవ తేజశ్చాగ్నేరివాద్భుతమ్৷৷5.37.40৷৷\n\n"
    },
    {
        "sloka": "ప్రాకృతోన్యః కథం చేమాం భూమిమాగన్తుమర్హతి.\n\nఉదధేరప్రమేయస్య పారం వానరపుఙ్గవ৷৷5.37.41৷৷\n\n"
    },
    {
        "sloka": "జానామి గమనే శక్తిం నయనే చాపి తే మమ.\n\nఅవశ్యం సమ్ప్రధార్యాశు కార్యసిద్ధిర్మహాత్మనః৷৷5.37.42৷৷\n\n"
    },
    {
        "sloka": "అయుక్తం తు కపిశ్రేష్ఠ మమ గన్తుం త్వయానఘ.\n\nవాయువేగసవేగస్య వేగో మాం మోహయేత్తవ৷৷5.37.43৷৷\n\n"
    },
    {
        "sloka": "అహమాకాశమాపన్నా హ్యుపర్యుపరి సాగరమ్.\n\nప్రపతేయం హి తే పృష్ఠాద్భయాద్వేగేవ గచ్ఛతః৷৷5.37.44৷৷\n\n"
    },
    {
        "sloka": "పతితా సాగరే చాహం తిమినక్రఝషాకులే.\n\nభవేయమాశు వివశా యాదసామన్నముత్తమమ్৷৷5.37.45৷৷\n\n"
    },
    {
        "sloka": "న చ శక్ష్యే త్వయా సార్ధం గన్తుం శత్రువినాశన.\n\nకలత్రవతి సన్దేహస్త్వయ్యపి స్యాదసంశయః৷৷5.37.46৷৷\n\n"
    },
    {
        "sloka": "హ్రియమాణాం తు మాం దృష్ట్వా రాక్షసా భీమవిక్రమాః.\n\nఅనుగచ్ఛేయురాదిష్టా రావణేన దురాత్మనా৷৷5.37.47৷৷\n\n"
    },
    {
        "sloka": "తైస్త్వం పరివృతశ్శూరైశ్శూలముద్గరపాణిభిః.\n\nభవేస్త్వం సంశయం ప్రాప్తో మయా వీర కలత్రవాన్৷৷5.37.48৷৷\n\n"
    },
    {
        "sloka": "సాయుధా బహవో వ్యోమ్ని రాక్షసాస్త్వం నిరాయుధః.\n\nకథం శక్ష్యసి సంయాతుం మాం చైవ పరిరక్షితుమ్৷৷5.37.49৷৷\n\n"
    },
    {
        "sloka": "యుధ్యమానస్య రక్షోభిస్తవ తైః క్రూరకర్మభిః.\n\nప్రపతేయం హి తే పృష్ఠాద్భయార్తా కపిసత్తమ৷৷5.37.50৷৷\n\n"
    },
    {
        "sloka": "అథ రక్షాంసి భీమాని మహాన్తి బలవన్తి చ.\n\nకథఞ్చిత్సాంపరాయే త్వాం జయేయుః కపిసత్తమ৷৷5.37.51৷৷\n\n"
    },
    {
        "sloka": "అథవా యుధ్యమానస్య పతేయం విముఖస్య తే.\n\nపతితాం చ గృహీత్వా మాం నయేయుః పాపరాక్షసాః৷৷5.37.52৷৷\n\n"
    },
    {
        "sloka": "మాం వా హరేయుస్త్వద్ధస్తాద్విశసేయురథాపి వా.\n\nఅవ్యవస్థౌ హి దృశ్యేతే యుద్ధే జయపరాజయౌ৷৷5.37.53৷৷\n\n"
    },
    {
        "sloka": "అహం వాపి విపద్యేయం రక్షోభిరభితర్జితా.\n\nత్వత్ప్రయత్నో హరిశ్రేష్ఠ భవేన్నిష్ఫల ఏవ తు৷৷5.37.54৷৷\n\n"
    },
    {
        "sloka": "కామం త్వమసి పర్యాప్తో నిహన్తుం సర్వరాక్షసాన్.\n\nరాఘవస్య యశో హీయేత్త్వయా శస్తైస్తు రాక్షసైః৷৷5.37.55৷৷\n\n"
    },
    {
        "sloka": "అథవాదాయ రక్షాంసి న్యసేయుస్సమ్వృతే హి మామ్.\n\nయత్ర తే నాభిజానీయుర్హరయో నాపి రాఘవౌ৷৷5.37.56৷৷\n\n"
    },
    {
        "sloka": "ఆరమ్భస్తు మదర్థోయం తతస్తవ నిరర్థకః.\n\nత్వయా హి సహ రామస్య మహానాగమనే గుణః৷৷5.37.57৷৷\n\n"
    },
    {
        "sloka": "మయి జీవితమాయత్తం రాఘవస్య మహాత్మనః.\n\nభ్రాత్రూణాం చ మహాబాహో తవ రాజకులస్య చ৷৷5.37.58৷৷\n\n"
    },
    {
        "sloka": "తౌ నిరాశౌ మదర్థం తు శోకసన్తాపకర్శితౌ.\n\nసహ సర్వర్క్షహరిభిస్త్యక్ష్యతః ప్రాణసఙ్గ్రహమ్৷৷5.37.59৷৷\n\n"
    },
    {
        "sloka": "భర్తుర్భక్తిం పురస్కృత్య రామాదన్యస్య వానర.\n\nన స్పృశామి శరీరం తు పుంసో వానరపుఙ్గవ৷৷5.37.60৷৷\n\n"
    },
    {
        "sloka": "యదహం గాత్రసంస్పర్శం రావణస్య బలాద్గతా.\n\nఅనీశా కిం కరిష్యామి వినాథా వివశా సతీ৷৷5.37.61৷৷\n\n"
    },
    {
        "sloka": "యది రామో దశగ్రీవమిహ హత్త్వా సబాన్ధవమ్.\n\nమామితో గృహ్య గచ్ఛేత తత్తస్య సదృశం భవేత్৷৷5.37.62৷৷\n\n"
    },
    {
        "sloka": "శ్రుతా హి దృష్టాశ్చ మయా పరాక్రమా మహాత్మనస్తస్య రణావమర్దినః.\n\nన దేవగన్ధర్వభుజఙ్గరాక్షసా భవన్తి రామేణ సమా హి సంయుగే৷৷5.37.63৷৷\n\n"
    },
    {
        "sloka": "సమీక్ష్య తం సంయతి చిత్రకార్ముకమ్ మహాబలం వాసవతుల్యవిక్రమమ్.\n\nసలక్ష్మణం కో విషహేత రాఘవం హుతాశనం దీప్తమివానిలేరితమ్৷৷5.37.64৷৷\n\n"
    },
    {
        "sloka": "సలక్ష్మణం రాఘవమాజిమర్దనం దిశాగజం మత్తమివ వ్యవస్థితమ్.\n\nసహేత కో వానరముఖ్య సంయుగే యుగాన్తసూర్యప్రతిమం శరార్చిషమ్৷৷5.37.65৷৷\n\n"
    },
    {
        "sloka": "స మే హరిశ్రేష్ఠ సలక్ష్మణం పతిం సయూథపం క్షిప్రమిహోపపాదయ.\n\nచిరాయ రామం ప్రతి శోకకర్శితాం కురుష్వ మాం వానరముఖ్య హర్షితామ్৷৷5.37.66৷৷\n\n"
    }
]