[
    {
        "sloka": "[Hanuman further narrates his story to Sita -- Gives description of Rama and Lakshmana] \n\nతాం తు రామకథాం శ్రుత్వా వైదేహీ వానరర్షభాత్.\n\nఉవాచ వచనం సాన్త్వమిదం మధురయా గిరా৷৷5.35.1৷৷\n\n"
    },
    {
        "sloka": "క్వ తే రామేణ సంసర్గః కథం జానాసి లక్ష్మణమ్.\n\nవానరాణాం నరాణాం చ కథమాసీత్సమాగమః৷৷5.35.2৷৷\n\n"
    },
    {
        "sloka": "యాని రామస్య లిఙ్గాని లక్ష్మణస్య చ వానర.\n\nతాని భూయస్సమాచక్ష్వ న మాం శోకస్సమావిశేత్৷৷5.35.3৷৷\n\n"
    },
    {
        "sloka": "కీదృశం తస్య సంస్థానం రూపం రామస్య కీదృశమ్.\n\nకథమూరూ కథం బాహూ లక్ష్మణస్య చ శంస మే৷৷5.35.4৷৷\n\n"
    },
    {
        "sloka": "ఏవముక్తస్తు వైదేహ్యా హనుమాన్మారుతాత్మజః.\n\nతతో రామం యథాతత్త్వమాఖ్యాతుముపచక్రమే৷৷5.35.5৷৷\n\n"
    },
    {
        "sloka": "జానన్తీ బత దిష్ట్యా మాం వైదేహి పరిపృచ్ఛసి.\n\nభర్తుః కమలపత్త్రాక్షి సంస్థానం లక్ష్మణస్య చ৷৷5.35.6৷৷\n\n"
    },
    {
        "sloka": "యాని రామస్య చిహ్నాని లక్ష్మణస్య చ యాని వై.\n\nలక్షితాని విశాలాక్షి వదతశ్శృణు తాని మే৷৷5.35.7৷৷\n\n"
    },
    {
        "sloka": "రామః కమలపత్త్రాక్ష స్సర్వసత్త్వమనోహరః.\n\nరూపదాక్షిణ్యసమ్పన్నః ప్రసూతో జనకాత్మజే৷৷5.35.8৷৷\n\n"
    },
    {
        "sloka": "తేజసాదిత్య సఙ్కాశః క్షమయా పృథివీసమః.\n\nబృహస్పతిసమో బుద్ధ్యా యశసా వాసవోపమః৷৷5.35.9৷৷\n\n"
    },
    {
        "sloka": "రక్షితా జీవలోకస్య స్వజనస్యాభిరక్షితా.\n\nరక్షితా స్వస్య వృత్తస్య ధర్మస్య చ పరన్తపః৷৷5.35.10৷৷\n\n"
    },
    {
        "sloka": "రామో భామిని లోకస్య చాతుర్వర్ణ్యస్య రక్షితా.\n\nమర్యాదానాం చ లోకస్య కర్తా కారయితా చ సః৷৷5.35.11৷৷\n\n"
    },
    {
        "sloka": "అర్చిష్మానర్చితోత్యర్థం బ్రహ్మచర్యవ్రతే స్థితః.\n\nసాధూనాముపకారజ్ఞః ప్రచారజ్ఞశ్చ కర్మణామ్৷৷5.35.12৷৷\n\n"
    },
    {
        "sloka": "రాజవిద్యావినీతశ్చ బ్రాహ్మణానాముపాసితా.\n\nశ్రుతవాన్శీలసమ్పన్నో వినీతశ్చ పరన్తపః৷৷5.35.13৷৷\n\n"
    },
    {
        "sloka": "యజుర్వేదవినీతశ్చ వేదవిద్భిస్సుపూజితః.\n\nధనుర్వేదే చ వేదేషు వేదాఙ్గేషు చ నిష్ఠితః৷৷5.35.14৷৷\n\n"
    },
    {
        "sloka": "విపులాంసో మహాబాహుః కమ్బుగ్రీవశ్శుభాననః.\n\nగూఢజత్రుస్సుతామ్రాక్షో రామో దేవి జనై శ్శ్రుతః৷৷5.35.15৷৷\n\n"
    },
    {
        "sloka": "దున్దుభిస్వననిర్ఘోష స్స్నిగ్ధవర్ణః ప్రతాపవాన్.\n\nసమ స్సమవిభక్తాఙ్గో వర్ణం శ్యామం సమాశ్రితః৷৷5.35.16৷৷\n\n"
    },
    {
        "sloka": "త్రిస్థిరస్త్రిప్రలమ్బశ్చ త్రిసమస్త్రిషు చోన్నతః.\n\nత్రితామ్రస్త్రిషు చ స్నిగ్ధో గమ్భీరస్త్రిషు నిత్యశః৷৷5.35.17৷৷\n\n"
    },
    {
        "sloka": "త్రివలీవాంస్త్ర్యవనతశ్చతుర్వ్యఙ్గస్త్రిశీర్షవాన్.\n\nచతుష్కలశ్చతుర్లేఖశ్చతుష్కిష్కుశ్చతు స్సమః৷৷5.35.18৷৷\n\n"
    },
    {
        "sloka": "చతుర్దశసమద్వన్ద్వశ్చతుర్దంష్ట్రశ్చతుర్గతిః.\n\nమహోష్ఠహనునాసశ్చ పఞ్చస్నిగ్ధోష్టవంశవాన్৷৷5.35.19৷৷\n\n"
    },
    {
        "sloka": "దశపద్మో దశబృహత్త్రిభిర్వ్యాప్తో ద్విశుక్లవాన్.\n\nషడున్నతో నవతనుస్త్రిభిర్వ్యాప్నోతి రాఘవః৷৷5.35.20৷৷\n\n"
    },
    {
        "sloka": "సత్యధర్మపరశ్శ్రీమాన్ సఙ్గ్రహానుగ్రహే రతః.\n\nదేశకాలవిభాగజ్ఞస్సర్వలోకప్రియంవదః৷৷5.35.21৷৷\n\n"
    },
    {
        "sloka": "భ్రాతా తస్య చ ద్వైమాత్రస్సౌమిత్రిరపరాజితః.\n\nఅనురాగేణ రూపేణ గుణైశ్చైవ తథావిధః৷৷5.35.22৷৷\n\n"
    },
    {
        "sloka": "తావుభౌ నరశార్దూలౌ త్వద్దర్శనసముత్సుకౌ.\n\nవిచిన్వన్తౌ మహీం కృత్స్నామస్మాభిరభిసఙ్గతౌ৷৷5.35.23৷৷\n\n"
    },
    {
        "sloka": "త్వామేవ మార్గమాణౌ తౌ విచరన్తౌ వసున్ధరామ్.\n\nదదర్శతుర్మృగపతిం పూర్వజేనావరోపితమ్৷৷5.35.24৷৷\n\nఋశ్యమూకస్య పృష్ఠే తు బహుపాదపసఙ్కులే.\n\nభ్రాతుర్భయార్తమాసీనం సుగ్రీవం ప్రియదర్శనమ్৷৷5.35.25৷৷\n\n"
    },
    {
        "sloka": "వయం తు హరిరాజం తం సుగ్రీవం సత్యసఙ్గరమ్.\n\nపరిచర్యామహే రాజ్యాత్పూర్వజేనావరోపితమ్৷৷5.35.26৷৷\n\n"
    },
    {
        "sloka": "తతస్తౌ చీరవసనౌ ధనుః ప్రవరపాణినౌ.\n\nఋశ్యమూకస్య శైలస్య రమ్యం దేశముపాగతౌ৷৷5.35.27৷৷\n\n"
    },
    {
        "sloka": "స తౌ దృష్ట్వా నరవ్యాఘ్రౌ ధన్వినౌ వానరర్షభః.\n\nఅవప్లుతో గిరేస్తస్య శిఖరం భయమోహితః৷৷5.35.28৷৷\n\n"
    },
    {
        "sloka": "తతస్స శిఖరే తస్మిన్వానరేన్ద్రో వ్యవస్థితః.\n\nతయోస్సమీపం మామేవ ప్రేషయామాస సత్వరమ్৷৷5.35.29৷৷\n\n"
    },
    {
        "sloka": "తావహం పురుషవ్యాఘ్రౌ సుగ్రీవవచనాత్ప్రభూ.\n\nరూపలక్షణసమ్పన్నౌ కృతాఞ్జలిరుపస్థితః৷৷5.35.30৷৷\n\n"
    },
    {
        "sloka": "తౌ పరిజ్ఞాతతత్త్వార్థౌ మయా ప్రీతిసమన్వితౌ.\n\nపృష్ఠమారోప్య తం దేశం ప్రాపితౌ పురుషర్షభౌ৷৷5.35.31৷৷\n\n"
    },
    {
        "sloka": "నివేదితౌ చ తత్త్వేన సుగ్రీవాయ మహాత్మనే.\n\nతయోరన్యోన్యసల్లాపాద్భృశం ప్రీతిరజాయత৷৷5.35.32৷৷\n\n"
    },
    {
        "sloka": "తతస్తౌ ప్రీతిసమ్పన్నౌ హరీశ్వరనరేశ్వరౌ.\n\nపరస్పరకృతాశ్వాసౌ కథయా పూర్వవృత్తయా৷৷5.35.33৷৷\n\n"
    },
    {
        "sloka": "తతస్స సాన్త్వయామాస సుగ్రీవం లక్ష్మణాగ్రజః.\n\nస్త్రీహేతోర్వాలినా భ్రాత్రా నిరస్తమురుతేజసా৷৷5.35.34৷৷\n\n"
    },
    {
        "sloka": "తతస్త్వన్నాశజం శోకం రామస్యాక్లిష్టకర్మణః.\n\nలక్ష్మణో వానరేన్ద్రాయ సుగ్రీవాయ న్యవేదయత్৷৷5.35.35৷৷\n\n"
    },
    {
        "sloka": "స శ్రుత్వా వానరేన్ద్రస్తు లక్ష్మణేనేరితం వచః.\n\nతదాసీన్నిష్ప్రభోత్యర్థం గ్రహగ్రస్త ఇవాంశుమాన్৷৷5.35.36৷৷\n\n"
    },
    {
        "sloka": "తతస్త్వద్గాత్రశోభీని రక్షసా హ్రియమాణయా.\n\nయాన్యాభరణజాలాని పాతితాని మహీతలే৷৷5.35.37৷৷\n\nతాని సర్వాణి రామాయ ఆనీయ హరియూథపాః.\n\nసంహృష్టా దర్శయామాసుర్గతిం తు న విదుస్తవ৷৷5.35.38৷৷\n\n"
    },
    {
        "sloka": "తాని రామాయ దత్తాని మయైవోపహృతాని చ.\n\nస్వనవన్త్యవకీర్ణాని తస్మిన్విగతచేతసి৷৷5.35.39৷৷\n\n"
    },
    {
        "sloka": "తాన్యఙ్కే దర్శనీయాని కృత్వా బహువిధం తవ.\n\nతేన దేవప్రకాశేన దేవేన పరిదేవితమ్৷৷5.35.40৷৷\n\n"
    },
    {
        "sloka": "పశ్యతస్తాని రుదతస్తామ్యతశ్చ పునః పునః.\n\nప్రాదీపయన్దాశరథేస్తాని శోకహుతాశనమ్৷৷5.35.41৷৷\n\n"
    },
    {
        "sloka": "శయితం చ చిరం తేన దుఃఖార్తేన మహాత్మనా.\n\nమయాపి వివిధైర్వాక్యైః కృచ్ఛ్రాదుత్థాపితః పునః৷৷5.35.42৷৷\n\n"
    },
    {
        "sloka": "తాని దృష్ట్వా మహాబాహుర్దర్శయిత్వా ముహుర్ముహుః.\n\nరాఘవస్సహ సౌమిత్రిస్సుగ్రీవే స న్యవేదయత్৷৷5.35.43৷৷\n\n"
    },
    {
        "sloka": "స తవాదర్శనాదార్యే రాఘవః పరితప్యతే.\n\nమహతా జ్వలతా నిత్యమగ్నినేవాగ్నిపర్వతః৷৷5.35.44৷৷\n\n"
    },
    {
        "sloka": "త్వత్కృతే తమనిద్రా చ శోకశ్చిన్తా చ రాఘవమ్.\n\nతాపయన్తి మహాత్మానమగ్న్యగారమివాగ్నయః৷৷5.35.45৷৷\n\n"
    },
    {
        "sloka": "తవాదర్శనశోకేన రాఘవః ప్రవిచాల్యతే.\n\nమహతా భూమికమ్పేన మహానివ శిలోచ్చయః৷৷5.35.46৷৷\n\n"
    },
    {
        "sloka": "కాననాని సురమ్యాణి నదీః ప్రస్రవణాని చ.\n\nచరన్న రతిమాప్నోతి త్వామపశ్యన్నృపాత్మజే৷৷5.35.47৷৷\n\n"
    },
    {
        "sloka": "స త్వాం మనుజశార్దూలః క్షిప్రం ప్రాప్స్యతి రాఘవః.\n\nసమిత్రబాన్ధవం హత్వా రావణం జనకాత్మజే৷৷5.35.48৷৷\n\n"
    },
    {
        "sloka": "సహితౌ రామసుగ్రీవావుభావకురుతాం తదా.\n\nసమయం వాలినం హన్తుం తవ చాన్వేషణం తథా৷৷5.35.49৷৷\n\n"
    },
    {
        "sloka": "తతస్తాభ్యాం కుమారాభ్యాం వీరాభ్యాం స హరీశ్వరః.\n\nకిష్కిన్ధాం సముపాగమ్య వాలీ యుద్ధే నిపాతితః৷৷5.35.50৷৷\n\n"
    },
    {
        "sloka": "తతో నిహత్య తరసా రామో వాలినమాహవే.\n\nసర్వర్క్షహరిసఙ్ఘానాం సుగ్రీవమకరోత్పతిమ్৷৷5.35.51৷৷\n\n"
    },
    {
        "sloka": "రామసుగ్రీవయోరైక్యం దేవ్యేవం సమజాయత.\n\nహనుమన్తం చ మాం విద్ధి తయోర్దూతమిహాగతమ్৷৷5.35.52৷৷\n\n"
    },
    {
        "sloka": "స్వరాజ్యం ప్రాప్య సుగ్రీవస్సమానీయ హరీశ్వరాన్.\n\nత్వదర్థం ప్రేషయామాస దిశో దశ మహాబలాన్৷৷5.35.53৷৷\n\n"
    },
    {
        "sloka": "ఆదిష్టా వానరేన్ద్రేణ సుగ్రీవేణ మహౌజసా.\n\nఅద్రిరాజప్రతీకాశాస్సర్వతః ప్రస్థితౌ మహీమ్৷৷5.35.54৷৷\n\n"
    },
    {
        "sloka": "తతస్తే మార్గమాణా వై సుగ్రీవవచనాతురాః.\n\nచరన్తి వసుధాం కృత్స్నాం వయమన్యే చ వానరాః৷৷5.35.55৷৷\n\n"
    },
    {
        "sloka": "అఙ్గదో నామ లక్ష్మీవాన్వాలిసూనుర్మహాబలః.\n\nప్రస్థితః కపిశార్దూలస్త్రిభాగబలసంవృతః৷৷5.35.56৷৷\n\n"
    },
    {
        "sloka": "తేషాం నో విప్రణష్టానాం విన్ధ్యే పర్వతసత్తమే.\n\nభృశం శోకపరీతానామహోరాత్రగణా గతాః৷৷5.35.57৷৷\n\n"
    },
    {
        "sloka": "తే వయం కార్యనైరాశ్యాత్కాలస్యాతిక్రమేణ చ.\n\nభయాచ్చ కపిరాజస్య ప్రాణాంస్త్యక్తుం వ్యవస్థితాః৷৷5.35.58৷৷\n\n"
    },
    {
        "sloka": "విచిత్య వనదుర్గాణి గిరిప్రస్రవణాని చ.\n\nఅనాసాద్య పదం దేవ్యాః ప్రాణాంస్త్యక్తుం సముద్యతాః৷৷5.35.59৷৷\n\n"
    },
    {
        "sloka": "దృష్ట్వా ప్రాయోపవిష్టాంశ్చ సర్వాన్వానరపుఙ్గవాన్.\n\nభృశం శోకార్ణవే మగ్నః పర్యదేవయదఙ్గదః৷৷5.35.60৷৷\n\nతవ నాశం చ వైదేహి వాలినశ్చ వధం తథా.\n\nప్రాయోపవేశమస్మాకం మరణం చ జటాయుషః৷৷5.35.61৷৷\n\n"
    },
    {
        "sloka": "తేషాం నస్వామిసన్దేశాన్నిరాశానాం ముమూర్షతామ్.\n\nకార్యహేతోరివాయాతశ్శకునిర్వీర్యవాన్మహాన్৷৷5.35.62৷৷\n\n"
    },
    {
        "sloka": "గృధ్రరాజస్య సోదర్యః సమ్పాతిర్నామ గృధ్రరాట్.\n\nశ్రుత్వా భ్రాతృవధం కోపాదిదం వచనమబ్రవీత్৷৷5.35.63৷৷\n\n"
    },
    {
        "sloka": "యవీయాన్కేన మే భ్రాతా హతః క్వ చ నిపాతితః.\n\nఏతదాఖ్యాతుమిచ్ఛామి భవద్భిర్వానరోత్తమాః৷৷5.35.64৷৷\n\n"
    },
    {
        "sloka": "అఙ్గదోకథయత్తస్య జనస్థానే మహద్వధమ్.\n\nరక్షసా భీమరూపేణ త్వాముద్దిశ్య యథాతథమ్৷৷5.35.65৷৷\n\n"
    },
    {
        "sloka": "జటాయుషో వధం శ్రుత్వా దుఃఖితస్సోరుణాత్మజః.\n\nత్వాం శశంస వరారోహే వసన్తీం రావణాలయే৷৷5.35.66৷৷\n\n"
    },
    {
        "sloka": "తస్య తద్వచనం శ్రుత్వా సమ్పాతేః ప్రీతివర్ధనమ్.\n\nఅఙ్గదప్రముఖాస్తూర్ణం తతస్సమ్ప్రస్థితా వయమ్৷৷5.35.67৷৷\n\n"
    },
    {
        "sloka": "విన్ధ్యాదుత్థాయ సమ్ప్రాప్తా స్సాగరస్యాన్తముత్తరమ్.\n\nత్వద్ధర్శనకృతోత్సాహా హృష్టాస్తుష్టాః ప్లవఙ్గమాః৷৷5.35.68৷৷\n\n"
    },
    {
        "sloka": "అఙ్గదప్రముఖాస్సర్వే వేలోపాన్తముపస్థితాః.\n\nచిన్తాం జగ్ముః పునర్భీతాస్త్వద్దర్శనసముత్సుకాః৷৷5.35.69৷৷\n\n"
    },
    {
        "sloka": "అథాహం హరిసైన్యస్య సాగరం ప్రేక్ష్య సీదతః.\n\nవ్యవధూయ భయం తీవ్రం యోజనానాం శతం ప్లుతః৷৷5.35.70৷৷\n\n"
    },
    {
        "sloka": "లఙ్కా చాపి మయా రాత్రౌ ప్రవిష్టా రాక్షసాకులా.\n\nరావణశ్చ మయా దృష్టస్త్వం చ శోకపరిప్లుతా৷৷5.35.71৷৷\n\n"
    },
    {
        "sloka": "ఏతత్తే సర్వమాఖ్యాతం యథావృత్తమనన్దితే.\n\nఅభిభాషస్వ మాం దేవి దూతో దాశరథేరహమ్৷৷5.35.72৷৷\n\n"
    },
    {
        "sloka": "తం మాం రామకృతోద్యోగం త్వన్నిమిత్తమిహాగతమ్.\n\nసుగ్రీవసచివం దేవి బుద్ధ్యస్వ పవనాత్మజమ్৷৷5.35.73৷৷\n\n"
    },
    {
        "sloka": "కుశలీ తవ కాకుత్స్థస్సర్వశస్త్రభృతాం వరః.\n\nగురోరారాధనే యుక్తో లక్ష్మణశ్చ సులక్షణః৷৷5.35.74৷৷\n\n"
    },
    {
        "sloka": "తస్య వీర్యవతో దేవి భర్తుస్తవ హితే రతః.\n\nఅహమేకస్తు సమ్ప్రాప్త స్సుగ్రీవవచనాదిహ৷৷5.35.75৷৷\n\n"
    },
    {
        "sloka": "మయేయమసహాయేన చరతా కామరూపిణా.\n\nదక్షిణా దిగనుక్రాన్తా త్వన్మార్గవిచయైషిణా৷৷5.35.76৷৷\n\n"
    },
    {
        "sloka": "దిష్ట్యాహం హరిసైన్యానాం త్వన్నాశమనుశోచతామ్.\n\nఅపనేష్యామి సన్తాపం తవాభిగమశంసనాత్৷৷5.35.77৷৷\n\n"
    },
    {
        "sloka": "దిష్ట్యా హి మమ న వ్యర్థం దేవి సాగరలఙ్ఘనమ్.\n\nప్రాప్స్యామ్యహమిదం దిష్ట్యా త్వద్దర్శనకృతం యశః৷৷5.35.78৷৷\n\n"
    },
    {
        "sloka": "రాఘవశ్చ మహావీర్యః క్షిప్రం త్వామభిపత్స్యతే.\n\nసమిత్రబాన్ధవం హత్వా రావణం రాక్షసాధిపమ్৷৷5.35.79৷৷\n\n"
    },
    {
        "sloka": "మాల్యవాన్నామ వైదేహి గిరీణాముత్తమో గిరిః.\n\nతతో గచ్ఛతి గోకర్ణం పర్వతం కేసరీ హరిః৷৷5.35.80৷৷\n\n"
    },
    {
        "sloka": "స చ దేవర్షిభిర్దిష్టః పితా మమ మహాకపిః.\n\nతీర్థే నదీపతేః పుణ్యే శమ్బసాదనముద్ధరత్৷৷5.35.81৷৷\n\n"
    },
    {
        "sloka": "తస్యాహం హరిణః క్షేత్రే జాతో వాతేన మైథిలి.\n\nహనుమానితి విఖ్యాతో లోకే స్వేనైవ కర్మణా৷৷5.35.82৷৷\n\n"
    },
    {
        "sloka": "విశ్వాసార్థం తు వైదేహి భర్తురుక్తా మయా గుణాః.\n\nఅచిరాద్రాఘవో దేవి త్వామితో నయితానఘే৷৷5.35.83৷৷\n\n"
    },
    {
        "sloka": "ఏవం విశ్వాసితా సీతా హేతుభిశ్శోకకర్శితా.\n\nఉపపన్నైరభిజ్ఞానైర్దూతం తమవగచ్ఛతి৷৷5.35.84৷৷\n\n"
    },
    {
        "sloka": "అతులం చ గతా హర్షం ప్రహర్షేణ చ జానకీ.\n\nనేత్రాభ్యాం వక్రపక్ష్మాభ్యాం ముమోచానన్దజం జలమ్৷৷5.35.85৷৷\n\n"
    },
    {
        "sloka": "చారు తద్వదనం తస్యాస్తామ్రశుక్లాయతేక్షణమ్.\n\nఅశోభత విశాలాక్ష్యా రాహుముక్త ఇవోడురాట్৷৷5.35.86৷৷\n\n"
    },
    {
        "sloka": "హనుమన్తం కపిం వ్యక్తం మన్యతే నాన్యథేతి సా.\n\nఅథోవాచ హనూమాంస్తాముత్తరం ప్రియదర్శనామ్৷৷5.35.87৷৷\n\n"
    },
    {
        "sloka": "ఏతత్తే సర్వమాఖ్యాతం సమాశ్వసిహి మైథిలి.\n\nకిం కరోమి కథం వా తే రోచతే ప్రతియామ్యహమ్৷৷5.35.88৷৷\n\n"
    },
    {
        "sloka": "హతేసురే సంయతి శమ్బసాదనే కపిప్రవీరేణ మహర్షిచోదనాత్.\n\nతతోస్మి వాయుప్రభవో హి మైథిలి ప్రభావతస్తత్ప్రతిమశ్చ వానరః৷৷5.35.89৷৷\n\n"
    },
    {
        "sloka": "[Hanuman further narrates his story to Sita -- Gives description of Rama and Lakshmana] \n\nతాం తు రామకథాం శ్రుత్వా వైదేహీ వానరర్షభాత్.\n\nఉవాచ వచనం సాన్త్వమిదం మధురయా గిరా৷৷5.35.1৷৷\n\n"
    },
    {
        "sloka": "క్వ తే రామేణ సంసర్గః కథం జానాసి లక్ష్మణమ్.\n\nవానరాణాం నరాణాం చ కథమాసీత్సమాగమః৷৷5.35.2৷৷\n\n"
    },
    {
        "sloka": "యాని రామస్య లిఙ్గాని లక్ష్మణస్య చ వానర.\n\nతాని భూయస్సమాచక్ష్వ న మాం శోకస్సమావిశేత్৷৷5.35.3৷৷\n\n"
    },
    {
        "sloka": "కీదృశం తస్య సంస్థానం రూపం రామస్య కీదృశమ్.\n\nకథమూరూ కథం బాహూ లక్ష్మణస్య చ శంస మే৷৷5.35.4৷৷\n\n"
    },
    {
        "sloka": "ఏవముక్తస్తు వైదేహ్యా హనుమాన్మారుతాత్మజః.\n\nతతో రామం యథాతత్త్వమాఖ్యాతుముపచక్రమే৷৷5.35.5৷৷\n\n"
    },
    {
        "sloka": "జానన్తీ బత దిష్ట్యా మాం వైదేహి పరిపృచ్ఛసి.\n\nభర్తుః కమలపత్త్రాక్షి సంస్థానం లక్ష్మణస్య చ৷৷5.35.6৷৷\n\n"
    },
    {
        "sloka": "యాని రామస్య చిహ్నాని లక్ష్మణస్య చ యాని వై.\n\nలక్షితాని విశాలాక్షి వదతశ్శృణు తాని మే৷৷5.35.7৷৷\n\n"
    },
    {
        "sloka": "రామః కమలపత్త్రాక్ష స్సర్వసత్త్వమనోహరః.\n\nరూపదాక్షిణ్యసమ్పన్నః ప్రసూతో జనకాత్మజే৷৷5.35.8৷৷\n\n"
    },
    {
        "sloka": "తేజసాదిత్య సఙ్కాశః క్షమయా పృథివీసమః.\n\nబృహస్పతిసమో బుద్ధ్యా యశసా వాసవోపమః৷৷5.35.9৷৷\n\n"
    },
    {
        "sloka": "రక్షితా జీవలోకస్య స్వజనస్యాభిరక్షితా.\n\nరక్షితా స్వస్య వృత్తస్య ధర్మస్య చ పరన్తపః৷৷5.35.10৷৷\n\n"
    },
    {
        "sloka": "రామో భామిని లోకస్య చాతుర్వర్ణ్యస్య రక్షితా.\n\nమర్యాదానాం చ లోకస్య కర్తా కారయితా చ సః৷৷5.35.11৷৷\n\n"
    },
    {
        "sloka": "అర్చిష్మానర్చితోత్యర్థం బ్రహ్మచర్యవ్రతే స్థితః.\n\nసాధూనాముపకారజ్ఞః ప్రచారజ్ఞశ్చ కర్మణామ్৷৷5.35.12৷৷\n\n"
    },
    {
        "sloka": "రాజవిద్యావినీతశ్చ బ్రాహ్మణానాముపాసితా.\n\nశ్రుతవాన్శీలసమ్పన్నో వినీతశ్చ పరన్తపః৷৷5.35.13৷৷\n\n"
    },
    {
        "sloka": "యజుర్వేదవినీతశ్చ వేదవిద్భిస్సుపూజితః.\n\nధనుర్వేదే చ వేదేషు వేదాఙ్గేషు చ నిష్ఠితః৷৷5.35.14৷৷\n\n"
    },
    {
        "sloka": "విపులాంసో మహాబాహుః కమ్బుగ్రీవశ్శుభాననః.\n\nగూఢజత్రుస్సుతామ్రాక్షో రామో దేవి జనై శ్శ్రుతః৷৷5.35.15৷৷\n\n"
    },
    {
        "sloka": "దున్దుభిస్వననిర్ఘోష స్స్నిగ్ధవర్ణః ప్రతాపవాన్.\n\nసమ స్సమవిభక్తాఙ్గో వర్ణం శ్యామం సమాశ్రితః৷৷5.35.16৷৷\n\n"
    },
    {
        "sloka": "త్రిస్థిరస్త్రిప్రలమ్బశ్చ త్రిసమస్త్రిషు చోన్నతః.\n\nత్రితామ్రస్త్రిషు చ స్నిగ్ధో గమ్భీరస్త్రిషు నిత్యశః৷৷5.35.17৷৷\n\n"
    },
    {
        "sloka": "త్రివలీవాంస్త్ర్యవనతశ్చతుర్వ్యఙ్గస్త్రిశీర్షవాన్.\n\nచతుష్కలశ్చతుర్లేఖశ్చతుష్కిష్కుశ్చతు స్సమః৷৷5.35.18৷৷\n\n"
    },
    {
        "sloka": "చతుర్దశసమద్వన్ద్వశ్చతుర్దంష్ట్రశ్చతుర్గతిః.\n\nమహోష్ఠహనునాసశ్చ పఞ్చస్నిగ్ధోష్టవంశవాన్৷৷5.35.19৷৷\n\n"
    },
    {
        "sloka": "దశపద్మో దశబృహత్త్రిభిర్వ్యాప్తో ద్విశుక్లవాన్.\n\nషడున్నతో నవతనుస్త్రిభిర్వ్యాప్నోతి రాఘవః৷৷5.35.20৷৷\n\n"
    },
    {
        "sloka": "సత్యధర్మపరశ్శ్రీమాన్ సఙ్గ్రహానుగ్రహే రతః.\n\nదేశకాలవిభాగజ్ఞస్సర్వలోకప్రియంవదః৷৷5.35.21৷৷\n\n"
    },
    {
        "sloka": "భ్రాతా తస్య చ ద్వైమాత్రస్సౌమిత్రిరపరాజితః.\n\nఅనురాగేణ రూపేణ గుణైశ్చైవ తథావిధః৷৷5.35.22৷৷\n\n"
    },
    {
        "sloka": "తావుభౌ నరశార్దూలౌ త్వద్దర్శనసముత్సుకౌ.\n\nవిచిన్వన్తౌ మహీం కృత్స్నామస్మాభిరభిసఙ్గతౌ৷৷5.35.23৷৷\n\n"
    },
    {
        "sloka": "త్వామేవ మార్గమాణౌ తౌ విచరన్తౌ వసున్ధరామ్.\n\nదదర్శతుర్మృగపతిం పూర్వజేనావరోపితమ్৷৷5.35.24৷৷\n\nఋశ్యమూకస్య పృష్ఠే తు బహుపాదపసఙ్కులే.\n\nభ్రాతుర్భయార్తమాసీనం సుగ్రీవం ప్రియదర్శనమ్৷৷5.35.25৷৷\n\n"
    },
    {
        "sloka": "వయం తు హరిరాజం తం సుగ్రీవం సత్యసఙ్గరమ్.\n\nపరిచర్యామహే రాజ్యాత్పూర్వజేనావరోపితమ్৷৷5.35.26৷৷\n\n"
    },
    {
        "sloka": "తతస్తౌ చీరవసనౌ ధనుః ప్రవరపాణినౌ.\n\nఋశ్యమూకస్య శైలస్య రమ్యం దేశముపాగతౌ৷৷5.35.27৷৷\n\n"
    },
    {
        "sloka": "స తౌ దృష్ట్వా నరవ్యాఘ్రౌ ధన్వినౌ వానరర్షభః.\n\nఅవప్లుతో గిరేస్తస్య శిఖరం భయమోహితః৷৷5.35.28৷৷\n\n"
    },
    {
        "sloka": "తతస్స శిఖరే తస్మిన్వానరేన్ద్రో వ్యవస్థితః.\n\nతయోస్సమీపం మామేవ ప్రేషయామాస సత్వరమ్৷৷5.35.29৷৷\n\n"
    },
    {
        "sloka": "తావహం పురుషవ్యాఘ్రౌ సుగ్రీవవచనాత్ప్రభూ.\n\nరూపలక్షణసమ్పన్నౌ కృతాఞ్జలిరుపస్థితః৷৷5.35.30৷৷\n\n"
    },
    {
        "sloka": "తౌ పరిజ్ఞాతతత్త్వార్థౌ మయా ప్రీతిసమన్వితౌ.\n\nపృష్ఠమారోప్య తం దేశం ప్రాపితౌ పురుషర్షభౌ৷৷5.35.31৷৷\n\n"
    },
    {
        "sloka": "నివేదితౌ చ తత్త్వేన సుగ్రీవాయ మహాత్మనే.\n\nతయోరన్యోన్యసల్లాపాద్భృశం ప్రీతిరజాయత৷৷5.35.32৷৷\n\n"
    },
    {
        "sloka": "తతస్తౌ ప్రీతిసమ్పన్నౌ హరీశ్వరనరేశ్వరౌ.\n\nపరస్పరకృతాశ్వాసౌ కథయా పూర్వవృత్తయా৷৷5.35.33৷৷\n\n"
    },
    {
        "sloka": "తతస్స సాన్త్వయామాస సుగ్రీవం లక్ష్మణాగ్రజః.\n\nస్త్రీహేతోర్వాలినా భ్రాత్రా నిరస్తమురుతేజసా৷৷5.35.34৷৷\n\n"
    },
    {
        "sloka": "తతస్త్వన్నాశజం శోకం రామస్యాక్లిష్టకర్మణః.\n\nలక్ష్మణో వానరేన్ద్రాయ సుగ్రీవాయ న్యవేదయత్৷৷5.35.35৷৷\n\n"
    },
    {
        "sloka": "స శ్రుత్వా వానరేన్ద్రస్తు లక్ష్మణేనేరితం వచః.\n\nతదాసీన్నిష్ప్రభోత్యర్థం గ్రహగ్రస్త ఇవాంశుమాన్৷৷5.35.36৷৷\n\n"
    },
    {
        "sloka": "తతస్త్వద్గాత్రశోభీని రక్షసా హ్రియమాణయా.\n\nయాన్యాభరణజాలాని పాతితాని మహీతలే৷৷5.35.37৷৷\n\nతాని సర్వాణి రామాయ ఆనీయ హరియూథపాః.\n\nసంహృష్టా దర్శయామాసుర్గతిం తు న విదుస్తవ৷৷5.35.38৷৷\n\n"
    },
    {
        "sloka": "తాని రామాయ దత్తాని మయైవోపహృతాని చ.\n\nస్వనవన్త్యవకీర్ణాని తస్మిన్విగతచేతసి৷৷5.35.39৷৷\n\n"
    },
    {
        "sloka": "తాన్యఙ్కే దర్శనీయాని కృత్వా బహువిధం తవ.\n\nతేన దేవప్రకాశేన దేవేన పరిదేవితమ్৷৷5.35.40৷৷\n\n"
    },
    {
        "sloka": "పశ్యతస్తాని రుదతస్తామ్యతశ్చ పునః పునః.\n\nప్రాదీపయన్దాశరథేస్తాని శోకహుతాశనమ్৷৷5.35.41৷৷\n\n"
    },
    {
        "sloka": "శయితం చ చిరం తేన దుఃఖార్తేన మహాత్మనా.\n\nమయాపి వివిధైర్వాక్యైః కృచ్ఛ్రాదుత్థాపితః పునః৷৷5.35.42৷৷\n\n"
    },
    {
        "sloka": "తాని దృష్ట్వా మహాబాహుర్దర్శయిత్వా ముహుర్ముహుః.\n\nరాఘవస్సహ సౌమిత్రిస్సుగ్రీవే స న్యవేదయత్৷৷5.35.43৷৷\n\n"
    },
    {
        "sloka": "స తవాదర్శనాదార్యే రాఘవః పరితప్యతే.\n\nమహతా జ్వలతా నిత్యమగ్నినేవాగ్నిపర్వతః৷৷5.35.44৷৷\n\n"
    },
    {
        "sloka": "త్వత్కృతే తమనిద్రా చ శోకశ్చిన్తా చ రాఘవమ్.\n\nతాపయన్తి మహాత్మానమగ్న్యగారమివాగ్నయః৷৷5.35.45৷৷\n\n"
    },
    {
        "sloka": "తవాదర్శనశోకేన రాఘవః ప్రవిచాల్యతే.\n\nమహతా భూమికమ్పేన మహానివ శిలోచ్చయః৷৷5.35.46৷৷\n\n"
    },
    {
        "sloka": "కాననాని సురమ్యాణి నదీః ప్రస్రవణాని చ.\n\nచరన్న రతిమాప్నోతి త్వామపశ్యన్నృపాత్మజే৷৷5.35.47৷৷\n\n"
    },
    {
        "sloka": "స త్వాం మనుజశార్దూలః క్షిప్రం ప్రాప్స్యతి రాఘవః.\n\nసమిత్రబాన్ధవం హత్వా రావణం జనకాత్మజే৷৷5.35.48৷৷\n\n"
    },
    {
        "sloka": "సహితౌ రామసుగ్రీవావుభావకురుతాం తదా.\n\nసమయం వాలినం హన్తుం తవ చాన్వేషణం తథా৷৷5.35.49৷৷\n\n"
    },
    {
        "sloka": "తతస్తాభ్యాం కుమారాభ్యాం వీరాభ్యాం స హరీశ్వరః.\n\nకిష్కిన్ధాం సముపాగమ్య వాలీ యుద్ధే నిపాతితః৷৷5.35.50৷৷\n\n"
    },
    {
        "sloka": "తతో నిహత్య తరసా రామో వాలినమాహవే.\n\nసర్వర్క్షహరిసఙ్ఘానాం సుగ్రీవమకరోత్పతిమ్৷৷5.35.51৷৷\n\n"
    },
    {
        "sloka": "రామసుగ్రీవయోరైక్యం దేవ్యేవం సమజాయత.\n\nహనుమన్తం చ మాం విద్ధి తయోర్దూతమిహాగతమ్৷৷5.35.52৷৷\n\n"
    },
    {
        "sloka": "స్వరాజ్యం ప్రాప్య సుగ్రీవస్సమానీయ హరీశ్వరాన్.\n\nత్వదర్థం ప్రేషయామాస దిశో దశ మహాబలాన్৷৷5.35.53৷৷\n\n"
    },
    {
        "sloka": "ఆదిష్టా వానరేన్ద్రేణ సుగ్రీవేణ మహౌజసా.\n\nఅద్రిరాజప్రతీకాశాస్సర్వతః ప్రస్థితౌ మహీమ్৷৷5.35.54৷৷\n\n"
    },
    {
        "sloka": "తతస్తే మార్గమాణా వై సుగ్రీవవచనాతురాః.\n\nచరన్తి వసుధాం కృత్స్నాం వయమన్యే చ వానరాః৷৷5.35.55৷৷\n\n"
    },
    {
        "sloka": "అఙ్గదో నామ లక్ష్మీవాన్వాలిసూనుర్మహాబలః.\n\nప్రస్థితః కపిశార్దూలస్త్రిభాగబలసంవృతః৷৷5.35.56৷৷\n\n"
    },
    {
        "sloka": "తేషాం నో విప్రణష్టానాం విన్ధ్యే పర్వతసత్తమే.\n\nభృశం శోకపరీతానామహోరాత్రగణా గతాః৷৷5.35.57৷৷\n\n"
    },
    {
        "sloka": "తే వయం కార్యనైరాశ్యాత్కాలస్యాతిక్రమేణ చ.\n\nభయాచ్చ కపిరాజస్య ప్రాణాంస్త్యక్తుం వ్యవస్థితాః৷৷5.35.58৷৷\n\n"
    },
    {
        "sloka": "విచిత్య వనదుర్గాణి గిరిప్రస్రవణాని చ.\n\nఅనాసాద్య పదం దేవ్యాః ప్రాణాంస్త్యక్తుం సముద్యతాః৷৷5.35.59৷৷\n\n"
    },
    {
        "sloka": "దృష్ట్వా ప్రాయోపవిష్టాంశ్చ సర్వాన్వానరపుఙ్గవాన్.\n\nభృశం శోకార్ణవే మగ్నః పర్యదేవయదఙ్గదః৷৷5.35.60৷৷\n\nతవ నాశం చ వైదేహి వాలినశ్చ వధం తథా.\n\nప్రాయోపవేశమస్మాకం మరణం చ జటాయుషః৷৷5.35.61৷৷\n\n"
    },
    {
        "sloka": "తేషాం నస్వామిసన్దేశాన్నిరాశానాం ముమూర్షతామ్.\n\nకార్యహేతోరివాయాతశ్శకునిర్వీర్యవాన్మహాన్৷৷5.35.62৷৷\n\n"
    },
    {
        "sloka": "గృధ్రరాజస్య సోదర్యః సమ్పాతిర్నామ గృధ్రరాట్.\n\nశ్రుత్వా భ్రాతృవధం కోపాదిదం వచనమబ్రవీత్৷৷5.35.63৷৷\n\n"
    },
    {
        "sloka": "యవీయాన్కేన మే భ్రాతా హతః క్వ చ నిపాతితః.\n\nఏతదాఖ్యాతుమిచ్ఛామి భవద్భిర్వానరోత్తమాః৷৷5.35.64৷৷\n\n"
    },
    {
        "sloka": "అఙ్గదోకథయత్తస్య జనస్థానే మహద్వధమ్.\n\nరక్షసా భీమరూపేణ త్వాముద్దిశ్య యథాతథమ్৷৷5.35.65৷৷\n\n"
    },
    {
        "sloka": "జటాయుషో వధం శ్రుత్వా దుఃఖితస్సోరుణాత్మజః.\n\nత్వాం శశంస వరారోహే వసన్తీం రావణాలయే৷৷5.35.66৷৷\n\n"
    },
    {
        "sloka": "తస్య తద్వచనం శ్రుత్వా సమ్పాతేః ప్రీతివర్ధనమ్.\n\nఅఙ్గదప్రముఖాస్తూర్ణం తతస్సమ్ప్రస్థితా వయమ్৷৷5.35.67৷৷\n\n"
    },
    {
        "sloka": "విన్ధ్యాదుత్థాయ సమ్ప్రాప్తా స్సాగరస్యాన్తముత్తరమ్.\n\nత్వద్ధర్శనకృతోత్సాహా హృష్టాస్తుష్టాః ప్లవఙ్గమాః৷৷5.35.68৷৷\n\n"
    },
    {
        "sloka": "అఙ్గదప్రముఖాస్సర్వే వేలోపాన్తముపస్థితాః.\n\nచిన్తాం జగ్ముః పునర్భీతాస్త్వద్దర్శనసముత్సుకాః৷৷5.35.69৷৷\n\n"
    },
    {
        "sloka": "అథాహం హరిసైన్యస్య సాగరం ప్రేక్ష్య సీదతః.\n\nవ్యవధూయ భయం తీవ్రం యోజనానాం శతం ప్లుతః৷৷5.35.70৷৷\n\n"
    },
    {
        "sloka": "లఙ్కా చాపి మయా రాత్రౌ ప్రవిష్టా రాక్షసాకులా.\n\nరావణశ్చ మయా దృష్టస్త్వం చ శోకపరిప్లుతా৷৷5.35.71৷৷\n\n"
    },
    {
        "sloka": "ఏతత్తే సర్వమాఖ్యాతం యథావృత్తమనన్దితే.\n\nఅభిభాషస్వ మాం దేవి దూతో దాశరథేరహమ్৷৷5.35.72৷৷\n\n"
    },
    {
        "sloka": "తం మాం రామకృతోద్యోగం త్వన్నిమిత్తమిహాగతమ్.\n\nసుగ్రీవసచివం దేవి బుద్ధ్యస్వ పవనాత్మజమ్৷৷5.35.73৷৷\n\n"
    },
    {
        "sloka": "కుశలీ తవ కాకుత్స్థస్సర్వశస్త్రభృతాం వరః.\n\nగురోరారాధనే యుక్తో లక్ష్మణశ్చ సులక్షణః৷৷5.35.74৷৷\n\n"
    },
    {
        "sloka": "తస్య వీర్యవతో దేవి భర్తుస్తవ హితే రతః.\n\nఅహమేకస్తు సమ్ప్రాప్త స్సుగ్రీవవచనాదిహ৷৷5.35.75৷৷\n\n"
    },
    {
        "sloka": "మయేయమసహాయేన చరతా కామరూపిణా.\n\nదక్షిణా దిగనుక్రాన్తా త్వన్మార్గవిచయైషిణా৷৷5.35.76৷৷\n\n"
    },
    {
        "sloka": "దిష్ట్యాహం హరిసైన్యానాం త్వన్నాశమనుశోచతామ్.\n\nఅపనేష్యామి సన్తాపం తవాభిగమశంసనాత్৷৷5.35.77৷৷\n\n"
    },
    {
        "sloka": "దిష్ట్యా హి మమ న వ్యర్థం దేవి సాగరలఙ్ఘనమ్.\n\nప్రాప్స్యామ్యహమిదం దిష్ట్యా త్వద్దర్శనకృతం యశః৷৷5.35.78৷৷\n\n"
    },
    {
        "sloka": "రాఘవశ్చ మహావీర్యః క్షిప్రం త్వామభిపత్స్యతే.\n\nసమిత్రబాన్ధవం హత్వా రావణం రాక్షసాధిపమ్৷৷5.35.79৷৷\n\n"
    },
    {
        "sloka": "మాల్యవాన్నామ వైదేహి గిరీణాముత్తమో గిరిః.\n\nతతో గచ్ఛతి గోకర్ణం పర్వతం కేసరీ హరిః৷৷5.35.80৷৷\n\n"
    },
    {
        "sloka": "స చ దేవర్షిభిర్దిష్టః పితా మమ మహాకపిః.\n\nతీర్థే నదీపతేః పుణ్యే శమ్బసాదనముద్ధరత్৷৷5.35.81৷৷\n\n"
    },
    {
        "sloka": "తస్యాహం హరిణః క్షేత్రే జాతో వాతేన మైథిలి.\n\nహనుమానితి విఖ్యాతో లోకే స్వేనైవ కర్మణా৷৷5.35.82৷৷\n\n"
    },
    {
        "sloka": "విశ్వాసార్థం తు వైదేహి భర్తురుక్తా మయా గుణాః.\n\nఅచిరాద్రాఘవో దేవి త్వామితో నయితానఘే৷৷5.35.83৷৷\n\n"
    },
    {
        "sloka": "ఏవం విశ్వాసితా సీతా హేతుభిశ్శోకకర్శితా.\n\nఉపపన్నైరభిజ్ఞానైర్దూతం తమవగచ్ఛతి৷৷5.35.84৷৷\n\n"
    },
    {
        "sloka": "అతులం చ గతా హర్షం ప్రహర్షేణ చ జానకీ.\n\nనేత్రాభ్యాం వక్రపక్ష్మాభ్యాం ముమోచానన్దజం జలమ్৷৷5.35.85৷৷\n\n"
    },
    {
        "sloka": "చారు తద్వదనం తస్యాస్తామ్రశుక్లాయతేక్షణమ్.\n\nఅశోభత విశాలాక్ష్యా రాహుముక్త ఇవోడురాట్৷৷5.35.86৷৷\n\n"
    },
    {
        "sloka": "హనుమన్తం కపిం వ్యక్తం మన్యతే నాన్యథేతి సా.\n\nఅథోవాచ హనూమాంస్తాముత్తరం ప్రియదర్శనామ్৷৷5.35.87৷৷\n\n"
    },
    {
        "sloka": "ఏతత్తే సర్వమాఖ్యాతం సమాశ్వసిహి మైథిలి.\n\nకిం కరోమి కథం వా తే రోచతే ప్రతియామ్యహమ్৷৷5.35.88৷৷\n\n"
    },
    {
        "sloka": "హతేసురే సంయతి శమ్బసాదనే కపిప్రవీరేణ మహర్షిచోదనాత్.\n\nతతోస్మి వాయుప్రభవో హి మైథిలి ప్రభావతస్తత్ప్రతిమశ్చ వానరః৷৷5.35.89৷৷\n\n"
    }
]