[
    {
        "sloka": "[Monkey leaders enter Madhuvan on the outskirts of Kishkinda and destroy it in their drunkenness.]\n\nతతో జామ్బవతో వాక్యమగృహ్ణన్త వనౌకసః.\n\nఅఙ్గదప్రముఖా వీరా హనుమాంశ్చ మహాకపిః৷৷5.61.1৷৷\n\n"
    },
    {
        "sloka": "ప్రీతిమన్తస్తతః సర్వే వాయుపుత్రపరస్పరాః.\n\nమహేన్ద్రాద్రిం పరిత్యజ్య పుప్లువుః ప్లవగర్షభాః৷৷5.61.2৷৷\n\nమేరుమన్దరసఙ్కాశా మత్తా ఇవ మహాగజాః.\n\nఛాదయన్త ఇవాకాశం మహాకాయా మహాబలాః৷৷5.61.3৷৷\n\nసభాజ్యమానం భూతైస్తమాత్మవన్తం మహాబలమ్.\n\nహనూమన్తం మహావేగం వహన్త ఇవ దృష్టిభిః৷৷5.61.4৷৷\n\nరాఘవే చార్థనిర్వవృత్తిం కర్తుం చ పరమం యశః.\n\nసమాధాయ సమృద్ధార్థాః సర్వేసిద్ధిభిరున్నతా৷৷5.61.5৷৷\n\nప్రియాఖ్యానోన్ముఖాః సర్వే సర్వే యుద్ధాభినన్దినః.\n\nసర్వే రామప్రతీకారే నిశ్చితార్థా మనస్స్వినః৷৷5.61.6৷৷\n\n"
    },
    {
        "sloka": "ప్లవమానాః ఖమాప్లుత్య తతస్తే కాననౌకసః.\n\nనన్దనోపమయాసేదుర్వనం ద్రుమలతాయుతమ్৷৷5.61.7৷৷\n\n"
    },
    {
        "sloka": "యత్తన్మధువనం నామ సుగ్రీవస్యాభిరక్షితమ్.\n\nఅధృష్యం సర్వభూతానాం సర్వభూతమనోహరమ్৷৷5.61.8৷৷\n\n"
    },
    {
        "sloka": "యద్రక్షతి మహావీర్య స్సదా దధిముఖః కపిః.\n\nమాతులః కపిముఖ్యస్య సుగ్రీవస్య మహాత్మనః৷৷5.61.9৷৷\n\n"
    },
    {
        "sloka": "తే తద్వనముపాగమ్య బభూవుః పరమోత్కటాః.\n\nవానరా వానరేన్ద్రస్య మనః కాన్తతమం మహత్৷৷5.61.10৷৷\n\n"
    },
    {
        "sloka": "తతస్తే వానరా హృష్టా దృష్టవా మధువనం మహత్.\n\nకుమారమభ్యయాచన్త మధూని మధుపిఙ్గలాః৷৷5.61.11৷৷\n\n"
    },
    {
        "sloka": "తతః కుమారస్తాన్ వృద్ధాన్ జామ్బవత్ప్రముఖాన్ కపీన్.\n\nఅనుమాన్య దదౌ తేషాం విసర్గం మధుభిక్షణే৷৷5.61.12৷৷\n\n"
    },
    {
        "sloka": "తతశ్చానుమతా స్సర్వే సమ్ప్రహృష్టా వనౌకసః.\n\nముదితాః ప్రేరితాశ్చాపి ప్రనృత్యన్తోభవంస్తదా৷৷5.61.13৷৷\n\n"
    },
    {
        "sloka": "గాయన్తి కేచిత్ప్రణమన్తి కేచిన్నృత్యన్తి కేచిత్ప్రహసన్తి కేచిత్.\n\nపతన్తి కేచిద్విచరన్తి కేచిత్ల్పవన్తి కేచిత్ప్రలపన్తి కేచిత్৷৷5.61.14৷৷\n\n"
    },
    {
        "sloka": "పరస్పరం కేచిదుపాశ్రయన్తే పరస్పరం కేచిదుపాక్రమన్తే.\n\nపరస్పరం కేచిదుపబ్రువన్తే పరస్పరం కేచిదుపారమన్తే৷৷5.61.15৷৷\n\n"
    },
    {
        "sloka": "ద్రుమాద్ద్రుమం కేచిదభిద్రవన్తే క్షితౌ నగాగ్రాన్నిపతన్తి కేచిత్.\n\nమహీతలాత్కేచిదుదీర్ణవేగా మహాద్రుమాగ్రాణ్యభిసమ్పతన్తి৷৷5.61.16৷৷\n\n"
    },
    {
        "sloka": "గాయన్తమన్యః ప్రహసన్నుపైతి హసన్తమన్యః ప్రరుదన్నుపైతి.\n\nరుదన్తమన్యః ప్రణుదన్నుపైతి నుదన్తమన్యః ప్రణదన్నుపైతి৷৷5.61.17৷৷\n\n"
    },
    {
        "sloka": "సమాకులం తత్కపిసైన్యమాసీన్మధుప్రసానోత్కటసత్త్వచేష్టమ్.\n\nన చాత్ర కశ్చిన్న బభూవ మత్తో న చాత్ర కశ్చిన్న బభూవ తృప్తః৷৷5.61.18৷৷\n\n"
    },
    {
        "sloka": "తతో వనం తత్పరిభక్ష్యమాణం ద్రుమాంశ్చ విధ్వంసితపత్రపుష్పాన్.\n\nసమీక్ష్య కోపాద్ధధివక్రనామా నివారయామాస కపిః కపీంస్తాన్৷৷5.61.19৷৷\n\n"
    },
    {
        "sloka": "స తైః ప్రవృద్ధైః పరిభర్త్స్యమానో వనస్య గోప్తా హరివీరవృద్ధః.\n\nచకార భూయో మతిముగ్రతేజా వనస్య రక్షాం ప్రతి వానరేభ్యః৷৷5.61.20৷৷\n\n"
    },
    {
        "sloka": "ఉవాచ కాంశ్చిత్పరుషాణి ధృష్టమసక్తమన్యాంశ్చ తలైర్జఘాన.\n\nసమేత్య కైశ్చిత్కలహం చకార తథైవ సామ్నోపజగామ కాంశ్చిత్৷৷5.61.21৷৷\n\n"
    },
    {
        "sloka": "స తైర్మదాత్సంపరివార్య వాక్యైర్భలాచ్ఛ తేన ప్రతివార్యమాణైః.\n\nప్రధర్షితస్త్యక్తభయై స్సమేత్య ప్రకృష్యతే చాప్యనవేక్ష్య దోషమ్৷৷5.61.22৷৷\n\n"
    },
    {
        "sloka": "నఖైస్తుదన్తో దశనైర్దశన్త స్తలైశ్చ పాదైశ్చ సమాపయన్తః.\n\nమదాత్కపిం తం కపయ స్సమగ్రా మహావనం నిర్విషయం చ చక్రుః৷৷5.61.23৷৷\n\n"
    },
    {
        "sloka": "[Monkey leaders enter Madhuvan on the outskirts of Kishkinda and destroy it in their drunkenness.]\n\nతతో జామ్బవతో వాక్యమగృహ్ణన్త వనౌకసః.\n\nఅఙ్గదప్రముఖా వీరా హనుమాంశ్చ మహాకపిః৷৷5.61.1৷৷\n\n"
    },
    {
        "sloka": "ప్రీతిమన్తస్తతః సర్వే వాయుపుత్రపరస్పరాః.\n\nమహేన్ద్రాద్రిం పరిత్యజ్య పుప్లువుః ప్లవగర్షభాః৷৷5.61.2৷৷\n\nమేరుమన్దరసఙ్కాశా మత్తా ఇవ మహాగజాః.\n\nఛాదయన్త ఇవాకాశం మహాకాయా మహాబలాః৷৷5.61.3৷৷\n\nసభాజ్యమానం భూతైస్తమాత్మవన్తం మహాబలమ్.\n\nహనూమన్తం మహావేగం వహన్త ఇవ దృష్టిభిః৷৷5.61.4৷৷\n\nరాఘవే చార్థనిర్వవృత్తిం కర్తుం చ పరమం యశః.\n\nసమాధాయ సమృద్ధార్థాః సర్వేసిద్ధిభిరున్నతా৷৷5.61.5৷৷\n\nప్రియాఖ్యానోన్ముఖాః సర్వే సర్వే యుద్ధాభినన్దినః.\n\nసర్వే రామప్రతీకారే నిశ్చితార్థా మనస్స్వినః৷৷5.61.6৷৷\n\n"
    },
    {
        "sloka": "ప్లవమానాః ఖమాప్లుత్య తతస్తే కాననౌకసః.\n\nనన్దనోపమయాసేదుర్వనం ద్రుమలతాయుతమ్৷৷5.61.7৷৷\n\n"
    },
    {
        "sloka": "యత్తన్మధువనం నామ సుగ్రీవస్యాభిరక్షితమ్.\n\nఅధృష్యం సర్వభూతానాం సర్వభూతమనోహరమ్৷৷5.61.8৷৷\n\n"
    },
    {
        "sloka": "యద్రక్షతి మహావీర్య స్సదా దధిముఖః కపిః.\n\nమాతులః కపిముఖ్యస్య సుగ్రీవస్య మహాత్మనః৷৷5.61.9৷৷\n\n"
    },
    {
        "sloka": "తే తద్వనముపాగమ్య బభూవుః పరమోత్కటాః.\n\nవానరా వానరేన్ద్రస్య మనః కాన్తతమం మహత్৷৷5.61.10৷৷\n\n"
    },
    {
        "sloka": "తతస్తే వానరా హృష్టా దృష్టవా మధువనం మహత్.\n\nకుమారమభ్యయాచన్త మధూని మధుపిఙ్గలాః৷৷5.61.11৷৷\n\n"
    },
    {
        "sloka": "తతః కుమారస్తాన్ వృద్ధాన్ జామ్బవత్ప్రముఖాన్ కపీన్.\n\nఅనుమాన్య దదౌ తేషాం విసర్గం మధుభిక్షణే৷৷5.61.12৷৷\n\n"
    },
    {
        "sloka": "తతశ్చానుమతా స్సర్వే సమ్ప్రహృష్టా వనౌకసః.\n\nముదితాః ప్రేరితాశ్చాపి ప్రనృత్యన్తోభవంస్తదా৷৷5.61.13৷৷\n\n"
    },
    {
        "sloka": "గాయన్తి కేచిత్ప్రణమన్తి కేచిన్నృత్యన్తి కేచిత్ప్రహసన్తి కేచిత్.\n\nపతన్తి కేచిద్విచరన్తి కేచిత్ల్పవన్తి కేచిత్ప్రలపన్తి కేచిత్৷৷5.61.14৷৷\n\n"
    },
    {
        "sloka": "పరస్పరం కేచిదుపాశ్రయన్తే పరస్పరం కేచిదుపాక్రమన్తే.\n\nపరస్పరం కేచిదుపబ్రువన్తే పరస్పరం కేచిదుపారమన్తే৷৷5.61.15৷৷\n\n"
    },
    {
        "sloka": "ద్రుమాద్ద్రుమం కేచిదభిద్రవన్తే క్షితౌ నగాగ్రాన్నిపతన్తి కేచిత్.\n\nమహీతలాత్కేచిదుదీర్ణవేగా మహాద్రుమాగ్రాణ్యభిసమ్పతన్తి৷৷5.61.16৷৷\n\n"
    },
    {
        "sloka": "గాయన్తమన్యః ప్రహసన్నుపైతి హసన్తమన్యః ప్రరుదన్నుపైతి.\n\nరుదన్తమన్యః ప్రణుదన్నుపైతి నుదన్తమన్యః ప్రణదన్నుపైతి৷৷5.61.17৷৷\n\n"
    },
    {
        "sloka": "సమాకులం తత్కపిసైన్యమాసీన్మధుప్రసానోత్కటసత్త్వచేష్టమ్.\n\nన చాత్ర కశ్చిన్న బభూవ మత్తో న చాత్ర కశ్చిన్న బభూవ తృప్తః৷৷5.61.18৷৷\n\n"
    },
    {
        "sloka": "తతో వనం తత్పరిభక్ష్యమాణం ద్రుమాంశ్చ విధ్వంసితపత్రపుష్పాన్.\n\nసమీక్ష్య కోపాద్ధధివక్రనామా నివారయామాస కపిః కపీంస్తాన్৷৷5.61.19৷৷\n\n"
    },
    {
        "sloka": "స తైః ప్రవృద్ధైః పరిభర్త్స్యమానో వనస్య గోప్తా హరివీరవృద్ధః.\n\nచకార భూయో మతిముగ్రతేజా వనస్య రక్షాం ప్రతి వానరేభ్యః৷৷5.61.20৷৷\n\n"
    },
    {
        "sloka": "ఉవాచ కాంశ్చిత్పరుషాణి ధృష్టమసక్తమన్యాంశ్చ తలైర్జఘాన.\n\nసమేత్య కైశ్చిత్కలహం చకార తథైవ సామ్నోపజగామ కాంశ్చిత్৷৷5.61.21৷৷\n\n"
    },
    {
        "sloka": "స తైర్మదాత్సంపరివార్య వాక్యైర్భలాచ్ఛ తేన ప్రతివార్యమాణైః.\n\nప్రధర్షితస్త్యక్తభయై స్సమేత్య ప్రకృష్యతే చాప్యనవేక్ష్య దోషమ్৷৷5.61.22৷৷\n\n"
    },
    {
        "sloka": "నఖైస్తుదన్తో దశనైర్దశన్త స్తలైశ్చ పాదైశ్చ సమాపయన్తః.\n\nమదాత్కపిం తం కపయ స్సమగ్రా మహావనం నిర్విషయం చ చక్రుః৷৷5.61.23৷৷\n\n"
    }
]