[
    {
        "sloka": "[Hanuman's confrontation with Lankini, the spirit of Lanka.]\n\nస లమ్బశిఖరే లమ్బే లమ్బతోయదసన్నిభే.\n\nసత్త్వమాస్థాయ మేధావీ హనుమాన్ మారుతాత్మజః৷৷5.3.1৷৷\n\nనిశి లఙ్కాం మహాసత్త్వో వివేశ కపికుఞ్జరః.\n\nరమ్యకాననతోయాఢ్యాం పురీం రావణపాలితామ్৷৷5.3.2৷৷\n\n"
    },
    {
        "sloka": "శారదామ్బుధరప్రఖ్యైర్భవనైరుపశోభితామ్.\n\nసాగరోపమనిర్ఘోషాం సాగరానిలసేవితామ్৷৷5.3.3৷৷\n\nసుపుష్టబలసమ్పుష్టాం యథైవ విటపావతీమ్.\n\nచారుతోరణనిర్యూహాం పాణ్డురద్వారతోరణామ్৷৷5.3.4৷৷\n\nభుజగాచరితాం గుప్తాం శుభాం భోగవతీమివ.\n\nతాం స విద్యుద్ఘనాకీర్ణాం జ్యోతిర్మార్గనిషేవితామ్৷৷5.3.5৷৷\n\nమన్దమారుతసఞ్చారాం యథేన్ద్రస్యామరావతీమ్.\n\nశాతకుమ్భేన మహతా ప్రాకారేణాభిసంవృతామ్৷৷5.3.6৷৷\n\nకిఙ్కిణీజాలఘోషాభిః పతాకాభిరలఙ్కృతామ్.\n\nఆసాద్య సహసా హృష్టః ప్రాకారమభిపేదివాన్৷৷5.3.7৷৷\n\n"
    },
    {
        "sloka": "విస్మయావిష్టహృదయః పురీమాలోక్య సర్వతః.\n\nజామ్బూనదమయైర్ద్వారైర్వైడూర్యకృతవేదికైః৷৷5.3.8৷৷\n\nవజ్రస్ఫటికముక్తాభిర్మణికుట్టిమభూషితైః.\n\nతప్తహాటకనిర్యూహై రాజతామలపాణ్డురైః৷৷5.3.9৷৷\n\nవైఢూర్యకృతసోపానైః స్ఫాటికాన్తరపాంసుభిః.\n\nచారుసంజవనోపేతైః ఖమివోత్పతితైః శుభైః৷৷5.3.10৷৷\n\nక్రౌఞ్చబర్హిణసఙ్ఘుష్టైః రాజహంస నిషేవితైః.\n\nతూర్యాభరణనిర్ఘోషైః సర్వతః ప్రతినాదితామ్৷৷5.3.11৷৷\n\nవస్వౌకసారాప్రతిమాం తాం వీక్ష్య నగరీం తతః.\n\nఖమివోత్పతితుం కామాం జహర్ష హనుమాన్ కపిః৷৷5.3.12৷৷\n\n"
    },
    {
        "sloka": "తాం సమీక్ష్య పురీం రమ్యాం రాక్షసాధిపతేః శుభామ్.\n\nఅనుత్తమామృద్ధియుతాం చిన్తయామాస వీర్యవాన్৷৷5.3.13৷৷\n\n"
    },
    {
        "sloka": "నేయమన్యేన నగరీ శక్యా ధర్షయితుం బలాత్.\n\nరక్షితా రావణబలైరుద్యతాయుధధారిభిః৷৷5.3.14৷৷\n\n"
    },
    {
        "sloka": "కుముదాఙ్గదయోర్వాపి సుషేణస్య మహాకపేః.\n\nప్రసిద్ధేయం భవేద్భూమిర్మైన్దద్వివిదయోరపి৷৷5.3.15৷৷\n\n"
    },
    {
        "sloka": "వివస్వతస్తనూజస్య హరేశ్చ కుశపర్వణః.\n\nఋక్షస్య కపిముఖ్యస్య మమ చైవ గతిర్భవేత్৷৷5.3.16৷৷\n\n"
    },
    {
        "sloka": "సమీక్ష్య తు మహాబాహూ రాఘవస్య పరాక్రమమ్.\n\nలక్ష్మణస్య చ విక్రాన్తమభవత్ ప్రీతిమాన్ కపిః৷৷5.3.17৷৷\n\n"
    },
    {
        "sloka": "తాం రత్నవసనోపేతాం కోష్ఠాగారావతంసకామ్.\n\nయన్త్రాగారస్తనీమృద్ధాం ప్రమదామివ భూషితామ్৷৷5.3.18৷৷\n\nతాం నష్టతిమిరాం దీప్తైర్భాస్వరైశ్చ మహాగృహైః.\n\nనగరీం రాక్షసేన్ద్రస్య స దదర్శ మహాకపిః৷৷5.3.19৷৷\n\n"
    },
    {
        "sloka": "థ సా హరిశార్దూలం ప్రవిశన్తం మహాబలమ్.\n\nనగరీ స్వేన రూపేణ దదర్శ పవనాత్మజమ్৷৷5.3.20৷৷\n\n"
    },
    {
        "sloka": "సా తం హరివరం దృష్ట్వా లఙ్కా రావణపాలితా.\n\nస్వయమేవోత్థితా తత్ర వికృతాననదర్శనా৷৷5.3.21৷৷\n\n"
    },
    {
        "sloka": "పురస్తాత్కపివర్యస్య వాయుసూనోరతిష్ఠత.\n\nముఞ్చమానా మహానాదమబ్రవీత్పవనాత్మజమ్৷৷5.3.22৷৷\n\n"
    },
    {
        "sloka": "కస్త్వం కేన చ కార్యేణ ఇహ ప్రాప్తో వనాలయ.\n\nకథయస్వేహ యత్తత్త్వం యావత్ప్రాణా ధరన్తి తే৷৷5.3.23৷৷\n\n"
    },
    {
        "sloka": "న శక్యం ఖల్వియం లఙ్కా ప్రవేష్టుం వానర త్వయా.\n\nరక్షితా రావణబలైరభిగుప్తా సమన్తతః৷৷5.3.24৷৷\n\n"
    },
    {
        "sloka": "అథ తామబ్రవీద్వీరో హనుమానగ్రతః స్థితామ్.\n\nకథయిష్యామి తే తత్త్వం యన్మాం త్వం పరిపృచ్ఛసి৷৷5.3.25৷৷\n\n"
    },
    {
        "sloka": "కా త్వం విరూపనయనా పురద్వారేవతిష్ఠసి.\n\nకిమర్థం చాపి మాం రుద్ధ్వా నిర్భర్త్సయసి దారుణా৷৷5.3.26৷৷\n\n"
    },
    {
        "sloka": "హనుమద్వచనం శ్రుత్వా లఙ్కా సా కామరూపిణీ.\n\nఉవాచ వచనం క్రుద్ధా పరుషం పవనాత్మజమ్৷৷5.3.27৷৷\n\n"
    },
    {
        "sloka": "అహం రాక్షసరాజస్య రావణస్య మహాత్మనః.\n\nఆజ్ఞాప్రతీక్షా దుర్ధర్షా రక్షామి నగరీమిమామ్৷৷5.3.28৷৷\n\n"
    },
    {
        "sloka": "న శక్యా మామవజ్ఞాయ ప్రవేష్టుం నగరీ త్వయా.\n\nఅద్య ప్రాణైః పరిత్యక్తః స్వప్స్యసే నిహతో మయా৷৷5.3.29৷৷\n\n"
    },
    {
        "sloka": "అహం హి నగరీ లఙ్కా స్వయమేవ ప్లవఙ్గమ.\n\nసర్వతః పరిరక్షామి హ్యేతత్తే కథితం మయా৷৷5.3.30৷৷\n\n"
    },
    {
        "sloka": "లఙ్కాయా వచనం శ్రుత్వా హనుమాన్ మారుతాత్మజః.\n\nయత్నవాన్స హరిశ్రేష్ఠః స్థితశ్శైల ఇవాపరః৷৷5.3.31৷৷\n\n"
    },
    {
        "sloka": "స తాం స్త్రీరూపవికృతాం దృష్టవా వానరపుఙ్గవః.\n\nఆబభాషేథ మేధావీ సత్త్వవాన్ ప్లవగర్షభః৷৷5.3.32৷৷\n\n"
    },
    {
        "sloka": "ద్రక్ష్యామి నగరీం లఙ్కాం సాట్టప్రాకారతోరణామ్.\n\nనిర్విశఙ్కమిమంలోకం పశ్యన్త్యాస్తవసాంప్రతమ్.\n\nఇత్యర్థమిహ సంప్రాప్తః పరం కౌతూహలం హి మే৷৷5.3.33৷৷\n\n"
    },
    {
        "sloka": "వనాన్యుపవనానీహ లఙ్కాయాః కాననాని చ.\n\nసర్వతో గృహముఖ్యాని ద్రష్టుమాగమనం హి మే৷৷5.3.34৷৷\n\n"
    },
    {
        "sloka": "తస్య తద్వచనం శ్రుత్వా లఙ్కా సా కామరూపిణీ.\n\nభూయ ఏవ పునర్వాక్యం బభాషే పరుషాక్షరమ్৷৷5.3.35৷৷\n\n"
    },
    {
        "sloka": "మామనిర్జిత్య దుర్బుద్ధే రాక్షసేశ్వరపాలితాం.\n\nన శక్యమద్య తే ద్రష్టుం పురీయం వానరాధమ৷৷5.3.36৷৷\n\n"
    },
    {
        "sloka": "తతః స కపిశార్దూలస్తామువాచ నిశాచరీమ్.\n\nదృష్ట్వా పురీమిమాం భద్రే పునర్యాస్యే యథాగతమ్৷৷5.3.37৷৷\n\n"
    },
    {
        "sloka": "తతః కృత్వా మహానాదం సా వై లఙ్కా భయావహమ్.\n\nతలేన వానరశ్రేష్ఠం తాడయామాస వేగితా৷৷5.3.38৷৷\n\n"
    },
    {
        "sloka": "తతః స కపిశార్దూలో లఙ్కయా తాడితో భృశమ్.\n\nననాద సుమహానాదం వీర్యవాన్ పవనాత్మజః৷৷5.3.39৷৷\n\n"
    },
    {
        "sloka": "తతః సంవర్తయామాస వామహస్తస్య సోఙ్గులీః.\n\nముష్టినాభిజఘానైనాం హనుమాన్ క్రోధమూర్ఛితః৷৷5.3.40৷৷\n\nస్త్రీ చేతి మన్యమానేన నాతిక్రోధః స్వయం కృతః.\n\n"
    },
    {
        "sloka": "సా తు తేన ప్రహారేణ విహ్వలాఙ్గీ నిశాచరీ৷৷5.3.41৷৷\n\nపపాత సహసా భూమౌ వికృతాననదర్శనా.\n\n"
    },
    {
        "sloka": "తతస్తు హనుమాన్ ప్రాజ్ఞస్తాం దృష్ట్వా వినిపాతితామ్৷৷5.3.42৷৷\n\nకృపాం చకార తేజస్వీ మన్యమానః స్త్రియం తు తామ్.\n\n"
    },
    {
        "sloka": "తతో వై భృశసంవిగ్నా లఙ్కా సా గద్గదాక్షరమ్৷৷5.3.43৷৷\n\nఉవాచాగర్వితం వాక్యం హనూమన్తం ప్లవఙ్గమమ్.\n\n"
    },
    {
        "sloka": "ప్రసీద సుమహాబాహో త్రాయస్వ హరిసత్తమ ৷৷5.3.44৷৷\n\nసమయే సౌమ్య తిష్ఠన్తి సత్త్వవన్తో మహాబలాః.\n\n"
    },
    {
        "sloka": "అహం తు నగరీ లఙ్కా స్వయమేవ ప్లవఙ్గమ৷৷5.3.45৷৷\n\nనిర్జితాహం త్వయా వీర విక్రమేణ మహాబల.\n\n"
    },
    {
        "sloka": "ఇదం తు తథ్యం శృణు వై బ్రువన్త్యా మే హరీశ్వర৷৷5.3.46৷৷\n\nస్వయంభువా పురా దత్తం వరదానం యథా మమ.\n\n"
    },
    {
        "sloka": "యదా త్వాం వానరః కశ్చిద్విక్రమాద్వశమానయేత్৷৷5.3.47৷৷\n\nతదా త్వయా హి విజ్ఞేయం రక్షసాం భయమాగతమ్.\n\n"
    },
    {
        "sloka": "స హి మే సమయః సౌమ్య ప్రాప్తోద్య తవ దర్శనాత్৷৷5.3.48৷৷\n\nస్వయంభూ విహితః సత్యో న తస్యాస్తి వ్యతిక్రమః.\n\n"
    },
    {
        "sloka": "సీతానిమిత్తం రాజ్ఞస్తు రావణస్య దురాత్మనః৷৷5.3.49৷৷\n\nరక్షసాం చైవ సర్వేషాం వినాశః సముపాగతః.\n\n"
    },
    {
        "sloka": "తత్ప్రవిశ్య హరిశ్రేష్ఠ పురీం రావణపాలితామ్৷৷5.3.50৷৷\n\nవిధత్స్వ సర్వకార్యాణి యాని యానీహ వాఞ్ఛసి.\n\n"
    },
    {
        "sloka": "ప్రవిశ్య శాపోపహతాం హరీశ్వర శుభాం పురీం రాక్షసముఖ్యపాలితామ్.\n\nయదృచ్ఛయా త్వం జనకాత్మజాం సతీం విమార్గ సర్వత్ర గతో యథాసుఖమ్৷৷5.3.51৷৷\n\n"
    },
    {
        "sloka": "[Hanuman's confrontation with Lankini, the spirit of Lanka.]\n\nస లమ్బశిఖరే లమ్బే లమ్బతోయదసన్నిభే.\n\nసత్త్వమాస్థాయ మేధావీ హనుమాన్ మారుతాత్మజః৷৷5.3.1৷৷\n\nనిశి లఙ్కాం మహాసత్త్వో వివేశ కపికుఞ్జరః.\n\nరమ్యకాననతోయాఢ్యాం పురీం రావణపాలితామ్৷৷5.3.2৷৷\n\n"
    },
    {
        "sloka": "శారదామ్బుధరప్రఖ్యైర్భవనైరుపశోభితామ్.\n\nసాగరోపమనిర్ఘోషాం సాగరానిలసేవితామ్৷৷5.3.3৷৷\n\nసుపుష్టబలసమ్పుష్టాం యథైవ విటపావతీమ్.\n\nచారుతోరణనిర్యూహాం పాణ్డురద్వారతోరణామ్৷৷5.3.4৷৷\n\nభుజగాచరితాం గుప్తాం శుభాం భోగవతీమివ.\n\nతాం స విద్యుద్ఘనాకీర్ణాం జ్యోతిర్మార్గనిషేవితామ్৷৷5.3.5৷৷\n\nమన్దమారుతసఞ్చారాం యథేన్ద్రస్యామరావతీమ్.\n\nశాతకుమ్భేన మహతా ప్రాకారేణాభిసంవృతామ్৷৷5.3.6৷৷\n\nకిఙ్కిణీజాలఘోషాభిః పతాకాభిరలఙ్కృతామ్.\n\nఆసాద్య సహసా హృష్టః ప్రాకారమభిపేదివాన్৷৷5.3.7৷৷\n\n"
    },
    {
        "sloka": "విస్మయావిష్టహృదయః పురీమాలోక్య సర్వతః.\n\nజామ్బూనదమయైర్ద్వారైర్వైడూర్యకృతవేదికైః৷৷5.3.8৷৷\n\nవజ్రస్ఫటికముక్తాభిర్మణికుట్టిమభూషితైః.\n\nతప్తహాటకనిర్యూహై రాజతామలపాణ్డురైః৷৷5.3.9৷৷\n\nవైఢూర్యకృతసోపానైః స్ఫాటికాన్తరపాంసుభిః.\n\nచారుసంజవనోపేతైః ఖమివోత్పతితైః శుభైః৷৷5.3.10৷৷\n\nక్రౌఞ్చబర్హిణసఙ్ఘుష్టైః రాజహంస నిషేవితైః.\n\nతూర్యాభరణనిర్ఘోషైః సర్వతః ప్రతినాదితామ్৷৷5.3.11৷৷\n\nవస్వౌకసారాప్రతిమాం తాం వీక్ష్య నగరీం తతః.\n\nఖమివోత్పతితుం కామాం జహర్ష హనుమాన్ కపిః৷৷5.3.12৷৷\n\n"
    },
    {
        "sloka": "తాం సమీక్ష్య పురీం రమ్యాం రాక్షసాధిపతేః శుభామ్.\n\nఅనుత్తమామృద్ధియుతాం చిన్తయామాస వీర్యవాన్৷৷5.3.13৷৷\n\n"
    },
    {
        "sloka": "నేయమన్యేన నగరీ శక్యా ధర్షయితుం బలాత్.\n\nరక్షితా రావణబలైరుద్యతాయుధధారిభిః৷৷5.3.14৷৷\n\n"
    },
    {
        "sloka": "కుముదాఙ్గదయోర్వాపి సుషేణస్య మహాకపేః.\n\nప్రసిద్ధేయం భవేద్భూమిర్మైన్దద్వివిదయోరపి৷৷5.3.15৷৷\n\n"
    },
    {
        "sloka": "వివస్వతస్తనూజస్య హరేశ్చ కుశపర్వణః.\n\nఋక్షస్య కపిముఖ్యస్య మమ చైవ గతిర్భవేత్৷৷5.3.16৷৷\n\n"
    },
    {
        "sloka": "సమీక్ష్య తు మహాబాహూ రాఘవస్య పరాక్రమమ్.\n\nలక్ష్మణస్య చ విక్రాన్తమభవత్ ప్రీతిమాన్ కపిః৷৷5.3.17৷৷\n\n"
    },
    {
        "sloka": "తాం రత్నవసనోపేతాం కోష్ఠాగారావతంసకామ్.\n\nయన్త్రాగారస్తనీమృద్ధాం ప్రమదామివ భూషితామ్৷৷5.3.18৷৷\n\nతాం నష్టతిమిరాం దీప్తైర్భాస్వరైశ్చ మహాగృహైః.\n\nనగరీం రాక్షసేన్ద్రస్య స దదర్శ మహాకపిః৷৷5.3.19৷৷\n\n"
    },
    {
        "sloka": "థ సా హరిశార్దూలం ప్రవిశన్తం మహాబలమ్.\n\nనగరీ స్వేన రూపేణ దదర్శ పవనాత్మజమ్৷৷5.3.20৷৷\n\n"
    },
    {
        "sloka": "సా తం హరివరం దృష్ట్వా లఙ్కా రావణపాలితా.\n\nస్వయమేవోత్థితా తత్ర వికృతాననదర్శనా৷৷5.3.21৷৷\n\n"
    },
    {
        "sloka": "పురస్తాత్కపివర్యస్య వాయుసూనోరతిష్ఠత.\n\nముఞ్చమానా మహానాదమబ్రవీత్పవనాత్మజమ్৷৷5.3.22৷৷\n\n"
    },
    {
        "sloka": "కస్త్వం కేన చ కార్యేణ ఇహ ప్రాప్తో వనాలయ.\n\nకథయస్వేహ యత్తత్త్వం యావత్ప్రాణా ధరన్తి తే৷৷5.3.23৷৷\n\n"
    },
    {
        "sloka": "న శక్యం ఖల్వియం లఙ్కా ప్రవేష్టుం వానర త్వయా.\n\nరక్షితా రావణబలైరభిగుప్తా సమన్తతః৷৷5.3.24৷৷\n\n"
    },
    {
        "sloka": "అథ తామబ్రవీద్వీరో హనుమానగ్రతః స్థితామ్.\n\nకథయిష్యామి తే తత్త్వం యన్మాం త్వం పరిపృచ్ఛసి৷৷5.3.25৷৷\n\n"
    },
    {
        "sloka": "కా త్వం విరూపనయనా పురద్వారేవతిష్ఠసి.\n\nకిమర్థం చాపి మాం రుద్ధ్వా నిర్భర్త్సయసి దారుణా৷৷5.3.26৷৷\n\n"
    },
    {
        "sloka": "హనుమద్వచనం శ్రుత్వా లఙ్కా సా కామరూపిణీ.\n\nఉవాచ వచనం క్రుద్ధా పరుషం పవనాత్మజమ్৷৷5.3.27৷৷\n\n"
    },
    {
        "sloka": "అహం రాక్షసరాజస్య రావణస్య మహాత్మనః.\n\nఆజ్ఞాప్రతీక్షా దుర్ధర్షా రక్షామి నగరీమిమామ్৷৷5.3.28৷৷\n\n"
    },
    {
        "sloka": "న శక్యా మామవజ్ఞాయ ప్రవేష్టుం నగరీ త్వయా.\n\nఅద్య ప్రాణైః పరిత్యక్తః స్వప్స్యసే నిహతో మయా৷৷5.3.29৷৷\n\n"
    },
    {
        "sloka": "అహం హి నగరీ లఙ్కా స్వయమేవ ప్లవఙ్గమ.\n\nసర్వతః పరిరక్షామి హ్యేతత్తే కథితం మయా৷৷5.3.30৷৷\n\n"
    },
    {
        "sloka": "లఙ్కాయా వచనం శ్రుత్వా హనుమాన్ మారుతాత్మజః.\n\nయత్నవాన్స హరిశ్రేష్ఠః స్థితశ్శైల ఇవాపరః৷৷5.3.31৷৷\n\n"
    },
    {
        "sloka": "స తాం స్త్రీరూపవికృతాం దృష్టవా వానరపుఙ్గవః.\n\nఆబభాషేథ మేధావీ సత్త్వవాన్ ప్లవగర్షభః৷৷5.3.32৷৷\n\n"
    },
    {
        "sloka": "ద్రక్ష్యామి నగరీం లఙ్కాం సాట్టప్రాకారతోరణామ్.\n\nనిర్విశఙ్కమిమంలోకం పశ్యన్త్యాస్తవసాంప్రతమ్.\n\nఇత్యర్థమిహ సంప్రాప్తః పరం కౌతూహలం హి మే৷৷5.3.33৷৷\n\n"
    },
    {
        "sloka": "వనాన్యుపవనానీహ లఙ్కాయాః కాననాని చ.\n\nసర్వతో గృహముఖ్యాని ద్రష్టుమాగమనం హి మే৷৷5.3.34৷৷\n\n"
    },
    {
        "sloka": "తస్య తద్వచనం శ్రుత్వా లఙ్కా సా కామరూపిణీ.\n\nభూయ ఏవ పునర్వాక్యం బభాషే పరుషాక్షరమ్৷৷5.3.35৷৷\n\n"
    },
    {
        "sloka": "మామనిర్జిత్య దుర్బుద్ధే రాక్షసేశ్వరపాలితాం.\n\nన శక్యమద్య తే ద్రష్టుం పురీయం వానరాధమ৷৷5.3.36৷৷\n\n"
    },
    {
        "sloka": "తతః స కపిశార్దూలస్తామువాచ నిశాచరీమ్.\n\nదృష్ట్వా పురీమిమాం భద్రే పునర్యాస్యే యథాగతమ్৷৷5.3.37৷৷\n\n"
    },
    {
        "sloka": "తతః కృత్వా మహానాదం సా వై లఙ్కా భయావహమ్.\n\nతలేన వానరశ్రేష్ఠం తాడయామాస వేగితా৷৷5.3.38৷৷\n\n"
    },
    {
        "sloka": "తతః స కపిశార్దూలో లఙ్కయా తాడితో భృశమ్.\n\nననాద సుమహానాదం వీర్యవాన్ పవనాత్మజః৷৷5.3.39৷৷\n\n"
    },
    {
        "sloka": "తతః సంవర్తయామాస వామహస్తస్య సోఙ్గులీః.\n\nముష్టినాభిజఘానైనాం హనుమాన్ క్రోధమూర్ఛితః৷৷5.3.40৷৷\n\nస్త్రీ చేతి మన్యమానేన నాతిక్రోధః స్వయం కృతః.\n\n"
    },
    {
        "sloka": "సా తు తేన ప్రహారేణ విహ్వలాఙ్గీ నిశాచరీ৷৷5.3.41৷৷\n\nపపాత సహసా భూమౌ వికృతాననదర్శనా.\n\n"
    },
    {
        "sloka": "తతస్తు హనుమాన్ ప్రాజ్ఞస్తాం దృష్ట్వా వినిపాతితామ్৷৷5.3.42৷৷\n\nకృపాం చకార తేజస్వీ మన్యమానః స్త్రియం తు తామ్.\n\n"
    },
    {
        "sloka": "తతో వై భృశసంవిగ్నా లఙ్కా సా గద్గదాక్షరమ్৷৷5.3.43৷৷\n\nఉవాచాగర్వితం వాక్యం హనూమన్తం ప్లవఙ్గమమ్.\n\n"
    },
    {
        "sloka": "ప్రసీద సుమహాబాహో త్రాయస్వ హరిసత్తమ ৷৷5.3.44৷৷\n\nసమయే సౌమ్య తిష్ఠన్తి సత్త్వవన్తో మహాబలాః.\n\n"
    },
    {
        "sloka": "అహం తు నగరీ లఙ్కా స్వయమేవ ప్లవఙ్గమ৷৷5.3.45৷৷\n\nనిర్జితాహం త్వయా వీర విక్రమేణ మహాబల.\n\n"
    },
    {
        "sloka": "ఇదం తు తథ్యం శృణు వై బ్రువన్త్యా మే హరీశ్వర৷৷5.3.46৷৷\n\nస్వయంభువా పురా దత్తం వరదానం యథా మమ.\n\n"
    },
    {
        "sloka": "యదా త్వాం వానరః కశ్చిద్విక్రమాద్వశమానయేత్৷৷5.3.47৷৷\n\nతదా త్వయా హి విజ్ఞేయం రక్షసాం భయమాగతమ్.\n\n"
    },
    {
        "sloka": "స హి మే సమయః సౌమ్య ప్రాప్తోద్య తవ దర్శనాత్৷৷5.3.48৷৷\n\nస్వయంభూ విహితః సత్యో న తస్యాస్తి వ్యతిక్రమః.\n\n"
    },
    {
        "sloka": "సీతానిమిత్తం రాజ్ఞస్తు రావణస్య దురాత్మనః৷৷5.3.49৷৷\n\nరక్షసాం చైవ సర్వేషాం వినాశః సముపాగతః.\n\n"
    },
    {
        "sloka": "తత్ప్రవిశ్య హరిశ్రేష్ఠ పురీం రావణపాలితామ్৷৷5.3.50৷৷\n\nవిధత్స్వ సర్వకార్యాణి యాని యానీహ వాఞ్ఛసి.\n\n"
    },
    {
        "sloka": "ప్రవిశ్య శాపోపహతాం హరీశ్వర శుభాం పురీం రాక్షసముఖ్యపాలితామ్.\n\nయదృచ్ఛయా త్వం జనకాత్మజాం సతీం విమార్గ సర్వత్ర గతో యథాసుఖమ్৷৷5.3.51৷৷\n\n"
    }
]