[
    {
        "sloka": "[On the command of Ravana Prahasta enquires Hanuman the purpose of his visit -- Hanuman reveals that he is a vanara and a messenger of Rama.] \n\nతముద్వీక్ష్య మహాబాహుః పిఙ్గాక్షం పురత స్థితమ్.\n\nకోపేన మహతావిష్టో రావణో లోకరావణః৷৷5.50.1৷৷\n\nశఙ్కాహృతాత్మా దధ్యౌ స కపీన్ద్రం తేజసావృతమ్.\n\n"
    },
    {
        "sloka": "కిమేష భగవాన్నన్దీ భవేత్సాక్షాదిహాగతః৷৷5.50.2৷৷\n\nయేన శప్తోస్మి కైలాసే మయా సఞ్చాలితే పురా.\n\nసోయం వానరమూర్తిస్స్యాత్కింస్విద్బాణో మహాసురః৷৷5.50.3৷৷\n\n"
    },
    {
        "sloka": "స రాజా రోషతామ్రాక్షః ప్రహస్తం మన్త్రిసత్తమమ్.\n\nకాలయుక్తమువాచేదం వచోవిపులమర్థవత్৷৷5.50.4৷৷\n\n"
    },
    {
        "sloka": "దురాత్మా పృచ్ఛ్యతామేష కుతః కిం వాత్ర కారణమ్.\n\nవనభఙ్గే చ కోస్యార్థో రాక్షసీనాం చ తర్జనే৷৷5.50.5৷৷\n\n"
    },
    {
        "sloka": "మత్పురీమప్రధృష్యాం వాగమనే కిం ప్రయోజనమ్.\n\nఆయోధనే వా కిం కార్యం పృచ్ఛయతామేష దుర్మతిః৷৷5.50.6৷৷\n\n"
    },
    {
        "sloka": "రావణస్య వచశ్శ్రుత్వా ప్రహస్తో వాక్యమబ్రవీత్.\n\nసమాశ్వసిహి భద్రం తే న భీః కార్యా త్వయా కపే৷৷5.50.7৷৷\n\n"
    },
    {
        "sloka": "యది తావత్త్వమిన్ద్రేణ ప్రేషితో రావణాలయమ్.\n\nతత్త్వమాఖ్యాహి మా భూత్తే భయం వానర మోక్ష్యసే৷৷5.50.8৷৷\n\n"
    },
    {
        "sloka": "యది వైశ్రవణస్య త్వం యమస్య వరుణస్య చ.\n\nచారరూపమిదం కృత్వా ప్రవిష్టో నః పురీమిమామ్৷৷5.50.9৷৷\n\nవిష్ణునా ప్రేషితో వాపి దూతో విజయకాఙ్క్షిణా.\n\n"
    },
    {
        "sloka": "న హి తే వానరం తేజో రూపమాత్రం తు వానరమ్৷৷5.50.10৷৷\n\nతత్త్వత: కథయస్వాద్య తతో వానర మోక్ష్యసే.\n\n"
    },
    {
        "sloka": "అనృతం వదతశ్చాపి దుర్లభం తవ జీవితమ్৷৷5.50.11৷৷\n\nఅథవా యన్నిమిత్తస్తే ప్రవేశో రావణాలయే.\n\n"
    },
    {
        "sloka": "ఏవముక్తో హరిశ్రేష్ఠస్తదా రక్షోగణేశ్వరమ్৷৷5.50.12৷৷\n\nఅబ్రవీన్నాస్మి శక్రస్య యమస్య వరుణస్య వా.\n\nధనదేన న మే సఖ్యం విష్ణునా నాస్మి చోదితః৷৷5.50.13৷৷\n\nజాతిరేవ మమ త్వేషా వానరోహమిహాగతః.\n\n"
    },
    {
        "sloka": "దర్శనే రాక్షసేన్ద్రస్య దుర్లభే తదిదం మయా৷৷5.50.14৷৷\n\nవనం రాక్షసరాజస్య దర్శనార్థే వినాశితమ్.\n\n"
    },
    {
        "sloka": "తతస్తే రాక్షసాః ప్రాప్తా బలినో యుద్ధకాఙ్క్షిణః.\n\nరక్షణార్థం తు దేహస్య ప్రతియుద్ధా మయా రణే৷৷5.50.15৷৷\n\n"
    },
    {
        "sloka": "అస్త్రపాశైర్న శక్యోహం బద్ధుం దేవాసురైరపి৷৷5.50.16৷৷\n\nపితామహాదేష వరో మామాప్యేషోభ్యుపాగతః.\n\n"
    },
    {
        "sloka": "రాజానం ద్రష్టుకామేన మయాస్త్రమనువర్తితమ్৷৷5.50.17৷৷\n\nవిముక్తో హ్యహమస్త్రేణ రాక్షసైస్త్వభిపీడితః.\n\nకేనచిద్రాజకార్యేణ సమ్ప్రాప్తోస్మి తవాన్తికమ్৷৷5.50.18৷৷\n\n"
    },
    {
        "sloka": "దూతోహమితి విజ్ఞేయో రాఘవస్యామితౌజసః.\n\nశ్రూయతాం చాపి వచనం మమ పథ్యమిదం ప్రభో৷৷5.50.19৷৷\n\n"
    },
    {
        "sloka": "[On the command of Ravana Prahasta enquires Hanuman the purpose of his visit -- Hanuman reveals that he is a vanara and a messenger of Rama.] \n\nతముద్వీక్ష్య మహాబాహుః పిఙ్గాక్షం పురత స్థితమ్.\n\nకోపేన మహతావిష్టో రావణో లోకరావణః৷৷5.50.1৷৷\n\nశఙ్కాహృతాత్మా దధ్యౌ స కపీన్ద్రం తేజసావృతమ్.\n\n"
    },
    {
        "sloka": "కిమేష భగవాన్నన్దీ భవేత్సాక్షాదిహాగతః৷৷5.50.2৷৷\n\nయేన శప్తోస్మి కైలాసే మయా సఞ్చాలితే పురా.\n\nసోయం వానరమూర్తిస్స్యాత్కింస్విద్బాణో మహాసురః৷৷5.50.3৷৷\n\n"
    },
    {
        "sloka": "స రాజా రోషతామ్రాక్షః ప్రహస్తం మన్త్రిసత్తమమ్.\n\nకాలయుక్తమువాచేదం వచోవిపులమర్థవత్৷৷5.50.4৷৷\n\n"
    },
    {
        "sloka": "దురాత్మా పృచ్ఛ్యతామేష కుతః కిం వాత్ర కారణమ్.\n\nవనభఙ్గే చ కోస్యార్థో రాక్షసీనాం చ తర్జనే৷৷5.50.5৷৷\n\n"
    },
    {
        "sloka": "మత్పురీమప్రధృష్యాం వాగమనే కిం ప్రయోజనమ్.\n\nఆయోధనే వా కిం కార్యం పృచ్ఛయతామేష దుర్మతిః৷৷5.50.6৷৷\n\n"
    },
    {
        "sloka": "రావణస్య వచశ్శ్రుత్వా ప్రహస్తో వాక్యమబ్రవీత్.\n\nసమాశ్వసిహి భద్రం తే న భీః కార్యా త్వయా కపే৷৷5.50.7৷৷\n\n"
    },
    {
        "sloka": "యది తావత్త్వమిన్ద్రేణ ప్రేషితో రావణాలయమ్.\n\nతత్త్వమాఖ్యాహి మా భూత్తే భయం వానర మోక్ష్యసే৷৷5.50.8৷৷\n\n"
    },
    {
        "sloka": "యది వైశ్రవణస్య త్వం యమస్య వరుణస్య చ.\n\nచారరూపమిదం కృత్వా ప్రవిష్టో నః పురీమిమామ్৷৷5.50.9৷৷\n\nవిష్ణునా ప్రేషితో వాపి దూతో విజయకాఙ్క్షిణా.\n\n"
    },
    {
        "sloka": "న హి తే వానరం తేజో రూపమాత్రం తు వానరమ్৷৷5.50.10৷৷\n\nతత్త్వత: కథయస్వాద్య తతో వానర మోక్ష్యసే.\n\n"
    },
    {
        "sloka": "అనృతం వదతశ్చాపి దుర్లభం తవ జీవితమ్৷৷5.50.11৷৷\n\nఅథవా యన్నిమిత్తస్తే ప్రవేశో రావణాలయే.\n\n"
    },
    {
        "sloka": "ఏవముక్తో హరిశ్రేష్ఠస్తదా రక్షోగణేశ్వరమ్৷৷5.50.12৷৷\n\nఅబ్రవీన్నాస్మి శక్రస్య యమస్య వరుణస్య వా.\n\nధనదేన న మే సఖ్యం విష్ణునా నాస్మి చోదితః৷৷5.50.13৷৷\n\nజాతిరేవ మమ త్వేషా వానరోహమిహాగతః.\n\n"
    },
    {
        "sloka": "దర్శనే రాక్షసేన్ద్రస్య దుర్లభే తదిదం మయా৷৷5.50.14৷৷\n\nవనం రాక్షసరాజస్య దర్శనార్థే వినాశితమ్.\n\n"
    },
    {
        "sloka": "తతస్తే రాక్షసాః ప్రాప్తా బలినో యుద్ధకాఙ్క్షిణః.\n\nరక్షణార్థం తు దేహస్య ప్రతియుద్ధా మయా రణే৷৷5.50.15৷৷\n\n"
    },
    {
        "sloka": "అస్త్రపాశైర్న శక్యోహం బద్ధుం దేవాసురైరపి৷৷5.50.16৷৷\n\nపితామహాదేష వరో మామాప్యేషోభ్యుపాగతః.\n\n"
    },
    {
        "sloka": "రాజానం ద్రష్టుకామేన మయాస్త్రమనువర్తితమ్৷৷5.50.17৷৷\n\nవిముక్తో హ్యహమస్త్రేణ రాక్షసైస్త్వభిపీడితః.\n\nకేనచిద్రాజకార్యేణ సమ్ప్రాప్తోస్మి తవాన్తికమ్৷৷5.50.18৷৷\n\n"
    },
    {
        "sloka": "దూతోహమితి విజ్ఞేయో రాఘవస్యామితౌజసః.\n\nశ్రూయతాం చాపి వచనం మమ పథ్యమిదం ప్రభో৷৷5.50.19৷৷\n\n"
    }
]