[
    {
        "sloka": "[Sita further appeals to Hanuman]\n\nమణిం దత్త్వా తతః సీతా హనూమన్తమథాబ్రవీత్.\n\nఅభిజ్ఞానమభిజ్ఞాతమేతద్రామస్య తత్త్వతః৷৷5.39.1৷৷\n\n"
    },
    {
        "sloka": "మణిం తు దృష్ట్వా రామో వై త్రయాణాం సంస్మరిష్యతి.\n\nవీరో జనన్యా మమ చ రాజ్ఞో దశరథస్య చ৷৷5.39.2৷৷\n\n"
    },
    {
        "sloka": "స భూయస్త్వం సముత్సాహే చోదితో హరిసత్తమ.\n\nఅస్మిన్కార్యసమారమ్భే ప్రచిన్తయ యదుత్తరమ్৷৷5.39.3৷৷\n\n"
    },
    {
        "sloka": "త్వమస్మిన్కార్యనిర్యోగే ప్రమాణం హరిసత్తమ.\n\nహనుమన్యత్నమాస్థాయ దుఃఖక్షయకరో భవ৷৷5.39.4৷৷\n\nతస్య చిన్తయతో యత్నో దుఃఖక్షయకరో భవేత్.\n\n"
    },
    {
        "sloka": "స తథేతి ప్రతిజ్ఞాయ మారుతిర్భీమవిక్రమః৷৷5.39.5৷৷\n\nశిరసా వన్ధ్య వైదేహీం గమనాయోపచక్రమే.\n\n"
    },
    {
        "sloka": "జ్ఞాత్వా సమ్ప్రస్థితం దేవీ వానరం మారుతాత్మజమ్৷৷5.39.6৷৷\n\nబాష్పగద్గదయా వాచా మైథిలీ వాక్యమబ్రవీత్.\n\n"
    },
    {
        "sloka": "కుశలం హనుమన్బ్రూయాః సహితౌ రామలక్ష్మణౌ৷৷5.39.7৷৷\n\nసుగ్రీవం చ సహామాత్యం వృద్ధాన్ సర్వాంశ్చ వానరాన్.\n\nబ్రూయాస్త్వం వానరశ్రేష్ఠ కుశలం ధర్మసంహితమ్৷৷5.39.8৷৷\n\n"
    },
    {
        "sloka": "యథా స చ మహాబాహుర్మాం తారయతి రాఘవః.\n\nఅస్మాద్ధుఃఖామ్బుసంరోధాత్త్వం సమాధాతుమర్హసి৷৷5.39.9৷৷\n\n"
    },
    {
        "sloka": "జీవన్తీం మాం యథా రామః సమ్భావయతి కీర్తిమాన్.\n\nతత్తథా హనుమన్వాచ్యం వాచా ధర్మమవాప్నుహి৷৷5.39.10৷৷\n\n"
    },
    {
        "sloka": "నిత్యముత్సాహయుక్తాశ్చ వాచశ్రుత్వా త్వయేరితాః.\n\nవర్ధిష్యతే దాశరథేః పౌరుషం మదవాప్తయే৷৷5.39.11৷৷\n\n"
    },
    {
        "sloka": "మత్సన్దేశయుతా వాచస్త్వత్తశ్శ్రుత్వా చ రాఘవః.\n\nపరాక్రమవిధిం వీరో విధివత్సంవిధాస్యతి৷৷5.39.12৷৷\n\n"
    },
    {
        "sloka": "సీతాయా వచనం శ్రుత్వా హనుమాన్మారుతాత్మజః.\n\nశిరస్యఞ్జలిమాధాయ వాక్యముత్తరమబ్రవీత్৷৷5.39.13৷৷\n\n"
    },
    {
        "sloka": "క్షిప్రమేష్యతి కాకుత్స్థో హార్యృక్షప్రవరైర్వృతః.\n\nయస్తే యుధి విజిత్యారీన్శోకం వ్యపనయిష్యతి৷৷5.39.14৷৷\n\n"
    },
    {
        "sloka": "న హి పశ్యామి మర్త్యేషు నాసురేషు సురేషు వా.\n\nయస్తస్య క్షిపతో బాణాన్స్థాతుముత్సహతేగ్రతః৷৷5.39.15৷৷\n\n"
    },
    {
        "sloka": "అప్యర్కమపి పర్జన్యమపి వైవస్వతం యమమ్.\n\nస హి సోఢుం రణే శక్తస్తవ హేతోర్విశేషతః৷৷5.39.16৷৷\n\n"
    },
    {
        "sloka": "స హి సాగరపర్యన్తాం మహీం శాసితుమీహతి.\n\nత్వన్నిమిత్తో హి రామస్య జయో జనకనన్దిని৷৷5.39.17৷৷\n\n"
    },
    {
        "sloka": "తస్య తద్వచనం శ్రుత్వా సమ్యక్సత్యం సుభాషితమ్.\n\nజానకీ బహుమేనేథ వచనం చేదమబ్రవీత్৷৷5.39.18৷৷\n\n"
    },
    {
        "sloka": "తతస్తం ప్రస్థితం సీతా వీక్షమాణా పునః పునః.\n\nభర్తృస్నేహాన్వితం వాక్యం సౌహార్దాదనుమానయత్৷৷5.39.19৷৷\n\n"
    },
    {
        "sloka": "యది వా మన్యసే వీర వసైకాహమరిన్దమ.\n\nకస్మింశ్చిత్సంవృతే దేశే విశ్రాన్తఃశ్వో గమిష్యసి৷৷5.39.20৷৷\n\n"
    },
    {
        "sloka": "మమ చేదల్పభాగ్యాయా సాన్నిధ్యాత్తవ వానర.\n\nఅస్య శోకస్య మహతో ముహూర్తం మోక్షణం భవేత్৷৷5.39.21৷৷\n\n"
    },
    {
        "sloka": "గతే హి హరిశార్దూల పునరాగమనాయ తు.\n\nప్రాణానామపి సన్దేహో మమ స్యాన్నాత్ర సంశయః৷৷5.39.22৷৷\n\n"
    },
    {
        "sloka": "తవాదర్శనజః శోకో భూయో మాం పరితాపయేత్.\n\nదుఃఖాద్ధుఃఖపరామృష్టాం దీపయన్నివ వానర৷৷5.39.23৷৷\n\n"
    },
    {
        "sloka": "అయం చ వీర సన్దేహస్తిష్ఠతీవ మమాగ్రతః.\n\nసుమహాంస్త్వత్సహాయేషు హర్యృక్షేషు హరీశ్వరః৷৷5.39.24৷৷\n\n"
    },
    {
        "sloka": "కథం ను ఖలు దుష్పారం తరిష్యన్తి మహోదధిమ్.\n\nతాని హర్యృక్షసైన్యాని తౌ వా నరవరాత్మజౌ৷৷5.39.25৷৷\n\n"
    },
    {
        "sloka": "త్రయాణామేవ భూతానాం సాగరస్యాస్య లఙ్ఘనే.\n\nశక్తిస్స్యాద్వైనతేయస్య తవ వా మారుతస్య వా৷৷5.39.26৷৷\n\n"
    },
    {
        "sloka": "తదస్మిన్కార్యనిర్యోగే వీరైవం దురతిక్రమే.\n\nకిం పశ్యసి సమాధానం త్వం హి కార్యవిదాం వరః৷৷5.39.27৷৷\n\n"
    },
    {
        "sloka": "కామమస్య త్వమేవైకః కార్యస్య పరిసాధనే.\n\nపర్యాప్తః పరవీరఘ్న యశస్యస్తే ఫలోదయః৷৷5.39.28৷৷\n\n"
    },
    {
        "sloka": "బలైస్సమగ్రైర్యది మాం రావణం జిత్య సంయుగే.\n\nవిజయీ స్వపురం యాయాత్తత్తస్య సదృశం భవేత్৷৷5.39.29৷৷\n\n"
    },
    {
        "sloka": "శరైస్తు సఙ్కులాం కృత్వా లఙ్కాం పరబలార్దనః.\n\nమాం నయేద్యది కాకుత్స్థః తత్తస్య సదృశం భవేత్৷৷5.39.30৷৷\n\n"
    },
    {
        "sloka": "తద్యథా తస్య విక్రాన్తమనురూపం మహాత్మనః.\n\nభవేదాహవశూరస్య తథా త్వముపపాదయ৷৷5.39.31৷৷\n\n"
    },
    {
        "sloka": "తదర్థోపహితం వాక్యం ప్రశ్రితం హేతుసంహితమ్.\n\nనిశమ్య హనుమాన్శేషం వాక్యముత్తరమబ్రవీత్৷৷5.39.32৷৷\n\n"
    },
    {
        "sloka": "దేవి హర్యృక్షసైన్యానామీశ్వరః ప్లవతాం వరః.\n\nసుగ్రీవస్సత్త్వసమ్పన్నస్తవార్థే కృతనిశ్చయః৷৷5.39.33৷৷\n\n"
    },
    {
        "sloka": "స వానరసహస్రాణాం కోటీభిరభిసంవృతః.\n\nక్షిప్రమేష్యతి వైదేహి రాక్షసానాం నిబర్హణః৷৷5.39.34৷৷\n\n"
    },
    {
        "sloka": "తస్య విక్రమసమ్పన్నాస్సత్త్వవన్తో మహాబలాః.\n\nమనస్సఙ్కల్పసమ్పాతా నిదేశే హరయః స్థితాః৷৷5.39.35৷৷\n\n"
    },
    {
        "sloka": "యేషాం నోపరి నాధస్తాన్న తిర్యక్సజ్జతే గతిః.\n\nన చ కర్మసు సీదన్తి మహత్స్వమితతేజసః৷৷5.39.36৷৷\n\n"
    },
    {
        "sloka": "అసకృత్తైర్మహోత్సాహైస్ససాగరధరాధరా.\n\nప్రదక్షిణీకృతా భూమిర్వాయుమార్గానుసారిభిః৷৷5.39.37৷৷\n\n"
    },
    {
        "sloka": "మద్విశిష్టాశ్చ తుల్యాశ్చ సన్తి తత్ర వనౌకసః.\n\nమత్తః ప్రత్యవరః కశ్చిన్నాస్తి సుగ్రీవసన్నిధౌ৷৷5.39.38৷৷\n\n"
    },
    {
        "sloka": "అహం తావదిహ ప్రాప్తః కిం పునస్తే మహాబలాః.\n\nన హి ప్రకృష్టాః ప్రేష్యన్తే ప్రేష్యన్తే హీతరే జనాః৷৷5.39.39৷৷\n\n"
    },
    {
        "sloka": "తదలం పరితాపేన దేవి శోకో వ్యపైతు తే.\n\nఏకోత్పాతేన తే లఙ్కామేష్యన్తి హరియూథపాః৷৷5.39.40৷৷\n\n"
    },
    {
        "sloka": "మమ పృష్ఠగతౌ తౌ చ చన్ద్రసూర్యావివోదితౌ.\n\nత్వత్సకాశం మహాసత్త్వౌ నృసింహావాగమిష్యతః৷৷5.39.41৷৷\n\n"
    },
    {
        "sloka": "తతో వీరౌ నరవరౌ సహితౌ రామలక్ష్మణౌ.\n\nఆగమ్య నగరీం లఙ్కాం సాయకైర్విధమిష్యతః৷৷5.39.42৷৷\n\n"
    },
    {
        "sloka": "సగణం రావణం హత్త్వా రాఘవో రఘునన్దనః.\n\nత్వామాదాయ వరారోహే స్వపురీం ప్రతియాస్యతి৷৷5.39.43৷৷\n\n"
    },
    {
        "sloka": "తదాశ్వసిహి భద్రం తే భవ త్వం కాలకాఙ్క్షిణీ.\n\nనచిరాద్ద్రక్ష్యసే రామం ప్రజ్వలన్తమివానలమ్৷৷5.39.44৷৷\n\n"
    },
    {
        "sloka": "నిహతే రాక్షసేన్ద్రేస్మిన్సపుత్రామాత్యబాన్ధవే.\n\nత్వం సమేష్వసి రామేణ శశాఙ్కేనేవ రోహిణీ৷৷5.39.45৷৷\n\n"
    },
    {
        "sloka": "క్షిప్రం త్వం దేవి శోకస్య పారం యాస్యసి మైథిలి.\n\nరావణం చైవ రామేణ నిహతం ద్రక్ష్యసేచిరాత్৷৷5.39.46৷৷\n\n"
    },
    {
        "sloka": "ఏవమాశ్వాస్య వైదేహీం హనుమాన్మారుతాత్మజః.\n\nగమనాయ మతిం కృత్వా వైదేహీం పునరబ్రవీత్৷৷5.39.47৷৷\n\n"
    },
    {
        "sloka": "తమరిఘ్నం కృతాత్మానం క్షిప్రం ద్రక్ష్యసి రాఘవమ్.\n\nలక్ష్మణం చ ధనుష్పాణిం లఙ్కాద్వారముపాగతమ్৷৷5.39.48৷৷\n\n"
    },
    {
        "sloka": "నఖదంష్ట్రాయుధాన్వీరాన్సిమ్హశార్దూలవిక్రమాన్.\n\nవానరాన్వారణేన్ద్రాభాన్క్షిప్రం ద్రక్ష్యసి సఙ్గతాన్৷৷5.39.49৷৷\n\n"
    },
    {
        "sloka": "శైలామ్బుదనికాశానాం లఙ్కామలయసానుషు.\n\nనర్దతాం కపిముఖ్యానామార్యే యూధాన్యనేకశః৷৷5.39.50৷৷\n\n"
    },
    {
        "sloka": "స తు మర్మణి ఘోరేణ తాడితో మన్మథేషుణా.\n\nన శర్మ లభతే రామస్సింహార్ధిత ఇవ ద్విపః৷৷5.39.51৷৷\n\n"
    },
    {
        "sloka": "మా రుదో దేవి శోకేన మాభూత్తే మనసోప్రియమ్.      \n\nశచీవ పత్యా శక్రేణ భర్త్రా నాథవతీ హ్యసి৷৷5.39.52৷৷\n\n"
    },
    {
        "sloka": "రామాద్విశిష్టః కోన్యోస్తి కశ్చిత్సౌమిత్రిణా సమః.\n\nఅగ్నిమారుతకల్పౌ తౌ భ్రాతరౌ తవ సంశ్రయౌ৷৷5.39.53৷৷\n\n"
    },
    {
        "sloka": "నాస్మింశ్చిరం వత్స్యసి దేవి దేశే రక్షోగణైరధ్యుషితేతిరౌద్రే.\n\nన తే చిరాదామగమనం ప్రియస్య క్షమస్వ మత్సఙ్గమకాలమాత్రమ్৷৷5.39.54৷৷\n\n"
    },
    {
        "sloka": "[Sita further appeals to Hanuman]\n\nమణిం దత్త్వా తతః సీతా హనూమన్తమథాబ్రవీత్.\n\nఅభిజ్ఞానమభిజ్ఞాతమేతద్రామస్య తత్త్వతః৷৷5.39.1৷৷\n\n"
    },
    {
        "sloka": "మణిం తు దృష్ట్వా రామో వై త్రయాణాం సంస్మరిష్యతి.\n\nవీరో జనన్యా మమ చ రాజ్ఞో దశరథస్య చ৷৷5.39.2৷৷\n\n"
    },
    {
        "sloka": "స భూయస్త్వం సముత్సాహే చోదితో హరిసత్తమ.\n\nఅస్మిన్కార్యసమారమ్భే ప్రచిన్తయ యదుత్తరమ్৷৷5.39.3৷৷\n\n"
    },
    {
        "sloka": "త్వమస్మిన్కార్యనిర్యోగే ప్రమాణం హరిసత్తమ.\n\nహనుమన్యత్నమాస్థాయ దుఃఖక్షయకరో భవ৷৷5.39.4৷৷\n\nతస్య చిన్తయతో యత్నో దుఃఖక్షయకరో భవేత్.\n\n"
    },
    {
        "sloka": "స తథేతి ప్రతిజ్ఞాయ మారుతిర్భీమవిక్రమః৷৷5.39.5৷৷\n\nశిరసా వన్ధ్య వైదేహీం గమనాయోపచక్రమే.\n\n"
    },
    {
        "sloka": "జ్ఞాత్వా సమ్ప్రస్థితం దేవీ వానరం మారుతాత్మజమ్৷৷5.39.6৷৷\n\nబాష్పగద్గదయా వాచా మైథిలీ వాక్యమబ్రవీత్.\n\n"
    },
    {
        "sloka": "కుశలం హనుమన్బ్రూయాః సహితౌ రామలక్ష్మణౌ৷৷5.39.7৷৷\n\nసుగ్రీవం చ సహామాత్యం వృద్ధాన్ సర్వాంశ్చ వానరాన్.\n\nబ్రూయాస్త్వం వానరశ్రేష్ఠ కుశలం ధర్మసంహితమ్৷৷5.39.8৷৷\n\n"
    },
    {
        "sloka": "యథా స చ మహాబాహుర్మాం తారయతి రాఘవః.\n\nఅస్మాద్ధుఃఖామ్బుసంరోధాత్త్వం సమాధాతుమర్హసి৷৷5.39.9৷৷\n\n"
    },
    {
        "sloka": "జీవన్తీం మాం యథా రామః సమ్భావయతి కీర్తిమాన్.\n\nతత్తథా హనుమన్వాచ్యం వాచా ధర్మమవాప్నుహి৷৷5.39.10৷৷\n\n"
    },
    {
        "sloka": "నిత్యముత్సాహయుక్తాశ్చ వాచశ్రుత్వా త్వయేరితాః.\n\nవర్ధిష్యతే దాశరథేః పౌరుషం మదవాప్తయే৷৷5.39.11৷৷\n\n"
    },
    {
        "sloka": "మత్సన్దేశయుతా వాచస్త్వత్తశ్శ్రుత్వా చ రాఘవః.\n\nపరాక్రమవిధిం వీరో విధివత్సంవిధాస్యతి৷৷5.39.12৷৷\n\n"
    },
    {
        "sloka": "సీతాయా వచనం శ్రుత్వా హనుమాన్మారుతాత్మజః.\n\nశిరస్యఞ్జలిమాధాయ వాక్యముత్తరమబ్రవీత్৷৷5.39.13৷৷\n\n"
    },
    {
        "sloka": "క్షిప్రమేష్యతి కాకుత్స్థో హార్యృక్షప్రవరైర్వృతః.\n\nయస్తే యుధి విజిత్యారీన్శోకం వ్యపనయిష్యతి৷৷5.39.14৷৷\n\n"
    },
    {
        "sloka": "న హి పశ్యామి మర్త్యేషు నాసురేషు సురేషు వా.\n\nయస్తస్య క్షిపతో బాణాన్స్థాతుముత్సహతేగ్రతః৷৷5.39.15৷৷\n\n"
    },
    {
        "sloka": "అప్యర్కమపి పర్జన్యమపి వైవస్వతం యమమ్.\n\nస హి సోఢుం రణే శక్తస్తవ హేతోర్విశేషతః৷৷5.39.16৷৷\n\n"
    },
    {
        "sloka": "స హి సాగరపర్యన్తాం మహీం శాసితుమీహతి.\n\nత్వన్నిమిత్తో హి రామస్య జయో జనకనన్దిని৷৷5.39.17৷৷\n\n"
    },
    {
        "sloka": "తస్య తద్వచనం శ్రుత్వా సమ్యక్సత్యం సుభాషితమ్.\n\nజానకీ బహుమేనేథ వచనం చేదమబ్రవీత్৷৷5.39.18৷৷\n\n"
    },
    {
        "sloka": "తతస్తం ప్రస్థితం సీతా వీక్షమాణా పునః పునః.\n\nభర్తృస్నేహాన్వితం వాక్యం సౌహార్దాదనుమానయత్৷৷5.39.19৷৷\n\n"
    },
    {
        "sloka": "యది వా మన్యసే వీర వసైకాహమరిన్దమ.\n\nకస్మింశ్చిత్సంవృతే దేశే విశ్రాన్తఃశ్వో గమిష్యసి৷৷5.39.20৷৷\n\n"
    },
    {
        "sloka": "మమ చేదల్పభాగ్యాయా సాన్నిధ్యాత్తవ వానర.\n\nఅస్య శోకస్య మహతో ముహూర్తం మోక్షణం భవేత్৷৷5.39.21৷৷\n\n"
    },
    {
        "sloka": "గతే హి హరిశార్దూల పునరాగమనాయ తు.\n\nప్రాణానామపి సన్దేహో మమ స్యాన్నాత్ర సంశయః৷৷5.39.22৷৷\n\n"
    },
    {
        "sloka": "తవాదర్శనజః శోకో భూయో మాం పరితాపయేత్.\n\nదుఃఖాద్ధుఃఖపరామృష్టాం దీపయన్నివ వానర৷৷5.39.23৷৷\n\n"
    },
    {
        "sloka": "అయం చ వీర సన్దేహస్తిష్ఠతీవ మమాగ్రతః.\n\nసుమహాంస్త్వత్సహాయేషు హర్యృక్షేషు హరీశ్వరః৷৷5.39.24৷৷\n\n"
    },
    {
        "sloka": "కథం ను ఖలు దుష్పారం తరిష్యన్తి మహోదధిమ్.\n\nతాని హర్యృక్షసైన్యాని తౌ వా నరవరాత్మజౌ৷৷5.39.25৷৷\n\n"
    },
    {
        "sloka": "త్రయాణామేవ భూతానాం సాగరస్యాస్య లఙ్ఘనే.\n\nశక్తిస్స్యాద్వైనతేయస్య తవ వా మారుతస్య వా৷৷5.39.26৷৷\n\n"
    },
    {
        "sloka": "తదస్మిన్కార్యనిర్యోగే వీరైవం దురతిక్రమే.\n\nకిం పశ్యసి సమాధానం త్వం హి కార్యవిదాం వరః৷৷5.39.27৷৷\n\n"
    },
    {
        "sloka": "కామమస్య త్వమేవైకః కార్యస్య పరిసాధనే.\n\nపర్యాప్తః పరవీరఘ్న యశస్యస్తే ఫలోదయః৷৷5.39.28৷৷\n\n"
    },
    {
        "sloka": "బలైస్సమగ్రైర్యది మాం రావణం జిత్య సంయుగే.\n\nవిజయీ స్వపురం యాయాత్తత్తస్య సదృశం భవేత్৷৷5.39.29৷৷\n\n"
    },
    {
        "sloka": "శరైస్తు సఙ్కులాం కృత్వా లఙ్కాం పరబలార్దనః.\n\nమాం నయేద్యది కాకుత్స్థః తత్తస్య సదృశం భవేత్৷৷5.39.30৷৷\n\n"
    },
    {
        "sloka": "తద్యథా తస్య విక్రాన్తమనురూపం మహాత్మనః.\n\nభవేదాహవశూరస్య తథా త్వముపపాదయ৷৷5.39.31৷৷\n\n"
    },
    {
        "sloka": "తదర్థోపహితం వాక్యం ప్రశ్రితం హేతుసంహితమ్.\n\nనిశమ్య హనుమాన్శేషం వాక్యముత్తరమబ్రవీత్৷৷5.39.32৷৷\n\n"
    },
    {
        "sloka": "దేవి హర్యృక్షసైన్యానామీశ్వరః ప్లవతాం వరః.\n\nసుగ్రీవస్సత్త్వసమ్పన్నస్తవార్థే కృతనిశ్చయః৷৷5.39.33৷৷\n\n"
    },
    {
        "sloka": "స వానరసహస్రాణాం కోటీభిరభిసంవృతః.\n\nక్షిప్రమేష్యతి వైదేహి రాక్షసానాం నిబర్హణః৷৷5.39.34৷৷\n\n"
    },
    {
        "sloka": "తస్య విక్రమసమ్పన్నాస్సత్త్వవన్తో మహాబలాః.\n\nమనస్సఙ్కల్పసమ్పాతా నిదేశే హరయః స్థితాః৷৷5.39.35৷৷\n\n"
    },
    {
        "sloka": "యేషాం నోపరి నాధస్తాన్న తిర్యక్సజ్జతే గతిః.\n\nన చ కర్మసు సీదన్తి మహత్స్వమితతేజసః৷৷5.39.36৷৷\n\n"
    },
    {
        "sloka": "అసకృత్తైర్మహోత్సాహైస్ససాగరధరాధరా.\n\nప్రదక్షిణీకృతా భూమిర్వాయుమార్గానుసారిభిః৷৷5.39.37৷৷\n\n"
    },
    {
        "sloka": "మద్విశిష్టాశ్చ తుల్యాశ్చ సన్తి తత్ర వనౌకసః.\n\nమత్తః ప్రత్యవరః కశ్చిన్నాస్తి సుగ్రీవసన్నిధౌ৷৷5.39.38৷৷\n\n"
    },
    {
        "sloka": "అహం తావదిహ ప్రాప్తః కిం పునస్తే మహాబలాః.\n\nన హి ప్రకృష్టాః ప్రేష్యన్తే ప్రేష్యన్తే హీతరే జనాః৷৷5.39.39৷৷\n\n"
    },
    {
        "sloka": "తదలం పరితాపేన దేవి శోకో వ్యపైతు తే.\n\nఏకోత్పాతేన తే లఙ్కామేష్యన్తి హరియూథపాః৷৷5.39.40৷৷\n\n"
    },
    {
        "sloka": "మమ పృష్ఠగతౌ తౌ చ చన్ద్రసూర్యావివోదితౌ.\n\nత్వత్సకాశం మహాసత్త్వౌ నృసింహావాగమిష్యతః৷৷5.39.41৷৷\n\n"
    },
    {
        "sloka": "తతో వీరౌ నరవరౌ సహితౌ రామలక్ష్మణౌ.\n\nఆగమ్య నగరీం లఙ్కాం సాయకైర్విధమిష్యతః৷৷5.39.42৷৷\n\n"
    },
    {
        "sloka": "సగణం రావణం హత్త్వా రాఘవో రఘునన్దనః.\n\nత్వామాదాయ వరారోహే స్వపురీం ప్రతియాస్యతి৷৷5.39.43৷৷\n\n"
    },
    {
        "sloka": "తదాశ్వసిహి భద్రం తే భవ త్వం కాలకాఙ్క్షిణీ.\n\nనచిరాద్ద్రక్ష్యసే రామం ప్రజ్వలన్తమివానలమ్৷৷5.39.44৷৷\n\n"
    },
    {
        "sloka": "నిహతే రాక్షసేన్ద్రేస్మిన్సపుత్రామాత్యబాన్ధవే.\n\nత్వం సమేష్వసి రామేణ శశాఙ్కేనేవ రోహిణీ৷৷5.39.45৷৷\n\n"
    },
    {
        "sloka": "క్షిప్రం త్వం దేవి శోకస్య పారం యాస్యసి మైథిలి.\n\nరావణం చైవ రామేణ నిహతం ద్రక్ష్యసేచిరాత్৷৷5.39.46৷৷\n\n"
    },
    {
        "sloka": "ఏవమాశ్వాస్య వైదేహీం హనుమాన్మారుతాత్మజః.\n\nగమనాయ మతిం కృత్వా వైదేహీం పునరబ్రవీత్৷৷5.39.47৷৷\n\n"
    },
    {
        "sloka": "తమరిఘ్నం కృతాత్మానం క్షిప్రం ద్రక్ష్యసి రాఘవమ్.\n\nలక్ష్మణం చ ధనుష్పాణిం లఙ్కాద్వారముపాగతమ్৷৷5.39.48৷৷\n\n"
    },
    {
        "sloka": "నఖదంష్ట్రాయుధాన్వీరాన్సిమ్హశార్దూలవిక్రమాన్.\n\nవానరాన్వారణేన్ద్రాభాన్క్షిప్రం ద్రక్ష్యసి సఙ్గతాన్৷৷5.39.49৷৷\n\n"
    },
    {
        "sloka": "శైలామ్బుదనికాశానాం లఙ్కామలయసానుషు.\n\nనర్దతాం కపిముఖ్యానామార్యే యూధాన్యనేకశః৷৷5.39.50৷৷\n\n"
    },
    {
        "sloka": "స తు మర్మణి ఘోరేణ తాడితో మన్మథేషుణా.\n\nన శర్మ లభతే రామస్సింహార్ధిత ఇవ ద్విపః৷৷5.39.51৷৷\n\n"
    },
    {
        "sloka": "మా రుదో దేవి శోకేన మాభూత్తే మనసోప్రియమ్.      \n\nశచీవ పత్యా శక్రేణ భర్త్రా నాథవతీ హ్యసి৷৷5.39.52৷৷\n\n"
    },
    {
        "sloka": "రామాద్విశిష్టః కోన్యోస్తి కశ్చిత్సౌమిత్రిణా సమః.\n\nఅగ్నిమారుతకల్పౌ తౌ భ్రాతరౌ తవ సంశ్రయౌ৷৷5.39.53৷৷\n\n"
    },
    {
        "sloka": "నాస్మింశ్చిరం వత్స్యసి దేవి దేశే రక్షోగణైరధ్యుషితేతిరౌద్రే.\n\nన తే చిరాదామగమనం ప్రియస్య క్షమస్వ మత్సఙ్గమకాలమాత్రమ్৷৷5.39.54৷৷\n\n"
    }
]