[
    {
        "sloka": "[Hanuman finds demons all over Lanka -- feels sad, unable to find Sita.]\n\nతతః స మధ్యంగతమంశుమన్తం జ్యోత్స్నావితానం మహదుద్వమన్తమ్.\n\nదదర్శ ధీమాన్ దివి భానుమన్తం గోష్ఠే వృషం మత్తమివ భ్రమన్తమ్৷৷5.5.1৷৷\n\n"
    },
    {
        "sloka": "లోకస్య పాపాని వినాశయన్తం మహోదధిం చాపి సమేధయన్తమ్.\n\nభూతాని సర్వాణి విరాజయన్తం దదర్శ శీతాంశుమథాభియాన్తమ్৷৷5.5.2৷৷\n\n"
    },
    {
        "sloka": "యా భాతి లక్ష్మీర్భువి మన్దరస్థా తథా ప్రదోషేషు చ సాగరస్థా.\n\nతథైవ తోయేషు చ పుష్కరస్థా రరాజ సా చారునిశాకరస్థా৷৷5.5.3৷৷\n\n"
    },
    {
        "sloka": "హంసో యథా రాజతపఞ్జరస్థః సింహో యథా మన్దరకన్దరస్థః.\n\nవీరో యథా గర్వితకుఞ్జరస్థ చన్ద్రోపి బభ్రాజ తథామ్బరస్థః৷৷5.5.4৷৷\n\n"
    },
    {
        "sloka": "స్థితః కకుద్మానివ తీక్ష్ణశృఙ్గో మహాచలః శ్వేత ఇవోచ్చశృఙ్గః.\n\nహస్తీవ జామ్బూనదబద్ధశృఙ్గో రరాజ చన్ద్రః పరిపూర్ణశృఙ్గః৷৷5.5.5৷৷\n\n"
    },
    {
        "sloka": "వినష్టశీతామ్బుతుషారపఙ్కో మహాగ్రహగ్రాహవినష్టపఙ్కః.\n\nప్రకాశలక్ష్మ్యాశ్రయనిర్మలాఙ్క: రరాజ చన్ద్రో భగవాన్ శశాఙ్కః৷৷5.5.6৷৷\n\n"
    },
    {
        "sloka": "శిలాతలం ప్రాప్య యథా మృగేన్ద్రో మహారణం ప్రాప్య యథా గజేన్ద్రః.\n\nరాజ్యం సమాసాద్య యథా నరేన్ద్ర స్తథాప్రకాశో విరరాజ చన్ద్రః৷৷5.5.7৷৷\n\n"
    },
    {
        "sloka": "ప్రకాశచన్ద్రోదయనష్టదోషః ప్రవృత్తరక్షః పిశితాశదోషః.\n\nరామాభిరామేరితచిత్తదోషః స్వర్గప్రకాశో భగవాన్ ప్రదోషః৷৷5.5.8৷৷\n\n"
    },
    {
        "sloka": "తన్త్రీస్వనాః కర్ణసుఖాః ప్రవృత్తాః స్వపన్తి నార్యః పతిభిః సువృత్తాః.\n\nనక్తంచరాశ్చాపి తథా ప్రవృత్తా: విహర్తుమత్యద్భుతరౌద్రవృత్తాః৷৷5.5.9৷৷\n\n"
    },
    {
        "sloka": "మత్తప్రమత్తాని సమాకులాని రథాశ్వభద్రాసనసఙ్కులాని.\n\nవీరశ్రియా చాపి సమాకులాని దదర్శ ధీమాన్ స కపిః కులాని৷৷5.5.10৷৷\n\n"
    },
    {
        "sloka": "పరస్పరం చాధికమాక్షిపన్తి భుజాంశ్చ పీనానధికం క్షిపన్తి.\n\nమత్తప్రలాపానధికం క్షిపన్తి మత్తాని చాన్యోన్యమధిక్షిపన్తి৷৷5.5.11৷৷\n\n"
    },
    {
        "sloka": "రక్షాంసి వక్షాంసి చ విక్షిపన్తి గాత్రాణి కాన్తాసు చ విక్షిపన్తి.\n\nరూపాణి చిత్రాణి చ విక్షిపన్తి దృఢాని చాపాని చ విక్షిపన్తి৷৷5.5.12৷৷\n\n"
    },
    {
        "sloka": "దదర్శ కాన్తాశ్చ సమాలభన్త్య స్తథా పరాస్తత్ర పునః స్వపన్త్యః.\n\nసురూపవక్త్రాశ్చ తథా హసన్త్యః క్రుద్ధాః పరాశ్చాపి వినిఃశ్వసన్త్య৷৷5.5.13৷৷\n\n"
    },
    {
        "sloka": "మహాగజైశ్చాపి తథా నదద్భి: సుపూజితైశ్చాపి తథా సుసద్భిః.\n\nరరాజ వీరైశ్చ వినిఃశ్వసద్భిః హ్రదో భుజఙ్గైరివ నిఃశ్వసద్భిః৷৷5.5.14৷৷\n\n"
    },
    {
        "sloka": "బుద్ధిప్రధానాన్ రుచిరాభిధానాన్ సంశ్రద్ధధానాన్ జగతః ప్రధానాన్.\n\nనానావిధానాన్ రుచిరాభిధానాన్ దదర్శ తస్యాం పురి యాతుధానాన్৷৷5.5.15৷৷\n\n"
    },
    {
        "sloka": "ననన్ద దృష్ట్వా స చ తాన్ సురూపాన్నానాగుణానాత్మగుణానురూపాన్.\n\nవిద్యోతమానాన్స తదానురూపాన్ దదర్శ కాంశ్చిచ్చ పునర్విరూపాన్৷৷5.5.16৷৷\n\n"
    },
    {
        "sloka": "తతో వరార్హాః సువిశుద్ధభావా స్తేషాం స్త్రియస్తత్ర మహానుభావాః.\n\nప్రియేషు పానేషు చ సక్తభావా దదర్శ తారా ఇవ సుప్రభావాః৷৷5.5.17৷৷\n\n"
    },
    {
        "sloka": "శ్రియా జ్వలన్తీస్త్రపయోపగూఢా నిశీథకాలే రమణోపగూఢాః.\n\nదదర్శ కాశ్చిత్ప్రమదోపగూఢా యథా విహఙ్గాః కుసుమోపగూఢాః৷৷5.5.18৷৷\n\n"
    },
    {
        "sloka": "అన్యాః పునర్హర్మ్యతలోపవిష్టా స్తత్ర ప్రియాఙ్కేషు సుఖోపవిష్టాః.\n\nభర్తుః ప్రియా ధర్మపరా నివిష్టా దదర్శ ధీమాన్ మదనాభివిష్టాః৷৷5.5.19৷৷\n\n"
    },
    {
        "sloka": "అప్రావృతాః కాఞ్చనరాజివర్ణాః కాశ్చిత్పరార్థ్యాస్తపనీయవర్ణాః.\n\nపునశ్చ కాశ్చిచ్ఛశలక్ష్మవర్ణాః కాన్తప్రహీణా రుచిరాఙ్గవర్ణాః৷৷5.5.20৷৷\n\n"
    },
    {
        "sloka": "తతః ప్రియాన్ ప్రాప్య మనోభిరామాః సుప్రీతియుక్తాః ప్రసమీక్ష్యరామాః.\n\nగృహేషు హృష్టాః పరమాభిరామాః హరిప్రవీరః స దదర్శ రామాః৷৷5.5.21৷৷\n\n"
    },
    {
        "sloka": "చన్ద్రప్రకాశాశ్చ హి వక్త్రమాలాః వక్రాక్షిపక్ష్మాశ్చ సునేత్రమాలాః.\n\nవిభూషణానాం చ దదర్శ మాలాః శతహ్రదానామివ చారుమాలాః৷৷5.5.22৷৷\n\n"
    },
    {
        "sloka": "న త్వేవ సీతాం పరమాభిజాతాం పథి స్థితే రాజకులే ప్రజాతామ్.\n\nలతాం ప్రపుల్లామివ సాధు జాతాం దదర్శ తన్వీం మనసాభిజాతామ్৷৷5.5.23৷৷\n\n"
    },
    {
        "sloka": "సనాతనే వర్త్మని సన్నివిష్టాం రామేక్షణాం తాం మదనాభివిష్టామ్.\n\nభర్తుర్మనః శ్రీమదనుప్రవిష్టాం స్త్రీభ్యో వరాభ్యశ్చ సదా విశిష్టామ్৷৷5.5.24৷৷\n\n"
    },
    {
        "sloka": "ఉష్ణార్దితాం సానుసృతాస్రకణ్ఠీమ్ పురా వరార్హోత్తమనిష్కకణ్ఠీమ్.\n\nసుజాతపక్ష్మామభిరక్తకణ్ఠీం వనేప్రవృత్తామివ నీలకణ్ఠీమ్৷৷5.5.25৷৷\n\n"
    },
    {
        "sloka": "అవ్యక్తరేఖామివ చన్ద్రరేఖాం పాంసుప్రదిగ్ధామివ హేమరేఖామ్.\n\nక్షతప్రరూఢామివ బాణరేఖాం వాయుప్రభిన్నామివ మేఘరేఖామ్৷৷5.5.26৷৷\n\n"
    },
    {
        "sloka": "సీతామపశ్యన్ మనుజేశ్వరస్య రామస్య పత్నీం వదతాం వరస్య.\n\nబభూవ దుఃఖాభిహతశ్చిరస్య ప్లవఙ్గమో మన్ద ఇవాచిరస్య৷৷5.5.27৷৷\n\n"
    },
    {
        "sloka": "[Hanuman finds demons all over Lanka -- feels sad, unable to find Sita.]\n\nతతః స మధ్యంగతమంశుమన్తం జ్యోత్స్నావితానం మహదుద్వమన్తమ్.\n\nదదర్శ ధీమాన్ దివి భానుమన్తం గోష్ఠే వృషం మత్తమివ భ్రమన్తమ్৷৷5.5.1৷৷\n\n"
    },
    {
        "sloka": "లోకస్య పాపాని వినాశయన్తం మహోదధిం చాపి సమేధయన్తమ్.\n\nభూతాని సర్వాణి విరాజయన్తం దదర్శ శీతాంశుమథాభియాన్తమ్৷৷5.5.2৷৷\n\n"
    },
    {
        "sloka": "యా భాతి లక్ష్మీర్భువి మన్దరస్థా తథా ప్రదోషేషు చ సాగరస్థా.\n\nతథైవ తోయేషు చ పుష్కరస్థా రరాజ సా చారునిశాకరస్థా৷৷5.5.3৷৷\n\n"
    },
    {
        "sloka": "హంసో యథా రాజతపఞ్జరస్థః సింహో యథా మన్దరకన్దరస్థః.\n\nవీరో యథా గర్వితకుఞ్జరస్థ చన్ద్రోపి బభ్రాజ తథామ్బరస్థః৷৷5.5.4৷৷\n\n"
    },
    {
        "sloka": "స్థితః కకుద్మానివ తీక్ష్ణశృఙ్గో మహాచలః శ్వేత ఇవోచ్చశృఙ్గః.\n\nహస్తీవ జామ్బూనదబద్ధశృఙ్గో రరాజ చన్ద్రః పరిపూర్ణశృఙ్గః৷৷5.5.5৷৷\n\n"
    },
    {
        "sloka": "వినష్టశీతామ్బుతుషారపఙ్కో మహాగ్రహగ్రాహవినష్టపఙ్కః.\n\nప్రకాశలక్ష్మ్యాశ్రయనిర్మలాఙ్క: రరాజ చన్ద్రో భగవాన్ శశాఙ్కః৷৷5.5.6৷৷\n\n"
    },
    {
        "sloka": "శిలాతలం ప్రాప్య యథా మృగేన్ద్రో మహారణం ప్రాప్య యథా గజేన్ద్రః.\n\nరాజ్యం సమాసాద్య యథా నరేన్ద్ర స్తథాప్రకాశో విరరాజ చన్ద్రః৷৷5.5.7৷৷\n\n"
    },
    {
        "sloka": "ప్రకాశచన్ద్రోదయనష్టదోషః ప్రవృత్తరక్షః పిశితాశదోషః.\n\nరామాభిరామేరితచిత్తదోషః స్వర్గప్రకాశో భగవాన్ ప్రదోషః৷৷5.5.8৷৷\n\n"
    },
    {
        "sloka": "తన్త్రీస్వనాః కర్ణసుఖాః ప్రవృత్తాః స్వపన్తి నార్యః పతిభిః సువృత్తాః.\n\nనక్తంచరాశ్చాపి తథా ప్రవృత్తా: విహర్తుమత్యద్భుతరౌద్రవృత్తాః৷৷5.5.9৷৷\n\n"
    },
    {
        "sloka": "మత్తప్రమత్తాని సమాకులాని రథాశ్వభద్రాసనసఙ్కులాని.\n\nవీరశ్రియా చాపి సమాకులాని దదర్శ ధీమాన్ స కపిః కులాని৷৷5.5.10৷৷\n\n"
    },
    {
        "sloka": "పరస్పరం చాధికమాక్షిపన్తి భుజాంశ్చ పీనానధికం క్షిపన్తి.\n\nమత్తప్రలాపానధికం క్షిపన్తి మత్తాని చాన్యోన్యమధిక్షిపన్తి৷৷5.5.11৷৷\n\n"
    },
    {
        "sloka": "రక్షాంసి వక్షాంసి చ విక్షిపన్తి గాత్రాణి కాన్తాసు చ విక్షిపన్తి.\n\nరూపాణి చిత్రాణి చ విక్షిపన్తి దృఢాని చాపాని చ విక్షిపన్తి৷৷5.5.12৷৷\n\n"
    },
    {
        "sloka": "దదర్శ కాన్తాశ్చ సమాలభన్త్య స్తథా పరాస్తత్ర పునః స్వపన్త్యః.\n\nసురూపవక్త్రాశ్చ తథా హసన్త్యః క్రుద్ధాః పరాశ్చాపి వినిఃశ్వసన్త్య৷৷5.5.13৷৷\n\n"
    },
    {
        "sloka": "మహాగజైశ్చాపి తథా నదద్భి: సుపూజితైశ్చాపి తథా సుసద్భిః.\n\nరరాజ వీరైశ్చ వినిఃశ్వసద్భిః హ్రదో భుజఙ్గైరివ నిఃశ్వసద్భిః৷৷5.5.14৷৷\n\n"
    },
    {
        "sloka": "బుద్ధిప్రధానాన్ రుచిరాభిధానాన్ సంశ్రద్ధధానాన్ జగతః ప్రధానాన్.\n\nనానావిధానాన్ రుచిరాభిధానాన్ దదర్శ తస్యాం పురి యాతుధానాన్৷৷5.5.15৷৷\n\n"
    },
    {
        "sloka": "ననన్ద దృష్ట్వా స చ తాన్ సురూపాన్నానాగుణానాత్మగుణానురూపాన్.\n\nవిద్యోతమానాన్స తదానురూపాన్ దదర్శ కాంశ్చిచ్చ పునర్విరూపాన్৷৷5.5.16৷৷\n\n"
    },
    {
        "sloka": "తతో వరార్హాః సువిశుద్ధభావా స్తేషాం స్త్రియస్తత్ర మహానుభావాః.\n\nప్రియేషు పానేషు చ సక్తభావా దదర్శ తారా ఇవ సుప్రభావాః৷৷5.5.17৷৷\n\n"
    },
    {
        "sloka": "శ్రియా జ్వలన్తీస్త్రపయోపగూఢా నిశీథకాలే రమణోపగూఢాః.\n\nదదర్శ కాశ్చిత్ప్రమదోపగూఢా యథా విహఙ్గాః కుసుమోపగూఢాః৷৷5.5.18৷৷\n\n"
    },
    {
        "sloka": "అన్యాః పునర్హర్మ్యతలోపవిష్టా స్తత్ర ప్రియాఙ్కేషు సుఖోపవిష్టాః.\n\nభర్తుః ప్రియా ధర్మపరా నివిష్టా దదర్శ ధీమాన్ మదనాభివిష్టాః৷৷5.5.19৷৷\n\n"
    },
    {
        "sloka": "అప్రావృతాః కాఞ్చనరాజివర్ణాః కాశ్చిత్పరార్థ్యాస్తపనీయవర్ణాః.\n\nపునశ్చ కాశ్చిచ్ఛశలక్ష్మవర్ణాః కాన్తప్రహీణా రుచిరాఙ్గవర్ణాః৷৷5.5.20৷৷\n\n"
    },
    {
        "sloka": "తతః ప్రియాన్ ప్రాప్య మనోభిరామాః సుప్రీతియుక్తాః ప్రసమీక్ష్యరామాః.\n\nగృహేషు హృష్టాః పరమాభిరామాః హరిప్రవీరః స దదర్శ రామాః৷৷5.5.21৷৷\n\n"
    },
    {
        "sloka": "చన్ద్రప్రకాశాశ్చ హి వక్త్రమాలాః వక్రాక్షిపక్ష్మాశ్చ సునేత్రమాలాః.\n\nవిభూషణానాం చ దదర్శ మాలాః శతహ్రదానామివ చారుమాలాః৷৷5.5.22৷৷\n\n"
    },
    {
        "sloka": "న త్వేవ సీతాం పరమాభిజాతాం పథి స్థితే రాజకులే ప్రజాతామ్.\n\nలతాం ప్రపుల్లామివ సాధు జాతాం దదర్శ తన్వీం మనసాభిజాతామ్৷৷5.5.23৷৷\n\n"
    },
    {
        "sloka": "సనాతనే వర్త్మని సన్నివిష్టాం రామేక్షణాం తాం మదనాభివిష్టామ్.\n\nభర్తుర్మనః శ్రీమదనుప్రవిష్టాం స్త్రీభ్యో వరాభ్యశ్చ సదా విశిష్టామ్৷৷5.5.24৷৷\n\n"
    },
    {
        "sloka": "ఉష్ణార్దితాం సానుసృతాస్రకణ్ఠీమ్ పురా వరార్హోత్తమనిష్కకణ్ఠీమ్.\n\nసుజాతపక్ష్మామభిరక్తకణ్ఠీం వనేప్రవృత్తామివ నీలకణ్ఠీమ్৷৷5.5.25৷৷\n\n"
    },
    {
        "sloka": "అవ్యక్తరేఖామివ చన్ద్రరేఖాం పాంసుప్రదిగ్ధామివ హేమరేఖామ్.\n\nక్షతప్రరూఢామివ బాణరేఖాం వాయుప్రభిన్నామివ మేఘరేఖామ్৷৷5.5.26৷৷\n\n"
    },
    {
        "sloka": "సీతామపశ్యన్ మనుజేశ్వరస్య రామస్య పత్నీం వదతాం వరస్య.\n\nబభూవ దుఃఖాభిహతశ్చిరస్య ప్లవఙ్గమో మన్ద ఇవాచిరస్య৷৷5.5.27৷৷\n\n"
    }
]