[
    {
        "sloka": "[Death of Prince Aksha in the combat with Hanuman]\n\nసేనాపతీన్పఞ్చ స తు ప్రమాపితాన్ హనూమతా సానుచరాన్సవాహనాన్.\n\nసమీక్ష్య రాజా సమరోద్ధతోన్ముఖం కుమారమక్షం ప్రసమైక్షతాగ్రతః৷৷5.47.1৷৷\n\n"
    },
    {
        "sloka": "స తస్య దృష్ట్యర్పణసమ్ప్రచోదితః ప్రతాపవాన్కాఞ్చనచిత్రకార్ముకః.\n\nసముత్పపాతాథ సదస్యుదీరితో ద్విజాతిముఖ్యైర్హవిషేవ పావకః৷৷5.47.2৷৷\n\n"
    },
    {
        "sloka": "తతో మహద్బాలదివాకరప్రభం ప్రతప్తజామ్బూనదజాలసన్తతమ్.\n\nరథం సమాస్థాయ యయౌ స వీర్యవాన్మహాహరిం తం ప్రతి నైరృతర్షభః৷৷5.47.3৷৷\n\n"
    },
    {
        "sloka": "తతస్తపస్సఙ్గ్రహసఞ్చయార్జితం ప్రతప్తజామ్బూనదజాలశోభితమ్.\n\nపతాకినం రత్నవిభూషితధ్వజం మనోజవాష్టాశ్వవరైః సుయోజితమ్৷৷5.47.4৷৷\n\n"
    },
    {
        "sloka": "సురాసురాధృష్యమసఙ్గచారిణం రవిప్రభం వ్యోమచరం సమాహితమ్.\n\nసతూణమష్టాసినిబద్ధబన్ధురం యథాక్రమావేశితశక్తితోమరమ్৷৷5.47.5৷৷\n\n"
    },
    {
        "sloka": "విరాజమానం ప్రతిపూర్ణవస్తునా సహేమదామ్నా శశిసూర్యవర్చసా.\n\nదివాకరాభం రథమాస్థితస్తతస్స నిర్జగామామరతుల్యవిక్రమః৷৷5.47.6৷৷\n\n"
    },
    {
        "sloka": "స పూరయన్ఖం చ మహీం చ సాచలాం తురఙ్గమాతఙ్గమహారథస్వనైః.\n\nబలైస్సమేతైస్సహి తోరణస్థితం సమర్థమాసీనముపాగమత్కపిమ్৷৷5.47.7৷৷\n\n"
    },
    {
        "sloka": "స తం సమాసాద్య హరిం హరీక్షణో యుగాన్తకాలాగ్నిమివ ప్రజాక్షయే.\n\nఅవస్థితం విస్మితజాతసమ్భ్రమ స్సమైక్షతాక్షో బహుమానచక్షుషా৷৷5.47.8৷৷\n\n"
    },
    {
        "sloka": "స తస్య వేగం చ కపేర్మహాత్మనః పరాక్రమం చారిషు పార్థివాత్మజః.\n\nవిచారయన్స్వం చ బలం మహాబలో హిమక్షయే సూర్య ఇవాభివర్ధతే৷৷5.47.9৷৷\n\n"
    },
    {
        "sloka": "స జాతమన్యుః ప్రసమీక్ష్య విక్రమం స్థిరం స్థిరస్సమ్యతి దుర్నివారణమ్.\n\nసమాహితాత్మా హనుమన్తమాహవే ప్రచోదయామాస శరైస్త్రిభి శ్శితైః৷৷5.47.10৷৷\n\n"
    },
    {
        "sloka": "తతః కపిం తం ప్రసమీక్ష్య గర్వితం జితశ్రమం శత్రుపరాజయోర్జితమ్.\n\nఅవైక్షతాక్షస్సముదీర్ణమానసస్సబాణపాణిః ప్రగృహీతకార్ముకః৷৷5.47.11৷৷\n\n"
    },
    {
        "sloka": "స హేమనిష్కాఙ్గదచారుకుణ్డల స్సమాససాదాశుపరాక్రమః కపిమ్.\n\nతయోర్బభూవాప్రతిమస్సమాగమ స్సురాసురాణామపి సమ్భ్రమప్రదః৷৷5.47.12৷৷\n\n"
    },
    {
        "sloka": "రరాస భూమిర్న తతాప భానుమా న్వనౌ న వాయుః ప్రచాచల చాచలః.\n\nకపేః కుమారస్య చ వీక్ష్య సంయుగం ననాద చ ద్యౌరుదధిశ్చ చుక్షుభే৷৷5.47.13৷৷\n\n"
    },
    {
        "sloka": "తతస్స వీరస్సుముఖాన్ పతత్రిణస్సువర్ణపుఙ్ఖాన్సవిషానివోరగాన్.\n\nసమాధిసమ్యోగవిమోక్షతత్త్వవిచ్ఛరానథ త్రీన్కపిమూర్ధ్న్యపాతయత్৷৷5.47.14৷৷\n\n"
    },
    {
        "sloka": "స తై శ్శరైర్మూర్ధ్ని సమం నిపాతితైః క్షరన్నసృగ్దిగ్ధవివృత్తలోచనః.\n\nనవోదితాదిత్యనిభ శ్శరాంశుమాన్ వ్యరాజతాదిత్య ఇవాంశుమాలికః৷৷5.47.15৷৷\n\n"
    },
    {
        "sloka": "తతస్స పిఙ్గాధిపమన్త్రిసత్తమః సమీక్ష్య తం రాజవరాత్మజం రణే.\n\nఉదగ్రచిత్రాయుధచిత్రకార్ముకం జహర్ష చాపూర్యత చాహవోన్ముఖః৷৷5.47.16৷৷\n\n"
    },
    {
        "sloka": "స మన్దరాగ్రస్థ ఇవాంశుమాలికో వివృద్ధకోపో బలవీర్యసంయుతః.\n\nకుమారమక్షం సబలం సవాహనం దదాహ నేత్రాగ్నిమరీచిభిస్తదా৷৷5.47.17৷৷\n\n"
    },
    {
        "sloka": "తతస్స బాణాసనచిత్రకార్ముక శ్శరప్రవర్షో యుధి రాక్షసామ్బుదః.\n\nశరాన్ముమోచాశు హరీశ్వరాచలే వలాహకో వృష్టిమివాచలోత్తమే৷৷5.47.18৷৷\n\n"
    },
    {
        "sloka": "తతః కపిస్తం రణచణ్డవిక్రమం వివృద్ధతేజోబలవీర్యసంయుతమ్.\n\nకుమారమక్షం ప్రసమీక్ష్య సంయుగే ననాద హర్షాద్ ఘనతుల్యవిక్రమమ్৷৷5.47.19৷৷\n\n"
    },
    {
        "sloka": "స బాలభావాద్యుధి వీర్యదర్పితః ప్రవృద్ధమన్యుః క్షతజోపమేక్షణః.\n\nసమాససాదాప్రతిమం కపిం రణే గజో మహాకూపమివావృతం తృణైః৷৷5.47.20৷৷\n\n"
    },
    {
        "sloka": "స తేన బాణైః ప్రసభం నిపాతితైశ్చకార నాదం ఘననాదనిస్స్వనః.\n\nసముత్పపాతాశు నభస్స మారుతిర్భుజోరువిక్షేపణఘోరదర్శనః৷৷5.47.21৷৷\n\n"
    },
    {
        "sloka": "సముత్పతన్తం సమభిద్రవద్బలీ స రాక్షసానాం ప్రవరః ప్రతాపవాన్.\n\nరథీ రథిశ్రేష్ఠతమః కిరన్శరైః పయోధరశ్శైలమివాశ్మవృష్టిభిః৷৷5.47.22৷৷\n\n"
    },
    {
        "sloka": "స తాన్శరాంస్తస్య హరిర్విమోక్షయంశ్చచార వీరః పథి వాయుసేవితే.\n\nశరాన్తరే మారుతవద్వినిష్పతన్మనోజవస్సంయతి చణ్డవిక్రమః৷৷5.47.23৷৷\n\n"
    },
    {
        "sloka": "తమాత్తబాణాసనమాహవోన్ముఖం ఖమాస్తృణన్తం విశిఖైశ్శరోత్తమైః.\n\nఅవైక్షతాక్షం బహుమానచక్షుషా జగామ చిన్తాం చ స మారుతాత్మజః৷৷5.47.24৷৷\n\n"
    },
    {
        "sloka": "తతశ్శరైర్భిన్నభుజాన్తరః కపిః కుమారవీరేణ మహాత్మనా నదన్.\n\nమహాభుజః కర్మవిశేషతత్త్వవి ద్విచిన్తయామాస రణే పరాక్రమమ్৷৷5.47.25৷৷\n\n"
    },
    {
        "sloka": "అబాలవద్బాలదివాకరప్రభః కరోత్యయం కర్మ మహన్మహాబలః.\n\nన చాస్య సర్వాహవకర్మశోభినః ప్రమాపణే మే మతిరత్ర జాయతే৷৷5.47.26৷৷\n\n"
    },
    {
        "sloka": "అయం మహాత్మా చ మహాంశ్చ వీర్యత స్సమాహితశ్చాతిసహశ్చ సంయుగే.\n\nఅసంశయం కర్మగుణోదయాదయం సనాగయక్షైర్మునిభిశ్చ పూజితః৷৷5.47.27৷৷\n\n"
    },
    {
        "sloka": "పరాక్రమోత్సాహవివృద్ధమానస స్సమీక్షతే మాం ప్రముఖాగ్రతఃస్థితః.\n\nపరాక్రమో హ్యస్య మనాంసి కమ్పయేత్సురాసురాణామపి శీఘ్రగామినః৷৷5.47.28৷৷\n\n"
    },
    {
        "sloka": "న ఖల్వయం నాభిభవేదుపేక్షితః పరాక్రమో హ్యస్య రణే వివర్ధతే.\n\nప్రమాపణం త్వేవ మమాద్య రోచతే న వర్ధమానోగ్నిరుపేక్షితుం క్షమః৷৷5.47.29৷৷\n\n"
    },
    {
        "sloka": "ఇతి ప్రవేగం తు పరస్య చిన్తయన్స్వకర్మయోగం చ విధాయ వీర్యవాన్.\n\nచకార వేగం తు మహాబలస్తదా మతిం చ చక్రేస్య వధే మహాకపిః৷৷5.47.30৷৷\n\n"
    },
    {
        "sloka": "స తస్య తానష్టహయాన్మహాజవాన్ సమాహితాన్భారసహాన్వివర్తనే.\n\nజఘాన వీరః పథి వాయుసేవితే తలప్రహారైః పవనాత్మజః కపిః৷৷5.47.31৷৷\n\n"
    },
    {
        "sloka": "తతస్తలేనాభిహతో మహారథ స్స తస్య పిఙ్గాధిపమన్త్రినిర్జితః.\n\nప్రభగ్ననీడః పరిముక్తకూబరః పపాత భూమౌ హతవాజిరమ్బరాత్৷৷5.47.32৷৷\n\n"
    },
    {
        "sloka": "స తం పరిత్యజ్య మహారథో రథం సకార్ముకః ఖఙ్గధరః ఖముత్పతన్.\n\nతపోభియోగాదృషిరుగ్రవీర్యవాన్విహాయ దేహం మరుతామివాలయమ్৷৷5.47.33৷৷\n\n"
    },
    {
        "sloka": "తతః కపిస్తం విచరన్తమమ్బరే పతత్రిరాజానిలసిద్ధసేవితే.\n\nసమేత్య తం మారుతతుల్యవిక్రమః క్రమేణ జగ్రాహ స పాదయోర్దృఢమ్৷৷5.47.34৷৷\n\n"
    },
    {
        "sloka": "స తం సమావిధ్య సహస్రశః కపిర్మహోరగం గృహ్య ఇవాణ్డజేశ్వరః.\n\nముమోచ వేగాత్పితృతుల్యవిక్రమో మహీతలే సంయతి వానరోత్తమః৷৷5.47.35৷৷\n\n"
    },
    {
        "sloka": "స భగ్నబాహూరుకటీశిరోధరః క్షరన్నసృఙినర్మథితాస్థిలోచనః.\n\nసమ్భగ్నసన్ధి: ప్రవికీర్ణబన్ధనో హతః క్షితౌ వాయుసుతేన రాక్షసః৷৷5.47.36৷৷\n\n"
    },
    {
        "sloka": "మహాకపిర్భూమితలే నిపీడ్య తం చకార రక్షోధిపతేర్మహద్భయమ్.\n\nమహర్షిభిశ్చక్రచరైర్మహావ్రతై స్సమేత్య భూతైశ్చ సయక్షపన్నగైః৷৷5.47.37৷৷\n\nసురైశ్చ సేన్ద్రైర్భృశజాతవిస్మయై ర్హతే కుమారే స కపిర్నిరీక్షితః.\n\n"
    },
    {
        "sloka": "నిహత్య తం వజ్రిసుతోపమప్రభం కుమారమక్షం క్షతజోపమేక్షణమ్.\n\nతమేవ వీరోభిజగామ తోరణం కృతక్షణః కాల ఇవ ప్రజాక్షయే৷৷5.47.38৷৷\n\n"
    },
    {
        "sloka": "[Death of Prince Aksha in the combat with Hanuman]\n\nసేనాపతీన్పఞ్చ స తు ప్రమాపితాన్ హనూమతా సానుచరాన్సవాహనాన్.\n\nసమీక్ష్య రాజా సమరోద్ధతోన్ముఖం కుమారమక్షం ప్రసమైక్షతాగ్రతః৷৷5.47.1৷৷\n\n"
    },
    {
        "sloka": "స తస్య దృష్ట్యర్పణసమ్ప్రచోదితః ప్రతాపవాన్కాఞ్చనచిత్రకార్ముకః.\n\nసముత్పపాతాథ సదస్యుదీరితో ద్విజాతిముఖ్యైర్హవిషేవ పావకః৷৷5.47.2৷৷\n\n"
    },
    {
        "sloka": "తతో మహద్బాలదివాకరప్రభం ప్రతప్తజామ్బూనదజాలసన్తతమ్.\n\nరథం సమాస్థాయ యయౌ స వీర్యవాన్మహాహరిం తం ప్రతి నైరృతర్షభః৷৷5.47.3৷৷\n\n"
    },
    {
        "sloka": "తతస్తపస్సఙ్గ్రహసఞ్చయార్జితం ప్రతప్తజామ్బూనదజాలశోభితమ్.\n\nపతాకినం రత్నవిభూషితధ్వజం మనోజవాష్టాశ్వవరైః సుయోజితమ్৷৷5.47.4৷৷\n\n"
    },
    {
        "sloka": "సురాసురాధృష్యమసఙ్గచారిణం రవిప్రభం వ్యోమచరం సమాహితమ్.\n\nసతూణమష్టాసినిబద్ధబన్ధురం యథాక్రమావేశితశక్తితోమరమ్৷৷5.47.5৷৷\n\n"
    },
    {
        "sloka": "విరాజమానం ప్రతిపూర్ణవస్తునా సహేమదామ్నా శశిసూర్యవర్చసా.\n\nదివాకరాభం రథమాస్థితస్తతస్స నిర్జగామామరతుల్యవిక్రమః৷৷5.47.6৷৷\n\n"
    },
    {
        "sloka": "స పూరయన్ఖం చ మహీం చ సాచలాం తురఙ్గమాతఙ్గమహారథస్వనైః.\n\nబలైస్సమేతైస్సహి తోరణస్థితం సమర్థమాసీనముపాగమత్కపిమ్৷৷5.47.7৷৷\n\n"
    },
    {
        "sloka": "స తం సమాసాద్య హరిం హరీక్షణో యుగాన్తకాలాగ్నిమివ ప్రజాక్షయే.\n\nఅవస్థితం విస్మితజాతసమ్భ్రమ స్సమైక్షతాక్షో బహుమానచక్షుషా৷৷5.47.8৷৷\n\n"
    },
    {
        "sloka": "స తస్య వేగం చ కపేర్మహాత్మనః పరాక్రమం చారిషు పార్థివాత్మజః.\n\nవిచారయన్స్వం చ బలం మహాబలో హిమక్షయే సూర్య ఇవాభివర్ధతే৷৷5.47.9৷৷\n\n"
    },
    {
        "sloka": "స జాతమన్యుః ప్రసమీక్ష్య విక్రమం స్థిరం స్థిరస్సమ్యతి దుర్నివారణమ్.\n\nసమాహితాత్మా హనుమన్తమాహవే ప్రచోదయామాస శరైస్త్రిభి శ్శితైః৷৷5.47.10৷৷\n\n"
    },
    {
        "sloka": "తతః కపిం తం ప్రసమీక్ష్య గర్వితం జితశ్రమం శత్రుపరాజయోర్జితమ్.\n\nఅవైక్షతాక్షస్సముదీర్ణమానసస్సబాణపాణిః ప్రగృహీతకార్ముకః৷৷5.47.11৷৷\n\n"
    },
    {
        "sloka": "స హేమనిష్కాఙ్గదచారుకుణ్డల స్సమాససాదాశుపరాక్రమః కపిమ్.\n\nతయోర్బభూవాప్రతిమస్సమాగమ స్సురాసురాణామపి సమ్భ్రమప్రదః৷৷5.47.12৷৷\n\n"
    },
    {
        "sloka": "రరాస భూమిర్న తతాప భానుమా న్వనౌ న వాయుః ప్రచాచల చాచలః.\n\nకపేః కుమారస్య చ వీక్ష్య సంయుగం ననాద చ ద్యౌరుదధిశ్చ చుక్షుభే৷৷5.47.13৷৷\n\n"
    },
    {
        "sloka": "తతస్స వీరస్సుముఖాన్ పతత్రిణస్సువర్ణపుఙ్ఖాన్సవిషానివోరగాన్.\n\nసమాధిసమ్యోగవిమోక్షతత్త్వవిచ్ఛరానథ త్రీన్కపిమూర్ధ్న్యపాతయత్৷৷5.47.14৷৷\n\n"
    },
    {
        "sloka": "స తై శ్శరైర్మూర్ధ్ని సమం నిపాతితైః క్షరన్నసృగ్దిగ్ధవివృత్తలోచనః.\n\nనవోదితాదిత్యనిభ శ్శరాంశుమాన్ వ్యరాజతాదిత్య ఇవాంశుమాలికః৷৷5.47.15৷৷\n\n"
    },
    {
        "sloka": "తతస్స పిఙ్గాధిపమన్త్రిసత్తమః సమీక్ష్య తం రాజవరాత్మజం రణే.\n\nఉదగ్రచిత్రాయుధచిత్రకార్ముకం జహర్ష చాపూర్యత చాహవోన్ముఖః৷৷5.47.16৷৷\n\n"
    },
    {
        "sloka": "స మన్దరాగ్రస్థ ఇవాంశుమాలికో వివృద్ధకోపో బలవీర్యసంయుతః.\n\nకుమారమక్షం సబలం సవాహనం దదాహ నేత్రాగ్నిమరీచిభిస్తదా৷৷5.47.17৷৷\n\n"
    },
    {
        "sloka": "తతస్స బాణాసనచిత్రకార్ముక శ్శరప్రవర్షో యుధి రాక్షసామ్బుదః.\n\nశరాన్ముమోచాశు హరీశ్వరాచలే వలాహకో వృష్టిమివాచలోత్తమే৷৷5.47.18৷৷\n\n"
    },
    {
        "sloka": "తతః కపిస్తం రణచణ్డవిక్రమం వివృద్ధతేజోబలవీర్యసంయుతమ్.\n\nకుమారమక్షం ప్రసమీక్ష్య సంయుగే ననాద హర్షాద్ ఘనతుల్యవిక్రమమ్৷৷5.47.19৷৷\n\n"
    },
    {
        "sloka": "స బాలభావాద్యుధి వీర్యదర్పితః ప్రవృద్ధమన్యుః క్షతజోపమేక్షణః.\n\nసమాససాదాప్రతిమం కపిం రణే గజో మహాకూపమివావృతం తృణైః৷৷5.47.20৷৷\n\n"
    },
    {
        "sloka": "స తేన బాణైః ప్రసభం నిపాతితైశ్చకార నాదం ఘననాదనిస్స్వనః.\n\nసముత్పపాతాశు నభస్స మారుతిర్భుజోరువిక్షేపణఘోరదర్శనః৷৷5.47.21৷৷\n\n"
    },
    {
        "sloka": "సముత్పతన్తం సమభిద్రవద్బలీ స రాక్షసానాం ప్రవరః ప్రతాపవాన్.\n\nరథీ రథిశ్రేష్ఠతమః కిరన్శరైః పయోధరశ్శైలమివాశ్మవృష్టిభిః৷৷5.47.22৷৷\n\n"
    },
    {
        "sloka": "స తాన్శరాంస్తస్య హరిర్విమోక్షయంశ్చచార వీరః పథి వాయుసేవితే.\n\nశరాన్తరే మారుతవద్వినిష్పతన్మనోజవస్సంయతి చణ్డవిక్రమః৷৷5.47.23৷৷\n\n"
    },
    {
        "sloka": "తమాత్తబాణాసనమాహవోన్ముఖం ఖమాస్తృణన్తం విశిఖైశ్శరోత్తమైః.\n\nఅవైక్షతాక్షం బహుమానచక్షుషా జగామ చిన్తాం చ స మారుతాత్మజః৷৷5.47.24৷৷\n\n"
    },
    {
        "sloka": "తతశ్శరైర్భిన్నభుజాన్తరః కపిః కుమారవీరేణ మహాత్మనా నదన్.\n\nమహాభుజః కర్మవిశేషతత్త్వవి ద్విచిన్తయామాస రణే పరాక్రమమ్৷৷5.47.25৷৷\n\n"
    },
    {
        "sloka": "అబాలవద్బాలదివాకరప్రభః కరోత్యయం కర్మ మహన్మహాబలః.\n\nన చాస్య సర్వాహవకర్మశోభినః ప్రమాపణే మే మతిరత్ర జాయతే৷৷5.47.26৷৷\n\n"
    },
    {
        "sloka": "అయం మహాత్మా చ మహాంశ్చ వీర్యత స్సమాహితశ్చాతిసహశ్చ సంయుగే.\n\nఅసంశయం కర్మగుణోదయాదయం సనాగయక్షైర్మునిభిశ్చ పూజితః৷৷5.47.27৷৷\n\n"
    },
    {
        "sloka": "పరాక్రమోత్సాహవివృద్ధమానస స్సమీక్షతే మాం ప్రముఖాగ్రతఃస్థితః.\n\nపరాక్రమో హ్యస్య మనాంసి కమ్పయేత్సురాసురాణామపి శీఘ్రగామినః৷৷5.47.28৷৷\n\n"
    },
    {
        "sloka": "న ఖల్వయం నాభిభవేదుపేక్షితః పరాక్రమో హ్యస్య రణే వివర్ధతే.\n\nప్రమాపణం త్వేవ మమాద్య రోచతే న వర్ధమానోగ్నిరుపేక్షితుం క్షమః৷৷5.47.29৷৷\n\n"
    },
    {
        "sloka": "ఇతి ప్రవేగం తు పరస్య చిన్తయన్స్వకర్మయోగం చ విధాయ వీర్యవాన్.\n\nచకార వేగం తు మహాబలస్తదా మతిం చ చక్రేస్య వధే మహాకపిః৷৷5.47.30৷৷\n\n"
    },
    {
        "sloka": "స తస్య తానష్టహయాన్మహాజవాన్ సమాహితాన్భారసహాన్వివర్తనే.\n\nజఘాన వీరః పథి వాయుసేవితే తలప్రహారైః పవనాత్మజః కపిః৷৷5.47.31৷৷\n\n"
    },
    {
        "sloka": "తతస్తలేనాభిహతో మహారథ స్స తస్య పిఙ్గాధిపమన్త్రినిర్జితః.\n\nప్రభగ్ననీడః పరిముక్తకూబరః పపాత భూమౌ హతవాజిరమ్బరాత్৷৷5.47.32৷৷\n\n"
    },
    {
        "sloka": "స తం పరిత్యజ్య మహారథో రథం సకార్ముకః ఖఙ్గధరః ఖముత్పతన్.\n\nతపోభియోగాదృషిరుగ్రవీర్యవాన్విహాయ దేహం మరుతామివాలయమ్৷৷5.47.33৷৷\n\n"
    },
    {
        "sloka": "తతః కపిస్తం విచరన్తమమ్బరే పతత్రిరాజానిలసిద్ధసేవితే.\n\nసమేత్య తం మారుతతుల్యవిక్రమః క్రమేణ జగ్రాహ స పాదయోర్దృఢమ్৷৷5.47.34৷৷\n\n"
    },
    {
        "sloka": "స తం సమావిధ్య సహస్రశః కపిర్మహోరగం గృహ్య ఇవాణ్డజేశ్వరః.\n\nముమోచ వేగాత్పితృతుల్యవిక్రమో మహీతలే సంయతి వానరోత్తమః৷৷5.47.35৷৷\n\n"
    },
    {
        "sloka": "స భగ్నబాహూరుకటీశిరోధరః క్షరన్నసృఙినర్మథితాస్థిలోచనః.\n\nసమ్భగ్నసన్ధి: ప్రవికీర్ణబన్ధనో హతః క్షితౌ వాయుసుతేన రాక్షసః৷৷5.47.36৷৷\n\n"
    },
    {
        "sloka": "మహాకపిర్భూమితలే నిపీడ్య తం చకార రక్షోధిపతేర్మహద్భయమ్.\n\nమహర్షిభిశ్చక్రచరైర్మహావ్రతై స్సమేత్య భూతైశ్చ సయక్షపన్నగైః৷৷5.47.37৷৷\n\nసురైశ్చ సేన్ద్రైర్భృశజాతవిస్మయై ర్హతే కుమారే స కపిర్నిరీక్షితః.\n\n"
    },
    {
        "sloka": "నిహత్య తం వజ్రిసుతోపమప్రభం కుమారమక్షం క్షతజోపమేక్షణమ్.\n\nతమేవ వీరోభిజగామ తోరణం కృతక్షణః కాల ఇవ ప్రజాక్షయే৷৷5.47.38৷৷\n\n"
    }
]