[
    {
        "sloka": "[Trijata narrates her dream]\n\nఇత్యుక్తాస్సీతయా ఘోరం రాక్షస్యః క్రోధమూర్ఛితాః.\n\nకాశ్చిజ్జగ్ముస్తదాఖ్యాతుం రావణస్య తరస్వినః৷৷5.27.1৷৷\n\n"
    },
    {
        "sloka": "తతః సీతాముపాగమ్య రాక్షస్యో ఘోరదర్శనాః.\n\nపునః పరుషమేకార్థమనర్థార్థమథాబ్రువన్৷৷5.27.2৷৷\n\n"
    },
    {
        "sloka": "అద్యేదానీం తవానార్యే సీతే పాపవినిశ్చయే.\n\nరాక్షస్యో భక్షయిష్యన్తి మాంసమేతద్యథాసుఖమ్৷৷5.27.3৷৷\n\n"
    },
    {
        "sloka": "సీతాం తాభిరనార్యాభిర్దృష్టవా సన్తర్జితాం తదా.\n\nరాక్షసీ త్రిజటా వృద్ధా శయానా వాక్యమబ్రవీత్৷৷5.27.4৷৷\n\n"
    },
    {
        "sloka": "ఆత్మానం ఖాదతానార్యా న సీతాం భక్షయిష్యథ.\n\nజనకస్య సుతామిష్టాం స్నుషాం దశరథస్య చ৷৷5.27.5৷৷\n\n"
    },
    {
        "sloka": "స్వప్నో హ్యద్య మయా దృష్టో దారుణో రోమహర్షణః.\n\nరాక్షసానామభావాయ భర్తురస్యా భవాయ చ৷৷5.27.6৷৷\n\n"
    },
    {
        "sloka": "ఏవముక్తాస్త్రిజటయా రాక్షస్యః క్రోధమూర్ఛితాః.\n\nసర్వా ఏవాబ్రువన్భీతాస్త్రిజటాం తామిదం వచః৷৷5.26.7৷৷\n\n"
    },
    {
        "sloka": "కథయస్వ త్వయా దృష్టః స్వప్నోయం కీదృశో నిశి.\n\nతాసాం శ్రుత్వా తు వచనం రాక్షసీనాం ముఖాచ్యుతమ్৷৷5.27.8৷৷\n\nఉవచ వచనం కాలే త్రిజటా స్వప్నసంశ్రితమ్.\n\n"
    },
    {
        "sloka": "గజదన్తమయీం దివ్యాం శిబికామన్తరిక్షగామ్৷৷5.27.9৷৷\n\nయుక్తాం హంససహస్రేణ స్వయమాస్థాయ రాఘవః.\n\nశుక్లమాల్యామ్బరధరో లక్ష్మణేన సహాగతః৷৷5.27.10৷৷\n\n"
    },
    {
        "sloka": "స్వప్నే చాద్య మయా దృష్టా సీతా శుక్లామ్బరావృతా.\n\nసాగరేణ పరిక్షిప్తం శ్వేతం పర్వతమాస్థితా৷৷5.27.11৷৷\n\n"
    },
    {
        "sloka": "రామేణ సఙ్గతా సీతా భాస్కరేణ ప్రభా యథా.\n\nరాఘవశ్చ మయా దృష్టశ్చతుర్దష్ట్రం మహాగజమ్৷৷5.27.12৷৷\n\nఆరూఢ శ్శైలసఙ్కాశం చచార సహలక్ష్మణః.\n\n"
    },
    {
        "sloka": "తతస్తౌ నరశార్దూలౌ దీప్యమానౌ స్వతేజసా৷৷5.27.13৷৷\n\nశుక్లమాల్యామ్బరధరౌ జానకీం పర్యుపస్థితౌ.\n\n"
    },
    {
        "sloka": "తతస్తస్య నగస్యాగ్రే హ్యాకాశస్థస్య దన్తినః৷৷5.27.14৷৷\n\nభర్త్రా పరిగృహీతస్య జానకీ స్కన్ధమాశ్రితా.\n\n"
    },
    {
        "sloka": "భర్తురఙ్కాత్సముత్పత్య తతః కమలలోచనా৷৷5.27.15৷৷\n\nచన్ద్రసూర్యౌ మయా దృష్టా పాణినా పరిమార్జతీ.\n\n"
    },
    {
        "sloka": "తతస్తాభ్యాం కుమారాభ్యామాస్థిత: స గజోత్తమః৷৷5.27.16৷৷\n\nసీతయా చ విశాలాక్ష్యా లఙ్కాయా ఉపరిస్థితః.\n\n"
    },
    {
        "sloka": "పాణ్డురర్షభయుక్తేన రథేనాష్టయుజా స్వయమ్৷৷5.27.17৷৷\n\nఇహోపయాతః కాకుత్స్థ స్సీతయా సహ భార్యయా.\n\n"
    },
    {
        "sloka": "లక్ష్మణేన సహ భ్రాత్రా సీతయా సహ వీర్యవాన్৷৷5.27.18৷৷\n\nఆరుహ్య పుష్పకం దివ్యం విమానం సూర్యసన్నిభమ్.\n\nఉత్తరాం దిశమాలోక్య జగామ పురుషోత్తమః৷৷5.27.19৷৷\n\n"
    },
    {
        "sloka": "ఏవం స్వప్నే మయా దృష్టో రామో విష్ణుపరాక్రమః.\n\nలక్ష్మణేన సహ భ్రాత్రా సీతయా సహ రాఘవః৷৷5.27.20৷৷\n\n"
    },
    {
        "sloka": "న హి రామో మహాతేజాశ్శక్యో జేతుం సురాసురైః.\n\nరాక్షసైర్వాపి చాన్యైర్వా స్వర్గః పాపజనైరివ৷৷5.27.21৷৷\n\n"
    },
    {
        "sloka": "రావణశ్చ మయా దృష్టః క్షితౌ తైలసముక్షితః.\n\nరక్తవాసాః పిబన్మత్తః కరవీరకృతస్రజః৷৷5.27.22৷৷\n\n"
    },
    {
        "sloka": "విమానాత్పుష్పకాదద్య రావణః పతితో భువి.\n\nకృష్యమాణః స్త్రియా దృష్టో ముణ్డః కృష్ణామ్బరః పునః৷৷5.27.23৷৷\n\n"
    },
    {
        "sloka": "రథేన ఖరయుక్తేన రక్తమాల్యానులేపనః.\n\nపిపంస్తైలం హసన్నృత్యన్ భ్రాన్తచిత్తాకులేన్ద్రియః৷৷5.27.24৷৷\n\n"
    },
    {
        "sloka": "గర్దభేన యయౌ శీఘ్రం దక్షిణాం దిశమాస్థితః.\n\nపునరేవ మయా దృష్టో రావణో రాక్షసేశ్వరః৷৷5.27.25৷৷\n\nపతితో వాక్చిరా రా భూమౌ గర్దభాద్భయమోహితః.\n\n"
    },
    {
        "sloka": "సహసోత్థాయ సంభ్రాన్తో భయార్తో మదవిహ్వలః৷৷5.27.26৷৷\n\nఉన్మత్త ఇవ దిగ్వాసా దుర్వాక్యం ప్రలపన్బహు.\n\nదుర్గన్ధం దుస్సహం ఘోరం తిమిరం నరకోపమమ్৷৷5.27.27৷৷\n\nమలపఙ్కం ప్రవిశ్యాశు మగ్నస్తత్ర స రావణః.\n\n"
    },
    {
        "sloka": "కణ్ఠే బద్ధ్వా దశగ్రీవం ప్రమదా రక్తవాసినీ৷৷5.27.28৷৷\n\nకాలీ కర్దమలిప్తాఙ్గీ దిశం యామ్యాం ప్రకర్షతి.\n\n"
    },
    {
        "sloka": "ఏవం తత్ర మయా దృష్టః కుమ్భకర్ణో నిశాచరః৷৷5.27.29৷৷\n\nరావణస్య సుతాస్సర్వే దృష్టాస్తైలసముక్షితాః.\n\n"
    },
    {
        "sloka": "వరాహేణ దశగ్రీవశ్శింశుమారేణ చేన్ద్రజిత్৷৷5.27.30৷৷\n\nఉష్ట్రేణ కుమ్భకర్ణశ్చ ప్రయాతా దక్షిణాం దిశమ్.\n\n"
    },
    {
        "sloka": "ఏకస్తత్ర మయా దృష్టః శ్వేతచ్ఛత్రో విభీషణః৷৷5.27.31৷৷\n\nశుక్లమాల్యామ్బరధరః శుక్లగన్ధానులేపనః.\n\n"
    },
    {
        "sloka": "శఙ్ఖదున్ధుభినిర్ఘోషైర్నృత్తగీతైరలఙ్కృతః৷৷5.27.32৷৷\n\nఆరుహ్య శైలసఙ్కాశం మేఘస్తనితనిస్స్వనమ్.\n\nచతుర్దన్తం గజం దివ్యమాస్తే తత్ర విభీషణః৷৷5.27.33৷৷\n\nచతుర్భిస్సచివైః సార్థం వైహాయసముపస్థితః.\n\n"
    },
    {
        "sloka": "సమాజశ్చ మయా దృష్టో గీతవాదిత్రనిఃస్వనః৷৷5.27.34৷৷\n\nపిబతాం రక్తమాల్యానాం రక్షసాం రక్తవాససామ్.\n\n"
    },
    {
        "sloka": "లఙ్కా చేయం పురీ రమ్యా సవాజిరథకుఞ్జరాః৷৷5.27.35৷৷\n\nసాగరే పతితా దృష్టా భగ్నగోపురతోరణా.\n\n"
    },
    {
        "sloka": "లఙ్కా దృష్టా మయా స్వప్నే రావణేనాభిరక్షితా৷৷5.27.36৷৷\n\nదగ్ధా రామస్య దూతేన వానరేణ తరస్వినా.\n\n"
    },
    {
        "sloka": "పీత్వా తైలం ప్రనృత్తాశ్చ ప్రహసన్త్యో మహాస్వనాః৷৷5.27.37৷৷\n\nలఙ్కాయాం భస్మరూక్షాయాం సర్వా రాక్షసస్త్రియః.\n\n"
    },
    {
        "sloka": "కుమ్భకర్ణాదయశ్చేమే సర్వే రాక్షసపుఙ్గవాః৷৷5.27.38৷৷\n\nరక్తం నివసనం గృహ్య ప్రవిష్టా గోమయహ్రదే.\n\n"
    },
    {
        "sloka": "అపగచ్ఛత నశ్యధ్వం సీతామాప్నోతి రాఘవః৷৷5.27.39৷৷\n\nఘాతయేత్పరమామర్షీ యుష్మాన్సార్థం హి రాక్షసైః.\n\n"
    },
    {
        "sloka": "ప్రియాం బహుమతాం భార్యాం వనవాసమనువ్రతామ్৷৷5.27.40৷৷\n\nభర్త్సితాం తర్జితాం వాపి నానుమంస్యతి రాఘవః.\n\n"
    },
    {
        "sloka": "తదలం క్రూరవాక్యైశ్చ సాన్త్వమేవాభిధీయతామ్৷৷5.27.41৷৷\n\nఅభియాచామ వైదేహీమేతద్ధి మమ రోచతే.\n\n"
    },
    {
        "sloka": "యస్యామేవంవిధః స్వప్నో దుఃఖితాయాం ప్రదృశ్యతే৷৷5.27.42৷৷\n\nసా దుఃఖైర్వివిధైర్ముక్తా ప్రియం ప్రాప్నోత్యనుత్తమమ్.\n\n"
    },
    {
        "sloka": "భర్త్సితామపి యాచధ్వం రాక్షస్యః కిం వివక్షయా৷৷5.27.43৷৷\n\nరాఘవాద్ధి భయం ఘోరం రాక్షసానాముపస్థితమ్.\n\n"
    },
    {
        "sloka": "ప్రణిపాతప్రసన్నా హి మైథిలీ జనకాత్మజా৷৷5.27.44৷৷\n\nఅలమేషా పరిత్రాతుం రాక్షస్యో మహతో భయాత్.\n\n"
    },
    {
        "sloka": "అపి చాస్యా విశాలాక్ష్యా న కించిదుపలక్షయే৷৷5.27.45৷৷\n\nవిరూపమపి చాఙ్గేషు సుసూక్ష్మమపి లక్షణమ్.\n\n"
    },
    {
        "sloka": "ఛాయావైగుణ్యమాత్రం తు శఙ్కే దుఃఖముపస్థితమ్৷৷5.27.46৷৷\n\nఅదుఃఖార్హామిమాం దేవీం వైహాయసముపస్థితామ్.\n\n"
    },
    {
        "sloka": "అర్థసిద్ధిం తు వైదేహ్యాః పశ్యామ్యహముపస్థితామ్৷৷5.27.47৷৷\n\nరాక్షసేన్ద్రవినాశం చ విజయం రాఘవస్య చ.\n\n"
    },
    {
        "sloka": "నిమిత్తభూతమేతత్తు శ్రోతుమస్యా మహత్ప్రియమ్৷৷5.27.48৷৷\n\nదృశ్యతే చ స్ఫురచ్చక్షుః పద్మపత్రమివాయతమ్.\n\n"
    },
    {
        "sloka": "ఈషచ్ఛ హృషితో వాస్యా దక్షిణాయా హ్యదక్షిణః৷৷5.27.49৷৷\n\nఅకస్మాదేవ వైదేహ్యా బాహురేకః ప్రకమ్పతే.\n\n"
    },
    {
        "sloka": "కరేణుహస్తప్రతిమ స్సవ్యశ్చోరురనుత్తమః৷৷5.27.50৷৷\n\nవేపమానః సూచయతి రాఘవం పురతః స్థితమ్.\n\n"
    },
    {
        "sloka": "పక్షీ చ శాఖానిలయం ప్రవిష్టః\n\nపునః పునశ్చోత్తమసాన్త్వవాదీ.\n\nసుస్వాగతాం వాచముదీరయానః పునః\n\nపునశ్చోదయతీవ హృష్టః৷৷5.27.51৷৷\n\n"
    },
    {
        "sloka": "[Trijata narrates her dream]\n\nఇత్యుక్తాస్సీతయా ఘోరం రాక్షస్యః క్రోధమూర్ఛితాః.\n\nకాశ్చిజ్జగ్ముస్తదాఖ్యాతుం రావణస్య తరస్వినః৷৷5.27.1৷৷\n\n"
    },
    {
        "sloka": "తతః సీతాముపాగమ్య రాక్షస్యో ఘోరదర్శనాః.\n\nపునః పరుషమేకార్థమనర్థార్థమథాబ్రువన్৷৷5.27.2৷৷\n\n"
    },
    {
        "sloka": "అద్యేదానీం తవానార్యే సీతే పాపవినిశ్చయే.\n\nరాక్షస్యో భక్షయిష్యన్తి మాంసమేతద్యథాసుఖమ్৷৷5.27.3৷৷\n\n"
    },
    {
        "sloka": "సీతాం తాభిరనార్యాభిర్దృష్టవా సన్తర్జితాం తదా.\n\nరాక్షసీ త్రిజటా వృద్ధా శయానా వాక్యమబ్రవీత్৷৷5.27.4৷৷\n\n"
    },
    {
        "sloka": "ఆత్మానం ఖాదతానార్యా న సీతాం భక్షయిష్యథ.\n\nజనకస్య సుతామిష్టాం స్నుషాం దశరథస్య చ৷৷5.27.5৷৷\n\n"
    },
    {
        "sloka": "స్వప్నో హ్యద్య మయా దృష్టో దారుణో రోమహర్షణః.\n\nరాక్షసానామభావాయ భర్తురస్యా భవాయ చ৷৷5.27.6৷৷\n\n"
    },
    {
        "sloka": "ఏవముక్తాస్త్రిజటయా రాక్షస్యః క్రోధమూర్ఛితాః.\n\nసర్వా ఏవాబ్రువన్భీతాస్త్రిజటాం తామిదం వచః৷৷5.26.7৷৷\n\n"
    },
    {
        "sloka": "కథయస్వ త్వయా దృష్టః స్వప్నోయం కీదృశో నిశి.\n\nతాసాం శ్రుత్వా తు వచనం రాక్షసీనాం ముఖాచ్యుతమ్৷৷5.27.8৷৷\n\nఉవచ వచనం కాలే త్రిజటా స్వప్నసంశ్రితమ్.\n\n"
    },
    {
        "sloka": "గజదన్తమయీం దివ్యాం శిబికామన్తరిక్షగామ్৷৷5.27.9৷৷\n\nయుక్తాం హంససహస్రేణ స్వయమాస్థాయ రాఘవః.\n\nశుక్లమాల్యామ్బరధరో లక్ష్మణేన సహాగతః৷৷5.27.10৷৷\n\n"
    },
    {
        "sloka": "స్వప్నే చాద్య మయా దృష్టా సీతా శుక్లామ్బరావృతా.\n\nసాగరేణ పరిక్షిప్తం శ్వేతం పర్వతమాస్థితా৷৷5.27.11৷৷\n\n"
    },
    {
        "sloka": "రామేణ సఙ్గతా సీతా భాస్కరేణ ప్రభా యథా.\n\nరాఘవశ్చ మయా దృష్టశ్చతుర్దష్ట్రం మహాగజమ్৷৷5.27.12৷৷\n\nఆరూఢ శ్శైలసఙ్కాశం చచార సహలక్ష్మణః.\n\n"
    },
    {
        "sloka": "తతస్తౌ నరశార్దూలౌ దీప్యమానౌ స్వతేజసా৷৷5.27.13৷৷\n\nశుక్లమాల్యామ్బరధరౌ జానకీం పర్యుపస్థితౌ.\n\n"
    },
    {
        "sloka": "తతస్తస్య నగస్యాగ్రే హ్యాకాశస్థస్య దన్తినః৷৷5.27.14৷৷\n\nభర్త్రా పరిగృహీతస్య జానకీ స్కన్ధమాశ్రితా.\n\n"
    },
    {
        "sloka": "భర్తురఙ్కాత్సముత్పత్య తతః కమలలోచనా৷৷5.27.15৷৷\n\nచన్ద్రసూర్యౌ మయా దృష్టా పాణినా పరిమార్జతీ.\n\n"
    },
    {
        "sloka": "తతస్తాభ్యాం కుమారాభ్యామాస్థిత: స గజోత్తమః৷৷5.27.16৷৷\n\nసీతయా చ విశాలాక్ష్యా లఙ్కాయా ఉపరిస్థితః.\n\n"
    },
    {
        "sloka": "పాణ్డురర్షభయుక్తేన రథేనాష్టయుజా స్వయమ్৷৷5.27.17৷৷\n\nఇహోపయాతః కాకుత్స్థ స్సీతయా సహ భార్యయా.\n\n"
    },
    {
        "sloka": "లక్ష్మణేన సహ భ్రాత్రా సీతయా సహ వీర్యవాన్৷৷5.27.18৷৷\n\nఆరుహ్య పుష్పకం దివ్యం విమానం సూర్యసన్నిభమ్.\n\nఉత్తరాం దిశమాలోక్య జగామ పురుషోత్తమః৷৷5.27.19৷৷\n\n"
    },
    {
        "sloka": "ఏవం స్వప్నే మయా దృష్టో రామో విష్ణుపరాక్రమః.\n\nలక్ష్మణేన సహ భ్రాత్రా సీతయా సహ రాఘవః৷৷5.27.20৷৷\n\n"
    },
    {
        "sloka": "న హి రామో మహాతేజాశ్శక్యో జేతుం సురాసురైః.\n\nరాక్షసైర్వాపి చాన్యైర్వా స్వర్గః పాపజనైరివ৷৷5.27.21৷৷\n\n"
    },
    {
        "sloka": "రావణశ్చ మయా దృష్టః క్షితౌ తైలసముక్షితః.\n\nరక్తవాసాః పిబన్మత్తః కరవీరకృతస్రజః৷৷5.27.22৷৷\n\n"
    },
    {
        "sloka": "విమానాత్పుష్పకాదద్య రావణః పతితో భువి.\n\nకృష్యమాణః స్త్రియా దృష్టో ముణ్డః కృష్ణామ్బరః పునః৷৷5.27.23৷৷\n\n"
    },
    {
        "sloka": "రథేన ఖరయుక్తేన రక్తమాల్యానులేపనః.\n\nపిపంస్తైలం హసన్నృత్యన్ భ్రాన్తచిత్తాకులేన్ద్రియః৷৷5.27.24৷৷\n\n"
    },
    {
        "sloka": "గర్దభేన యయౌ శీఘ్రం దక్షిణాం దిశమాస్థితః.\n\nపునరేవ మయా దృష్టో రావణో రాక్షసేశ్వరః৷৷5.27.25৷৷\n\nపతితో వాక్చిరా రా భూమౌ గర్దభాద్భయమోహితః.\n\n"
    },
    {
        "sloka": "సహసోత్థాయ సంభ్రాన్తో భయార్తో మదవిహ్వలః৷৷5.27.26৷৷\n\nఉన్మత్త ఇవ దిగ్వాసా దుర్వాక్యం ప్రలపన్బహు.\n\nదుర్గన్ధం దుస్సహం ఘోరం తిమిరం నరకోపమమ్৷৷5.27.27৷৷\n\nమలపఙ్కం ప్రవిశ్యాశు మగ్నస్తత్ర స రావణః.\n\n"
    },
    {
        "sloka": "కణ్ఠే బద్ధ్వా దశగ్రీవం ప్రమదా రక్తవాసినీ৷৷5.27.28৷৷\n\nకాలీ కర్దమలిప్తాఙ్గీ దిశం యామ్యాం ప్రకర్షతి.\n\n"
    },
    {
        "sloka": "ఏవం తత్ర మయా దృష్టః కుమ్భకర్ణో నిశాచరః৷৷5.27.29৷৷\n\nరావణస్య సుతాస్సర్వే దృష్టాస్తైలసముక్షితాః.\n\n"
    },
    {
        "sloka": "వరాహేణ దశగ్రీవశ్శింశుమారేణ చేన్ద్రజిత్৷৷5.27.30৷৷\n\nఉష్ట్రేణ కుమ్భకర్ణశ్చ ప్రయాతా దక్షిణాం దిశమ్.\n\n"
    },
    {
        "sloka": "ఏకస్తత్ర మయా దృష్టః శ్వేతచ్ఛత్రో విభీషణః৷৷5.27.31৷৷\n\nశుక్లమాల్యామ్బరధరః శుక్లగన్ధానులేపనః.\n\n"
    },
    {
        "sloka": "శఙ్ఖదున్ధుభినిర్ఘోషైర్నృత్తగీతైరలఙ్కృతః৷৷5.27.32৷৷\n\nఆరుహ్య శైలసఙ్కాశం మేఘస్తనితనిస్స్వనమ్.\n\nచతుర్దన్తం గజం దివ్యమాస్తే తత్ర విభీషణః৷৷5.27.33৷৷\n\nచతుర్భిస్సచివైః సార్థం వైహాయసముపస్థితః.\n\n"
    },
    {
        "sloka": "సమాజశ్చ మయా దృష్టో గీతవాదిత్రనిఃస్వనః৷৷5.27.34৷৷\n\nపిబతాం రక్తమాల్యానాం రక్షసాం రక్తవాససామ్.\n\n"
    },
    {
        "sloka": "లఙ్కా చేయం పురీ రమ్యా సవాజిరథకుఞ్జరాః৷৷5.27.35৷৷\n\nసాగరే పతితా దృష్టా భగ్నగోపురతోరణా.\n\n"
    },
    {
        "sloka": "లఙ్కా దృష్టా మయా స్వప్నే రావణేనాభిరక్షితా৷৷5.27.36৷৷\n\nదగ్ధా రామస్య దూతేన వానరేణ తరస్వినా.\n\n"
    },
    {
        "sloka": "పీత్వా తైలం ప్రనృత్తాశ్చ ప్రహసన్త్యో మహాస్వనాః৷৷5.27.37৷৷\n\nలఙ్కాయాం భస్మరూక్షాయాం సర్వా రాక్షసస్త్రియః.\n\n"
    },
    {
        "sloka": "కుమ్భకర్ణాదయశ్చేమే సర్వే రాక్షసపుఙ్గవాః৷৷5.27.38৷৷\n\nరక్తం నివసనం గృహ్య ప్రవిష్టా గోమయహ్రదే.\n\n"
    },
    {
        "sloka": "అపగచ్ఛత నశ్యధ్వం సీతామాప్నోతి రాఘవః৷৷5.27.39৷৷\n\nఘాతయేత్పరమామర్షీ యుష్మాన్సార్థం హి రాక్షసైః.\n\n"
    },
    {
        "sloka": "ప్రియాం బహుమతాం భార్యాం వనవాసమనువ్రతామ్৷৷5.27.40৷৷\n\nభర్త్సితాం తర్జితాం వాపి నానుమంస్యతి రాఘవః.\n\n"
    },
    {
        "sloka": "తదలం క్రూరవాక్యైశ్చ సాన్త్వమేవాభిధీయతామ్৷৷5.27.41৷৷\n\nఅభియాచామ వైదేహీమేతద్ధి మమ రోచతే.\n\n"
    },
    {
        "sloka": "యస్యామేవంవిధః స్వప్నో దుఃఖితాయాం ప్రదృశ్యతే৷৷5.27.42৷৷\n\nసా దుఃఖైర్వివిధైర్ముక్తా ప్రియం ప్రాప్నోత్యనుత్తమమ్.\n\n"
    },
    {
        "sloka": "భర్త్సితామపి యాచధ్వం రాక్షస్యః కిం వివక్షయా৷৷5.27.43৷৷\n\nరాఘవాద్ధి భయం ఘోరం రాక్షసానాముపస్థితమ్.\n\n"
    },
    {
        "sloka": "ప్రణిపాతప్రసన్నా హి మైథిలీ జనకాత్మజా৷৷5.27.44৷৷\n\nఅలమేషా పరిత్రాతుం రాక్షస్యో మహతో భయాత్.\n\n"
    },
    {
        "sloka": "అపి చాస్యా విశాలాక్ష్యా న కించిదుపలక్షయే৷৷5.27.45৷৷\n\nవిరూపమపి చాఙ్గేషు సుసూక్ష్మమపి లక్షణమ్.\n\n"
    },
    {
        "sloka": "ఛాయావైగుణ్యమాత్రం తు శఙ్కే దుఃఖముపస్థితమ్৷৷5.27.46৷৷\n\nఅదుఃఖార్హామిమాం దేవీం వైహాయసముపస్థితామ్.\n\n"
    },
    {
        "sloka": "అర్థసిద్ధిం తు వైదేహ్యాః పశ్యామ్యహముపస్థితామ్৷৷5.27.47৷৷\n\nరాక్షసేన్ద్రవినాశం చ విజయం రాఘవస్య చ.\n\n"
    },
    {
        "sloka": "నిమిత్తభూతమేతత్తు శ్రోతుమస్యా మహత్ప్రియమ్৷৷5.27.48৷৷\n\nదృశ్యతే చ స్ఫురచ్చక్షుః పద్మపత్రమివాయతమ్.\n\n"
    },
    {
        "sloka": "ఈషచ్ఛ హృషితో వాస్యా దక్షిణాయా హ్యదక్షిణః৷৷5.27.49৷৷\n\nఅకస్మాదేవ వైదేహ్యా బాహురేకః ప్రకమ్పతే.\n\n"
    },
    {
        "sloka": "కరేణుహస్తప్రతిమ స్సవ్యశ్చోరురనుత్తమః৷৷5.27.50৷৷\n\nవేపమానః సూచయతి రాఘవం పురతః స్థితమ్.\n\n"
    },
    {
        "sloka": "పక్షీ చ శాఖానిలయం ప్రవిష్టః\n\nపునః పునశ్చోత్తమసాన్త్వవాదీ.\n\nసుస్వాగతాం వాచముదీరయానః పునః\n\nపునశ్చోదయతీవ హృష్టః৷৷5.27.51৷৷\n\n"
    }
]