[
    {
        "sloka": "[Sita decides to end her sad life.] \n\nప్రసక్తాశ్రుముఖీత్యవం బ్రువన్తీ జనకాత్మజా.\n\nఆధోగతముఖీ బాలా విలప్తుముపచక్రమే৷৷5.26.1৷৷\n\n"
    },
    {
        "sloka": "ఉన్మత్తేవ ప్రమత్తేవ భ్రాన్తచిత్తేవ శోచతీ.\n\nఉపావృత్తా కిశోరీవ వివేష్టన్తీ మహీతలే৷৷5.26.2৷৷\n\n"
    },
    {
        "sloka": "రాఘవస్య ప్రమత్తస్య రక్షసా కామరూపిణా.\n\nరావణేన ప్రమథ్యాహమానీతా క్రోశతీ బలాత్৷৷5.26.3৷৷\n\n"
    },
    {
        "sloka": "రాక్షసీవశమాపన్నా భర్త్స్యమానా సుదారుణమ్.\n\nచిన్తయన్తీ సుదుఃఖార్తా నాహం జీవితుముత్సుహే৷৷5.26.4৷৷\n\n"
    },
    {
        "sloka": "న హి మే జీవితేనార్థో నైవార్థేర్న చ భూషణైః.\n\nవసన్త్యా రాక్షసీమధ్యే వినా రామం మహారథమ్৷৷5.26.5৷৷\n\n"
    },
    {
        "sloka": "అశ్మసారమిదం నూనమథవాప్యజరామరమ్.\n\nహృదయం మమ యేనేదం న దుఃఖేనావశీర్యతే৷৷5.26.6৷৷\n\n"
    },
    {
        "sloka": "ధిఙ్మామనార్యామసతీం యాహం తేనా వినా కృతా.\n\nముహూర్తమపి రక్షామి జీవితం పాపజీవితా৷৷5.26.7৷৷\n\n"
    },
    {
        "sloka": "కా చ మే జీవితే శ్రద్ధా సుఖే వా తం ప్రియం వినా.\n\nభర్తారం సాగరాన్తాయా వసుధాయాః ప్రియంవదమ్৷৷5.26.8৷৷\n\n"
    },
    {
        "sloka": "భిద్యతాం భక్ష్యతాం వాపి శరీరం విసృజామ్యహమ్.\n\nన చాప్యహం చిరం దుఃఖం సహేయం ప్రియవర్జితా৷৷5.26.9৷৷\n\n"
    },
    {
        "sloka": "చరణేనాపి సవ్యేన న స్పృశేయం నిశాచరమ్.\n\nరావణం కిం పునరహం కామమేయం విగర్హితమ్৷৷5.26.10৷৷\n\n"
    },
    {
        "sloka": "ప్రత్యాఖ్యాతం న జానాతి నాత్మానం నాత్మనః కులమ్.\n\nయో నృశంసస్వభావేన మాం ప్రార్థయితుమిచ్ఛతి৷৷5.26.11৷৷\n\n"
    },
    {
        "sloka": "ఛిన్నా భిన్నా విభక్తా వా దీప్తేవాగ్నౌ ప్రదీపితా.\n\nరావణం నోపతిష్ఠేయం కిం ప్రలాపేన వశ్చిరమ్৷৷5.26.12৷৷\n\n"
    },
    {
        "sloka": "ఖ్యాతః ప్రాజ్ఞః కృతజ్ఞశ్చ సానుక్రోశశ్చ రాఘవః.\n\nసద్వృత్తో నిరనుక్రోశశ్శఙ్కే మద్భాగ్యసఙ్క్షయాత్৷৷5.26.13৷৷\n\n"
    },
    {
        "sloka": "రాక్షసానాం సహస్రాణి జనస్థానే చతుర్దశ.\n\nయేనైకేన నిరస్తాని స మాం కిం నాభిపద్యతే৷৷5.26.14৷৷\n\n"
    },
    {
        "sloka": "నిరుద్ధా రావణేనాహమల్పవీర్యేణ రక్షసా.\n\nసమర్థః ఖలు మే భర్తా రావణం హన్తుమాహవే৷৷5.26.15৷৷\n\n"
    },
    {
        "sloka": "విరాధో దణ్డకారణ్యే యేన రాక్షసపుఙ్గవః.\n\nరణే రామేణ నిహతస్స మాం కిం నాభిపద్యతే৷৷5.26.16৷৷\n\n"
    },
    {
        "sloka": "కామం మధ్యే సముద్రస్య లఙ్కేయం దుష్ప్రధర్షణా.\n\nన తు రాఘవబాణానాం గతిరోధో భవిష్యతి ৷৷5.26.17৷৷\n\n"
    },
    {
        "sloka": "కిన్ను తత్కారణం యేన రామో దృఢపరాక్రమః.\n\nరక్షసాపహృతాం భార్యామిష్టాం నాభ్యవపద్యతే৷৷5.26.18৷৷\n\n"
    },
    {
        "sloka": "ఇహస్థాం మాం న జానీతే శఙ్కే లక్ష్మణపూర్వజః.\n\nజానన్నపి హి తేజస్వీ ధర్షణం మర్షయిష్యతి৷৷5.26.19৷৷\n\n"
    },
    {
        "sloka": "హృతేతి యోధిగత్వా మాం రాఘవాయ నివేదయేత్.\n\nగృధ్రరాజోపి స రణే రావణేన నిపాతితః৷৷5.26.20৷৷\n\n"
    },
    {
        "sloka": "కృతం కర్మ మహత్తేన మాం తథాభ్యవపద్యతా.\n\nతిష్ఠతా రావణద్వన్ద్వే వృద్ధేనాపి జటాయుషా৷৷5.26.21৷৷\n\n"
    },
    {
        "sloka": "యది మామిహ జానీయాద్వర్తమానాం స రాఘవః.\n\nఅద్య బాణైరభిక్రుద్ధః కుర్యాల్లోకమరాక్షసమ్৷৷5.26.22৷৷\n\n"
    },
    {
        "sloka": "విధమేచ్చ పురీం లఙ్కాం శోషయేచ్చ మహోదధిమ్.\n\nరావణస్య చ నీచస్య కీర్తిం నామ చ నాశయేత్৷৷5.26.23৷৷\n\n"
    },
    {
        "sloka": "తతో నిహతనాథానాం రాక్షసీనాం గృహే గృహే.\n\nయథాహమేవం రుదతీ తథా భూయో న సంశయః৷৷5.26.24৷৷\n\n"
    },
    {
        "sloka": "అన్విష్య రక్షసాం లఙ్కాం కుర్యాద్రామస్సలక్ష్మణః.\n\nన హి తాభ్యాం రిపుర్దృష్టో ముహూర్తమపి జీవతి৷৷5.26.25৷৷\n\n"
    },
    {
        "sloka": "చితాధూమాకులపథా గృధ్రమణ్డలసఙ్కులా.\n\nఅచిరేణ తు లఙ్కేయం శ్మశానసదృశీ భవేత్৷৷5.26.26৷৷\n\n"
    },
    {
        "sloka": "అచిరేణైవ కాలేన ప్రాప్స్యామ్యేవ మనోరథమ్.\n\nదుష్ప్రస్థానోయామాఖ్యాతి సర్వేషాం వో విపర్యయమ్৷৷5.26.27৷৷\n\n"
    },
    {
        "sloka": "యాదృశానీహ దృశ్యన్తే లఙ్కాయామశుభాని వై.\n\nఅచిరేణైవ కాలేన భవిష్యతి హతప్రభా৷৷5.26.28৷৷\n\n"
    },
    {
        "sloka": "నూనం లఙ్కా హతే పాపే రావణే రాక్షసాధమే.\n\nశోషం యాస్యతి దుర్ధర్షా ప్రమదా విధవా యథా৷৷5.26.29৷৷\n\n"
    },
    {
        "sloka": "పుణ్యోత్సవసముత్థా చ నష్టభర్త్రీ సరాక్షసీ.\n\nభవిష్యతి పురీ లఙ్కా నష్టభర్త్రీ యథాఙ్గనా৷৷5.26.30৷৷\n\n"
    },
    {
        "sloka": "నూనం రాక్షసకన్యానాం రుదన్తీనాం గృహే గృహే.\n\nశ్రోష్యామి నచిరాదేవ దుఃఖార్తానామిహ ధ్వనిమ్৷৷5.26.31৷৷\n\n"
    },
    {
        "sloka": "సాన్థకారా హతద్యోతా హతరాక్షసపుఙ్గవా.\n\nభవిష్యతి పురీ లఙ్కా నిర్దగ్ధా రామసాయకైః৷৷5.26.32৷৷\n\n"
    },
    {
        "sloka": "యది నామ స శూరో మాం రామో రక్తాన్తలోచనః.\n\nజానీయాద్వర్తమానాం హి రావణస్య నివేశనే৷৷5.26.33৷৷\n\nఅనేన తు నృశంసేన రావణేనాధమేన మే.\n\nసమయో యస్తు నిర్దిష్టస్తస్య కాలోయమాగతః৷৷5.26.34৷৷\n\nస చ మే విహితో మృత్యురస్మిన్ దుష్టే న వర్తతే.\n\n"
    },
    {
        "sloka": "అకార్యం యే న జానన్తి నైరృతాః పాపకారిణః৷৷5.26.35৷৷\n\nఅధర్మాత్తు మహోత్పాతో భవిష్యతి హి సాంప్రతమ్.\n\nనైతే ధర్మం విజానన్తి రాక్షసాః పిశితాశనాః৷৷5.26.36৷৷\n\n"
    },
    {
        "sloka": "ధ్రువం మాం ప్రాతరాశార్థే రాక్షసః కల్పయిష్యతి.\n\nసాహం కథం కరిష్యామి తం వినా ప్రియదర్శనమ్৷৷5.26.37৷৷\n\nరామం రక్తాన్తనయనమపశ్యన్తీ సుదుఃఖితా.\n\n"
    },
    {
        "sloka": "యది కశ్చిత్ ప్రదాతా మే విషస్యాద్య భవేదిహ৷৷5.27.38৷৷\n\nక్షిప్రం వైవస్వతం దేవం పశ్యేయం పతినా వినా.\n\n"
    },
    {
        "sloka": "నాజానాజ్జీవతీం రామస్స మాం లక్ష్మణపూర్వజః৷৷5.26.39৷৷\n\nజానన్తౌ తౌ న కుర్యాతాం నోర్య్వాం హి మమ మార్గణమ్.\n\n"
    },
    {
        "sloka": "నూనం మమైవ శోకేన స వీరో లక్ష్మణాగ్రజః৷৷5.26.40৷৷\n\nదేవలోకమితో యాతస్త్యక్త్వా దేహం మహీతలే.\n\n"
    },
    {
        "sloka": "ధన్యా దేవాస్సగన్ధర్వాః సిద్ధాశ్చ పరమర్షయః৷৷5.26.41৷৷\n\nమమ పశ్యన్తి యే నాథం రామం రాజీవలోచనమ్.\n\n"
    },
    {
        "sloka": "అథవా న హి తస్యార్థో ధర్మకామస్య ధీమతః৷৷5.26.42৷৷\n\nమయా రామస్య రాజర్షేర్భార్యయా పరమాత్మనః.\n\n"
    },
    {
        "sloka": "దృశ్యమానే భవేత్ప్రీతి స్సౌహృదం నాస్త్యపశ్యతః৷৷5.26.43৷৷\n\nనాశయన్తి కృతఘ్నాస్తు న రామో నాశయిష్యతి.\n\n"
    },
    {
        "sloka": "కిం ను మే న గుణాః కేచిత్కిం వా భాగ్యక్షయో మమ৷৷5.26.44৷৷                                                                                                       యాహం సీదామి రామేణ హీనా ముఖ్యేన భామినీ.\n\n"
    },
    {
        "sloka": "శ్రేయో మే జీవితాన్మర్తుం విహీనాయా మహాత్మనః৷৷5.26.45৷৷\n\nరామాదక్లిష్టచారిత్రాచ్ఛూరాచ్ఛత్రునిబర్హణాత్.\n\n"
    },
    {
        "sloka": "అథవా న్యస్తశత్రౌ తౌ వనే మూలఫలాశినౌ৷৷5.26.46৷৷\n\nభ్రాతరౌ హి నరశ్రేష్ఠౌ సంవృత్తౌ వనగోచరౌ.\n\n"
    },
    {
        "sloka": "అథవా రాక్షసేన్ద్రేణ రావణేన దురాత్మనా৷৷5.26.47৷৷\n\nఛద్మనా ఘాతితౌ శూరౌ భ్రాతరౌ రామలక్ష్మణౌ.\n\n"
    },
    {
        "sloka": "సాహమేవఙ్గతే కాలే మర్తుమిచ్ఛామి సర్వథా৷৷5.26.48৷৷\n\nన చ మే విహితో మృత్యురస్మిన్ దుఃఖేపి వర్తతే.\n\n"
    },
    {
        "sloka": "ధన్యాః ఖలు మహాత్మానో మునయస్త్యక్తకిల్బిషాః৷৷5.26.49৷৷\n\nజితాత్మనో మహాభాగా యేషాం న స్తః ప్రియాప్రియే.\n\n"
    },
    {
        "sloka": "ప్రియాన్న సంభవేద్దుఃఖమప్రియాదధికం భయమ్৷৷5.26.50৷৷\n\nతాభ్యాం హి యే వియుజ్యన్తే నమస్తేషాం మహాత్మనామ్.\n\n"
    },
    {
        "sloka": "సాహం త్యక్తా ప్రియార్హేణ రామేణ విదితాత్మనా৷৷5.26.51৷৷\n\nప్రాణాంస్త్యక్ష్యామి పాపస్య రావణస్య గతా వశమ్.\n\n"
    },
    {
        "sloka": "[Sita decides to end her sad life.] \n\nప్రసక్తాశ్రుముఖీత్యవం బ్రువన్తీ జనకాత్మజా.\n\nఆధోగతముఖీ బాలా విలప్తుముపచక్రమే৷৷5.26.1৷৷\n\n"
    },
    {
        "sloka": "ఉన్మత్తేవ ప్రమత్తేవ భ్రాన్తచిత్తేవ శోచతీ.\n\nఉపావృత్తా కిశోరీవ వివేష్టన్తీ మహీతలే৷৷5.26.2৷৷\n\n"
    },
    {
        "sloka": "రాఘవస్య ప్రమత్తస్య రక్షసా కామరూపిణా.\n\nరావణేన ప్రమథ్యాహమానీతా క్రోశతీ బలాత్৷৷5.26.3৷৷\n\n"
    },
    {
        "sloka": "రాక్షసీవశమాపన్నా భర్త్స్యమానా సుదారుణమ్.\n\nచిన్తయన్తీ సుదుఃఖార్తా నాహం జీవితుముత్సుహే৷৷5.26.4৷৷\n\n"
    },
    {
        "sloka": "న హి మే జీవితేనార్థో నైవార్థేర్న చ భూషణైః.\n\nవసన్త్యా రాక్షసీమధ్యే వినా రామం మహారథమ్৷৷5.26.5৷৷\n\n"
    },
    {
        "sloka": "అశ్మసారమిదం నూనమథవాప్యజరామరమ్.\n\nహృదయం మమ యేనేదం న దుఃఖేనావశీర్యతే৷৷5.26.6৷৷\n\n"
    },
    {
        "sloka": "ధిఙ్మామనార్యామసతీం యాహం తేనా వినా కృతా.\n\nముహూర్తమపి రక్షామి జీవితం పాపజీవితా৷৷5.26.7৷৷\n\n"
    },
    {
        "sloka": "కా చ మే జీవితే శ్రద్ధా సుఖే వా తం ప్రియం వినా.\n\nభర్తారం సాగరాన్తాయా వసుధాయాః ప్రియంవదమ్৷৷5.26.8৷৷\n\n"
    },
    {
        "sloka": "భిద్యతాం భక్ష్యతాం వాపి శరీరం విసృజామ్యహమ్.\n\nన చాప్యహం చిరం దుఃఖం సహేయం ప్రియవర్జితా৷৷5.26.9৷৷\n\n"
    },
    {
        "sloka": "చరణేనాపి సవ్యేన న స్పృశేయం నిశాచరమ్.\n\nరావణం కిం పునరహం కామమేయం విగర్హితమ్৷৷5.26.10৷৷\n\n"
    },
    {
        "sloka": "ప్రత్యాఖ్యాతం న జానాతి నాత్మానం నాత్మనః కులమ్.\n\nయో నృశంసస్వభావేన మాం ప్రార్థయితుమిచ్ఛతి৷৷5.26.11৷৷\n\n"
    },
    {
        "sloka": "ఛిన్నా భిన్నా విభక్తా వా దీప్తేవాగ్నౌ ప్రదీపితా.\n\nరావణం నోపతిష్ఠేయం కిం ప్రలాపేన వశ్చిరమ్৷৷5.26.12৷৷\n\n"
    },
    {
        "sloka": "ఖ్యాతః ప్రాజ్ఞః కృతజ్ఞశ్చ సానుక్రోశశ్చ రాఘవః.\n\nసద్వృత్తో నిరనుక్రోశశ్శఙ్కే మద్భాగ్యసఙ్క్షయాత్৷৷5.26.13৷৷\n\n"
    },
    {
        "sloka": "రాక్షసానాం సహస్రాణి జనస్థానే చతుర్దశ.\n\nయేనైకేన నిరస్తాని స మాం కిం నాభిపద్యతే৷৷5.26.14৷৷\n\n"
    },
    {
        "sloka": "నిరుద్ధా రావణేనాహమల్పవీర్యేణ రక్షసా.\n\nసమర్థః ఖలు మే భర్తా రావణం హన్తుమాహవే৷৷5.26.15৷৷\n\n"
    },
    {
        "sloka": "విరాధో దణ్డకారణ్యే యేన రాక్షసపుఙ్గవః.\n\nరణే రామేణ నిహతస్స మాం కిం నాభిపద్యతే৷৷5.26.16৷৷\n\n"
    },
    {
        "sloka": "కామం మధ్యే సముద్రస్య లఙ్కేయం దుష్ప్రధర్షణా.\n\nన తు రాఘవబాణానాం గతిరోధో భవిష్యతి ৷৷5.26.17৷৷\n\n"
    },
    {
        "sloka": "కిన్ను తత్కారణం యేన రామో దృఢపరాక్రమః.\n\nరక్షసాపహృతాం భార్యామిష్టాం నాభ్యవపద్యతే৷৷5.26.18৷৷\n\n"
    },
    {
        "sloka": "ఇహస్థాం మాం న జానీతే శఙ్కే లక్ష్మణపూర్వజః.\n\nజానన్నపి హి తేజస్వీ ధర్షణం మర్షయిష్యతి৷৷5.26.19৷৷\n\n"
    },
    {
        "sloka": "హృతేతి యోధిగత్వా మాం రాఘవాయ నివేదయేత్.\n\nగృధ్రరాజోపి స రణే రావణేన నిపాతితః৷৷5.26.20৷৷\n\n"
    },
    {
        "sloka": "కృతం కర్మ మహత్తేన మాం తథాభ్యవపద్యతా.\n\nతిష్ఠతా రావణద్వన్ద్వే వృద్ధేనాపి జటాయుషా৷৷5.26.21৷৷\n\n"
    },
    {
        "sloka": "యది మామిహ జానీయాద్వర్తమానాం స రాఘవః.\n\nఅద్య బాణైరభిక్రుద్ధః కుర్యాల్లోకమరాక్షసమ్৷৷5.26.22৷৷\n\n"
    },
    {
        "sloka": "విధమేచ్చ పురీం లఙ్కాం శోషయేచ్చ మహోదధిమ్.\n\nరావణస్య చ నీచస్య కీర్తిం నామ చ నాశయేత్৷৷5.26.23৷৷\n\n"
    },
    {
        "sloka": "తతో నిహతనాథానాం రాక్షసీనాం గృహే గృహే.\n\nయథాహమేవం రుదతీ తథా భూయో న సంశయః৷৷5.26.24৷৷\n\n"
    },
    {
        "sloka": "అన్విష్య రక్షసాం లఙ్కాం కుర్యాద్రామస్సలక్ష్మణః.\n\nన హి తాభ్యాం రిపుర్దృష్టో ముహూర్తమపి జీవతి৷৷5.26.25৷৷\n\n"
    },
    {
        "sloka": "చితాధూమాకులపథా గృధ్రమణ్డలసఙ్కులా.\n\nఅచిరేణ తు లఙ్కేయం శ్మశానసదృశీ భవేత్৷৷5.26.26৷৷\n\n"
    },
    {
        "sloka": "అచిరేణైవ కాలేన ప్రాప్స్యామ్యేవ మనోరథమ్.\n\nదుష్ప్రస్థానోయామాఖ్యాతి సర్వేషాం వో విపర్యయమ్৷৷5.26.27৷৷\n\n"
    },
    {
        "sloka": "యాదృశానీహ దృశ్యన్తే లఙ్కాయామశుభాని వై.\n\nఅచిరేణైవ కాలేన భవిష్యతి హతప్రభా৷৷5.26.28৷৷\n\n"
    },
    {
        "sloka": "నూనం లఙ్కా హతే పాపే రావణే రాక్షసాధమే.\n\nశోషం యాస్యతి దుర్ధర్షా ప్రమదా విధవా యథా৷৷5.26.29৷৷\n\n"
    },
    {
        "sloka": "పుణ్యోత్సవసముత్థా చ నష్టభర్త్రీ సరాక్షసీ.\n\nభవిష్యతి పురీ లఙ్కా నష్టభర్త్రీ యథాఙ్గనా৷৷5.26.30৷৷\n\n"
    },
    {
        "sloka": "నూనం రాక్షసకన్యానాం రుదన్తీనాం గృహే గృహే.\n\nశ్రోష్యామి నచిరాదేవ దుఃఖార్తానామిహ ధ్వనిమ్৷৷5.26.31৷৷\n\n"
    },
    {
        "sloka": "సాన్థకారా హతద్యోతా హతరాక్షసపుఙ్గవా.\n\nభవిష్యతి పురీ లఙ్కా నిర్దగ్ధా రామసాయకైః৷৷5.26.32৷৷\n\n"
    },
    {
        "sloka": "యది నామ స శూరో మాం రామో రక్తాన్తలోచనః.\n\nజానీయాద్వర్తమానాం హి రావణస్య నివేశనే৷৷5.26.33৷৷\n\nఅనేన తు నృశంసేన రావణేనాధమేన మే.\n\nసమయో యస్తు నిర్దిష్టస్తస్య కాలోయమాగతః৷৷5.26.34৷৷\n\nస చ మే విహితో మృత్యురస్మిన్ దుష్టే న వర్తతే.\n\n"
    },
    {
        "sloka": "అకార్యం యే న జానన్తి నైరృతాః పాపకారిణః৷৷5.26.35৷৷\n\nఅధర్మాత్తు మహోత్పాతో భవిష్యతి హి సాంప్రతమ్.\n\nనైతే ధర్మం విజానన్తి రాక్షసాః పిశితాశనాః৷৷5.26.36৷৷\n\n"
    },
    {
        "sloka": "ధ్రువం మాం ప్రాతరాశార్థే రాక్షసః కల్పయిష్యతి.\n\nసాహం కథం కరిష్యామి తం వినా ప్రియదర్శనమ్৷৷5.26.37৷৷\n\nరామం రక్తాన్తనయనమపశ్యన్తీ సుదుఃఖితా.\n\n"
    },
    {
        "sloka": "యది కశ్చిత్ ప్రదాతా మే విషస్యాద్య భవేదిహ৷৷5.27.38৷৷\n\nక్షిప్రం వైవస్వతం దేవం పశ్యేయం పతినా వినా.\n\n"
    },
    {
        "sloka": "నాజానాజ్జీవతీం రామస్స మాం లక్ష్మణపూర్వజః৷৷5.26.39৷৷\n\nజానన్తౌ తౌ న కుర్యాతాం నోర్య్వాం హి మమ మార్గణమ్.\n\n"
    },
    {
        "sloka": "నూనం మమైవ శోకేన స వీరో లక్ష్మణాగ్రజః৷৷5.26.40৷৷\n\nదేవలోకమితో యాతస్త్యక్త్వా దేహం మహీతలే.\n\n"
    },
    {
        "sloka": "ధన్యా దేవాస్సగన్ధర్వాః సిద్ధాశ్చ పరమర్షయః৷৷5.26.41৷৷\n\nమమ పశ్యన్తి యే నాథం రామం రాజీవలోచనమ్.\n\n"
    },
    {
        "sloka": "అథవా న హి తస్యార్థో ధర్మకామస్య ధీమతః৷৷5.26.42৷৷\n\nమయా రామస్య రాజర్షేర్భార్యయా పరమాత్మనః.\n\n"
    },
    {
        "sloka": "దృశ్యమానే భవేత్ప్రీతి స్సౌహృదం నాస్త్యపశ్యతః৷৷5.26.43৷৷\n\nనాశయన్తి కృతఘ్నాస్తు న రామో నాశయిష్యతి.\n\n"
    },
    {
        "sloka": "కిం ను మే న గుణాః కేచిత్కిం వా భాగ్యక్షయో మమ৷৷5.26.44৷৷                                                                                                       యాహం సీదామి రామేణ హీనా ముఖ్యేన భామినీ.\n\n"
    },
    {
        "sloka": "శ్రేయో మే జీవితాన్మర్తుం విహీనాయా మహాత్మనః৷৷5.26.45৷৷\n\nరామాదక్లిష్టచారిత్రాచ్ఛూరాచ్ఛత్రునిబర్హణాత్.\n\n"
    },
    {
        "sloka": "అథవా న్యస్తశత్రౌ తౌ వనే మూలఫలాశినౌ৷৷5.26.46৷৷\n\nభ్రాతరౌ హి నరశ్రేష్ఠౌ సంవృత్తౌ వనగోచరౌ.\n\n"
    },
    {
        "sloka": "అథవా రాక్షసేన్ద్రేణ రావణేన దురాత్మనా৷৷5.26.47৷৷\n\nఛద్మనా ఘాతితౌ శూరౌ భ్రాతరౌ రామలక్ష్మణౌ.\n\n"
    },
    {
        "sloka": "సాహమేవఙ్గతే కాలే మర్తుమిచ్ఛామి సర్వథా৷৷5.26.48৷৷\n\nన చ మే విహితో మృత్యురస్మిన్ దుఃఖేపి వర్తతే.\n\n"
    },
    {
        "sloka": "ధన్యాః ఖలు మహాత్మానో మునయస్త్యక్తకిల్బిషాః৷৷5.26.49৷৷\n\nజితాత్మనో మహాభాగా యేషాం న స్తః ప్రియాప్రియే.\n\n"
    },
    {
        "sloka": "ప్రియాన్న సంభవేద్దుఃఖమప్రియాదధికం భయమ్৷৷5.26.50৷৷\n\nతాభ్యాం హి యే వియుజ్యన్తే నమస్తేషాం మహాత్మనామ్.\n\n"
    },
    {
        "sloka": "సాహం త్యక్తా ప్రియార్హేణ రామేణ విదితాత్మనా৷৷5.26.51৷৷\n\nప్రాణాంస్త్యక్ష్యామి పాపస్య రావణస్య గతా వశమ్.\n\n"
    }
]