[
    {
        "sloka": "[Ravana comes to see Sita.]\n\nతథా విప్రేక్ష్యమాణస్య వనం పుష్పితపాదపమ్.\n\nవిచిన్వతశ్చ వైదేహీం కించిచ్ఛేషా నిశాభవత్৷৷5.18.1৷৷\n\n"
    },
    {
        "sloka": "షడఙ్గవేదవిదుషాం క్రతుప్రవరయాజినామ్.\n\nశుశ్రావ బ్రహ్మఘోషాంశ్చ స విరాత్రే బ్రహ్మరక్షసామ్৷৷5.18.2৷৷\n\n"
    },
    {
        "sloka": "అథ మఙ్గలవాదిత్రశబ్దైః శ్రుతిమనోహరైః.\n\nప్రాబుధ్యత మహాబాహుర్దశగ్రీవో మహాబలః৷৷5.18.3৷৷\n\n"
    },
    {
        "sloka": "విబుధ్యతు యథాకాలం రాక్షసేన్ద్రః ప్రతాపవాన్.\n\nస్రస్తమాల్యామ్బరధరో వైదేహీమన్వచిన్తయత్৷৷5.18.4৷৷\n\n"
    },
    {
        "sloka": "భృశం నియుక్తస్తస్యాం చ మదనేన మదోత్కటః.\n\nన స తం రాక్షసః కామం శశాకాత్మని గూహితుమ్৷৷5.18.5৷৷\n\n"
    },
    {
        "sloka": "స సర్వాభరణైర్యుక్తో బిభ్రచ్ఛ్రియమనుత్తమామ్.\n\nతాం నగైర్బహుభిర్జుష్టాం సర్వపుష్పఫలోపగైః৷৷5.18.6৷৷\n\n"
    },
    {
        "sloka": "వృతాం పుష్కరిణీభిశ్చ నానాపుష్పోపశోభితామ్.\n\nసదా మదైశ్చ విహగైర్విచిత్రాం పరమాద్భుతామ్৷৷5.18.7৷৷\n\n"
    },
    {
        "sloka": "ఈహామృగైశ్చ వివిధైర్జుష్టాం దృష్టిమనోహరైః.\n\nవీధీః సంప్రేక్షమాణశ్చ మణికాఞ్చనతోరణాః৷৷5.18.8৷৷\n\nనానామృగగణాకీర్ణాం ఫలైః ప్రపతితైర్వృతామ్.\n\nఅశోకవనికామేవ ప్రావిశత్సంతతద్రుమామ్৷৷5.18.9৷৷\n\n"
    },
    {
        "sloka": "అఙ్గనాశతమాత్రం తు తం వ్రజన్తమనువ్రజత్.\n\nమహేన్ద్రమివ పౌలస్త్యం దేవగన్ధర్వయోషితః৷৷5.18.10৷৷\n\n"
    },
    {
        "sloka": "దీపికాః కాఞ్చనీః కాశ్చిజ్జగృహుస్తత్ర యోషితః.\n\nవాలవ్యజనహస్తాశ్చ తాలవృన్తాని చాపరాః৷৷5.18.11৷৷\n\n"
    },
    {
        "sloka": "కాఞ్చనైరపి భృఙ్గారైర్జహ్రుః సలిలమగ్రతః.\n\nమణ్డలాగ్రాన్ బృసీశ్చాపి గృహ్యాన్యాః పృష్ఠతో యయుః৷৷5.18.12৷৷\n\n"
    },
    {
        "sloka": "కాచిద్రత్నమయీం స్థాలీం పూర్ణాం పానస్య భామినీ.\n\nదక్షిణా దక్షిణేనైవ తదా జగ్రాహ పాణినా৷৷5.18.13৷৷\n\n"
    },
    {
        "sloka": "రాజహంసప్రతీకాశం ఛత్రం పూర్ణశశిప్రభమ్.\n\nసౌవర్ణదణ్డమపరా గృహీత్వా పృష్ఠతో యయౌ৷৷5.18.14৷৷\n\n"
    },
    {
        "sloka": "నిద్రామదపరీతాక్ష్యో రావణస్యోత్తమాః స్త్రియః.\n\nఅనుజగ్ముః పతిం వీరం ఘనం విద్యుల్లతా ఇవ৷৷5.18.15৷৷\n\n"
    },
    {
        "sloka": "వ్యావిద్ధహారకేయూరాః సమామృదితవర్ణకాః.\n\nసమాగళితకేశాన్తాస్సస్వేదవదనాస్తథా৷৷5.18.16৷৷\n\nఘూర్ణన్త్యో మదశేషేణ నిద్రయా చ శుభాననాః.\n\nస్వేదక్లిష్టాఙ్గకుసుమాస్సుమాల్యాకులమూర్ధజాః৷৷5.18.17৷৷\n\nప్రయాన్తం నైఋతపతిం నార్యో మదిరలోచనాః.\n\nబహుమానాచ్చ కామాచ్చ ప్రియా భార్యాస్తమన్వయుః৷৷5.18.18৷৷\n\n"
    },
    {
        "sloka": "స చ కామపరాధీన: పతిస్తాసాం మహాబలః.\n\nసీతాసక్తమనా మన్దో మన్దాఞ్చితగతిర్బభౌ৷৷5.18.19৷৷\n\n"
    },
    {
        "sloka": "తతః కాఞ్చీనినాదం చ నూపురాణాం చ నిస్వనమ్.\n\nశుశ్రావ పరమస్త్రీణాం స కపిర్మారుతాత్మజః৷৷5.18.20৷৷\n\n"
    },
    {
        "sloka": "తం చాప్రతిమకర్మాణమచిన్త్యబలపౌరుషమ్.\n\nద్వారదేశమనుప్రాప్తం దదర్శ హనుమాన్ కపిః৷৷5.18.21৷৷\n\n"
    },
    {
        "sloka": "దీపికాభిరనేకాభిః సమన్తాదవభాసితమ్.\n\nగన్ధతైలావసిక్తాభిర్ధ్రియమాణాభిరగ్రతః৷৷5.18.22৷৷\n\n"
    },
    {
        "sloka": "కామదర్పమదైర్యుక్తం జిహ్మతామ్రాయతేక్షణమ్.\n\nసమక్షమివ కన్దర్పమపవిద్ధశరాసనమ్৷৷5.18.23৷৷\n\n"
    },
    {
        "sloka": "మథితామృతఫేనాభమరజోవస్త్రముత్తమమ్.\n\nసలీలమనుకర్షన్తం విముక్తం సక్తమఙ్గదే৷৷5.18.24৷৷\n\n"
    },
    {
        "sloka": "తం పత్రవిటపే లీనః పత్రపుష్పఘనావృతః.\n\nసమీపమివ సంక్రాన్తం నిధ్యాతుముపచక్రమే৷৷5.18.25৷৷\n\n"
    },
    {
        "sloka": "అవేక్షమాణస్తు తతో దదర్శ కపికుఞ్జరః.\n\nరూపయౌవనసమ్పన్నా రావణస్య వరస్త్రియః৷৷5.18.26৷৷\n\n"
    },
    {
        "sloka": "తాభిః పరివృతో రాజా సురూపాభిర్మహాయశాః.\n\nతన్మృగద్విజసఙ్ఘుష్టం ప్రవిష్టః ప్రమదావనమ్৷৷5.18.27৷৷\n\n"
    },
    {
        "sloka": "క్షీబో విచిత్రాభరణః శఙ్కుకర్ణో మహాబలః.\n\nతేన విశ్రవసః పుత్రః స దృష్టో రాక్షసాధిపః৷৷5.18.28৷৷\n\nవృతః పరమనారీభిస్తారాభిరివ చన్ద్రమాః.\n\nతం దదర్శ మహాతేజాస్తేజోవన్తం మహాకపిః৷৷5.18.29৷৷\n\n"
    },
    {
        "sloka": "రావణోయం మహాబాహురితి సఞ్చిన్త్య వానరః.\n\nఅవప్లుతో మహాతేజా హనుమాన్మారుతాత్మజః৷৷5.18.30৷৷\n\n"
    },
    {
        "sloka": "స తథాప్యుగ్రతేజాః సన్నిర్ధూతస్తస్య తేజసా.\n\nపత్రగుహ్యాన్తరే సక్తో హనుమాన్ సంవృతోభవత్৷৷5.18.31৷৷\n\n"
    },
    {
        "sloka": "స తామసితకేశాన్తాం సుశ్రోణీం సంహతస్త్నీమ్.\n\nదిదృక్షురసితాపాఙ్గాముపావర్తత రావణః৷৷5.18.32৷৷\n\n"
    },
    {
        "sloka": "[Ravana comes to see Sita.]\n\nతథా విప్రేక్ష్యమాణస్య వనం పుష్పితపాదపమ్.\n\nవిచిన్వతశ్చ వైదేహీం కించిచ్ఛేషా నిశాభవత్৷৷5.18.1৷৷\n\n"
    },
    {
        "sloka": "షడఙ్గవేదవిదుషాం క్రతుప్రవరయాజినామ్.\n\nశుశ్రావ బ్రహ్మఘోషాంశ్చ స విరాత్రే బ్రహ్మరక్షసామ్৷৷5.18.2৷৷\n\n"
    },
    {
        "sloka": "అథ మఙ్గలవాదిత్రశబ్దైః శ్రుతిమనోహరైః.\n\nప్రాబుధ్యత మహాబాహుర్దశగ్రీవో మహాబలః৷৷5.18.3৷৷\n\n"
    },
    {
        "sloka": "విబుధ్యతు యథాకాలం రాక్షసేన్ద్రః ప్రతాపవాన్.\n\nస్రస్తమాల్యామ్బరధరో వైదేహీమన్వచిన్తయత్৷৷5.18.4৷৷\n\n"
    },
    {
        "sloka": "భృశం నియుక్తస్తస్యాం చ మదనేన మదోత్కటః.\n\nన స తం రాక్షసః కామం శశాకాత్మని గూహితుమ్৷৷5.18.5৷৷\n\n"
    },
    {
        "sloka": "స సర్వాభరణైర్యుక్తో బిభ్రచ్ఛ్రియమనుత్తమామ్.\n\nతాం నగైర్బహుభిర్జుష్టాం సర్వపుష్పఫలోపగైః৷৷5.18.6৷৷\n\n"
    },
    {
        "sloka": "వృతాం పుష్కరిణీభిశ్చ నానాపుష్పోపశోభితామ్.\n\nసదా మదైశ్చ విహగైర్విచిత్రాం పరమాద్భుతామ్৷৷5.18.7৷৷\n\n"
    },
    {
        "sloka": "ఈహామృగైశ్చ వివిధైర్జుష్టాం దృష్టిమనోహరైః.\n\nవీధీః సంప్రేక్షమాణశ్చ మణికాఞ్చనతోరణాః৷৷5.18.8৷৷\n\nనానామృగగణాకీర్ణాం ఫలైః ప్రపతితైర్వృతామ్.\n\nఅశోకవనికామేవ ప్రావిశత్సంతతద్రుమామ్৷৷5.18.9৷৷\n\n"
    },
    {
        "sloka": "అఙ్గనాశతమాత్రం తు తం వ్రజన్తమనువ్రజత్.\n\nమహేన్ద్రమివ పౌలస్త్యం దేవగన్ధర్వయోషితః৷৷5.18.10৷৷\n\n"
    },
    {
        "sloka": "దీపికాః కాఞ్చనీః కాశ్చిజ్జగృహుస్తత్ర యోషితః.\n\nవాలవ్యజనహస్తాశ్చ తాలవృన్తాని చాపరాః৷৷5.18.11৷৷\n\n"
    },
    {
        "sloka": "కాఞ్చనైరపి భృఙ్గారైర్జహ్రుః సలిలమగ్రతః.\n\nమణ్డలాగ్రాన్ బృసీశ్చాపి గృహ్యాన్యాః పృష్ఠతో యయుః৷৷5.18.12৷৷\n\n"
    },
    {
        "sloka": "కాచిద్రత్నమయీం స్థాలీం పూర్ణాం పానస్య భామినీ.\n\nదక్షిణా దక్షిణేనైవ తదా జగ్రాహ పాణినా৷৷5.18.13৷৷\n\n"
    },
    {
        "sloka": "రాజహంసప్రతీకాశం ఛత్రం పూర్ణశశిప్రభమ్.\n\nసౌవర్ణదణ్డమపరా గృహీత్వా పృష్ఠతో యయౌ৷৷5.18.14৷৷\n\n"
    },
    {
        "sloka": "నిద్రామదపరీతాక్ష్యో రావణస్యోత్తమాః స్త్రియః.\n\nఅనుజగ్ముః పతిం వీరం ఘనం విద్యుల్లతా ఇవ৷৷5.18.15৷৷\n\n"
    },
    {
        "sloka": "వ్యావిద్ధహారకేయూరాః సమామృదితవర్ణకాః.\n\nసమాగళితకేశాన్తాస్సస్వేదవదనాస్తథా৷৷5.18.16৷৷\n\nఘూర్ణన్త్యో మదశేషేణ నిద్రయా చ శుభాననాః.\n\nస్వేదక్లిష్టాఙ్గకుసుమాస్సుమాల్యాకులమూర్ధజాః৷৷5.18.17৷৷\n\nప్రయాన్తం నైఋతపతిం నార్యో మదిరలోచనాః.\n\nబహుమానాచ్చ కామాచ్చ ప్రియా భార్యాస్తమన్వయుః৷৷5.18.18৷৷\n\n"
    },
    {
        "sloka": "స చ కామపరాధీన: పతిస్తాసాం మహాబలః.\n\nసీతాసక్తమనా మన్దో మన్దాఞ్చితగతిర్బభౌ৷৷5.18.19৷৷\n\n"
    },
    {
        "sloka": "తతః కాఞ్చీనినాదం చ నూపురాణాం చ నిస్వనమ్.\n\nశుశ్రావ పరమస్త్రీణాం స కపిర్మారుతాత్మజః৷৷5.18.20৷৷\n\n"
    },
    {
        "sloka": "తం చాప్రతిమకర్మాణమచిన్త్యబలపౌరుషమ్.\n\nద్వారదేశమనుప్రాప్తం దదర్శ హనుమాన్ కపిః৷৷5.18.21৷৷\n\n"
    },
    {
        "sloka": "దీపికాభిరనేకాభిః సమన్తాదవభాసితమ్.\n\nగన్ధతైలావసిక్తాభిర్ధ్రియమాణాభిరగ్రతః৷৷5.18.22৷৷\n\n"
    },
    {
        "sloka": "కామదర్పమదైర్యుక్తం జిహ్మతామ్రాయతేక్షణమ్.\n\nసమక్షమివ కన్దర్పమపవిద్ధశరాసనమ్৷৷5.18.23৷৷\n\n"
    },
    {
        "sloka": "మథితామృతఫేనాభమరజోవస్త్రముత్తమమ్.\n\nసలీలమనుకర్షన్తం విముక్తం సక్తమఙ్గదే৷৷5.18.24৷৷\n\n"
    },
    {
        "sloka": "తం పత్రవిటపే లీనః పత్రపుష్పఘనావృతః.\n\nసమీపమివ సంక్రాన్తం నిధ్యాతుముపచక్రమే৷৷5.18.25৷৷\n\n"
    },
    {
        "sloka": "అవేక్షమాణస్తు తతో దదర్శ కపికుఞ్జరః.\n\nరూపయౌవనసమ్పన్నా రావణస్య వరస్త్రియః৷৷5.18.26৷৷\n\n"
    },
    {
        "sloka": "తాభిః పరివృతో రాజా సురూపాభిర్మహాయశాః.\n\nతన్మృగద్విజసఙ్ఘుష్టం ప్రవిష్టః ప్రమదావనమ్৷৷5.18.27৷৷\n\n"
    },
    {
        "sloka": "క్షీబో విచిత్రాభరణః శఙ్కుకర్ణో మహాబలః.\n\nతేన విశ్రవసః పుత్రః స దృష్టో రాక్షసాధిపః৷৷5.18.28৷৷\n\nవృతః పరమనారీభిస్తారాభిరివ చన్ద్రమాః.\n\nతం దదర్శ మహాతేజాస్తేజోవన్తం మహాకపిః৷৷5.18.29৷৷\n\n"
    },
    {
        "sloka": "రావణోయం మహాబాహురితి సఞ్చిన్త్య వానరః.\n\nఅవప్లుతో మహాతేజా హనుమాన్మారుతాత్మజః৷৷5.18.30৷৷\n\n"
    },
    {
        "sloka": "స తథాప్యుగ్రతేజాః సన్నిర్ధూతస్తస్య తేజసా.\n\nపత్రగుహ్యాన్తరే సక్తో హనుమాన్ సంవృతోభవత్৷৷5.18.31৷৷\n\n"
    },
    {
        "sloka": "స తామసితకేశాన్తాం సుశ్రోణీం సంహతస్త్నీమ్.\n\nదిదృక్షురసితాపాఙ్గాముపావర్తత రావణః৷৷5.18.32৷৷\n\n"
    }
]