[
    {
        "sloka": "[Hanuman decides to meet Ravana and measure his strength]\n\nస చ వాగ్భిః ప్రశస్తాభిర్గమిష్యన్పూజితస్తయా.\n\nతస్మాద్దేశాదపక్రమ్య చిన్తయామాస వానరః৷৷5.41.1৷৷\n\n"
    },
    {
        "sloka": "అల్పశేషమిదం కార్యం దృష్టేయమసితేక్షణా.\n\nత్రీనుపాయానతిక్రమ్య చతుర్థ: ఇహ విద్యతే৷৷5.41.2৷৷\n\n"
    },
    {
        "sloka": "న సామ రక్షస్సు గుణాయ కల్పతే న దానమర్థోపచితేషు యుజ్యతే.\n\nన భేదసాధ్యా బలదర్పితా జనాః పరాక్రమస్త్వేవ మమేహ రోచతే৷৷5.41.3৷৷\n\n"
    },
    {
        "sloka": "న చాస్య కార్యస్య పరాక్రమాదృతే వినిశ్చయః కశ్చిదిహోపపద్యతే.\n\nహతప్రవీరా హి రణే హి రాక్షసాః కథఞ్చిదీయుర్యదిహాద్య మార్దవమ్৷৷5.41.4৷৷\n\n"
    },
    {
        "sloka": "కార్యే కర్మణి నిర్దిష్టే యో బహూన్యపి సాధయేత్.\n\nపూర్వకార్యావిరోధేన స కార్యం కర్తుమర్హతి৷৷5.41.5৷৷\n\n"
    },
    {
        "sloka": "న హ్యేకస్సాధకో హేతుస్స్వల్పస్యాపీహ కర్మణః.\n\nయో హ్యర్థం బహుధా వేద స సమర్థోర్థసాధనే৷৷5.41.6৷৷\n\n"
    },
    {
        "sloka": "ఇహైవ తావత్కృతనిశ్చయో హ్యహం యది వ్రజేయం ప్లవగేశ్వరాలయమ్.\n\nపరాత్మసమ్మర్దవిశేషతత్త్వవిత్తతః కృతం స్యాన్మమ భర్తృశాసనమ్৷৷5.41.7৷৷\n\n"
    },
    {
        "sloka": "కథం ను ఖల్వద్య భవేత్సుఖాగతం ప్రసహ్య యుద్ధం మమ రాక్షసైః సహ.\n\nతథైవ ఖల్వాత్మబలం చ సారవత్సమ్మానయేన్మాం చ రణే దశాననః৷৷5.41.8৷৷\n\n"
    },
    {
        "sloka": "తతస్సమాసాద్య రణే దశాననం సమన్త్రివర్గం సబలప్రయాయినమ్.\n\nహృది స్థితం తస్య మతం బలం చ వై సుఖేన మత్త్వాహమితః పునర్వ్రజే৷৷5.41.9৷৷\n\n"
    },
    {
        "sloka": "ఇదమస్య నృశంసస్య నన్దనోపమముత్తమమ్.\n\nవనం నేత్రమనఃకాన్తం నానాద్రుమలతాయుతమ్৷৷5.41.10৷৷\n\n"
    },
    {
        "sloka": "ఇదం విధ్వంసయిష్యామి శుష్కం వనమివానలః.\n\nఅస్మిన్భగ్నే తతః కోపం కరిష్యతి దశాననః৷৷5.41.11৷৷\n\n"
    },
    {
        "sloka": "తతో మహత్సాశ్వమహారథద్విపం బలం సమాదేక్ష్యతి రాక్షసాధిపః.\n\nత్రిశూలకాలాయసపట్టిసాయుధం తతో మహద్యుద్ధమిదం భవిష్యతి৷৷5.41.12৷৷\n\n"
    },
    {
        "sloka": "అహం తు తైః సంయతి చణ్డవిక్రమై స్సమేత్య రక్షోభిరసహ్య విక్రమః.\n\nనిహత్య తద్రావణచోదితం బలం సుఖం గమిష్యామి కపీశ్వరాలయమ్৷৷5.41.13৷৷\n\n"
    },
    {
        "sloka": "తతో మారుతవత్కృద్ధో మారుతిర్భీమవిక్రమః.\n\nఊరువేగేన మహతా ద్రుమాన్క్షేప్తుమథారభత్৷৷5.41.14৷৷\n\n"
    },
    {
        "sloka": "తతస్తు హనుమాన్వీరో బభఞ్జ ప్రమదావనమ్.\n\nమత్తద్విజసమాఘుష్టం నానాద్రుమలతాయుతమ్৷৷5.41.15৷৷\n\n"
    },
    {
        "sloka": "తద్వనం మథితైర్వృక్షైర్భిన్నైశ్చ సలిలాశయైః.\n\nచూర్ణితైః పర్వతాగ్రైశ్చ బభూవాప్రియదర్శనమ్৷৷5.41.16৷৷\n\n"
    },
    {
        "sloka": "నానాశకున్తవిరుతైః ప్రభిన్నైస్సలిలాశయైః.\n\nతామ్రైః కిసలయైః క్లాన్తై: క్లాన్తద్రుమలతాయుతమ్৷৷5.41.17৷৷\n\nన బభౌ తద్వనం తత్ర దావానలహతం యథా.\n\nవ్యాకులావరణా రేజుర్విహ్వలా ఇవ తా లతాః৷৷5.41.18৷৷\n\n"
    },
    {
        "sloka": "లతాగృహైశ్చిత్రగృహైశ్చ నాశితైర్మహోరగైర్వ్యాలమృగైశ్చ నిర్ధుతైః.\n\nశిలాగృహైరున్మథితైస్తథా గృహైః ప్రణష్టరూపం తదభూన్మహద్వనమ్৷৷5.41.19৷৷\n\n"
    },
    {
        "sloka": "సా విహ్వలాశోకలతాప్రతానా వనస్థలీ శోకలతాప్రతానా.\n\nజాతా దశాస్యప్రమదావనస్య కపేర్బలాద్ధి ప్రమదావనస్య৷৷5.41.20৷৷\n\n"
    },
    {
        "sloka": "స తస్య కృత్వార్థపతేర్మహాకపిర్మహద్వ్యలీకం మనసో మహాత్మనః.\n\nయుయుత్సురేకో బహుభిర్మహాబలైశ్శియా జ్వలంస్తోరణమాస్థితః కపిః৷৷5.41.21৷৷\n\n"
    },
    {
        "sloka": "[Hanuman decides to meet Ravana and measure his strength]\n\nస చ వాగ్భిః ప్రశస్తాభిర్గమిష్యన్పూజితస్తయా.\n\nతస్మాద్దేశాదపక్రమ్య చిన్తయామాస వానరః৷৷5.41.1৷৷\n\n"
    },
    {
        "sloka": "అల్పశేషమిదం కార్యం దృష్టేయమసితేక్షణా.\n\nత్రీనుపాయానతిక్రమ్య చతుర్థ: ఇహ విద్యతే৷৷5.41.2৷৷\n\n"
    },
    {
        "sloka": "న సామ రక్షస్సు గుణాయ కల్పతే న దానమర్థోపచితేషు యుజ్యతే.\n\nన భేదసాధ్యా బలదర్పితా జనాః పరాక్రమస్త్వేవ మమేహ రోచతే৷৷5.41.3৷৷\n\n"
    },
    {
        "sloka": "న చాస్య కార్యస్య పరాక్రమాదృతే వినిశ్చయః కశ్చిదిహోపపద్యతే.\n\nహతప్రవీరా హి రణే హి రాక్షసాః కథఞ్చిదీయుర్యదిహాద్య మార్దవమ్৷৷5.41.4৷৷\n\n"
    },
    {
        "sloka": "కార్యే కర్మణి నిర్దిష్టే యో బహూన్యపి సాధయేత్.\n\nపూర్వకార్యావిరోధేన స కార్యం కర్తుమర్హతి৷৷5.41.5৷৷\n\n"
    },
    {
        "sloka": "న హ్యేకస్సాధకో హేతుస్స్వల్పస్యాపీహ కర్మణః.\n\nయో హ్యర్థం బహుధా వేద స సమర్థోర్థసాధనే৷৷5.41.6৷৷\n\n"
    },
    {
        "sloka": "ఇహైవ తావత్కృతనిశ్చయో హ్యహం యది వ్రజేయం ప్లవగేశ్వరాలయమ్.\n\nపరాత్మసమ్మర్దవిశేషతత్త్వవిత్తతః కృతం స్యాన్మమ భర్తృశాసనమ్৷৷5.41.7৷৷\n\n"
    },
    {
        "sloka": "కథం ను ఖల్వద్య భవేత్సుఖాగతం ప్రసహ్య యుద్ధం మమ రాక్షసైః సహ.\n\nతథైవ ఖల్వాత్మబలం చ సారవత్సమ్మానయేన్మాం చ రణే దశాననః৷৷5.41.8৷৷\n\n"
    },
    {
        "sloka": "తతస్సమాసాద్య రణే దశాననం సమన్త్రివర్గం సబలప్రయాయినమ్.\n\nహృది స్థితం తస్య మతం బలం చ వై సుఖేన మత్త్వాహమితః పునర్వ్రజే৷৷5.41.9৷৷\n\n"
    },
    {
        "sloka": "ఇదమస్య నృశంసస్య నన్దనోపమముత్తమమ్.\n\nవనం నేత్రమనఃకాన్తం నానాద్రుమలతాయుతమ్৷৷5.41.10৷৷\n\n"
    },
    {
        "sloka": "ఇదం విధ్వంసయిష్యామి శుష్కం వనమివానలః.\n\nఅస్మిన్భగ్నే తతః కోపం కరిష్యతి దశాననః৷৷5.41.11৷৷\n\n"
    },
    {
        "sloka": "తతో మహత్సాశ్వమహారథద్విపం బలం సమాదేక్ష్యతి రాక్షసాధిపః.\n\nత్రిశూలకాలాయసపట్టిసాయుధం తతో మహద్యుద్ధమిదం భవిష్యతి৷৷5.41.12৷৷\n\n"
    },
    {
        "sloka": "అహం తు తైః సంయతి చణ్డవిక్రమై స్సమేత్య రక్షోభిరసహ్య విక్రమః.\n\nనిహత్య తద్రావణచోదితం బలం సుఖం గమిష్యామి కపీశ్వరాలయమ్৷৷5.41.13৷৷\n\n"
    },
    {
        "sloka": "తతో మారుతవత్కృద్ధో మారుతిర్భీమవిక్రమః.\n\nఊరువేగేన మహతా ద్రుమాన్క్షేప్తుమథారభత్৷৷5.41.14৷৷\n\n"
    },
    {
        "sloka": "తతస్తు హనుమాన్వీరో బభఞ్జ ప్రమదావనమ్.\n\nమత్తద్విజసమాఘుష్టం నానాద్రుమలతాయుతమ్৷৷5.41.15৷৷\n\n"
    },
    {
        "sloka": "తద్వనం మథితైర్వృక్షైర్భిన్నైశ్చ సలిలాశయైః.\n\nచూర్ణితైః పర్వతాగ్రైశ్చ బభూవాప్రియదర్శనమ్৷৷5.41.16৷৷\n\n"
    },
    {
        "sloka": "నానాశకున్తవిరుతైః ప్రభిన్నైస్సలిలాశయైః.\n\nతామ్రైః కిసలయైః క్లాన్తై: క్లాన్తద్రుమలతాయుతమ్৷৷5.41.17৷৷\n\nన బభౌ తద్వనం తత్ర దావానలహతం యథా.\n\nవ్యాకులావరణా రేజుర్విహ్వలా ఇవ తా లతాః৷৷5.41.18৷৷\n\n"
    },
    {
        "sloka": "లతాగృహైశ్చిత్రగృహైశ్చ నాశితైర్మహోరగైర్వ్యాలమృగైశ్చ నిర్ధుతైః.\n\nశిలాగృహైరున్మథితైస్తథా గృహైః ప్రణష్టరూపం తదభూన్మహద్వనమ్৷৷5.41.19৷৷\n\n"
    },
    {
        "sloka": "సా విహ్వలాశోకలతాప్రతానా వనస్థలీ శోకలతాప్రతానా.\n\nజాతా దశాస్యప్రమదావనస్య కపేర్బలాద్ధి ప్రమదావనస్య৷৷5.41.20৷৷\n\n"
    },
    {
        "sloka": "స తస్య కృత్వార్థపతేర్మహాకపిర్మహద్వ్యలీకం మనసో మహాత్మనః.\n\nయుయుత్సురేకో బహుభిర్మహాబలైశ్శియా జ్వలంస్తోరణమాస్థితః కపిః৷৷5.41.21৷৷\n\n"
    }
]