[
    {
        "sloka": "[Hanuman experiences the presence of ogresses hiding on the Simsupa tree.]\n\nతతః కముదషణ్డాభో నిర్మలం నిర్మలోదయః.\n\nప్రజగామ నభశ్చన్ద్రో హంసో నీలమివోదకమ్৷৷5.17.1৷৷\n\n"
    },
    {
        "sloka": "సాచివ్యమివ కుర్వన్ స ప్రభయా నిర్మలప్రభః.\n\nచన్ద్రమా రశ్మిభిశ్శీతైస్సిషేవే పవనాత్మజమ్৷৷5.17.2৷৷\n\n"
    },
    {
        "sloka": "స దదర్శ తతః సీతాం పూర్ణచన్ద్రనిభాననామ్.\n\nశోకభారైరివ న్యస్తాం భారైర్నావమివామ్భసి৷৷5.17.3৷৷\n\n"
    },
    {
        "sloka": "దిదృక్షమాణో వైదేహీం హనుమాన్మారుతాత్మజః.\n\nస దదర్శావిదూరస్థా రాక్షసీర్ఘోరదర్శనాః৷৷5.17.4৷৷\n\nఏకాక్షీమేకకర్ణాం చ కర్ణప్రావరణాం తథా.\n\nఅకర్ణాం శఙ్కుకర్ణాం చ మస్తకోచ్ఛ్వాసనాసికామ్৷৷5.17.5৷৷\n\nఅతికాయోత్తమాఙ్గీం చ తనుదీర్ఘశిరోధరామ్.\n\nధ్వస్తకేశీం తథాకేశీం కేశకమ్బలధారిణీమ్৷৷5.17.6৷৷\n\nలమ్బకర్ణలలాటాం చ లమ్బోదరపయోధరామ్.\n\nలమ్బోష్ఠీం చుబుకోష్ఠీం చ లమ్బాస్యాం లమ్బజానుకామ్৷৷5.17.7৷৷\n\nహ్రస్వాం దీర్ఘాం తథా కుబ్జాం వికటాం వామనాం తథా.\n\nకరాలాం భుగ్నవక్త్రాం చ పిఙ్గాక్షీం వికృతాననామ్৷৷5.17.8৷৷\n\n"
    },
    {
        "sloka": "వికృతాః పిఙ్గలాః కాలీః క్రోధనాః కలహప్రియాః.\n\nకాలాయసమహాశూలకూటముద్గరధారిణీః৷৷5.17.9৷৷\n\nవరాహమృగశార్దూలమహిషాజశివాముఖీః.\n\nగజోష్ట్రహయపాదీశ్చ నిఖాతశిరసోపరాః৷৷5.17.10৷৷\n\nఏకహస్తైకపాదాశ్చ ఖరకర్ణ్యశ్వకర్ణికాః.\n\nగోకర్ణీర్హస్తికర్ణీశ్చ హరికర్ణీస్తథాపరాః৷৷5.17.11৷৷\n\nఅనాసా అతినాసాశ్చ తిర్యఙ్నాసా వినాసికాః.\n\nగజసన్నిభనాసాశ్చ లలాటోచ్ఛవాసనాసికాః৷৷5.17.12৷৷\n\nహస్తిపాదా మహాపాదా గోపాదాః పాదచూలికాః.\n\nఅతిమాత్రశిరోగ్రీవా అతిమాత్రకుచోదరీః৷৷5.17.13৷৷\n\nఅతిమాత్రాస్యనేత్రాశ్చ దీర్ఘజిహ్వానఖాస్తథా.\n\nఅజాముఖీర్హస్తిముఖీర్గోముఖీస్సూకరీముఖీః৷৷5.17.14৷৷\n\nహయోష్ట్రఖరవక్త్రాశ్చ రాక్షసీర్ఘోరదర్శనాః.\n\nశూలముద్గరహస్తాశ్చ క్రోధనాః కలహప్రియాః৷৷5.17.15৷৷\n\nకరాలా ధూమ్రకేశీశ్చ రాక్షసీర్వికృతాననాః.\n\nపిబన్తీ: సతతం పానం సదా మాంససురాప్రియాః৷৷5.17.16৷৷\n\nమాంసశోణితదిగ్ధాఙ్గీర్మాంసశోణితభోజనాః.\n\nతా దదర్శ కపిశ్రేష్ఠో రోమహర్షణదర్శనాః৷৷5.17.17৷৷\n\nస్కన్ధవన్తముపాసీనాః పరివార్య వనస్పతిమ్.\n\n"
    },
    {
        "sloka": "తస్యాధస్తాచ్చ తాం దేవీం రాజపుత్రీమనిన్దితామ్৷৷5.17.18৷৷\n\nలక్షయామాస లక్ష్మీవాన్ హనుమాన్ జనకాత్మజామ్.\n\n"
    },
    {
        "sloka": "నిష్ప్రభాం శోకసన్తప్తాం మలసఙ్కులమూర్ధజామ్৷৷5.17.19৷৷\n\nక్షీణపుణ్యాం చ్యుతాం భూమౌ తారాం నిపతితామివ.\n\n"
    },
    {
        "sloka": "చారిత్రవ్యపదేశాఢ్యాం భర్తృదర్శనదుర్గతామ్৷৷5.17.20৷৷\n\nభూషణైరుత్తమైర్హీనాం భర్తృవాత్సల్యభూషణామ్.\n\n"
    },
    {
        "sloka": "రాక్షసాధిపసంరుద్ధాం బన్ధుభిశ్చ వినా కృతామ్৷৷5.17.21৷৷\n\nవియూథాం సింహసంరుద్ధాం బద్ధాం గజవధూమివ.\n\n"
    },
    {
        "sloka": "చన్ద్రరేఖాం పయోదాన్తే శారదాభ్రైరివావృతామ్৷৷5.17.22৷৷\n\nక్లిష్టరూపామసంస్పర్శాదయుక్తామివ వల్లకీమ్.\n\n"
    },
    {
        "sloka": "సీతాం భర్తృవశే యుక్తామయుక్తాం రాక్షసీవశే৷৷5.17.23৷৷\n\nఅశోకవనికామథ్యే శోకసాగరమాప్లుతామ్.\n\nతాభిః పరివృతాం తత్ర సగ్రహామివ రోహిణీమ్৷৷5.17.24৷৷\n\nదదర్శ హనుమాన్ దేవీం లతామకుసుమామివ.\n\n"
    },
    {
        "sloka": "సా మలేన చ దిగ్ధాఙ్గీ వపుషా చాప్యలఙ్కృతా৷৷5.17.25৷৷\n\nమృణాలీ పఙ్కదిగ్ధేవ విభాతి న విభాతి చ.\n\n"
    },
    {
        "sloka": "మలినేన తు వస్త్రేణ పరిక్లిష్టేన భామినీమ్৷৷5.17.26৷৷\n\nసంవృతాం మృగశాబాక్షీం దదర్శ హనుమాన్ కపిః.\n\nతాం దేవీం దీనవదనామదీనాం భర్తృతేజసా৷৷5.17.27৷৷\n\nరక్షితాం స్వేన శీలేన సీతామసితలోచనామ్.\n\n"
    },
    {
        "sloka": "తాం దృష్ట్వా హనుమాన్ సీతాం మృగశాబనిభేక్షణామ్.\n\nమృగకన్యామివ త్రస్తాం వీక్షమాణాం సమన్తతః৷৷5.17.28৷৷\n\nదహన్తీమివ నిఃశ్వాసైర్వృక్షాన్ పల్లవధారిణః.\n\nసంఘాతమివ శోకానాం దుఃఖస్యోర్మిమివోత్థితామ్৷৷5.17.29৷৷\n\n"
    },
    {
        "sloka": "తాం క్షమాం సువిభక్తాఙ్గీ వినాభరణశోభినీమ్৷৷5.17.30৷৷\n\nప్రహర్షమతులం లేభే మారుతిః ప్రేక్ష్య మైథిలీమ్.\n\n"
    },
    {
        "sloka": "హర్షజాని చ సోశ్రూణి తాం దృష్ట్వా మదిరేక్షణామ్.\n\nముముచే హనుమాంస్తత్ర నమశ్చక్రే చ రాఘవమ్৷৷5.17.31৷৷\n\n"
    },
    {
        "sloka": "నమస్కృత్వా చ రామాయ లక్ష్మణాయ చ వీర్యవాన్.\n\nసీతాదర్శనసంహృష్టో హనుమాన్ సంవృతోభవత్৷৷5.17.32৷৷\n\n"
    },
    {
        "sloka": "[Hanuman experiences the presence of ogresses hiding on the Simsupa tree.]\n\nతతః కముదషణ్డాభో నిర్మలం నిర్మలోదయః.\n\nప్రజగామ నభశ్చన్ద్రో హంసో నీలమివోదకమ్৷৷5.17.1৷৷\n\n"
    },
    {
        "sloka": "సాచివ్యమివ కుర్వన్ స ప్రభయా నిర్మలప్రభః.\n\nచన్ద్రమా రశ్మిభిశ్శీతైస్సిషేవే పవనాత్మజమ్৷৷5.17.2৷৷\n\n"
    },
    {
        "sloka": "స దదర్శ తతః సీతాం పూర్ణచన్ద్రనిభాననామ్.\n\nశోకభారైరివ న్యస్తాం భారైర్నావమివామ్భసి৷৷5.17.3৷৷\n\n"
    },
    {
        "sloka": "దిదృక్షమాణో వైదేహీం హనుమాన్మారుతాత్మజః.\n\nస దదర్శావిదూరస్థా రాక్షసీర్ఘోరదర్శనాః৷৷5.17.4৷৷\n\nఏకాక్షీమేకకర్ణాం చ కర్ణప్రావరణాం తథా.\n\nఅకర్ణాం శఙ్కుకర్ణాం చ మస్తకోచ్ఛ్వాసనాసికామ్৷৷5.17.5৷৷\n\nఅతికాయోత్తమాఙ్గీం చ తనుదీర్ఘశిరోధరామ్.\n\nధ్వస్తకేశీం తథాకేశీం కేశకమ్బలధారిణీమ్৷৷5.17.6৷৷\n\nలమ్బకర్ణలలాటాం చ లమ్బోదరపయోధరామ్.\n\nలమ్బోష్ఠీం చుబుకోష్ఠీం చ లమ్బాస్యాం లమ్బజానుకామ్৷৷5.17.7৷৷\n\nహ్రస్వాం దీర్ఘాం తథా కుబ్జాం వికటాం వామనాం తథా.\n\nకరాలాం భుగ్నవక్త్రాం చ పిఙ్గాక్షీం వికృతాననామ్৷৷5.17.8৷৷\n\n"
    },
    {
        "sloka": "వికృతాః పిఙ్గలాః కాలీః క్రోధనాః కలహప్రియాః.\n\nకాలాయసమహాశూలకూటముద్గరధారిణీః৷৷5.17.9৷৷\n\nవరాహమృగశార్దూలమహిషాజశివాముఖీః.\n\nగజోష్ట్రహయపాదీశ్చ నిఖాతశిరసోపరాః৷৷5.17.10৷৷\n\nఏకహస్తైకపాదాశ్చ ఖరకర్ణ్యశ్వకర్ణికాః.\n\nగోకర్ణీర్హస్తికర్ణీశ్చ హరికర్ణీస్తథాపరాః৷৷5.17.11৷৷\n\nఅనాసా అతినాసాశ్చ తిర్యఙ్నాసా వినాసికాః.\n\nగజసన్నిభనాసాశ్చ లలాటోచ్ఛవాసనాసికాః৷৷5.17.12৷৷\n\nహస్తిపాదా మహాపాదా గోపాదాః పాదచూలికాః.\n\nఅతిమాత్రశిరోగ్రీవా అతిమాత్రకుచోదరీః৷৷5.17.13৷৷\n\nఅతిమాత్రాస్యనేత్రాశ్చ దీర్ఘజిహ్వానఖాస్తథా.\n\nఅజాముఖీర్హస్తిముఖీర్గోముఖీస్సూకరీముఖీః৷৷5.17.14৷৷\n\nహయోష్ట్రఖరవక్త్రాశ్చ రాక్షసీర్ఘోరదర్శనాః.\n\nశూలముద్గరహస్తాశ్చ క్రోధనాః కలహప్రియాః৷৷5.17.15৷৷\n\nకరాలా ధూమ్రకేశీశ్చ రాక్షసీర్వికృతాననాః.\n\nపిబన్తీ: సతతం పానం సదా మాంససురాప్రియాః৷৷5.17.16৷৷\n\nమాంసశోణితదిగ్ధాఙ్గీర్మాంసశోణితభోజనాః.\n\nతా దదర్శ కపిశ్రేష్ఠో రోమహర్షణదర్శనాః৷৷5.17.17৷৷\n\nస్కన్ధవన్తముపాసీనాః పరివార్య వనస్పతిమ్.\n\n"
    },
    {
        "sloka": "తస్యాధస్తాచ్చ తాం దేవీం రాజపుత్రీమనిన్దితామ్৷৷5.17.18৷৷\n\nలక్షయామాస లక్ష్మీవాన్ హనుమాన్ జనకాత్మజామ్.\n\n"
    },
    {
        "sloka": "నిష్ప్రభాం శోకసన్తప్తాం మలసఙ్కులమూర్ధజామ్৷৷5.17.19৷৷\n\nక్షీణపుణ్యాం చ్యుతాం భూమౌ తారాం నిపతితామివ.\n\n"
    },
    {
        "sloka": "చారిత్రవ్యపదేశాఢ్యాం భర్తృదర్శనదుర్గతామ్৷৷5.17.20৷৷\n\nభూషణైరుత్తమైర్హీనాం భర్తృవాత్సల్యభూషణామ్.\n\n"
    },
    {
        "sloka": "రాక్షసాధిపసంరుద్ధాం బన్ధుభిశ్చ వినా కృతామ్৷৷5.17.21৷৷\n\nవియూథాం సింహసంరుద్ధాం బద్ధాం గజవధూమివ.\n\n"
    },
    {
        "sloka": "చన్ద్రరేఖాం పయోదాన్తే శారదాభ్రైరివావృతామ్৷৷5.17.22৷৷\n\nక్లిష్టరూపామసంస్పర్శాదయుక్తామివ వల్లకీమ్.\n\n"
    },
    {
        "sloka": "సీతాం భర్తృవశే యుక్తామయుక్తాం రాక్షసీవశే৷৷5.17.23৷৷\n\nఅశోకవనికామథ్యే శోకసాగరమాప్లుతామ్.\n\nతాభిః పరివృతాం తత్ర సగ్రహామివ రోహిణీమ్৷৷5.17.24৷৷\n\nదదర్శ హనుమాన్ దేవీం లతామకుసుమామివ.\n\n"
    },
    {
        "sloka": "సా మలేన చ దిగ్ధాఙ్గీ వపుషా చాప్యలఙ్కృతా৷৷5.17.25৷৷\n\nమృణాలీ పఙ్కదిగ్ధేవ విభాతి న విభాతి చ.\n\n"
    },
    {
        "sloka": "మలినేన తు వస్త్రేణ పరిక్లిష్టేన భామినీమ్৷৷5.17.26৷৷\n\nసంవృతాం మృగశాబాక్షీం దదర్శ హనుమాన్ కపిః.\n\nతాం దేవీం దీనవదనామదీనాం భర్తృతేజసా৷৷5.17.27৷৷\n\nరక్షితాం స్వేన శీలేన సీతామసితలోచనామ్.\n\n"
    },
    {
        "sloka": "తాం దృష్ట్వా హనుమాన్ సీతాం మృగశాబనిభేక్షణామ్.\n\nమృగకన్యామివ త్రస్తాం వీక్షమాణాం సమన్తతః৷৷5.17.28৷৷\n\nదహన్తీమివ నిఃశ్వాసైర్వృక్షాన్ పల్లవధారిణః.\n\nసంఘాతమివ శోకానాం దుఃఖస్యోర్మిమివోత్థితామ్৷৷5.17.29৷৷\n\n"
    },
    {
        "sloka": "తాం క్షమాం సువిభక్తాఙ్గీ వినాభరణశోభినీమ్৷৷5.17.30৷৷\n\nప్రహర్షమతులం లేభే మారుతిః ప్రేక్ష్య మైథిలీమ్.\n\n"
    },
    {
        "sloka": "హర్షజాని చ సోశ్రూణి తాం దృష్ట్వా మదిరేక్షణామ్.\n\nముముచే హనుమాంస్తత్ర నమశ్చక్రే చ రాఘవమ్৷৷5.17.31৷৷\n\n"
    },
    {
        "sloka": "నమస్కృత్వా చ రామాయ లక్ష్మణాయ చ వీర్యవాన్.\n\nసీతాదర్శనసంహృష్టో హనుమాన్ సంవృతోభవత్৷৷5.17.32৷৷\n\n"
    }
]