[
    {
        "sloka": "[Hanuman enters the palace of Ravana -- description of the palace]\n\nస నికామం విమానేషు నిషణ్ణః కామరూపధృత్.\n\nవిచచార పునర్లఙ్కాం లాఘవేన సమన్వితః৷৷5.6.1৷৷\n\n"
    },
    {
        "sloka": "ఆససాదాథ లక్ష్మీవాన్రాక్షసేన్ద్రనివేశనమ్.\n\nప్రాకారేణార్కవర్ణేన భాస్వరేణాభిసమ్వృతమ్৷৷5.6.2৷৷\n\n"
    },
    {
        "sloka": "రక్షితం రాక్షసైర్ఘోరైః సింహైరివ మహద్వనమ్.\n\nసమీక్షమాణో భవనం చకాశే కపికుఞ్జరః৷৷5.6.3৷৷\n\n"
    },
    {
        "sloka": "రూప్యకోపహితై శ్చిత్రైస్తోరణైర్హేమభూషితైః.\n\nవిచిత్రాభిశ్చ కక్ష్యాభిర్ద్వారైశ్చ రుచిరైర్వృతమ్৷৷5.6.4৷৷\n\n"
    },
    {
        "sloka": "గజాస్థితైర్మహామాత్రైః శూరైశ్చ విగతశ్రమైః.\n\nఉపస్థితమసంహార్యైః ర్హయైః స్యన్దనయాయిభిః৷৷5.6.5৷৷\n\n"
    },
    {
        "sloka": "సింహవ్యాఘ్రతనుత్రాణైర్దాన్తకాఞ్చనరాజతైః.\n\nఘోషవద్భిర్విచిత్రైశ్చ సదా విచరితం రథైః৷৷5.6.6৷৷\n\n"
    },
    {
        "sloka": "బహురత్నసమాకీర్ణం పరార్థ్యసనభాజనమ్.\n\nమహారథసమావాసం మహారథమహాస్వనమ్৷৷5.6.7৷৷\n\n"
    },
    {
        "sloka": "దృశ్యైశ్చ పరమోదారైస్తైస్తైశ్చ మృగపక్షిభిః.\n\nవివిధై ర్బహుసాహస్రైః పరిపూర్ణం సమన్తతః৷৷5.6.8৷৷\n\n"
    },
    {
        "sloka": "వినీతైరన్తపాలైశ్చ రక్షోభిశ్చ సురక్షితమ్.\n\nముఖ్యాభిశ్చ వరస్త్రీభిః పరిపూర్ణం సమన్తతః৷৷5.6.9৷৷\n\n"
    },
    {
        "sloka": "ముదితప్రమదారత్నం రాక్షసేన్ద్రనివేశనమ్.\n\nవరాభరణసంహ్రాదైః సముద్రస్వనన్నిస్వనమ్৷৷5.6.10৷৷\n\n"
    },
    {
        "sloka": "తద్రాజగుణసమ్పన్నం ముఖ్యైశ్చాగురుచన్దనైః.\n\nమహాజనైః సమాకీర్ణాం సింహైరివ మహద్వనమ్৷৷5.6.11৷৷\n\n"
    },
    {
        "sloka": "భేరీమృదఙ్గాభిరుతం శఙ్ఖఘోషనినాదితమ్.\n\nనిత్యార్చితం పర్వహుతం పూజితం రాక్షసైః సదా৷৷5.6.12৷৷\n\n"
    },
    {
        "sloka": "సముద్రమివ గమ్భీరం సముద్రమివ నిస్స్వనమ్.\n\nమహాత్మనో మహాద్వేశ్మ మహారత్నపరిచ్ఛదమ్৷৷5.6.13৷৷\n\nమహారత్నసమాకీర్ణం దదర్శ స మహాకపిః.\n\n"
    },
    {
        "sloka": "విరాజమానం వపుషా గజాశ్వరథసఙ్కులమ్৷৷5.6.14৷৷\n\nలఙ్కాభరణమిత్యేవ సోమన్యత మహాకపిః.\n\nచచార హనుమాంస్తత్ర రావణస్య సమీపతః৷৷5.6.15৷৷\n\n"
    },
    {
        "sloka": "గృహాద్గృహం రాక్షసానాముద్యానాని చ వానరః.\n\nవీక్షమాణోహ్యసంత్రస్తః ప్రాసాదాంశ్చ చచార సః৷৷5.6.16৷৷\n\n"
    },
    {
        "sloka": "అవప్లుత్య మహావేగః ప్రహస్తస్య నివేశనమ్.\n\nతతోన్యత్పుప్లువే వేశ్మ మహాపార్శ్వస్య వీర్యవాన్৷৷5.6.17৷৷\n\n"
    },
    {
        "sloka": "అథ మేఘప్రతీకాశం కుమ్భకర్ణనివేశనమ్.\n\nవిభీషణస్య చ తదా పుప్లువే స మహాకపిః৷৷5.6.18৷৷\n\n"
    },
    {
        "sloka": "మహోదరస్య చ గృహం విరూపాక్షస్య చైవ హి.\n\nవిద్యుజ్జిహ్వస్య భవనం విద్యున్మాలేస్తథైవ చ৷৷5.6.19৷৷\n\nవజ్రదంష్ట్రస్య చ తథా పుప్లువే స మహాకపిః.\n\n"
    },
    {
        "sloka": "శుకస్య చ మహాతేజాః సారణస్య చ ధీమతః৷৷5.6.20৷৷\n\nతథా చేన్ద్రజితో వేశ్మ జగామ హరియూథపః.\n\n"
    },
    {
        "sloka": "జమ్బుమాలేః సుమాలేశ్చ జగామ హరిసత్తమః৷৷5.6.21৷৷\n\nరశ్మికేతోశ్చ భవనం సూర్యకేతోస్తథైవ చ.\n\nవజ్రకాయస్య చ తథా పుప్లువే స మహాకపిః৷৷5.6.22৷৷\n\n"
    },
    {
        "sloka": "ధూమ్రాక్షస్య చ సమ్పాతేర్భవనం మారుతాత్మజః.\n\nవిద్యుద్రూపస్య భీమస్య ఘనస్య విఘనస్య చ৷৷5.6.23৷৷\n\nశుకనాసస్య వక్రస్య శఠస్య వికటస్య చ.\n\nబ్రహ్మకర్ణస్య దంష్ట్రస్య రోమశస్య చ రక్షసః৷৷5.6.24৷৷\n\nయుద్ధోన్మత్తస్య మత్తస్య ధ్వజగ్రీవస్య నాదినః.\n\nవిద్యుజ్జిహ్వేన్ద్రజిహ్వానాం తథా హస్తిముఖస్య చ৷৷5.6.25৷৷\n\nకరాళస్య పిశాచస్య శోణితాక్షస్య చైవ హి.\n\n"
    },
    {
        "sloka": "భవనమ్ క్రమమాణః ణోసౌ హనుమాన్మారుతాత్మజః৷৷5.6.26৷৷\n\nతేషు తేషు మహార్హేషు భవనేషు మహాయశాః.\n\nతేషామృద్ధిమతామృద్ధిం దదర్శ స మహాకపిః৷৷5.6.27৷৷\n\n"
    },
    {
        "sloka": "సర్వేషాం సమతిక్రమ్య భవనాని సమన్తతః.\n\nఆససాదాథ లక్ష్మీవాన్ రాక్షసేద్రనివేశనమ్৷৷5.6.28৷৷\n\n"
    },
    {
        "sloka": "రావణస్యోపశాయిన్యో దదర్శ హరిసత్తమః.\n\nవిచరన్హరిశార్దూలో రాక్షసీర్వికృతేక్షణాః৷৷5.6.29৷৷\n\nశూలముద్గరహస్తాశ్చ శక్తితోమరధారిణీ:.\n\n"
    },
    {
        "sloka": "దదర్శ వివిధాన్ గుల్మాన్ తస్య రక్షఃపతేర్గృహే৷৷5.6.30৷৷\n\nరాక్షసాంశ్చ మహాకాయాన్నానాప్రహరణోద్యతాన్.\n\n"
    },
    {
        "sloka": "రక్తాన్ శ్వేతాన్ సితాంశ్చైవ హరీంశ్చాపి మహాజవాన్৷৷5.6.31৷৷\n\nకులీనాన్ రూపసమ్పన్నాన్ గజాన్పరగజారుజాన్.\n\nనిష్ఠితాన్ గజశిక్షయామైరావతసమాన్యుధి৷৷5.6.32৷৷\n\nనిహన్త్రూన్ పరసైన్యానాం గృహే తస్మిన్ దదర్శ సః.\n\nక్షరతశ్చ యథా మేఘాన్ స్రవతశ్చ యథా గిరీన్৷৷5.6.33৷৷\n\nమేఘసన్తతినిర్ఘోషాన్ దుర్ధర్షాన్ సమరే పరైః.\n\n"
    },
    {
        "sloka": "సహస్రం వాహినీస్తత్ర జామ్బూనదపరిష్కృతాః৷৷5.6.34৷৷\n\nహేమజాలపరిచ్ఛన్నాస్తరుణాదిత్యసన్నిభాః.\n\nదదర్శ రాక్షసేన్ద్రస్య రావణస్య నివేశనే৷৷5.6.35৷৷\n\n"
    },
    {
        "sloka": "శిబికా వివిధాకారాః స కపిర్మారుతాత్మజః.\n\nలతాగృహాణి చిత్రాణి చిత్రశాలాగృహాణి చ৷৷5.6.36৷৷\n\nక్రీడాగృహాణి చాన్యాని దారుపర్వతకానపి.\n\nకామస్య గృహకం రమ్యం దివాగృహకమేవ చ৷৷5.6.37৷৷\n\nదదర్శ రాక్షసేన్ద్రస్య రావణస్య నివేశనే.\n\n"
    },
    {
        "sloka": "స మన్దరగిరిప్రఖ్యం మయూరస్థానసఙ్కులమ్৷৷5.6.38৷৷\n\nధ్వజయష్టిభిరాకీర్ణం దదర్శ భవనోత్తమమ్.\n\nఅనేకరత్నసఙ్కీర్ణం నిధిజాలం సమన్తతః৷৷5.6.39৷৷\n\nధీరనిష్ఠితకర్మాన్తం గృహం భూతపతేరివ.\n\n"
    },
    {
        "sloka": "అర్చిర్భిశ్చాపి రత్నానాం తేజసా రావణస్య చ৷৷5.6.40৷৷\n\nవిరరాజాథ తద్వేశ్మ రశ్మిమానివ రశ్మిభిః.\n\n"
    },
    {
        "sloka": "జామ్బూనదమయాన్యేన శయనాన్యాసనాని చ৷৷5.6.41৷৷\n\nభాజనాని చ ముఖ్యాని దదర్శ హరియూథపః.\n\n"
    },
    {
        "sloka": "మధ్వాసవకృతక్లేదం మణిభాజనసఙ్కులమ్৷৷5.6.42৷৷\n\nమనోరమమసంబాధం కుబేరభవనం యథా.\n\nనూపురాణాం చ ఘోషేణ కాఞ్చీనాం నినదేన చ৷৷5.6.43৷৷\n\nమృదఙ్తలఘోషైశ్చ ఘోషవద్భిర్వినాదితమ్.\n\nప్రాసాదసఙ్ఘాతయుతం స్త్రీరత్నశతసఙ్కులమ్৷৷5.6.44.\n\nసువ్యూఢకక్ష్యం హనుమాన్ ప్రవివేశ మహాగృహామ్.\n\n"
    },
    {
        "sloka": "[Hanuman enters the palace of Ravana -- description of the palace]\n\nస నికామం విమానేషు నిషణ్ణః కామరూపధృత్.\n\nవిచచార పునర్లఙ్కాం లాఘవేన సమన్వితః৷৷5.6.1৷৷\n\n"
    },
    {
        "sloka": "ఆససాదాథ లక్ష్మీవాన్రాక్షసేన్ద్రనివేశనమ్.\n\nప్రాకారేణార్కవర్ణేన భాస్వరేణాభిసమ్వృతమ్৷৷5.6.2৷৷\n\n"
    },
    {
        "sloka": "రక్షితం రాక్షసైర్ఘోరైః సింహైరివ మహద్వనమ్.\n\nసమీక్షమాణో భవనం చకాశే కపికుఞ్జరః৷৷5.6.3৷৷\n\n"
    },
    {
        "sloka": "రూప్యకోపహితై శ్చిత్రైస్తోరణైర్హేమభూషితైః.\n\nవిచిత్రాభిశ్చ కక్ష్యాభిర్ద్వారైశ్చ రుచిరైర్వృతమ్৷৷5.6.4৷৷\n\n"
    },
    {
        "sloka": "గజాస్థితైర్మహామాత్రైః శూరైశ్చ విగతశ్రమైః.\n\nఉపస్థితమసంహార్యైః ర్హయైః స్యన్దనయాయిభిః৷৷5.6.5৷৷\n\n"
    },
    {
        "sloka": "సింహవ్యాఘ్రతనుత్రాణైర్దాన్తకాఞ్చనరాజతైః.\n\nఘోషవద్భిర్విచిత్రైశ్చ సదా విచరితం రథైః৷৷5.6.6৷৷\n\n"
    },
    {
        "sloka": "బహురత్నసమాకీర్ణం పరార్థ్యసనభాజనమ్.\n\nమహారథసమావాసం మహారథమహాస్వనమ్৷৷5.6.7৷৷\n\n"
    },
    {
        "sloka": "దృశ్యైశ్చ పరమోదారైస్తైస్తైశ్చ మృగపక్షిభిః.\n\nవివిధై ర్బహుసాహస్రైః పరిపూర్ణం సమన్తతః৷৷5.6.8৷৷\n\n"
    },
    {
        "sloka": "వినీతైరన్తపాలైశ్చ రక్షోభిశ్చ సురక్షితమ్.\n\nముఖ్యాభిశ్చ వరస్త్రీభిః పరిపూర్ణం సమన్తతః৷৷5.6.9৷৷\n\n"
    },
    {
        "sloka": "ముదితప్రమదారత్నం రాక్షసేన్ద్రనివేశనమ్.\n\nవరాభరణసంహ్రాదైః సముద్రస్వనన్నిస్వనమ్৷৷5.6.10৷৷\n\n"
    },
    {
        "sloka": "తద్రాజగుణసమ్పన్నం ముఖ్యైశ్చాగురుచన్దనైః.\n\nమహాజనైః సమాకీర్ణాం సింహైరివ మహద్వనమ్৷৷5.6.11৷৷\n\n"
    },
    {
        "sloka": "భేరీమృదఙ్గాభిరుతం శఙ్ఖఘోషనినాదితమ్.\n\nనిత్యార్చితం పర్వహుతం పూజితం రాక్షసైః సదా৷৷5.6.12৷৷\n\n"
    },
    {
        "sloka": "సముద్రమివ గమ్భీరం సముద్రమివ నిస్స్వనమ్.\n\nమహాత్మనో మహాద్వేశ్మ మహారత్నపరిచ్ఛదమ్৷৷5.6.13৷৷\n\nమహారత్నసమాకీర్ణం దదర్శ స మహాకపిః.\n\n"
    },
    {
        "sloka": "విరాజమానం వపుషా గజాశ్వరథసఙ్కులమ్৷৷5.6.14৷৷\n\nలఙ్కాభరణమిత్యేవ సోమన్యత మహాకపిః.\n\nచచార హనుమాంస్తత్ర రావణస్య సమీపతః৷৷5.6.15৷৷\n\n"
    },
    {
        "sloka": "గృహాద్గృహం రాక్షసానాముద్యానాని చ వానరః.\n\nవీక్షమాణోహ్యసంత్రస్తః ప్రాసాదాంశ్చ చచార సః৷৷5.6.16৷৷\n\n"
    },
    {
        "sloka": "అవప్లుత్య మహావేగః ప్రహస్తస్య నివేశనమ్.\n\nతతోన్యత్పుప్లువే వేశ్మ మహాపార్శ్వస్య వీర్యవాన్৷৷5.6.17৷৷\n\n"
    },
    {
        "sloka": "అథ మేఘప్రతీకాశం కుమ్భకర్ణనివేశనమ్.\n\nవిభీషణస్య చ తదా పుప్లువే స మహాకపిః৷৷5.6.18৷৷\n\n"
    },
    {
        "sloka": "మహోదరస్య చ గృహం విరూపాక్షస్య చైవ హి.\n\nవిద్యుజ్జిహ్వస్య భవనం విద్యున్మాలేస్తథైవ చ৷৷5.6.19৷৷\n\nవజ్రదంష్ట్రస్య చ తథా పుప్లువే స మహాకపిః.\n\n"
    },
    {
        "sloka": "శుకస్య చ మహాతేజాః సారణస్య చ ధీమతః৷৷5.6.20৷৷\n\nతథా చేన్ద్రజితో వేశ్మ జగామ హరియూథపః.\n\n"
    },
    {
        "sloka": "జమ్బుమాలేః సుమాలేశ్చ జగామ హరిసత్తమః৷৷5.6.21৷৷\n\nరశ్మికేతోశ్చ భవనం సూర్యకేతోస్తథైవ చ.\n\nవజ్రకాయస్య చ తథా పుప్లువే స మహాకపిః৷৷5.6.22৷৷\n\n"
    },
    {
        "sloka": "ధూమ్రాక్షస్య చ సమ్పాతేర్భవనం మారుతాత్మజః.\n\nవిద్యుద్రూపస్య భీమస్య ఘనస్య విఘనస్య చ৷৷5.6.23৷৷\n\nశుకనాసస్య వక్రస్య శఠస్య వికటస్య చ.\n\nబ్రహ్మకర్ణస్య దంష్ట్రస్య రోమశస్య చ రక్షసః৷৷5.6.24৷৷\n\nయుద్ధోన్మత్తస్య మత్తస్య ధ్వజగ్రీవస్య నాదినః.\n\nవిద్యుజ్జిహ్వేన్ద్రజిహ్వానాం తథా హస్తిముఖస్య చ৷৷5.6.25৷৷\n\nకరాళస్య పిశాచస్య శోణితాక్షస్య చైవ హి.\n\n"
    },
    {
        "sloka": "భవనమ్ క్రమమాణః ణోసౌ హనుమాన్మారుతాత్మజః৷৷5.6.26৷৷\n\nతేషు తేషు మహార్హేషు భవనేషు మహాయశాః.\n\nతేషామృద్ధిమతామృద్ధిం దదర్శ స మహాకపిః৷৷5.6.27৷৷\n\n"
    },
    {
        "sloka": "సర్వేషాం సమతిక్రమ్య భవనాని సమన్తతః.\n\nఆససాదాథ లక్ష్మీవాన్ రాక్షసేద్రనివేశనమ్৷৷5.6.28৷৷\n\n"
    },
    {
        "sloka": "రావణస్యోపశాయిన్యో దదర్శ హరిసత్తమః.\n\nవిచరన్హరిశార్దూలో రాక్షసీర్వికృతేక్షణాః৷৷5.6.29৷৷\n\nశూలముద్గరహస్తాశ్చ శక్తితోమరధారిణీ:.\n\n"
    },
    {
        "sloka": "దదర్శ వివిధాన్ గుల్మాన్ తస్య రక్షఃపతేర్గృహే৷৷5.6.30৷৷\n\nరాక్షసాంశ్చ మహాకాయాన్నానాప్రహరణోద్యతాన్.\n\n"
    },
    {
        "sloka": "రక్తాన్ శ్వేతాన్ సితాంశ్చైవ హరీంశ్చాపి మహాజవాన్৷৷5.6.31৷৷\n\nకులీనాన్ రూపసమ్పన్నాన్ గజాన్పరగజారుజాన్.\n\nనిష్ఠితాన్ గజశిక్షయామైరావతసమాన్యుధి৷৷5.6.32৷৷\n\nనిహన్త్రూన్ పరసైన్యానాం గృహే తస్మిన్ దదర్శ సః.\n\nక్షరతశ్చ యథా మేఘాన్ స్రవతశ్చ యథా గిరీన్৷৷5.6.33৷৷\n\nమేఘసన్తతినిర్ఘోషాన్ దుర్ధర్షాన్ సమరే పరైః.\n\n"
    },
    {
        "sloka": "సహస్రం వాహినీస్తత్ర జామ్బూనదపరిష్కృతాః৷৷5.6.34৷৷\n\nహేమజాలపరిచ్ఛన్నాస్తరుణాదిత్యసన్నిభాః.\n\nదదర్శ రాక్షసేన్ద్రస్య రావణస్య నివేశనే৷৷5.6.35৷৷\n\n"
    },
    {
        "sloka": "శిబికా వివిధాకారాః స కపిర్మారుతాత్మజః.\n\nలతాగృహాణి చిత్రాణి చిత్రశాలాగృహాణి చ৷৷5.6.36৷৷\n\nక్రీడాగృహాణి చాన్యాని దారుపర్వతకానపి.\n\nకామస్య గృహకం రమ్యం దివాగృహకమేవ చ৷৷5.6.37৷৷\n\nదదర్శ రాక్షసేన్ద్రస్య రావణస్య నివేశనే.\n\n"
    },
    {
        "sloka": "స మన్దరగిరిప్రఖ్యం మయూరస్థానసఙ్కులమ్৷৷5.6.38৷৷\n\nధ్వజయష్టిభిరాకీర్ణం దదర్శ భవనోత్తమమ్.\n\nఅనేకరత్నసఙ్కీర్ణం నిధిజాలం సమన్తతః৷৷5.6.39৷৷\n\nధీరనిష్ఠితకర్మాన్తం గృహం భూతపతేరివ.\n\n"
    },
    {
        "sloka": "అర్చిర్భిశ్చాపి రత్నానాం తేజసా రావణస్య చ৷৷5.6.40৷৷\n\nవిరరాజాథ తద్వేశ్మ రశ్మిమానివ రశ్మిభిః.\n\n"
    },
    {
        "sloka": "జామ్బూనదమయాన్యేన శయనాన్యాసనాని చ৷৷5.6.41৷৷\n\nభాజనాని చ ముఖ్యాని దదర్శ హరియూథపః.\n\n"
    },
    {
        "sloka": "మధ్వాసవకృతక్లేదం మణిభాజనసఙ్కులమ్৷৷5.6.42৷৷\n\nమనోరమమసంబాధం కుబేరభవనం యథా.\n\nనూపురాణాం చ ఘోషేణ కాఞ్చీనాం నినదేన చ৷৷5.6.43৷৷\n\nమృదఙ్తలఘోషైశ్చ ఘోషవద్భిర్వినాదితమ్.\n\nప్రాసాదసఙ్ఘాతయుతం స్త్రీరత్నశతసఙ్కులమ్৷৷5.6.44.\n\nసువ్యూఢకక్ష్యం హనుమాన్ ప్రవివేశ మహాగృహామ్.\n\n"
    }
]