[
    {
        "sloka": "[Hanuman gives an account of the plight of Sita in Lanka -- incites the vanaras to be ready for the next course of action]  \n\nఏతదాఖ్యాయ తత్సర్వం హనుమాన్మారుతాత్మజః.\n\nభూయస్సముపచక్రామ వచనం వక్తుముత్తరమ్৷৷5.59.1৷৷\n\n"
    },
    {
        "sloka": "సఫలో రాఘవోద్యోగ స్సుగ్రీవస్య చ సమ్భ్రమః.\n\nశీలమాసాద్య సీతాయా మమ చ ప్రవణం మనః৷৷5.59.2৷৷\n\n"
    },
    {
        "sloka": "నియతస్సముదాచారో భక్తిర్భర్తరి చోత్తమా.\n\nయన్న హన్తి దశగ్రీవం సా మహాత్మా కృతాగసమ్৷৷5.59.34.\n\n"
    },
    {
        "sloka": "తస్య తాం స్పృశతో గాత్రం తపసా న వినాశితమ్.\n\nన తదగ్నిశిఖా కుర్యాత్సంస్పృష్టా పాణినా సతీ৷৷5.59.4৷৷\n\nజనకస్యాత్మజా కుర్యాద్యత్క్రోధకలుషీకృతా.\n\n"
    },
    {
        "sloka": "జామ్బవత్ప్రముఖాన్ సర్వాననుజ్ఞాప్య మహాహరీన్৷৷5.59.5৷৷\n\nఅస్మిన్నేవం గతే కార్యే భవతాం చ నివేదితే.\n\nన్యాయ్యం స్మ సహ వైదేహ్యా ద్రష్టుం తౌ పార్థివాత్మజౌ৷৷5.59.6৷৷\n\n"
    },
    {
        "sloka": "అహమేకోపి పర్యాప్తస్సరాక్షసగణాం పురీమ్.\n\nతాం లఙ్కాం తరసా హన్తుం రావణం చ మహాబలమ్৷৷5.59.7৷৷\n\n"
    },
    {
        "sloka": "కిం పున స్సహితో వీరైర్బలవద్భిః కృతాత్మభిః.\n\nకృతాస్త్రై: ప్లవగైశ్శూరైర్భవద్భివిజయైషిభిః৷৷5.59.8৷৷\n\n"
    },
    {
        "sloka": "అహం తు రావణం యుద్ధే ససైన్యం సపురస్సరమ్.\n\nసహపుత్త్రం వధిష్యామి సహోదరయుతం యుధి৷৷5.59.9৷৷\n\n"
    },
    {
        "sloka": "బ్రాహ్మమైన్ద్రం చ రౌద్రం చ వాయవ్యం వారణం తథా.\n\nయది శక్రజితోస్త్రాణి దుర్నిరీక్షాణి సంయుగే৷৷5.59.10৷৷\n\nతాన్యహం వధిష్యామి హనిష్యామి చ రాక్షసాన్.\n\n"
    },
    {
        "sloka": "భవతామభ్యనుజ్ఞాతో విక్రమో మే రుణద్ధి తమ్৷৷5.59.11৷৷\n\nమయాతులా విసృష్టా హి శైలవృష్టిర్నిరన్తరా.\n\nదేవానపి రణే హన్యాత్కిం పునస్తాన్నిశాచరాన్৷৷5.59.12৷৷\n\n"
    },
    {
        "sloka": "సాగరోప్యతియాద్వేలాం మన్దరః ప్రచలేదపి.\n\nన జామ్బవన్తం సమరే కమ్పయేదరివాహినీ৷৷5.59.13৷৷\n\n"
    },
    {
        "sloka": "సర్వరాక్షససఙ్ఘానాం రాక్షసా యే చ పూర్వకాః.\n\nఅలమేకో వినాశాయ వీరో వాలిసుతః కపిః৷৷5.59.14৷৷\n\n"
    },
    {
        "sloka": "పనసస్యోరువేగేన నీలస్య చ మహాత్మనః.\n\nమన్దరోప్యవశీర్యేత కింపునర్యుధి రాక్షసాః৷৷5.59.15.\n\n"
    },
    {
        "sloka": "సదేవాసురయక్షేషు గన్ధర్వోరగపక్షిషు.\n\nమైన్దస్య ప్రతియోద్ధారం శంసత ద్వివిదస్య వా৷৷5.59.16৷৷\n\n"
    },
    {
        "sloka": "అశ్విపుత్రౌ మహాభాగావేతౌ ప్లవగసత్తమౌ.\n\nఏతయోః ప్రతియోద్దారం న పశ్యామి రణాజిరే৷৷5.59.17৷৷\n\n"
    },
    {
        "sloka": "పితామహవరోత్సేకాత్పరమం దర్పమాస్థితౌ.\n\nఅమృతప్రాశినావేతౌ సర్వవానరసత్తమౌ৷৷5.59.18৷৷\n\n"
    },
    {
        "sloka": "అశ్వినోర్మాననార్థం హి సర్వలోకపితామహః.\n\nసర్వావధ్యత్వమతులమనయోర్దత్తవాన్పురా৷৷5.59.19৷৷\n\n"
    },
    {
        "sloka": "వరోత్సేకేన మత్తౌ చ ప్రమథ్య మహతీం చమూమ్.\n\nసురాణామమృతం వీరౌ పీతవన్తౌ ప్లవఙ్గమౌ৷৷5.59.20৷৷\n\n"
    },
    {
        "sloka": "ఏతావేవ హి సఙ్కృద్ధౌ సవాజిరథకుఞ్జరామ్.\n\nలఙ్కాం నాశయితుం శక్తౌ సర్వే తిష్ఠన్తు వానరాః৷৷5.59.21৷৷\n\n"
    },
    {
        "sloka": "మయైవ నిహతా లఙ్కా దగ్ధా భస్మీకృతా పునః.\n\nరాజమార్గేషు సర్వత్ర నామ విశ్రావితం మయా৷৷5.59.22৷৷\n\n"
    },
    {
        "sloka": "జయత్యతిబలో రామో లక్ష్మణశ్చ మహాబలః.\n\nరాజా జయతి సుగ్రీవో రాఘవేణాభిపాలితః৷৷5.59.23৷৷\n\nఅహం కోసలరాజస్య దాసః పవనసమ్భవః.\n\nహనుమానితి సర్వత్ర నామ విశ్రావితం మయా৷৷5.59.24৷৷\n\n"
    },
    {
        "sloka": "అశోకవనికామధ్యే రావణస్య దురాత్మనః.\n\nఅధ స్తాచ్ఛింశుపావృక్షే సాధ్వీ కరుణమాస్థితా৷৷5.59.25৷৷\n\nరాక్షసీభిః పరివృతా శోకసంతాపకర్శితా.\n\nమేఘలేఖాపరివృతా చన్ద్రలేఖేవ నిష్ప్రభా৷৷5.59.26৷৷.\n\nఅచిన్తయన్తీ వైదేహీ రావణం బలదర్పితమ్.\n\n"
    },
    {
        "sloka": "పతివ్రతా చ సుశ్రోణీ అవష్టబ్ధా చ జానకీ৷৷5.59.27৷৷\n\nఅనురక్తా హి వైదేహీ రామం సర్వాత్మనా శుభా.\n\nఅనన్యచిత్తా రామే చ పౌలోమీవ పురన్దరే৷৷5.59.28৷৷\n\n"
    },
    {
        "sloka": "తదేకవాసస్సంవీతా రజోధ్వస్తా తథైవ చ.\n\nశోకసన్తాపదీనాఙ్గీ సీతా భర్తృహితే రతా৷৷5.59.29৷৷\n\n"
    },
    {
        "sloka": "సా మయా రాక్షసీమధ్యే తర్జ్యమానా ముహుర్ముహుః.\n\nరాక్షసీభిర్విరూపాభిర్దృష్టా హి ప్రమదావనే৷৷5.59.30৷৷\n\nఏకవేణీధరా దీనా భర్తృచిన్తాపరాయణా.\n\nఅధశ్శయ్యా వివర్ణాఙ్గీ పద్మినీవ హిమాగమే৷৷5.59.31৷৷\n\nరావణాద్వినివృత్తార్థా మర్తవ్యకృతనిశ్చయా.\n\n"
    },
    {
        "sloka": "కథఞ్చిన్మృగశాబాక్షీ విశ్వాసముపపాదితా৷৷5.59.32৷৷\n\nతతః సంభాషితా చైవ సర్వమర్థం చ దర్శితా.\n\nరామసుగ్రీవసఖ్యం చ శ్రుత్వా ప్రీతిముపాగతా৷৷5.59.33৷৷\n\n"
    },
    {
        "sloka": "నిమిత్తమాత్రం రామస్తు వధే తస్య భవిష్యతి.\n\nసా ప్రకృత్యైవ తన్వఙ్గీ తద్వియోగాచ్చ కర్శితా৷৷5.59.35৷৷\n\nప్రతిపత్పాఠశీలస్య విద్యేవ తనుమతాం గతా.\n\n"
    },
    {
        "sloka": "ఏవమాస్తే మహాభాగా సీతా శోకపరాయణా৷৷5.59.36৷৷\n\nయదత్ర ప్రతికర్తవ్యం తత్సర్వముపపాద్యతామ్.\n\n"
    },
    {
        "sloka": "[Hanuman gives an account of the plight of Sita in Lanka -- incites the vanaras to be ready for the next course of action]  \n\nఏతదాఖ్యాయ తత్సర్వం హనుమాన్మారుతాత్మజః.\n\nభూయస్సముపచక్రామ వచనం వక్తుముత్తరమ్৷৷5.59.1৷৷\n\n"
    },
    {
        "sloka": "సఫలో రాఘవోద్యోగ స్సుగ్రీవస్య చ సమ్భ్రమః.\n\nశీలమాసాద్య సీతాయా మమ చ ప్రవణం మనః৷৷5.59.2৷৷\n\n"
    },
    {
        "sloka": "నియతస్సముదాచారో భక్తిర్భర్తరి చోత్తమా.\n\nయన్న హన్తి దశగ్రీవం సా మహాత్మా కృతాగసమ్৷৷5.59.34.\n\n"
    },
    {
        "sloka": "తస్య తాం స్పృశతో గాత్రం తపసా న వినాశితమ్.\n\nన తదగ్నిశిఖా కుర్యాత్సంస్పృష్టా పాణినా సతీ৷৷5.59.4৷৷\n\nజనకస్యాత్మజా కుర్యాద్యత్క్రోధకలుషీకృతా.\n\n"
    },
    {
        "sloka": "జామ్బవత్ప్రముఖాన్ సర్వాననుజ్ఞాప్య మహాహరీన్৷৷5.59.5৷৷\n\nఅస్మిన్నేవం గతే కార్యే భవతాం చ నివేదితే.\n\nన్యాయ్యం స్మ సహ వైదేహ్యా ద్రష్టుం తౌ పార్థివాత్మజౌ৷৷5.59.6৷৷\n\n"
    },
    {
        "sloka": "అహమేకోపి పర్యాప్తస్సరాక్షసగణాం పురీమ్.\n\nతాం లఙ్కాం తరసా హన్తుం రావణం చ మహాబలమ్৷৷5.59.7৷৷\n\n"
    },
    {
        "sloka": "కిం పున స్సహితో వీరైర్బలవద్భిః కృతాత్మభిః.\n\nకృతాస్త్రై: ప్లవగైశ్శూరైర్భవద్భివిజయైషిభిః৷৷5.59.8৷৷\n\n"
    },
    {
        "sloka": "అహం తు రావణం యుద్ధే ససైన్యం సపురస్సరమ్.\n\nసహపుత్త్రం వధిష్యామి సహోదరయుతం యుధి৷৷5.59.9৷৷\n\n"
    },
    {
        "sloka": "బ్రాహ్మమైన్ద్రం చ రౌద్రం చ వాయవ్యం వారణం తథా.\n\nయది శక్రజితోస్త్రాణి దుర్నిరీక్షాణి సంయుగే৷৷5.59.10৷৷\n\nతాన్యహం వధిష్యామి హనిష్యామి చ రాక్షసాన్.\n\n"
    },
    {
        "sloka": "భవతామభ్యనుజ్ఞాతో విక్రమో మే రుణద్ధి తమ్৷৷5.59.11৷৷\n\nమయాతులా విసృష్టా హి శైలవృష్టిర్నిరన్తరా.\n\nదేవానపి రణే హన్యాత్కిం పునస్తాన్నిశాచరాన్৷৷5.59.12৷৷\n\n"
    },
    {
        "sloka": "సాగరోప్యతియాద్వేలాం మన్దరః ప్రచలేదపి.\n\nన జామ్బవన్తం సమరే కమ్పయేదరివాహినీ৷৷5.59.13৷৷\n\n"
    },
    {
        "sloka": "సర్వరాక్షససఙ్ఘానాం రాక్షసా యే చ పూర్వకాః.\n\nఅలమేకో వినాశాయ వీరో వాలిసుతః కపిః৷৷5.59.14৷৷\n\n"
    },
    {
        "sloka": "పనసస్యోరువేగేన నీలస్య చ మహాత్మనః.\n\nమన్దరోప్యవశీర్యేత కింపునర్యుధి రాక్షసాః৷৷5.59.15.\n\n"
    },
    {
        "sloka": "సదేవాసురయక్షేషు గన్ధర్వోరగపక్షిషు.\n\nమైన్దస్య ప్రతియోద్ధారం శంసత ద్వివిదస్య వా৷৷5.59.16৷৷\n\n"
    },
    {
        "sloka": "అశ్విపుత్రౌ మహాభాగావేతౌ ప్లవగసత్తమౌ.\n\nఏతయోః ప్రతియోద్దారం న పశ్యామి రణాజిరే৷৷5.59.17৷৷\n\n"
    },
    {
        "sloka": "పితామహవరోత్సేకాత్పరమం దర్పమాస్థితౌ.\n\nఅమృతప్రాశినావేతౌ సర్వవానరసత్తమౌ৷৷5.59.18৷৷\n\n"
    },
    {
        "sloka": "అశ్వినోర్మాననార్థం హి సర్వలోకపితామహః.\n\nసర్వావధ్యత్వమతులమనయోర్దత్తవాన్పురా৷৷5.59.19৷৷\n\n"
    },
    {
        "sloka": "వరోత్సేకేన మత్తౌ చ ప్రమథ్య మహతీం చమూమ్.\n\nసురాణామమృతం వీరౌ పీతవన్తౌ ప్లవఙ్గమౌ৷৷5.59.20৷৷\n\n"
    },
    {
        "sloka": "ఏతావేవ హి సఙ్కృద్ధౌ సవాజిరథకుఞ్జరామ్.\n\nలఙ్కాం నాశయితుం శక్తౌ సర్వే తిష్ఠన్తు వానరాః৷৷5.59.21৷৷\n\n"
    },
    {
        "sloka": "మయైవ నిహతా లఙ్కా దగ్ధా భస్మీకృతా పునః.\n\nరాజమార్గేషు సర్వత్ర నామ విశ్రావితం మయా৷৷5.59.22৷৷\n\n"
    },
    {
        "sloka": "జయత్యతిబలో రామో లక్ష్మణశ్చ మహాబలః.\n\nరాజా జయతి సుగ్రీవో రాఘవేణాభిపాలితః৷৷5.59.23৷৷\n\nఅహం కోసలరాజస్య దాసః పవనసమ్భవః.\n\nహనుమానితి సర్వత్ర నామ విశ్రావితం మయా৷৷5.59.24৷৷\n\n"
    },
    {
        "sloka": "అశోకవనికామధ్యే రావణస్య దురాత్మనః.\n\nఅధ స్తాచ్ఛింశుపావృక్షే సాధ్వీ కరుణమాస్థితా৷৷5.59.25৷৷\n\nరాక్షసీభిః పరివృతా శోకసంతాపకర్శితా.\n\nమేఘలేఖాపరివృతా చన్ద్రలేఖేవ నిష్ప్రభా৷৷5.59.26৷৷.\n\nఅచిన్తయన్తీ వైదేహీ రావణం బలదర్పితమ్.\n\n"
    },
    {
        "sloka": "పతివ్రతా చ సుశ్రోణీ అవష్టబ్ధా చ జానకీ৷৷5.59.27৷৷\n\nఅనురక్తా హి వైదేహీ రామం సర్వాత్మనా శుభా.\n\nఅనన్యచిత్తా రామే చ పౌలోమీవ పురన్దరే৷৷5.59.28৷৷\n\n"
    },
    {
        "sloka": "తదేకవాసస్సంవీతా రజోధ్వస్తా తథైవ చ.\n\nశోకసన్తాపదీనాఙ్గీ సీతా భర్తృహితే రతా৷৷5.59.29৷৷\n\n"
    },
    {
        "sloka": "సా మయా రాక్షసీమధ్యే తర్జ్యమానా ముహుర్ముహుః.\n\nరాక్షసీభిర్విరూపాభిర్దృష్టా హి ప్రమదావనే৷৷5.59.30৷৷\n\nఏకవేణీధరా దీనా భర్తృచిన్తాపరాయణా.\n\nఅధశ్శయ్యా వివర్ణాఙ్గీ పద్మినీవ హిమాగమే৷৷5.59.31৷৷\n\nరావణాద్వినివృత్తార్థా మర్తవ్యకృతనిశ్చయా.\n\n"
    },
    {
        "sloka": "కథఞ్చిన్మృగశాబాక్షీ విశ్వాసముపపాదితా৷৷5.59.32৷৷\n\nతతః సంభాషితా చైవ సర్వమర్థం చ దర్శితా.\n\nరామసుగ్రీవసఖ్యం చ శ్రుత్వా ప్రీతిముపాగతా৷৷5.59.33৷৷\n\n"
    },
    {
        "sloka": "నిమిత్తమాత్రం రామస్తు వధే తస్య భవిష్యతి.\n\nసా ప్రకృత్యైవ తన్వఙ్గీ తద్వియోగాచ్చ కర్శితా৷৷5.59.35৷৷\n\nప్రతిపత్పాఠశీలస్య విద్యేవ తనుమతాం గతా.\n\n"
    },
    {
        "sloka": "ఏవమాస్తే మహాభాగా సీతా శోకపరాయణా৷৷5.59.36৷৷\n\nయదత్ర ప్రతికర్తవ్యం తత్సర్వముపపాద్యతామ్.\n\n"
    }
]