[
    {
        "sloka": "[Description of the harem of Ravana.] \n\nతస్యాలయవరిష్ఠస్య మధ్యే విపులమాయతం.\n\nదదర్శ భవనశ్రేష్ఠం హనుమాన్మారుతాత్మజః৷৷5.9.1৷৷\n\n"
    },
    {
        "sloka": "అర్ధయోజనవిస్తీర్ణమాయతం యోజనం హి తత్.\n\nభవనం రాక్షసేన్ద్రస్య బహుప్రాసాదసఙ్కులమ్৷৷5.9.2৷৷\n\n"
    },
    {
        "sloka": "మార్గమాణస్తు వైదేహీం సీతామాయతలోచనామ్.\n\nసర్వతః పరిచక్రామ హనూమానరిసూదనః৷৷5.9.3৷৷\n\n"
    },
    {
        "sloka": "ఉత్తమం రాక్షసావాసం హనుమానవలోకయన్.\n\nఆససాదాథ లక్ష్మీవాన్ రాక్షసేన్ద్రనివేశనమ్৷৷5.9.4৷৷\n\nచతుర్విషాణైర్ద్విరదైస్త్రివిషాణైస్తథైవ చ.\n\nపరిక్షిప్తమసమ్బాధం రక్ష్యమాణముదాయుధైః৷৷5.9.5৷৷\n\n"
    },
    {
        "sloka": "రాక్షసీభిశ్చ పత్నీభీ రావణస్య నివేశనమ్.\n\nఆహృతాభిశ్చ విక్రమ్య రాజకన్యాభిరావృతమ్৷৷5.9.6৷৷\n\nతన్నక్రమకరాకీర్ణం తిమిఙ్గిలఝషాకులమ్.\n\nవాయువేగసమాధూతం పన్నగైరివ సాగరమ్৷৷5.9.7৷৷\n\n"
    },
    {
        "sloka": "యా హి వైశ్రవణే లక్ష్మీర్యా చేన్ద్రే హరివాహనే.\n\nసా రావణగృహే సర్వా నిత్యమేవానపాయినీ৷৷5.9.8৷৷\n\n"
    },
    {
        "sloka": "యా చ రాజ్ఞః కుబేరస్య యమస్య వరుణస్య చ.\n\nతాదృశీ తద్విశిష్టా వా ఋద్ధీ రక్షోగృహేష్విహ৷৷5.9.9৷৷\n\n"
    },
    {
        "sloka": "తస్య హర్మ్యస్య మధ్యస్థం వేశ్మ చాన్యత్సునిర్మితం.\n\nబహునిర్యూహసఙ్కీర్ణం దదర్శ పవనాత్మజః৷৷5.9.10৷৷\n\n"
    },
    {
        "sloka": "బ్రహ్మణోర్థే కృతం దివ్యం దివి యద్విశ్వకర్మణా.\n\nవిమానం పుష్పకం నామ సర్వరత్నవిభూషితమ్৷৷5.9.11৷৷\n\nపరేణ తపసా లేభే యత్కుబేరః పితామహాత్.\n\nకుబేరమోజసా జిత్వా లేభే తద్రాక్షసేశ్వరః৷৷5.9.12৷৷\n\n"
    },
    {
        "sloka": "ఈహామృగసమాయుక్త్తై: కార్తస్వరహిరమణ్మయైః.\n\nసుకృతైరాచితం స్తమ్భైః ప్రదీప్తమివ చ శ్రియా৷৷5.9.13৷৷\n\nమేరుమన్దరసఙ్కాశైరుల్లిఖద్భిరివామ్బరం.\n\nకూటాగారైశ్శుభాకారైస్సర్వతస్సమలఙ్కృతమ్৷৷5.9.14৷৷\n\n"
    },
    {
        "sloka": "జ్వలనార్కప్రతీకాశం సుకృతం విశ్వకర్మణా.\n\nహేమసోపానసంయుక్తం చారుప్రవరవేదికమ్৷৷5.9.15৷৷\n\n"
    },
    {
        "sloka": "జాలవాతాయనైర్యుక్తం కాఞ్చనైః స్స్ఫాటికైరపి.\n\nఇన్ద్రనీలమహానీలమణిప్రవరవేదికమ్৷৷5.9.16৷৷\n\n"
    },
    {
        "sloka": "విద్రుమేణ విచిత్రేణ మణిభిశ్చ మహాఘనైః.\n\nనిస్తులాభిశ్చ ముక్తాభిస్తలేనాభివిరాజితమ్৷৷5.9.17৷৷\n\n"
    },
    {
        "sloka": "చన్దనేన చ రక్తేన తపనీయనిభేన చ.\n\nసుపుణ్యగన్ధినా యుక్తమాదిత్యతరుణోపమమ్৷৷5.9.18৷৷\n\n"
    },
    {
        "sloka": "కూటాగారైర్వరాకారైర్వివిధైస్సమలఙ్కృతమ్.\n\nవిమానం పుష్పకం దివ్యమారురోహ మహాకపిః৷৷5.9.19৷৷\n\n"
    },
    {
        "sloka": "తత్రస్థస్స తదా గన్ధం పానభక్ష్యాన్నసమ్భవమ్.\n\nదివ్యం సమ్మూర్ఛితం జిఘ్రద్రూపవన్తమివానిలమ్৷৷5.9.20৷৷\n\n"
    },
    {
        "sloka": "స గన్ధస్తం మహాసత్త్వం బన్ధుర్బన్ధుమివోత్తమమ్.   \n\nఇత ఏహీత్యువాచేన తత్ర యత్ర స రావణః৷৷5.9.21৷৷\n\n"
    },
    {
        "sloka": "తతస్తాం ప్రస్థితశ్శాలాం దదర్శ మహతీం శుభామ్.\n\nరావణస్య మనః కాన్తాం కాన్తామివ వరస్త్రియమ్৷৷5.9.22৷৷\n\n"
    },
    {
        "sloka": "మణిసోపానవికృతాం హేమజాలవిభూషితామ్.\n\nస్ఫాటికైరావృతతలాం దన్తాన్తరితరూపికామ్৷৷5.9.23৷৷\n\n"
    },
    {
        "sloka": "ముక్తాభిశ్చ ప్రవాలైశ్చ రూప్యచామీకరైరపి.\n\nవిభూషితాం మణిస్తమ్భైస్సుబహుస్తమ్భభూషితామ్৷৷5.9.24৷৷\n\n"
    },
    {
        "sloka": "నమ్రైరృజుభిరత్యుచ్చైస్సమన్తాత్సువిభూషితైః.\n\nస్తమ్భై: పక్షైరివాత్యుచ్చైర్దివం సంప్రస్థితామివ৷৷5.9.25৷৷\n\n"
    },
    {
        "sloka": "మహత్యా కుథయాస్తీర్ణాం పృథివీలక్షణాఙ్కయా.\n\nపృథివీమివ విస్తీర్ణాం సరాష్ట్రగృహమాలినీమ్৷৷5.9.26৷৷\n\n"
    },
    {
        "sloka": "నాదితాం మత్తవిహగైర్దివ్యగన్ధాధివాసితామ్.\n\nపరార్ధ్యాస్తరణోపేతాం రక్షోధిపనిషేవితామ్৷৷5.9.27৷৷\n\n"
    },
    {
        "sloka": "ధూమ్రామగరుధూపేన విమలాం హంసపాణ్డురామ్.\n\nచిత్రాం పుష్పోపహారేణ కల్మాషీమివ సుప్రభామ్৷৷5.9.28৷৷\n\n"
    },
    {
        "sloka": "మనస్సంహ్లాదజననీం వర్ణస్యాపి ప్రసాదినీమ్.\n\nతాం శోకనాశినీం దివ్యాం శ్రియః సఞ్జననీమివ৷৷5.9.29৷৷\n\n"
    },
    {
        "sloka": "ఇన్ద్రియాణీన్ద్రియార్థైస్తు పఞ్చ పఞ్చభిరుత్తమైః.\n\nతర్పయామాస మాతేవ తదా రావణపాలితా৷৷5.9.30৷৷\n\n"
    },
    {
        "sloka": "స్వర్గోయం దేవలోకోయమిన్ద్రస్యేయం పురీ భవేత్.\n\nసిద్ధిర్వేయం పరా హి స్యాదిత్యమన్యత మారుతిః৷৷5.9.31৷৷\n\n"
    },
    {
        "sloka": "ప్రధ్యాయత ఇవాపశ్యత్ప్రదీపాంస్తత్ర కాఞ్చనాన్.\n\nధూర్తానివ మహాధూతైర్దేవనేన పరాజితాన్৷৷5.9.32৷৷\n\n"
    },
    {
        "sloka": "దీపానాం చ ప్రకాశేన తేజసా రావణస్య చ.\n\nఅర్చిర్భిర్భూషణానాం చ ప్రదీప్తేత్యభ్యమన్యత৷৷5.9.33৷৷\n\n"
    },
    {
        "sloka": "తతోపశ్యత్కుథాసీనం నానావరాయమ్బరస్రజమ్.\n\nసహస్రం వరనారీణాం నానావేషవిభూషితమ్৷৷5.9.34৷৷\n\n"
    },
    {
        "sloka": "పరివృత్తేర్ధరాత్రే తు పాననిద్రావశం గతమ్.\n\nక్రీడిత్వోపరతం రాత్రౌ సుష్వాప బలవత్తదా৷৷5.9.35৷৷\n\n"
    },
    {
        "sloka": "తత్ప్రసుప్తం విరురుచే నిశ్శబ్దాన్తరభూషణమ్.\n\nనిఃశబ్దహంసభ్రమరం యథా పద్మవనం మహత్৷৷5.9.36৷৷\n\n"
    },
    {
        "sloka": "తాసాం సంవృతదన్తాని మీలితాక్షీణి మారుతిః.\n\nఅపశ్యత్పద్మగన్ధీని వదనాని సుయోషితామ్৷৷5.9.37৷৷\n\n"
    },
    {
        "sloka": "ప్రబుద్ధానీవ పద్మాని తాసాం భూత్వా క్షపాక్షయే.\n\nపునస్సంవృతపత్రాణి రాత్రావివ బభుస్తదా৷৷5.9.38৷৷\n\n"
    },
    {
        "sloka": "ఇమాని ముఖపద్మాని నియతం మత్తషట్పదాః.\n\nఅమ్బుజానీవ ఫుల్లాని ప్రార్థయన్తి పునః పునః৷৷5.9.39৷৷\n\n"
    },
    {
        "sloka": "ఇతి చామన్యత శ్రీమానుపపత్త్యా మహాకపిః.\n\nమేనే హి గుణతస్తాని సమాని సలిలోద్భవైః৷৷5.9.40৷৷\n\n"
    },
    {
        "sloka": "సా తస్య శుశుభే శాలా తాభిస్త్రీభిర్విరాజితా.\n\nశారదీవ ప్రసన్నా ద్యౌస్తారాభిరభిశోభితా৷৷5.9.41৷৷\n\n"
    },
    {
        "sloka": "స చ తాభిః పరివృతశ్శుశుభే రాక్షసాధిపః.\n\nయథా హ్యుడుపతిశ్శీమాంస్తారాభిరభిసంవృతః৷৷5.9.42৷৷\n\n"
    },
    {
        "sloka": "యాశ్చ్యవన్తేమ్బరాత్తారాః పుణ్యశేషసమావృతాః.\n\nఇమాస్తాస్సఙ్గతాః కృత్స్నా ఇతి మేనే హరిస్తదా৷৷5.9.43৷৷\n\n"
    },
    {
        "sloka": "తారాణామివ సువ్యక్తం మహతీనాం శుభార్చిషామ్.\n\nప్రభావర్ణప్రసాదాశ్చ విరేజుస్తత్ర యోషితామ్৷৷5.9.44৷৷\n\n"
    },
    {
        "sloka": "వ్యావృత్తగురుపీనస్రక్ప్రకీర్ణవరభూషణాః.\n\nపానవ్యాయామకాలేషు నిద్రాపహృతచేతసః৷৷5.9.45৷৷\n\n"
    },
    {
        "sloka": "వ్యావృత్తతిలకాః కాశ్చిత్కాశ్చిదుద్భ్రన్తనూపురాః.\n\nపార్శ్వే గలితహారాశ్చ కాశ్చిత్పరమయోషితః৷৷5.9.46৷৷\n\n"
    },
    {
        "sloka": "ముక్తాహారావృతాశ్చాన్యాః కాశ్చిద్విస్రస్తవాససః.\n\nవ్యావిద్ధరశనాదామాః కిశోర్య ఇవ వాహితాః৷৷5.9.47৷৷\n\n"
    },
    {
        "sloka": "సుకుణ్డలధరాశ్చాన్యా విచ్ఛిన్నమృదితస్రజః.\n\nగజేన్ద్రమృదితాః ఫుల్లా లతా ఇవ మహావనే৷৷5.9.48৷৷\n\n"
    },
    {
        "sloka": "చన్ద్రాంశుకిరణాభాశ్చ హారాః కాసాంచిదుత్కటాః.\n\nహంసా ఇవ బభుస్సుప్తాః స్తనమధ్యేషు యోషితామ్৷৷5.9.49৷৷\n\n"
    },
    {
        "sloka": "అపరాసాం చ వైడూర్యాః కాదమ్బా ఇవ పక్షిణః.\n\nహేమసూత్రాణి చాన్యాసాం చక్రవాకా ఇవాభవన్৷৷5.9.50৷৷\n\n"
    },
    {
        "sloka": "హంసకారణ్డవాకీర్ణాశ్చక్రవాకోపశోభితాః.\n\nఆపగా ఇవ తా రేజుర్జఘనైః పులినైరివ৷৷5.9.51৷৷\n\n"
    },
    {
        "sloka": "కిఙ్కిణీజాలసఙ్కోశాస్తా హైమవిపులామ్బుజాః.\n\nభావగ్రాహా యశస్తీరాః సుప్తా నద్య ఇవాబభుః৷৷5.9.52৷৷\n\n"
    },
    {
        "sloka": "మృదుష్వఙ్గేషు కాసాఞ్చిత్కుచాగ్రేషు చ సంస్థితాః.\n\nబభుర్వర్భూషణానీవ శుభా భూషణరాజయః৷৷5.9.53৷৷\n\n"
    },
    {
        "sloka": "అంశుకాన్తాశ్చ కాసాఞ్చిన్ముఖమారుతకమ్పితాః.\n\nఉపర్యుపరి వక్త్రాణాం వ్యాధూయన్తే పునః పునః৷৷5.9.54৷৷\n\n"
    },
    {
        "sloka": "తాః పతాకా ఇవోద్ధూతాః పత్నీనాం రుచిరప్రభాః.\n\nనానావర్ణసువర్ణానాం వక్త్రమూలేషు రేజిరే৷৷5.9.55৷৷\n\n"
    },
    {
        "sloka": "వవల్గుశ్చాత్ర కాసాంచిత్కుణ్డలాని శుభార్చిషామ్.\n\nముఖమారుతసంసర్గాన్మన్దం మన్దం సుయోషితామ్৷৷5.9.56৷৷\n\n"
    },
    {
        "sloka": "శర్కరాసవగన్ధైశ్చ ప్రకృత్యా సురభిః సుఖః.\n\nతాసాం వదననిశ్వాసస్సిషేవే రావణం తదా৷৷5.9.57৷৷\n\n"
    },
    {
        "sloka": "రావణాననశఙ్కాశ్చ కాశ్చిద్రావణయోషితః.\n\nముఖాని స్మ సపత్నీనాముపాజిఘ్రన్పునః పునః৷৷5.9.58৷৷\n\n"
    },
    {
        "sloka": "అత్యర్థం సక్తమనసో రావణే తా వరస్త్రియః.\n\nఅస్వతన్త్రాః సపత్నీనాం ప్రియమేవాచరంస్తదా৷৷5.9.59৷৷\n\n"
    },
    {
        "sloka": "బాహూనుపనిధాయాన్యాః పారిహార్యవిభూషితాన్.\n\nఅంశుకాని చ రమ్యాణి ప్రమదాస్తత్ర శిశ్యిరే৷৷5.9.60৷৷\n\n"
    },
    {
        "sloka": "అన్యా వక్షసి చాన్యస్యాస్తస్యాః కాచిత్పునర్భుజమ్.\n\nఅపరా త్వఙ్కమన్యస్యాస్తస్యాశ్చాప్యపరా భుజౌ৷৷5.9.61৷৷\n\n"
    },
    {
        "sloka": "ఊరుపార్శ్వకటీపృష్ఠమన్యోన్యస్య సమాశ్రితాః.\n\nపరస్పరనివిష్టాఙ్గ్యో మదస్నేహవశానుగాః৷৷5.9.62৷৷\n\n"
    },
    {
        "sloka": "అన్యోన్యభుజసూత్రేణ స్త్రీమాలా గ్రథితా హి సా.\n\nమాలేవ గ్రథితా సూత్రే శుశుభే మత్తషట్పదా৷৷5.9.63৷৷\n\n"
    },
    {
        "sloka": "లతానాం మాధవే మాసి ఫుల్లానాం వాయుసేవనాత్.\n\nఅన్యోన్య మాలాగ్రథితం సంసక్తకుసుమోచ్చయమ్৷৷5.9.64৷৷\n\nవ్యతివేష్టితసుస్కన్ధమన్యోన్యభ్రమరాకులమ్.\n\nఆసీద్వనమివోద్ధూతం స్త్రీవనం రావణస్య తత్৷৷5.9.65৷৷\n\n"
    },
    {
        "sloka": "ఉచితేష్వపి సువ్యక్తం న తాసాం యోషితాం తదా.\n\nవివేకః శక్య ఆధాతుం భూషణాఙ్గామ్బరస్రజామ్৷৷5.9.66৷৷\n\n"
    },
    {
        "sloka": "రావణే సుఖసంవిష్టే తాస్త్రియో వివిధప్రభాః.\n\nజ్వలన్తః కాఞ్చనా దీపాః ప్రైక్షన్తానిమిషా ఇవ৷৷5.9.67৷৷\n\n"
    },
    {
        "sloka": "రాజర్షిపితృదైత్యానాం గన్ధర్వాణాం చ యోషితః.\n\nరాక్షసానాం చ యాః కన్యాస్తస్య కామవశం గతాః৷৷5.9.68৷৷\n\n"
    },
    {
        "sloka": "యుద్ధకామేన తాః సర్వా రావణేన హృతాః స్త్రియః.\n\nసమదా మదనేనైవ మోహితాః కాశ్చిదాగతాః৷৷5.9.69৷৷\n\n"
    },
    {
        "sloka": "న తత్ర కాచిత్ప్రమదా ప్రసహ్య వీర్యోపపన్నేన గుణేన లబ్ధా.\n\nన చాన్యకామాపి న చాన్యపూర్వా వినా వరార్హాం జనకాత్మజాం తామ్৷৷5.9.70৷৷\n\n"
    },
    {
        "sloka": "న చాకులీనా న చ హీనరూపా నాదక్షిణా నానుపచారయుక్తా.\n\nభార్యాభవత్తస్య న హీనసత్త్వా న చాపి కాన్తస్య న కామనీయా৷৷5.9.71৷৷\n\n"
    },
    {
        "sloka": "బభూవ బుద్ధిస్తు హరీశ్వరస్య యదీదృశీ రాఘవధర్మపత్నీ.\n\nఇమా యథా రాక్షసరాజభార్యాః సుజాతమస్యేతి హి సాధుబుద్ధేః৷৷5.9.72৷৷\n\n"
    },
    {
        "sloka": "పునశ్చ సోచిన్తయాదాత్తరూపో ధ్రువం విశిష్టా గుణతో హి సీతా.\n\nఅథాయమస్యాం కృతవాన్మహాత్మా లఙ్కేశ్వరః కష్టమనార్యకర్మ৷৷5.9.73৷৷\n\n"
    },
    {
        "sloka": "[Description of the harem of Ravana.] \n\nతస్యాలయవరిష్ఠస్య మధ్యే విపులమాయతం.\n\nదదర్శ భవనశ్రేష్ఠం హనుమాన్మారుతాత్మజః৷৷5.9.1৷৷\n\n"
    },
    {
        "sloka": "అర్ధయోజనవిస్తీర్ణమాయతం యోజనం హి తత్.\n\nభవనం రాక్షసేన్ద్రస్య బహుప్రాసాదసఙ్కులమ్৷৷5.9.2৷৷\n\n"
    },
    {
        "sloka": "మార్గమాణస్తు వైదేహీం సీతామాయతలోచనామ్.\n\nసర్వతః పరిచక్రామ హనూమానరిసూదనః৷৷5.9.3৷৷\n\n"
    },
    {
        "sloka": "ఉత్తమం రాక్షసావాసం హనుమానవలోకయన్.\n\nఆససాదాథ లక్ష్మీవాన్ రాక్షసేన్ద్రనివేశనమ్৷৷5.9.4৷৷\n\nచతుర్విషాణైర్ద్విరదైస్త్రివిషాణైస్తథైవ చ.\n\nపరిక్షిప్తమసమ్బాధం రక్ష్యమాణముదాయుధైః৷৷5.9.5৷৷\n\n"
    },
    {
        "sloka": "రాక్షసీభిశ్చ పత్నీభీ రావణస్య నివేశనమ్.\n\nఆహృతాభిశ్చ విక్రమ్య రాజకన్యాభిరావృతమ్৷৷5.9.6৷৷\n\nతన్నక్రమకరాకీర్ణం తిమిఙ్గిలఝషాకులమ్.\n\nవాయువేగసమాధూతం పన్నగైరివ సాగరమ్৷৷5.9.7৷৷\n\n"
    },
    {
        "sloka": "యా హి వైశ్రవణే లక్ష్మీర్యా చేన్ద్రే హరివాహనే.\n\nసా రావణగృహే సర్వా నిత్యమేవానపాయినీ৷৷5.9.8৷৷\n\n"
    },
    {
        "sloka": "యా చ రాజ్ఞః కుబేరస్య యమస్య వరుణస్య చ.\n\nతాదృశీ తద్విశిష్టా వా ఋద్ధీ రక్షోగృహేష్విహ৷৷5.9.9৷৷\n\n"
    },
    {
        "sloka": "తస్య హర్మ్యస్య మధ్యస్థం వేశ్మ చాన్యత్సునిర్మితం.\n\nబహునిర్యూహసఙ్కీర్ణం దదర్శ పవనాత్మజః৷৷5.9.10৷৷\n\n"
    },
    {
        "sloka": "బ్రహ్మణోర్థే కృతం దివ్యం దివి యద్విశ్వకర్మణా.\n\nవిమానం పుష్పకం నామ సర్వరత్నవిభూషితమ్৷৷5.9.11৷৷\n\nపరేణ తపసా లేభే యత్కుబేరః పితామహాత్.\n\nకుబేరమోజసా జిత్వా లేభే తద్రాక్షసేశ్వరః৷৷5.9.12৷৷\n\n"
    },
    {
        "sloka": "ఈహామృగసమాయుక్త్తై: కార్తస్వరహిరమణ్మయైః.\n\nసుకృతైరాచితం స్తమ్భైః ప్రదీప్తమివ చ శ్రియా৷৷5.9.13৷৷\n\nమేరుమన్దరసఙ్కాశైరుల్లిఖద్భిరివామ్బరం.\n\nకూటాగారైశ్శుభాకారైస్సర్వతస్సమలఙ్కృతమ్৷৷5.9.14৷৷\n\n"
    },
    {
        "sloka": "జ్వలనార్కప్రతీకాశం సుకృతం విశ్వకర్మణా.\n\nహేమసోపానసంయుక్తం చారుప్రవరవేదికమ్৷৷5.9.15৷৷\n\n"
    },
    {
        "sloka": "జాలవాతాయనైర్యుక్తం కాఞ్చనైః స్స్ఫాటికైరపి.\n\nఇన్ద్రనీలమహానీలమణిప్రవరవేదికమ్৷৷5.9.16৷৷\n\n"
    },
    {
        "sloka": "విద్రుమేణ విచిత్రేణ మణిభిశ్చ మహాఘనైః.\n\nనిస్తులాభిశ్చ ముక్తాభిస్తలేనాభివిరాజితమ్৷৷5.9.17৷৷\n\n"
    },
    {
        "sloka": "చన్దనేన చ రక్తేన తపనీయనిభేన చ.\n\nసుపుణ్యగన్ధినా యుక్తమాదిత్యతరుణోపమమ్৷৷5.9.18৷৷\n\n"
    },
    {
        "sloka": "కూటాగారైర్వరాకారైర్వివిధైస్సమలఙ్కృతమ్.\n\nవిమానం పుష్పకం దివ్యమారురోహ మహాకపిః৷৷5.9.19৷৷\n\n"
    },
    {
        "sloka": "తత్రస్థస్స తదా గన్ధం పానభక్ష్యాన్నసమ్భవమ్.\n\nదివ్యం సమ్మూర్ఛితం జిఘ్రద్రూపవన్తమివానిలమ్৷৷5.9.20৷৷\n\n"
    },
    {
        "sloka": "స గన్ధస్తం మహాసత్త్వం బన్ధుర్బన్ధుమివోత్తమమ్.   \n\nఇత ఏహీత్యువాచేన తత్ర యత్ర స రావణః৷৷5.9.21৷৷\n\n"
    },
    {
        "sloka": "తతస్తాం ప్రస్థితశ్శాలాం దదర్శ మహతీం శుభామ్.\n\nరావణస్య మనః కాన్తాం కాన్తామివ వరస్త్రియమ్৷৷5.9.22৷৷\n\n"
    },
    {
        "sloka": "మణిసోపానవికృతాం హేమజాలవిభూషితామ్.\n\nస్ఫాటికైరావృతతలాం దన్తాన్తరితరూపికామ్৷৷5.9.23৷৷\n\n"
    },
    {
        "sloka": "ముక్తాభిశ్చ ప్రవాలైశ్చ రూప్యచామీకరైరపి.\n\nవిభూషితాం మణిస్తమ్భైస్సుబహుస్తమ్భభూషితామ్৷৷5.9.24৷৷\n\n"
    },
    {
        "sloka": "నమ్రైరృజుభిరత్యుచ్చైస్సమన్తాత్సువిభూషితైః.\n\nస్తమ్భై: పక్షైరివాత్యుచ్చైర్దివం సంప్రస్థితామివ৷৷5.9.25৷৷\n\n"
    },
    {
        "sloka": "మహత్యా కుథయాస్తీర్ణాం పృథివీలక్షణాఙ్కయా.\n\nపృథివీమివ విస్తీర్ణాం సరాష్ట్రగృహమాలినీమ్৷৷5.9.26৷৷\n\n"
    },
    {
        "sloka": "నాదితాం మత్తవిహగైర్దివ్యగన్ధాధివాసితామ్.\n\nపరార్ధ్యాస్తరణోపేతాం రక్షోధిపనిషేవితామ్৷৷5.9.27৷৷\n\n"
    },
    {
        "sloka": "ధూమ్రామగరుధూపేన విమలాం హంసపాణ్డురామ్.\n\nచిత్రాం పుష్పోపహారేణ కల్మాషీమివ సుప్రభామ్৷৷5.9.28৷৷\n\n"
    },
    {
        "sloka": "మనస్సంహ్లాదజననీం వర్ణస్యాపి ప్రసాదినీమ్.\n\nతాం శోకనాశినీం దివ్యాం శ్రియః సఞ్జననీమివ৷৷5.9.29৷৷\n\n"
    },
    {
        "sloka": "ఇన్ద్రియాణీన్ద్రియార్థైస్తు పఞ్చ పఞ్చభిరుత్తమైః.\n\nతర్పయామాస మాతేవ తదా రావణపాలితా৷৷5.9.30৷৷\n\n"
    },
    {
        "sloka": "స్వర్గోయం దేవలోకోయమిన్ద్రస్యేయం పురీ భవేత్.\n\nసిద్ధిర్వేయం పరా హి స్యాదిత్యమన్యత మారుతిః৷৷5.9.31৷৷\n\n"
    },
    {
        "sloka": "ప్రధ్యాయత ఇవాపశ్యత్ప్రదీపాంస్తత్ర కాఞ్చనాన్.\n\nధూర్తానివ మహాధూతైర్దేవనేన పరాజితాన్৷৷5.9.32৷৷\n\n"
    },
    {
        "sloka": "దీపానాం చ ప్రకాశేన తేజసా రావణస్య చ.\n\nఅర్చిర్భిర్భూషణానాం చ ప్రదీప్తేత్యభ్యమన్యత৷৷5.9.33৷৷\n\n"
    },
    {
        "sloka": "తతోపశ్యత్కుథాసీనం నానావరాయమ్బరస్రజమ్.\n\nసహస్రం వరనారీణాం నానావేషవిభూషితమ్৷৷5.9.34৷৷\n\n"
    },
    {
        "sloka": "పరివృత్తేర్ధరాత్రే తు పాననిద్రావశం గతమ్.\n\nక్రీడిత్వోపరతం రాత్రౌ సుష్వాప బలవత్తదా৷৷5.9.35৷৷\n\n"
    },
    {
        "sloka": "తత్ప్రసుప్తం విరురుచే నిశ్శబ్దాన్తరభూషణమ్.\n\nనిఃశబ్దహంసభ్రమరం యథా పద్మవనం మహత్৷৷5.9.36৷৷\n\n"
    },
    {
        "sloka": "తాసాం సంవృతదన్తాని మీలితాక్షీణి మారుతిః.\n\nఅపశ్యత్పద్మగన్ధీని వదనాని సుయోషితామ్৷৷5.9.37৷৷\n\n"
    },
    {
        "sloka": "ప్రబుద్ధానీవ పద్మాని తాసాం భూత్వా క్షపాక్షయే.\n\nపునస్సంవృతపత్రాణి రాత్రావివ బభుస్తదా৷৷5.9.38৷৷\n\n"
    },
    {
        "sloka": "ఇమాని ముఖపద్మాని నియతం మత్తషట్పదాః.\n\nఅమ్బుజానీవ ఫుల్లాని ప్రార్థయన్తి పునః పునః৷৷5.9.39৷৷\n\n"
    },
    {
        "sloka": "ఇతి చామన్యత శ్రీమానుపపత్త్యా మహాకపిః.\n\nమేనే హి గుణతస్తాని సమాని సలిలోద్భవైః৷৷5.9.40৷৷\n\n"
    },
    {
        "sloka": "సా తస్య శుశుభే శాలా తాభిస్త్రీభిర్విరాజితా.\n\nశారదీవ ప్రసన్నా ద్యౌస్తారాభిరభిశోభితా৷৷5.9.41৷৷\n\n"
    },
    {
        "sloka": "స చ తాభిః పరివృతశ్శుశుభే రాక్షసాధిపః.\n\nయథా హ్యుడుపతిశ్శీమాంస్తారాభిరభిసంవృతః৷৷5.9.42৷৷\n\n"
    },
    {
        "sloka": "యాశ్చ్యవన్తేమ్బరాత్తారాః పుణ్యశేషసమావృతాః.\n\nఇమాస్తాస్సఙ్గతాః కృత్స్నా ఇతి మేనే హరిస్తదా৷৷5.9.43৷৷\n\n"
    },
    {
        "sloka": "తారాణామివ సువ్యక్తం మహతీనాం శుభార్చిషామ్.\n\nప్రభావర్ణప్రసాదాశ్చ విరేజుస్తత్ర యోషితామ్৷৷5.9.44৷৷\n\n"
    },
    {
        "sloka": "వ్యావృత్తగురుపీనస్రక్ప్రకీర్ణవరభూషణాః.\n\nపానవ్యాయామకాలేషు నిద్రాపహృతచేతసః৷৷5.9.45৷৷\n\n"
    },
    {
        "sloka": "వ్యావృత్తతిలకాః కాశ్చిత్కాశ్చిదుద్భ్రన్తనూపురాః.\n\nపార్శ్వే గలితహారాశ్చ కాశ్చిత్పరమయోషితః৷৷5.9.46৷৷\n\n"
    },
    {
        "sloka": "ముక్తాహారావృతాశ్చాన్యాః కాశ్చిద్విస్రస్తవాససః.\n\nవ్యావిద్ధరశనాదామాః కిశోర్య ఇవ వాహితాః৷৷5.9.47৷৷\n\n"
    },
    {
        "sloka": "సుకుణ్డలధరాశ్చాన్యా విచ్ఛిన్నమృదితస్రజః.\n\nగజేన్ద్రమృదితాః ఫుల్లా లతా ఇవ మహావనే৷৷5.9.48৷৷\n\n"
    },
    {
        "sloka": "చన్ద్రాంశుకిరణాభాశ్చ హారాః కాసాంచిదుత్కటాః.\n\nహంసా ఇవ బభుస్సుప్తాః స్తనమధ్యేషు యోషితామ్৷৷5.9.49৷৷\n\n"
    },
    {
        "sloka": "అపరాసాం చ వైడూర్యాః కాదమ్బా ఇవ పక్షిణః.\n\nహేమసూత్రాణి చాన్యాసాం చక్రవాకా ఇవాభవన్৷৷5.9.50৷৷\n\n"
    },
    {
        "sloka": "హంసకారణ్డవాకీర్ణాశ్చక్రవాకోపశోభితాః.\n\nఆపగా ఇవ తా రేజుర్జఘనైః పులినైరివ৷৷5.9.51৷৷\n\n"
    },
    {
        "sloka": "కిఙ్కిణీజాలసఙ్కోశాస్తా హైమవిపులామ్బుజాః.\n\nభావగ్రాహా యశస్తీరాః సుప్తా నద్య ఇవాబభుః৷৷5.9.52৷৷\n\n"
    },
    {
        "sloka": "మృదుష్వఙ్గేషు కాసాఞ్చిత్కుచాగ్రేషు చ సంస్థితాః.\n\nబభుర్వర్భూషణానీవ శుభా భూషణరాజయః৷৷5.9.53৷৷\n\n"
    },
    {
        "sloka": "అంశుకాన్తాశ్చ కాసాఞ్చిన్ముఖమారుతకమ్పితాః.\n\nఉపర్యుపరి వక్త్రాణాం వ్యాధూయన్తే పునః పునః৷৷5.9.54৷৷\n\n"
    },
    {
        "sloka": "తాః పతాకా ఇవోద్ధూతాః పత్నీనాం రుచిరప్రభాః.\n\nనానావర్ణసువర్ణానాం వక్త్రమూలేషు రేజిరే৷৷5.9.55৷৷\n\n"
    },
    {
        "sloka": "వవల్గుశ్చాత్ర కాసాంచిత్కుణ్డలాని శుభార్చిషామ్.\n\nముఖమారుతసంసర్గాన్మన్దం మన్దం సుయోషితామ్৷৷5.9.56৷৷\n\n"
    },
    {
        "sloka": "శర్కరాసవగన్ధైశ్చ ప్రకృత్యా సురభిః సుఖః.\n\nతాసాం వదననిశ్వాసస్సిషేవే రావణం తదా৷৷5.9.57৷৷\n\n"
    },
    {
        "sloka": "రావణాననశఙ్కాశ్చ కాశ్చిద్రావణయోషితః.\n\nముఖాని స్మ సపత్నీనాముపాజిఘ్రన్పునః పునః৷৷5.9.58৷৷\n\n"
    },
    {
        "sloka": "అత్యర్థం సక్తమనసో రావణే తా వరస్త్రియః.\n\nఅస్వతన్త్రాః సపత్నీనాం ప్రియమేవాచరంస్తదా৷৷5.9.59৷৷\n\n"
    },
    {
        "sloka": "బాహూనుపనిధాయాన్యాః పారిహార్యవిభూషితాన్.\n\nఅంశుకాని చ రమ్యాణి ప్రమదాస్తత్ర శిశ్యిరే৷৷5.9.60৷৷\n\n"
    },
    {
        "sloka": "అన్యా వక్షసి చాన్యస్యాస్తస్యాః కాచిత్పునర్భుజమ్.\n\nఅపరా త్వఙ్కమన్యస్యాస్తస్యాశ్చాప్యపరా భుజౌ৷৷5.9.61৷৷\n\n"
    },
    {
        "sloka": "ఊరుపార్శ్వకటీపృష్ఠమన్యోన్యస్య సమాశ్రితాః.\n\nపరస్పరనివిష్టాఙ్గ్యో మదస్నేహవశానుగాః৷৷5.9.62৷৷\n\n"
    },
    {
        "sloka": "అన్యోన్యభుజసూత్రేణ స్త్రీమాలా గ్రథితా హి సా.\n\nమాలేవ గ్రథితా సూత్రే శుశుభే మత్తషట్పదా৷৷5.9.63৷৷\n\n"
    },
    {
        "sloka": "లతానాం మాధవే మాసి ఫుల్లానాం వాయుసేవనాత్.\n\nఅన్యోన్య మాలాగ్రథితం సంసక్తకుసుమోచ్చయమ్৷৷5.9.64৷৷\n\nవ్యతివేష్టితసుస్కన్ధమన్యోన్యభ్రమరాకులమ్.\n\nఆసీద్వనమివోద్ధూతం స్త్రీవనం రావణస్య తత్৷৷5.9.65৷৷\n\n"
    },
    {
        "sloka": "ఉచితేష్వపి సువ్యక్తం న తాసాం యోషితాం తదా.\n\nవివేకః శక్య ఆధాతుం భూషణాఙ్గామ్బరస్రజామ్৷৷5.9.66৷৷\n\n"
    },
    {
        "sloka": "రావణే సుఖసంవిష్టే తాస్త్రియో వివిధప్రభాః.\n\nజ్వలన్తః కాఞ్చనా దీపాః ప్రైక్షన్తానిమిషా ఇవ৷৷5.9.67৷৷\n\n"
    },
    {
        "sloka": "రాజర్షిపితృదైత్యానాం గన్ధర్వాణాం చ యోషితః.\n\nరాక్షసానాం చ యాః కన్యాస్తస్య కామవశం గతాః৷৷5.9.68৷৷\n\n"
    },
    {
        "sloka": "యుద్ధకామేన తాః సర్వా రావణేన హృతాః స్త్రియః.\n\nసమదా మదనేనైవ మోహితాః కాశ్చిదాగతాః৷৷5.9.69৷৷\n\n"
    },
    {
        "sloka": "న తత్ర కాచిత్ప్రమదా ప్రసహ్య వీర్యోపపన్నేన గుణేన లబ్ధా.\n\nన చాన్యకామాపి న చాన్యపూర్వా వినా వరార్హాం జనకాత్మజాం తామ్৷৷5.9.70৷৷\n\n"
    },
    {
        "sloka": "న చాకులీనా న చ హీనరూపా నాదక్షిణా నానుపచారయుక్తా.\n\nభార్యాభవత్తస్య న హీనసత్త్వా న చాపి కాన్తస్య న కామనీయా৷৷5.9.71৷৷\n\n"
    },
    {
        "sloka": "బభూవ బుద్ధిస్తు హరీశ్వరస్య యదీదృశీ రాఘవధర్మపత్నీ.\n\nఇమా యథా రాక్షసరాజభార్యాః సుజాతమస్యేతి హి సాధుబుద్ధేః৷৷5.9.72৷৷\n\n"
    },
    {
        "sloka": "పునశ్చ సోచిన్తయాదాత్తరూపో ధ్రువం విశిష్టా గుణతో హి సీతా.\n\nఅథాయమస్యాం కృతవాన్మహాత్మా లఙ్కేశ్వరః కష్టమనార్యకర్మ৷৷5.9.73৷৷\n\n"
    }
]