[
    {
        "sloka": "[Vali accuses Rama --- calls him deceitful --- reproaches Rama in many ways.] \n\ntataśśarēṇābhihatō rāmēṇa raṇakarkaśaḥ.\n\npapāta sahasā vālī nikṛtta iva pādapaḥ4.17.1৷৷\n\n"
    },
    {
        "sloka": "sa bhūmau nyastasarvāṅgastaptakāñcanabhūṣaṇaḥ.\n\napataddēvarājasya muktaraśmiriva dhvajaḥ4.17.2৷৷\n\n"
    },
    {
        "sloka": "tasminnipatitē bhūmau vānarāṇāṅ gaṇēśvarē.\n\nnaṣṭacandramiva vyōma na vyarājata bhūtalam4.17.3৷৷\n\n"
    },
    {
        "sloka": "bhūmau nipatitasyāpi tasya dēhaṅ mahātmanaḥ.\n\nna śrīrjahāti na prāṇā na tējō na parākramaḥ4.17.4৷৷\n\n"
    },
    {
        "sloka": "śakradattā varā mālā kāñcanī vajrabhūṣitā.\n\ndadhāra harimukhyasya prāṇāṅstējśiyaṅ ca sā4.17.5৷৷\n\n"
    },
    {
        "sloka": "sa tayā mālayā vīrō hēmayā hariyūthapaḥ.\n\nsandhyānugataparyantaḥ payōdhara ivābhavat4.17.6৷৷\n\n"
    },
    {
        "sloka": "tasya mālā ca dēhaśca marmaghātī ca yaśśaraḥ.\n\ntridhēva racitā lakṣmīḥ patitasyāpi śōbhatē4.17.7৷৷\n\n"
    },
    {
        "sloka": "tadastraṅ tasya vīrasya svargamārgaprabhāvanam.\n\nrāmabāṇāsanakṣiptamāvahatparamāṅ gatim4.17.8৷৷\n\n"
    },
    {
        "sloka": "taṅ tadā patitaṅ saṅkhyē gatārciṣamivānalam.\n\nbahumānya ca taṅ vīra vīkṣamāṇaṅ śanairiva.4.17.9৷৷\n\nyayātimiva puṇyāntē dēvalōkādihacyutam. \n\nādityamiva kālēna yugāntē bhuvi pātitam.4.17.10৷৷\n\nmahēndramiva durdharṣaṅmupēndramiva dussaham.\n\nmahēndraputraṅ patitaṅ vālinaṅ hēmamālinam৷৷4.17.11৷৷\n\nsiṅhōraskaṅ mahābāhuṅ dīptāsyaṅ harilōcanam.\n\nlakṣmaṇānugatō rāmō dadarśōpasasarpa ca৷৷4.17.12৷৷\n\n"
    },
    {
        "sloka": "taṅ dṛṣṭvā rāghavaṅ vālī lakṣmaṇaṅ ca mahābalam.\n\nabravītpraśritaṅ vākyaṅ paruṣaṅ dharmasaṅhitam4.17.13৷৷\n\ntvaṅ narādhipatēḥ putraḥ prathitaḥ priyadarśanaḥ\n\nkulīnassattvasampanna stējasvī caritavrataḥ৷৷4.17.14৷৷\n\nparāṅmukhavadhaṅ kṛtvā kō.tra prāptastvayā guṇaḥ.\n\nyadahaṅ yuddhasaṅrabdhaśśarēṇōrasi tāḍita:4.17.15৷৷\n\n"
    },
    {
        "sloka": "rāmaḥ karuṇavēdī ca prajānāṅ ca hitē rataḥ.\n\nsānukrōśō jitōtsāhassamayajñō dṛḍhavrataḥ৷৷4.17.16৷৷\n\niti tē sarvabhūtāni kathayanti yaśō bhuvi৷৷4.17.17৷৷\n\n"
    },
    {
        "sloka": "damaśśamaḥ kṣamā dharmō dhṛtissatyaṅ parākramaḥ.\n\npārthivānāṅ guṇā rājandaṇḍaścāpyaparādhiṣu4.17.18৷৷\n\n"
    },
    {
        "sloka": "tānguṇānsampradhāryāhamagryaṅ cābhijanaṅ tava.\n\ntārayā pratiṣiddhō.pi sugrīvēṇa samāgataḥ4.17.19৷৷\n\n"
    },
    {
        "sloka": "na māmanyēna samrabdhaṅ pramattaṅ yōddhu marhasi.\n\niti mē buddhirutpannā babhūvādarśanē tava4.17.20৷৷\n\n"
    },
    {
        "sloka": "na tvāṅ vinihatātmānaṅ dharmadhvajamadhārmikam.\n\njānē pāpasamācāraṅ tṛṇaiḥ kūpamivāvṛtam4.17.21৷৷\n\n"
    },
    {
        "sloka": "satāṅ vēṣadharaṅ pāpaṅ pracchannamiva pāvakam.\n\nnāhaṅ tvāmabhijānāmi dharmacchadmābhisaṅvṛtam4.17.22৷৷\n\n"
    },
    {
        "sloka": "viṣayē vā purē vā tē yadā pāpaṅ karōmyaham.\n\nna ca tvāmavajānē ca kasmāttvaṅ haṅsyakilbiṣam4.17.23৷৷\n\nphalamūlāśanaṅ nityaṅ vānaraṅ vanagōcaram.\n\nmāmihāpratiyudhyantamanyēna ca samāgatam4.17.24৷৷\n\n"
    },
    {
        "sloka": "tvaṅ narādhipatēḥ putraḥ pratītaḥ priyadarśanaḥ.\n\nliṅgamapyasti tē rājanandṛśyatē dharmasaṅhitam4.17.25৷৷\n\n"
    },
    {
        "sloka": "kaḥ kṣatriyakulē jātśṛtavānnaṣṭasaṅśayaḥ.\n\ndharmaliṅgapraticchanna krūraṅ karma samācarēt4.17.26৷৷\n\n"
    },
    {
        "sloka": "rāma! rājakulē jātō dharmavāniti viśrutaḥ৷৷4.17.27৷৷\n\nabhavyō bhavyarūpēṇa kimarthaṅ paridhāvasi.\n\n"
    },
    {
        "sloka": "sāma dānaṅ kṣamā dharmassatyaṅ dhṛtiparākramau.\n\npārthivānāṅ guṇā rājan! daṇḍaścāpyaparādhiṣu4.17.28৷৷\n\n"
    },
    {
        "sloka": "vayaṅ vanacarā rāma! mṛgā mūlaphalāśanā:.\n\nēṣā prakṛtirasmākaṅ puruṣastvaṅ narēśvaraḥ4.17.29৷৷\n\n"
    },
    {
        "sloka": "bhūmirhiraṇyaṅ rūpyaṅ ca vigrahē kāraṇāni ca.\n\natra kastē vanē lōbhō madīyēṣu phalēṣu vā4.17.30৷৷\n\n"
    },
    {
        "sloka": "nayaśca vinayaścōbhau nigrahānugrahāvapi4.17.31৷৷\n\nrājavṛttirasaṅkīrṇā na nṛpāḥ kāmavṛttayaḥ.\n\n"
    },
    {
        "sloka": "tvaṅ tu kāmapradhānaśca kōpanaścānavasthitaḥ4.17.32৷৷\n\nrājavṛttēśca saṅkīṇaśśarāsanaparāyaṇaḥ.\n\n"
    },
    {
        "sloka": "na tē.styapacitirdharmē nārthē buddhiravasthitā4.17.33৷৷\n\nindriyaiḥ kāmavṛttassankṛṣyasē manujēśvara!.\n\n"
    },
    {
        "sloka": "hatvā bāṇēna kākutstha māmihānaparādhinam4.17.34৷৷\n\nkiṅ vakṣyasi satāṅ madhyē karma kṛtvā jugupsitam.\n\n"
    },
    {
        "sloka": "rājahā brahmahā gōghnaścōraḥ prāṇivadhē rataḥ4.17.35৷৷\n\nnāstikaḥ parivēttā ca sarvē nirayagāminaḥ.\n\n"
    },
    {
        "sloka": "sūcakaśca kadaryaśca mitraghnō gurutalpagaḥ4.17.36৷৷\n\nlōkaṅ pāpātmanāmētē gacchantē nātra saṅśayaḥ.\n\n"
    },
    {
        "sloka": "adhāryaṅ carma mē sadbhī rōmāṇyasthi ca varjitam.\n\nabhakṣyāṇi ca māṅsāni tvadvidhairdharmacāribhiḥ4.17.37৷৷\n\n"
    },
    {
        "sloka": "pañca pañca nakhā bhakṣyā brahmakṣatrēṇa rāghava!4.17.38৷৷\n\nśalyaka śśvāvidhō gōdhā śaśaḥ kūrmaśca pañcamaḥ.\n\n"
    },
    {
        "sloka": "carma cāsthi ca mē rājan naspṛśanti manīṣiṇaḥ4.17.39৷৷\n\nabhakṣyāṇi ca māṅsāni sō.haṅ pañcanakhō hataḥ.\n\n"
    },
    {
        "sloka": "tārayā vākyamuktō.haṅ satyaṅ sarvajñayā hitam4.17.40৷৷\n\ntadatikramya mōhēna kālasya vaśamāgataḥ.\n\n"
    },
    {
        "sloka": "tvayā nāthēna kākutstha na sanāthā vasundharā.\n\npramadā śīlasampannā dhūrtēna patinā yathā4.17.41৷৷\n\n"
    },
    {
        "sloka": "śaṭhō naikṛtikaḥ kṣudrō mithyāpraśritamānasaḥ.\n\nkathaṅ daśarathēna tvaṅ jātaḥ pāpō mahātmanā4.17.42৷৷\n\n"
    },
    {
        "sloka": "chinnacāritrakakṣyēṇa satāṅ dharmātivartinā.\n\ntyaktadharmāṅkuśēnāhaṅ nihatō rāmahastinā4.17.43৷৷\n\n"
    },
    {
        "sloka": "aśubhaṅ cāpyayuktaṅ ca satāṅ caiva vigarhitam.\n\nvakṣyasē cēdṛśaṅ kṛtvā sadbhissaha samāgataḥ4.17.44৷৷\n\n"
    },
    {
        "sloka": "udāsīnēṣu yō.smāsu vikrama.stē prakāśitaḥ.\n\napakāriṣu tē rājannahi paśyāmi vikramam4.17.45৷৷\n\n"
    },
    {
        "sloka": "dṛśyamānastu yuddhyēthā mayā yadi nṛpātmaja!.\n\nadya vaivasvataṅ dēvaṅ paśyēstvaṅ nihatō mayā4.17.46৷৷\n\n"
    },
    {
        "sloka": "tvayā.dṛśyēna tu raṇē nihatō.haṅ durāsadaḥ.\n\nprasuptaḥ pannagēnēva naraḥ pānavaśaṅ gataḥ4.17.47৷৷\n\n"
    },
    {
        "sloka": "māmēva yadi pūrvaṅ tvamētadarthamacōdayaḥ4.17.48৷৷\n\nmaithilīmahamēkāhnā tava cānītavānbhavēt.\n\nsugrīvapriyakāmēna yadahaṅ nihatastvayā.\n\nkaṇṭhē baddhvā pradadyāṅ tē nihataṅ rāvaṇaṅ raṇē4.17.49৷৷\n\n"
    },
    {
        "sloka": "nyastāṅ sāgaratōyē vā pātālē vāpi maithilīm.\n\nānayēyaṅ tavādēśācchvētāmaśvatarīmiva4.17.50৷৷\n\n"
    },
    {
        "sloka": "yuktaṅ yatprāpnuyādrājyaṅ sugrīvassvargatē mayi.\n\nayuktaṅ yadadharmēṇa tvayā.haṅ nihatō raṇē4.17.51৷৷\n\n"
    },
    {
        "sloka": "kāmamēvaṅ vidhō lōkaḥ kālēna viniyujyatē.\n\nkṣamaṅ cēdbhavatā prāptamuttaraṅ sādhu cintyatām4.17.52৷৷\n\n"
    },
    {
        "sloka": "ityēvamuktvā pariśuṣkavaktraḥ\n\nśarābhighātādvyathitō mahātmā.\n\nsamīkṣya rāmaṅ ravisannikāśaṅ\n\ntūṣṇīṅ babhūvāmararājasūnuḥ4.17.53৷৷\n\n"
    }
]