[
    {
        "sloka": "[Sugriva roars at Vali --- Rama encourages him to challenge Vali, himself hiding behind the tree.]\n\nsarvē tē tvaritaṅ gatvā kiṣkindhāṅ vāli pālitām.\n\nvṛkṣairātmānamāvṛtya vyatiṣṭhan gahanē vanē4.14.1৷৷\n\n"
    },
    {
        "sloka": "vicārya sarvatō dṛṣṭiṅ kānanē kānanapriyaḥ.\n\nsugrīvō vipulagrīvaḥ krōdhamāhārayadbhṛśam4.14.2৷৷\n\n"
    },
    {
        "sloka": "tatassa ninadaṅ ghōraṅ kṛtvā yuddhāya cāhvayat.\n\nparivāraiḥ parivṛtō nādairbhindannivāmbaram4.14.3৷৷\n\ngarjanniva mahāmēghō vāyuvēgapurassaraḥ.\n\n"
    },
    {
        "sloka": "atha bālārkasadṛśō dṛptasiṅhagatistadā4.14.4৷৷\n\ndṛṣṭvā rāmaṅ kriyādakṣaṅ sugrīvō vākyamabravīt.\n\n"
    },
    {
        "sloka": "harivāgurayā vyāptāṅ taptakāñcanatōraṇām.\n\nprāptāḥ sma dhvajayantrāḍhyāṅ kiṣkindhāṅ vālinaḥ purīm৷৷4.14.5৷৷\n\n"
    },
    {
        "sloka": "pratijñā yā tvayā vīra! kṛtā vālivadhē purā.\n\nsaphalāṅ kuru tāṅ kṣipraṅ latāṅ kāla ivāgataḥ4.14.6৷৷\n\n"
    },
    {
        "sloka": "ēvamuktastu dharmātmā sugrīvēṇa sa rāghavaḥ.\n\ntamēvōvāca vacanaṅ sugrīvaṅ śatrusūdanaḥ4.14.7৷৷\n\n"
    },
    {
        "sloka": "kṛtābhijñānacihnastva manayā gajasāhvayā.\n\nlakṣmaṇēna samutpāṭya yaiṣā kaṇṭhē kṛtā tava4.14.8৷৷\n\n"
    },
    {
        "sloka": "śōbhasē.hyadhikaṅ vīra! latayā kaṇṭhasaktayā.\n\nviparīta ivākāśē sūryō nakṣatramālayā4.14.9৷৷\n\n"
    },
    {
        "sloka": "adya vālisamutthaṅ tē bhayaṅ vairaṅ ca vānara!.\n\nēkēnāhaṅ pramōkṣyāmi bāṇamōkṣēṇa saṅyugē4.14.10৷৷\n\n"
    },
    {
        "sloka": "mama darśaya sugrīva! vairiṇaṅ bhrātṛrūpiṇam.\n\nvālī vinihatō yāvadvanē pāṅsuṣu vēṣṭatē4.14.11৷৷\n\n"
    },
    {
        "sloka": "yadi dṛṣṭipathaṅ prāptō jīvansa vinivartatē.\n\ntatō dōṣēṇa mā gacchētsadyō garhēcca mā bhavān4.14.12৷৷\n\n"
    },
    {
        "sloka": "pratyakṣaṅ sapta tē sālā mayā bāṇēna dāritāḥ.\n\ntēnāvēhi balēnādya vālinaṅ nihataṅ mayā4.14.13৷৷\n\n"
    },
    {
        "sloka": "anṛtaṅ nōktapūrvaṅ mē vīra! kṛcchrē.pi tiṣṭatā.\n\ndharmalōbhaparītēna na ca vakṣyē kathañcana4.14.14৷৷\n\n"
    },
    {
        "sloka": "saphalāṅ ca kariṣyāmi pratijñāṅ jahi sambhramam.\n\nprasūtaṅ kalamaṅ kṣētrē varṣēṇēva śatakratuḥ4.14.15৷৷\n\n"
    },
    {
        "sloka": "tadāhvānanimittaṅ tvaṅ vālinō hēmamālinaḥ.\n\nsugrīva! kuru taṅ śabdaṅ niṣpatēdyēna vānaraḥ4.14.16৷৷\n\n"
    },
    {
        "sloka": "jitakāśī balaślāghī tvayā cādharṣitaḥ purā.\n\nniṣpatiṣyatyasaṅgēna vālī sa priyasaṅyugaḥ4.14.17৷৷\n\n"
    },
    {
        "sloka": "ripūṇāṅ dharṣiṇa śūrā marṣayanti na saṅyugē.\n\njānantastu svakaṅ vīryaṅ strīsamakṣaṅ viśēṣataḥ4.14.18৷৷\n\n"
    },
    {
        "sloka": "sa tu rāmavacaśśrutvā sugrīvō hēmapiṅgalaḥ.\n\nnanarda krūranādēna vinirbhindannivāmbaram4.14.19৷৷\n\n"
    },
    {
        "sloka": "tasya śabdēna vitrastā gāvō yānti hataprabhāḥ.\n\nrājadōṣaparāmṛṣṭāḥ kulastriya ivākulāḥ4.14.20৷৷\n\n"
    },
    {
        "sloka": "dravanti ca mṛgāśśīghraṅ bhagnā iva raṇē hayāḥ.\n\npatanti ca khagā bhūmau kṣīṇapuṇyā iva grahāḥ4.14.21৷৷\n\n"
    },
    {
        "sloka": "tatassajīmūtagaṇapraṇādō\n\nnādaṅ hyamuñcattvarayā pratītaḥ.\n\nsūryātmajaśśauryavivṛddhatējāḥ\n\nsaritpatirvā.nilacañcalōrmiḥ4.14.22৷৷\n\n"
    }
]