[
    {
        "sloka": "[Sugriva speaks about the abduction of Sita by Ravana --- shows to Rama the veil and ornament dropped down by Sita --- Rama eager to killl Ravana, seeks further details of the enemy from Sugriva]\n\npunarēvābravītprītō rāghavaṅ raghunandanam.\n\nayamākhyāti mē rāma! sacivō mantrisattamaḥ4.6.1৷৷\n\nhanumānyannimittaṅ tvaṅ nirjanaṅ vanamāgataḥ.\n\nlakṣmaṇēna saha bhrātrā vasataśca vanē tava4.6.2৷৷\n\nrakṣasā.pahṛtā bhāryā maithilī janakātmajā.\n\ntvayā viyuktā rudatī lakṣmaṇēna ca dhīmatā4.6.3৷৷\n\nantaraprēpsunā tēna hatvā gṛdhraṅ jaṭāyuṣam4.6.4৷৷\n\n"
    },
    {
        "sloka": "bhāryāviyōgajaṅ duḥkhaṅ na cirāttvaṅ vimōkṣyasē.\n\nahaṅ tāmānayiṣyāmi naṣṭāṅ vēdaśrutīmiva৷৷4.6.5৷৷\n\n"
    },
    {
        "sloka": "rasātalē vā vartantīṅ vartantī vā nabhasthalē\n\nahamānīya dāsyāmi tava bhāryāmarindama!৷৷.4.6.6৷৷\n\n"
    },
    {
        "sloka": "idaṅ tathyaṅ mama vacastvamavēhi ca rāghava!.\n\nna śakyā sā jarayituṅ sēndrairapi ssurāsuraiḥ4.6.7৷৷\n\ntava bhāryā mahābāhō! bhakṣyaṅ viṣakṛtaṅ yathā.\n\ntyaja śōkaṅ mahābāhō tāṅ kāntāmānayāmi tē4.6.8৷৷\n\n"
    },
    {
        "sloka": "anumānāttu jānāmi maithilī sā na saṅśayaḥ.\n\nhriyamāṇā mayā dṛṣṭā rakṣasā krūrakarmaṇā4.6.9৷৷\n\nkrōśantī rāma rāmēti lakṣmaṇēti ca visvaram.\n\nsphurantī rāvaṇasyāṅkē pannagēndravadhūryathā4.6.10৷৷\n\n"
    },
    {
        "sloka": "ātmanā pañcamaṅ māṅ hi dṛṣṭvā śailataṭē sthitam.\n\nuttarīyaṅ tayā tyaktaṅ śubhānyābharaṇāni ca4.6.11৷৷\n\n"
    },
    {
        "sloka": "tānyasmābhigṛhītāni nihitāni ca rāghava!.\n\nānayiṣyāmyahaṅ tāni pratyabhijñātumarhasi4.6.12৷৷\n\n"
    },
    {
        "sloka": "tamabravīttatō rāmassugrīvaṅ priyavādinam.\n\nānayasva sakhē! śīghraṅ kimarthaṅ pravilambasē4.6.13৷৷\n\n"
    },
    {
        "sloka": "ēvamuktastu sugrīvaśśailasya gahanāṅ guhām.\n\npravivēśa tataśaśīghraṅ rāghavapriyakāmyayā4.6.14৷৷\n\n"
    },
    {
        "sloka": "uttarīyaṅ gṛhītvā tu śubhānyābharaṇāni ca.\n\nidaṅ paśyēti rāmāya darśayāmāsa vānaraḥ4.6.15৷৷\n\n"
    },
    {
        "sloka": "tatō gṛhītvā vāsastu śśubhānyābharaṇāni ca.\n\nabhavadbāṣpasaṅruddhō nīhārēṇēva candramāḥ4.6.16৷৷\n\n"
    },
    {
        "sloka": "sītāsnēhapravṛttēna sa tu bāṣpēṇa dūṣitaḥ.\n\nhā priyēti rudandhairyamutsṛjya nyapatatkṣitau4.6.17৷৷\n\n"
    },
    {
        "sloka": "hṛdi kṛtvā tu bahuśastamalaṅkāramuttamam.\n\nniśaśvāsa bhṛśaṅ sarpō bilastha iva rōṣitaḥ৷৷4.6.18৷৷\n\n"
    },
    {
        "sloka": "avicchinnāśruvēgastu saumitriṅ vīkṣya pārśvataḥ.\n\nparidēvayituṅ dīnaṅ rāmassamupacakramē4.6.19৷৷\n\n"
    },
    {
        "sloka": "paśya lakṣmaṇa! vaidēhyā santyaktaṅ hriyamāṇayā.\n\nuttarīyamidaṅ bhūmau śarīrādbhūṣaṇāni ca4.6.20৷৷\n\n"
    },
    {
        "sloka": "śādvalinyāṅ dhruvaṅ bhūmau sītayā hriyamāṇayā.\n\nutsṛṣṭaṅ bhūṣaṇamidaṅ tathārūpaṅ hi dṛśyatē4.6.21৷৷\n\n"
    },
    {
        "sloka": "ēvamuktastu rāmēṇa lakṣmaṇō vākyamabravīt.\n\nnāhaṅ jānāmi kēyūrē nāhaṅ jānāmi kuṇḍalē4.6.22৷৷\n\nnūpurē tvabhijānāmi nityaṅ pādābhivandanāt.\n\n"
    },
    {
        "sloka": "tatastu rāghavō vākyaṅ sugrīvamidamabravīt4.6.23৷৷\n\nbrūhi sugrīva! kaṅ dēśaṅ hriyantī lakṣitā tvayā.\n\nrakṣasā raudrarūpēṇa mama prāṇaiḥ priyā priyā4.6.24৷৷\n\n"
    },
    {
        "sloka": "kva vā vasati tadrakṣō mahadvyasanadaṅ mama.\n\nyannimittamahaṅ sarvānnāśayiṣyāmi rākṣasān4.6.25৷৷\n\n"
    },
    {
        "sloka": "haratā maithilīṅ yēna māṅ ca rōṣayatā bhṛśam.\n\nātmanō jīvitāntāya mṛtyudvāramapāvṛtam4.6.26৷৷\n\n"
    },
    {
        "sloka": "mama dayitatarā hṛtā vanāntā-\n\ndrajanicarēṇa vimathya yēna sā.\n\nkathaya mama ripuṅ tamadya vai\n\nplavagapatē! yamasādanaṅ nayāmi4.6.27৷৷\n\n"
    }
]