[
    {
        "sloka": "[Tara arrives --- her lamentations.]\n\nsa vānaramahārājaśśayānaśśaravikṣataḥ.\n\npratyuktō hētumadvākyairnōttaraṅ pratyapadyata4.19.1৷৷\n\n"
    },
    {
        "sloka": "aśmabhiḥ pravibhinnāṅgaḥ pādapairāhatō bhṛśam.\n\nrāmabāṇēna cākrāntō jīvitāntē mumōha saḥ4.19.2৷৷\n\n"
    },
    {
        "sloka": "taṅ bhāryā bāṇamōkṣēṇa rāmadattēna saṅyugē.\n\nhataṅ plavagaśārdūlaṅ tārā śuśrāva vālinam4.19.3৷৷\n\n"
    },
    {
        "sloka": "sā saputrāpriyaṅ śrutvā vadhaṅ bhartussudāruṇam.\n\nniṣpapāta bhṛśaṅ tasmādvividhā girigahvarāt4.19.4৷৷\n\n"
    },
    {
        "sloka": "yē tvaṅgadaparīvārā vānarā bhīmavikramāḥ.\n\ntē sakārmukamālōkya rāmaṅ trastāḥ pradudruvuḥ4.19.5৷৷\n\n"
    },
    {
        "sloka": "sā dadarśa tatastrastānharīnāpatatō bhṛśam.\n\nyūthādiva paribhraṣṭānmṛgānnihatayūthapān4.19.6৷৷\n\n"
    },
    {
        "sloka": "tānuvāca samāsādya duḥkhitāndukhitā satī.\n\nrāmavitrāsitānsarvānanubaddhānivēṣubhiḥ4.19.7৷৷\n\n"
    },
    {
        "sloka": "vānarāḥ! rājasiṅhasya yasya yūyaṅ purassarāḥ.\n\ntaṅ vihāya susantrastāḥ kasmāddravatha durgatāḥ4.19.8৷৷\n\n"
    },
    {
        "sloka": "rājyahētōssa cēdbhrātā bhrātrā raudrēṇa pātitaḥ.\n\nrāmēṇa prahitairaudrairmārgaṇairdūrapātibhiḥ4.19.9৷৷\n\n"
    },
    {
        "sloka": "kapipatnyā vacaśśrutvā kapayaḥ kāmarūpiṇaḥ.\n\nprāptakālamavikliṣṭamūcurvacanamaṅganām4.19.10৷৷\n\n"
    },
    {
        "sloka": "jīvaputrē! nivartasva putraṅ rakṣasva cāṅgadam.\n\nantakō rāmarūpēṇa hatvā nayati vālinam4.19.11৷৷\n\n"
    },
    {
        "sloka": "kṣiptān vṛkṣānsamāvidhya vipulāśca śilāstathā.\n\nvālī vajrasamairbāṇai rāmēṇa vinipātitaḥ4.19.12৷৷\n\n"
    },
    {
        "sloka": "abhidrutamidaṅ sarvaṅ vidrutaṅ prasṛtaṅ balam.\n\nasmin plavagaśārdūlē hatē śakrasamaprabhē4.19.13৷৷\n\n"
    },
    {
        "sloka": "rakṣyatāṅ nagaradvāramaṅgadaścābhiṣicyatām.\n\npadasthaṅ vālinaḥ putraṅ bhajiṣyanti plavaṅgamāḥ4.19.14৷৷\n\n"
    },
    {
        "sloka": "athavā.rucitaṅ sthānamiha tē rucirānanē!.\n\nāviśanti hi durgāṇi kṣipramanyāni vānarāḥ4.19.15৷৷\n\n"
    },
    {
        "sloka": "abhāryāśca sabhāryāśca santyatra vanacāriṇaḥ.\n\nlubdhēbhyō viprayuktēbhyastēbhyō nastumulaṅ bhayam4.19.16৷৷\n\n"
    },
    {
        "sloka": "alpāntaragatānāṅ tu śrutvā vacanamaṅganā.\n\nātmanaḥ pratirūpaṅ sā babhāṣē cāruhāsinī4.19.17৷৷\n\n"
    },
    {
        "sloka": "putrēṇa mama kiṅ kāryaṅ rājyēnaca kimātmanā.\n\nkapisiṅhē mahābhāgē tasminbhartari naśyati4.19.18৷৷\n\n"
    },
    {
        "sloka": "pādamūlaṅ gamiṣyāmi tasyaivāhaṅ mahātmanaḥ.\n\nyō.sau rāmaprayuktēna śarēṇa vinipātitaḥ4.19.19৷৷\n\n"
    },
    {
        "sloka": "ēvamuktvā pradudrāva rudantī śōkakarśitā.\n\nśiraścōraśca bāhubhyāṅ duḥkhēna samabhidhnatī4.19.20৷৷\n\n"
    },
    {
        "sloka": "āvrajantī dadarśātha patiṅ nipatitaṅ bhuvi.\n\nhantāraṅ dānavēndrāṇāṅ samarēṣvanivartinam4.19.21৷৷\n\n"
    },
    {
        "sloka": "kṣēptāraṅ parvatēndrāṇāṅ vajrāṇāmiva vāsavam.\n\nmahāvātasamāviṣṭaṅ mahāmēghaughanissvanam4.19.22৷৷\n\n"
    },
    {
        "sloka": "kratulyaparākrāntaṅ vṛṣṭavēvōparataṅ ghanam.\n\nnardantaṅ nardatāṅ bhīmaṅ śūraṅ śūrēṇa pātitam4.19.23৷৷\n\nśārdūlēnāmiṣasyārthē mṛgarājaṅ yathāhatam.\n\n"
    },
    {
        "sloka": "arcitaṅ sarvalōkasya sapatākaṅ savēdikam4.19.24৷৷\n\nnāgahētōssuparṇēna caityamunmathitaṅ yathā.\n\n"
    },
    {
        "sloka": "avaṣṭabhya ca tiṣṭhantaṅ dadarśa dhanuruttam4.19.25৷৷\n\nrāmaṅ rāmānujaṅ caiva bhartuścaivānujaṅ śubhā.\n\n"
    },
    {
        "sloka": "tāvatītya samāsādya bhartāraṅ nihataṅ raṇē4.19.26৷৷\n\nsamīkṣya vyathitā bhūmau sambhrāntā nipapāta ha.\n\n"
    },
    {
        "sloka": "suptvēva punarutthāya āryaputrēti śōcatī4.19.27৷৷\n\nrurōda sā patiṅ dṛṣṭvā saṅvītaṅ mṛtyudāmabhiḥ.\n\n"
    },
    {
        "sloka": "tāmavēkṣya tu sugrīvaḥ krōśantīṅ kurarīmiva.\n\nviṣādamagamatkaṣṭaṅ dṛṣṭvā cāṅgadamāgatam4.19.28৷৷\n\n"
    }
]