[
    {
        "sloka": "[Sugriva narrates to Rama the reasons for his hostility with Vali and banishment from the kingdom.]\n\ntataḥ krōdhasamāviṣṭaṅ samrabdhaṅ tamupāgatam.\n\nahaṅ prasādayāñcakrē bhrātaraṅ priyakāmyayā4.10.1\n\n"
    },
    {
        "sloka": "diṣṭyāsi kuśalī prāptō nihataśca tvayā ripuḥ.\n\nanāthasya hi mē nāthastvamēkō.nāthanandanaḥ4.10.2৷৷\n\n"
    },
    {
        "sloka": "idaṅ bahuśalākaṅ tē pūrṇacandramivōditam.\n\nchatraṅ savālavyajanaṅ pratīcchasva mayā dhṛtam4.10.3৷৷\n\n"
    },
    {
        "sloka": "ārtaścātha biladvāri sthitassaṅvatsaraṅ nṛpa.\n\ndṛṣṭvā.haṅ śōṇitaṅ dvāri bilāccāpi samutthitam4.10.4৷৷\n\nśōkasaṅvignahṛdayō bhṛśaṅ vyākulitēndriyaḥ.\n\napidhāya biladvāraṅ śailaśṛṅgēṇa tattathā4.10.5৷৷\n\ntasmāddēśādapākramya kiṣkindhāṅ prāviśaṅ punaḥ.\n\n"
    },
    {
        "sloka": "viṣādātviha māṅ dṛṣṭvā paurairmantribhirēva ca4.10.6৷৷\n\nabhiṣiktō na kāmēna tanmētvaṅ kṣantumarhasi.\n\n"
    },
    {
        "sloka": "tvamēva rājā mānārhassadā cāhaṅ yathā puram4.10.7৷৷\n\nrājabhāvaniyōgō.yaṅ mama tvadvirahātkṛtaḥ.\n\nsāmātyapauranagaraṅ sthitaṅ nihatakaṇṭakam4.10.8৷৷\n\n"
    },
    {
        "sloka": "nyāsabhūtamidaṅ rājyaṅ tava niryātayāmyaham.\n\nmā ca rōṣaṅ kṛthāssaumya mayi śatrunibarhaṇa4.10.9৷৷\n\n"
    },
    {
        "sloka": "yācē tvāṅ śirasā rājanmayā baddhō.yamañjaliḥ.\n\nbalādasmin samāgamya mantribhiḥ puravāsibhiḥ4.10.10৷৷\n\nrājabhāvē niyuktō.haṅ śūnyadēśajigīṣayā.\n\n"
    },
    {
        "sloka": "snigdhamēvaṅ bruvāṇaṅ māṅ sa tu nirbhartsya vānaraḥ4.10.11৷৷\n\ndhiktvāmiti ca mā muktvā bahu tattaduvāca ha.\n\n"
    },
    {
        "sloka": "prakṛtīśca samānīya muntriṇaścaiva sammatān4.10.12৷৷\n\nmāmāha suhṛdāṅ madhyē vākyaṅ paramagarhitam.\n\n"
    },
    {
        "sloka": "viditaṅ vō yathā rātrau māyāvī sa mahāsuraḥ4.10.13৷৷\n\nmāṅ samāhvayata krūrō yuddhākāṅkṣī sudurmatiḥ.\n\n"
    },
    {
        "sloka": "tasya tadvacanaṅ śrutvā nissṛtō.haṅ nṛpālayāt4.10.14৷৷\n\nanuyātaśca māṅ tūrṇamayaṅ bhrātā sudāruṇaḥ.\n\n"
    },
    {
        "sloka": "sa tu dṛṣṭvaiva māṅ rātrau sadvitīyaṅ mahābalaḥ4.10.15৷৷\n\nprādravadbhayasantrastō vīkṣyāvāṅ samupāgatau.\n\nanudrutaśca vēgēna pravivēśa mahābilam4.10.16৷৷\n\n"
    },
    {
        "sloka": "taṅ praviṣṭaṅ viditvā sughōraṅ sumahadbilam.\n\nayamuktō.tha mē bhrātā mayā tu krūradarśanaḥ4.10.17৷৷\n\n"
    },
    {
        "sloka": "ahatvā nāsti mē śaktiḥ pratigantumitaḥ purīm.\n\nbiladvāri pratīkṣa tvaṅ yāvadēnaṅ nihanmyaham4.10.18৷৷\n\n"
    },
    {
        "sloka": "sthitō.yamiti matvā tu praviṣṭō.haṅ durāsadam.\n\ntaṅ ca mē mārgamāṇasya gatassaṅvatsarastadā4.10.19৷৷\n\n"
    },
    {
        "sloka": "sa tu dṛṣṭō mayā śatruranirvēdādbhayāvahaḥ.\n\nnihataśca mayā tatra sō.surō bandhubhissaha৷৷4.10.20৷৷\n\n"
    },
    {
        "sloka": "tasyāsyāttu pravṛttēna rudhiraughēṇa tadbilam.\n\npūrṇamāsīddurākrāmaṅ stanatastasya bhūtalē4.10.21৷৷\n\n"
    },
    {
        "sloka": "sūdayitvā tu taṅ śatruṅ vikrāntaṅ dundubhēssutam.\n\nniṣkrāmannēva paśyāmi bilasya pihitaṅ mukham4.10.22৷৷\n\n"
    },
    {
        "sloka": "vikrōśamānasya tu mē sugrīvēti punaḥ punaḥ.\n\nyadā prativacō nāsti tatō.haṅ bhṛśaduḥkhitaḥ4.10.23৷৷\n\n"
    },
    {
        "sloka": "pādaprahāraistu mayā bahubhistadvidāritam.\n\ntatō.haṅ tēna niṣkramya yathā puramupāgataḥ4.10.24৷৷\n\n"
    },
    {
        "sloka": "atrānēnāsmi saṅruddhō rājyaṅ prārthayatā.tmanaḥ. \n\nsugrīvēṇa nṛśaṅsēna vismṛtya bhrātṛsauhṛdam৷৷4.10.25৷৷\n\n"
    },
    {
        "sloka": "ēvamuktvā tu māṅ tatra vastrēṇaikēna vānaraḥ.\n\nnirvāsayāmāsa tadā vālī vigatasādhvasaḥ4.10.26৷৷\n\n"
    },
    {
        "sloka": "tēnāhamapaviddhaśca hṛtadāraśca rāghava.\n\ntadbhayāccha mahīkṛtsnā krāntēyaṅ savanārṇavā4.10.27৷৷\n\n"
    },
    {
        "sloka": "ṛṣyamūkaṅ girivaraṅ bhāryāharaṇaduḥkhitaḥ.\n\npraviṣṭō.smi durādharṣaṅ vālinaḥ kāraṇāntarē4.10.28৷৷\n\n"
    },
    {
        "sloka": "ētattē sarvamākhyātaṅ vairānukathanaṅ mahat.\n\nanāgasā mayā prāptaṅ vyasanaṅ paśya rāghava!4.10.29৷৷\n\n"
    },
    {
        "sloka": "vālinastu bhayārtasya sarvalōkabhayaṅkara.\n\nkartumarhasi mē vīra prasādaṅ tasya nigrahāt4.10.30৷৷\n\n"
    },
    {
        "sloka": "ēvamuktassa tējasvī dharmajñō dharmasaṅhitam.\n\nvacanaṅ vaktumārēbhē sugrīvaṅ prahasanniva4.10.31৷৷\n\n"
    },
    {
        "sloka": "amōghāssūryasaṅkāśā mamaitē niśitā śśarāḥ.\n\ntasminvālini durvṛttē nipatiṣyanti vēgitāḥ4.10.32৷৷\n\n"
    },
    {
        "sloka": "yāvattaṅ nābhipaśyāmi tava bhāryāpahāriṇam.\n\ntāvatsa jīvētpāpātmā vālī cāritradūṣakaḥ4.10.33৷৷\n\n"
    },
    {
        "sloka": "ātmānumānātpaśyāmi magnaṅ tvāṅ śōkasāgarē.\n\ntvāmahaṅ tārayiṣyāmi kāmaṅ prāpsyasi puṣkalam4.10.34৷৷\n\n"
    },
    {
        "sloka": "tasya tadvacanaṅ śrutvā harṣapauruṣavardhanam.\n\nsugrīvaḥ paramaprītassumahadvākyamabravīt4.10.35৷৷\n\n"
    }
]