[
    {
        "sloka": "[Countless monkeys report to Sugriva]\n\nēvamuktastu sugrīvō lakṣmaṇēna mahātmanā.\n\nhanūmantaṅ sthitaṅ pārśvē sacivantvidamabravīt৷৷4.37.1৷৷\n\n"
    },
    {
        "sloka": "mahēndrahimavadvindhyakailāsaśikharēṣu ca.\n\nmandarē pāṇḍuśikharē pañcaśailēṣu yē sthitāḥ৷৷4.37.2৷৷\n\ntaruṇādityavarṇēṣu bhrājamānēṣu sarvataḥ.\n\nparvatēṣu samudrāntē paścimāyāṅ ca yē diśi৷৷4.37.3৷৷\n\nādityabhavanē caiva girau sandhyābhrasannibhē.\n\npadmātālavanaṅ bhīmaṅ saṅśritā haripuṅgavāḥ৷৷4.37.4৷৷\n\nañjanāmbudasaṅkāśāḥ kuñjarapratimaujasaḥ.\n\nañjanē parvatē caiva yē vasanti plavaṅgamāḥ৷৷4.37.5৷৷\n\nmanaśśilā guhāvāsā vānarāḥ kanakaprabhāḥ.\n\nmērupārśvagatāścaiva yē dhūmragiriṅ saṅśritāḥ৷৷4.37.6৷৷\n\ntaruṇādityavarṇāśca parvatē yē mahāruṇē.\n\npibantō madhumairēyaṅ bhīmavēgāḥ plavaṅgamāḥ৷৷4.37.7৷৷\n\nvanēṣu ca suramyēṣu sugandhiṣu mahatsu ca.\n\ntāpasānāṅ ca ramyēṣu vanāntēṣu samantataḥ৷৷4.37.8৷৷\n\ntāṅstāṅ stvamānaya kṣipraṅ pṛthivyāṅ sarvavānarān.\n\nsāmadānādibhi: ssarvairāśu prēṣaya vānarān৷৷4.37.9৷৷\n\n"
    },
    {
        "sloka": "prēṣitāḥ prathamaṅ yē ca mayādūtā mahājavāḥ.\n\ntvaraṇārthaṅ tu bhūyastvaṅ harīn samprēṣayāparān৷৷4.37.10৷৷\n\n"
    },
    {
        "sloka": "yē prasaktāśca kāmēṣu dīrghasūtrāśca vānarāḥ.\n\nihā.nayasva tān sarvān śīghraṅ tu mama śāsanāt৷৷4.37.11৷৷\n\n"
    },
    {
        "sloka": "ahōbhirdaśabhiryē ca nāgacchanti mamājñayā.\n\nhantavyāstē durātmānō rājaśāsanadūṣakāḥ৷৷4.37.12৷৷\n\n"
    },
    {
        "sloka": "śatānyatha sahasrāṇāṅ kōṭyaśca mama śāsanāt.\n\nprayāntu kapisiṅhānāṅ diśō mama matē sthitāḥ৷৷4.37.13৷৷\n\n"
    },
    {
        "sloka": "mēghaparvatasaṅkāśāśchādayanta ivāmbaram.\n\nghōrarūpāḥ kapiśrēṣṭhā yāntu macchāsanāditaḥ৷৷4.37.14৷৷\n\n"
    },
    {
        "sloka": "tē gatijñā gatiṅ jñātvā pṛthivyāṅ sarvavānarāḥ.\n\nānayantu harīn sarvāṅstvaritā śasanānmama৷৷4.37.15৷৷\n\n"
    },
    {
        "sloka": "tasya vānara rājasya śrutvā vāyusutō vacaḥ.\n\ndikṣu sarvāsu vikrāntānprēṣayāmāsa vānarān৷৷4.37.16৷৷\n\n"
    },
    {
        "sloka": "tē padaṅ viṣṇuvikrāntaṅ patatrijyōtiradhvagāḥ.\n\nprayātāḥ prahitā rājñā harayastatkṣaṇēna vai৷৷4.37.17৷৷\n\n"
    },
    {
        "sloka": "tē samudrēṣu giriṣu vanēṣu ca sarassu ca.\n\nvānarā vānarānsarvānrāmahētōracōdayan৷৷4.37.18৷৷\n\n"
    },
    {
        "sloka": "mṛtyukālōpamasyā.jñāṅ rājarājasya vānarāḥ.\n\nsugrīvasyāyayu śśrutvā sugrīvabhayadarśinaḥ৷৷4.37.19৷৷\n\n"
    },
    {
        "sloka": "tatastē.ñjanasaṅkāśā girēstasmānmahājavāḥ.\n\ntisraḥ kōṭyaḥ plavaṅgānāṅ niryayuryatra rāghavaḥ৷৷4.37.20৷৷\n\n"
    },
    {
        "sloka": "astaṅ gacchati yatrārkastasmingirivarē sthitāḥ.\n\nsantapta hēmamahābhāsastasmātkōṭyō daśa cyutāḥ৷৷4.37.21৷৷\n\n"
    },
    {
        "sloka": "kailāsaśikharēbhyaśca siṅhakēsaravarcasām.\n\ntataḥ kōṭisahasrāṇi vānarāṇāmupāgaman৷৷4.37.22৷৷\n\n"
    },
    {
        "sloka": "phalamūlēna jīvantō himavantamupāśritāḥ.\n\ntēṣāṅ kōṭisahasrāṇāṅ sahasraṅ samavartata৷৷4.37.23৷৷\n\n"
    },
    {
        "sloka": "aṅgārakasamānānāṅ bhīmānāṅ bhīmakarmaṇām.\n\nvindhyādvānarakōṭīnāṅ sahasrāṇyapatandrutam৷৷4.37.24৷৷\n\n"
    },
    {
        "sloka": "kṣīrōdavēlānilayāstamālavanavāsinaḥ.\n\nnārikēlāśanāścaiva tēṣāṅ saṅkhyā na vidyatē৷৷4.37.25৷৷\n\n"
    },
    {
        "sloka": "vanēbhyō gahvarēbhyaśca saridbhyaśca mahājavā.\n\nāgacchadvānarī sēnā pibantīva divākaram৷৷4.37.26৷৷\n\n"
    },
    {
        "sloka": "yē tu tvarayituṅ yātā vānarāssarvavānarān.\n\ntē vīrā himavacchailaṅ dadṛśustaṅ mahādrumam৷৷4.37.27৷৷\n\n"
    },
    {
        "sloka": "tasmingirivarē ramyē yajñō māhēśvaraḥ purā.\n\nsarvadēvamanastōṣō babhau divyō manōharaḥ৷৷4.37.28৷৷\n\n"
    },
    {
        "sloka": "annaniṣyandajātāni mūlāni ca phalāni ca.\n\namṛtāsvādakalpāni dadṛśustatra vānarāḥ৷৷4.37.29৷৷\n\n"
    },
    {
        "sloka": "tadannasambhavaṅ divyaṅ phalamūlaṅ manōharam.\n\nyaḥ kaścitsakṛdaśnāti māsaṅ bhavati tarpitaḥ৷৷4.37.30৷৷\n\n"
    },
    {
        "sloka": "tāni mūlāni divyāni phalāni ca phalāśanāḥ.\n\nauṣadhāni ca divyāni jagṛhurhariyūthapāḥ৷৷4.37.31৷৷\n\n"
    },
    {
        "sloka": "tasmācca yajñāyatanātpuṣpāṇi surabhīṇi ca.\n\nāninyurvānarā gatvā sugrīvapriyakāraṇāt৷৷4.37.32৷৷\n\n"
    },
    {
        "sloka": "tē tu sarvē harivarāḥ pṛthivyāṅ sarvavānarān.\n\nsañcōdayitvā tvaritā yūthānāṅ jagmuragrataḥ৷৷4.37.33৷৷\n\n"
    },
    {
        "sloka": "tē tu tēna muhūrtēna yūthapāśśīghragāminaḥ.\n\nkiṣkindhāṅ tvarayā prāptā ssugrīvō yatra vānaraḥ৷৷4.37.34৷৷\n\n"
    },
    {
        "sloka": "tē gṛhītvauṣadhīssarvāḥ phalamūlaṅ ca vānarāḥ.\n\ntaṅ pratigrāhayāmāsurvacanaṅ cēdamabruvan৷৷4.37.35৷৷\n\n"
    },
    {
        "sloka": "sarvē parigatāśśailāssamudrāśca vanāni ca.\n\npṛthivyāṅ vānarāssarvē śāsanādupayānti tē৷৷4.37.36৷৷\n\n"
    },
    {
        "sloka": "ēvaṅ śrutvā tatō hṛṣṭa ssugrīvaḥ plavagādhipaḥ.\n\npratijagrāha tatpratītastēṣāṅ sarvamupāyanam৷৷4.37.37৷৷\n\n"
    }
]