[
    {
        "sloka": "[Hanuman consoles Tara --- requests her to ask Angada to perform the last rites for Vali --- Tara's reply.]\n\ntatō nipatitāṅ tārāṅ cyutāṅ tārāmivāmbarāt.\n\nśanairāśvāsayāmāsa hanumānhariyūthapaḥ4.21.1৷৷\n\n"
    },
    {
        "sloka": "guṇadōṣakṛtaṅ jantussvakarma phalahētukam.\n\navyagrastadavāpnōti sarvaṅ prētya śubhāśubham4.21.2৷৷\n\n"
    },
    {
        "sloka": "śōcyā śōcasi kaṅ śōcyaṅ dīnaṅ dīnā.nukampasē.\n\nkasya kōvā.nuśōcyō.sti dēhē.smin budbudōpamē4.21.3৷৷\n\n"
    },
    {
        "sloka": "aṅgadastu kumārō.yaṅ draṣṭavyō jīvaputrayā.\n\nayatyāṅ ca vidhēyāni samarthānyasya cintaya4.21.4৷৷\n\n"
    },
    {
        "sloka": "jānāsyaniyatāmēvaṅ bhūtānāmāgatiṅ gatim.\n\ntasmācchubhaṅ hi kartavyaṅ paṇḍitēnaiha laukikam৷৷4.21.5৷৷\n\n"
    },
    {
        "sloka": "yasminharisahasrāṇi prayutānyarbudāni ca.\n\nvartayanti kṛtāṅśāni sō.yaṅ diṣṭāntamāgataḥ4.21.6৷৷\n\n"
    },
    {
        "sloka": "yadayaṅ nyāyadṛṣṭārthassāmadānakṣamāparaḥ.\n\ngatō dharmajitāṅ bhūmiṅ nainaṅ śōcitumarhasi4.21.7৷৷\n\n"
    },
    {
        "sloka": "sarvē hi hariśārdūlāḥ putraścāyaṅ tavāṅgadaḥ.\n\nidaṅ haryṛkṣapatirājyaṅ ca tvatsanāthamaninditē4.21.8৷৷\n\n"
    },
    {
        "sloka": "tāvimau śōkasantaptau śanaiḥ prēraya bhāmini!.\n\ntvayā parigṛhītō.yamaṅgadaśśāstu mēdinīm4.21.9৷৷\n\n"
    },
    {
        "sloka": "santatiśca yathā dṛṣṭā kṛtyaṅ yaccāpi sāmpratam.\n\nrājñastatkriyatāṅ sarvamēṣa kālasya niścayaḥ4.21.10৷৷\n\n"
    },
    {
        "sloka": "saṅskāryō harirājaśca aṅgadaścābhiṣicyatām.\n\nsiṅhāsanagataṅ putraṅ paśyantī śāntimēṣyasi4.21.11৷৷\n\n"
    },
    {
        "sloka": "sā tasya vacanaṅ śrutvā bhartṛvyasanapīḍitā.\n\nabravīduttaraṅ tārā hanūmantamavasthitam4.21.12৷৷\n\n"
    },
    {
        "sloka": "aṅgadapratirūpāṇāṅ putrāṇāmēkataśśatam.\n\nhatasyāpyasya vīrasya gātrasaṅślēṣaṇaṅ varam4.21.13৷৷\n\n"
    },
    {
        "sloka": "na cāhaṅ harirājasya prabhavāmyaṅgadasya vā.\n\npitṛvyastasya sugrīvassarvakāryēṣvanantaraḥ4.21.14৷৷\n\n"
    },
    {
        "sloka": "na hyēṣābuddhirāsthēyā hanūmannaṅgadaṅ prati.\n\npitā hi bandhuḥ putrasya na mātā harisattama!4.21.15৷৷\n\n"
    },
    {
        "sloka": "na hi mama harirājasaṅśrayāt\n\nkṣamataramasti paratra cēha vā.\n\nabhimukhahatavīrasēvitaṅ\n\nśayanamidaṅ mama sēvituṅ kṣamam4.21.16৷৷\n\n"
    }
]