[
    {
        "sloka": "[Each of the monkey leaders declares the distance they can fly --- Jambavan resolves not to send Angada but send Hanuman instead to cross.]\n\nathāṅgadavacaśśrutvā tē sarvē vānararṣabhāḥ.\n\nsvaṅ svaṅ gatau samutsāhamūcustatra yathākramam৷৷4.65.1৷৷\n\ngajō gavākṣō gavayaśśarabhō gandhamādanaḥ.\n\nmaindaśca dvividaścaiva suṣēṇō jāmbavāṅ stathā৷৷4.65.2৷৷\n\n"
    },
    {
        "sloka": "ābabhāṣē gajastatra plavēyaṅ daśayōjanam.\n\ngavākṣō yōjananānyāha gamiṣyāmīti viṅśatim৷৷4.65.3৷৷\n\n"
    },
    {
        "sloka": "gavayō vānarastatra vānarāṅ stānuvāca ha.\n\ntriṅśataṅ tu gamiṣyāmi yōjanānāṅ plavaṅgamāḥ!৷৷4.65.4৷৷\n\nśarabhastānuvācātha vānarān vānararṣabhaḥ.\n\ncatvāriṅśadgamiṣyāmi yōjanānāṅ plavaṅgamāḥ!৷৷4.65.5৷৷\n\nvānarastu mahātējā abravīdgandhamādanaḥ.\n\nyōjanānāṅ gamiṣyāmi pañcāśattu na saṅśayaḥ৷৷4.65.6৷৷\n\nmaindastu vānarastatra vānarāṅstānuvāca ha.\n\nyōjanānāṅ paraṅ ṣaṣṭimahaṅ plavitumutsahē৷৷4.65.7৷৷\n\ntatastatra mahātējā dvividaḥ pratyabhāṣata.\n\ngamiṣyāmi na sandēhassaptatiṅ yōjanānyaham৷৷4.65.8৷৷\n\nsuṣēṇastu mahātējā:prōktavānharisattamān.\n\naśītiṅ yōjanānāṅ tu plavēyaṅ plavagēśvarāḥ!৷৷4.65.9৷৷\n\n"
    },
    {
        "sloka": "tēṣāṅ kathayatāṅ tatra sarvāṅstānanumānya ca.\n\ntatō vṛddhatamastēṣāṅ jāmbavānpratyabhāṣata৷৷4.65.10৷৷\n\n"
    },
    {
        "sloka": "pūrvamasmākamapyāsītkaścidgatiparākramaḥ.\n\ntē vayaṅ vayasaḥ pāramanuprāptāssma sāmpratam৷৷4.65.11৷৷\n\n"
    },
    {
        "sloka": "kintu naivaṅ gatē śakyamidaṅ kāryamupēkṣitum.\n\nyadarthaṅ kapirājaśca rāmaśca kṛtaniścayau৷৷4.65.12৷৷\n\n"
    },
    {
        "sloka": "sāmprataṅ kālabhēdēna yā gatistāṅ nibōdhata.\n\nnavatiṅ yōjanānāṅ tu gamiṣyāmi na saṅśayaḥ৷৷4.65.13৷৷\n\n"
    },
    {
        "sloka": "tāṅśca sarvānhariśrēṣṭhāñjāmbavānpunarabravīt.\n\nna khalvētāvadēvāsīdgamanē mē parākramaḥ৷৷4.65.14৷৷\n\n"
    },
    {
        "sloka": "mayā mahābalēścaiva yajñē viṣṇussanātanaḥ.\n\npradakṣiṇīkṛtaḥ pūrvaṅ kramamāṇastrivikramam৷৷4.65.15৷৷\n\n"
    },
    {
        "sloka": "sa idānīmahaṅ vṛddhaḥ plavanē mandavikramaḥ.\n\nyauvanē ca tadā.sīnmē balamapratimaṅ paraiḥ৷৷4.65.16৷৷\n\n"
    },
    {
        "sloka": "sampratyētāvatīṅ śaktiṅ gamanē tarkayāmyaham.\n\nnaitāvatā hi saṅsiddhiḥ kāryasyāsya bhaviṣyati৷৷4.65.17৷৷\n\n"
    },
    {
        "sloka": "athōttaramudārārthamabravīdaṅgadastadā.\n\nanumānya tathā prājñō jāmbavantaṅ mahākapim৷৷4.65.18৷৷\n\n"
    },
    {
        "sloka": "ahamētadgamiṣyāmi yōjanānāṅ śataṅ mahat.\n\nnivartanē tu mē śaktissyānna vēti na niścitam৷৷4.65.19৷৷\n\n"
    },
    {
        "sloka": "tamuvāca hariśrēṣṭhaṅ jāmbavānvākyakōvidaḥ.\n\njñāyatē gamanē śaktistava haryṛkṣasattama!৷৷4.65.20৷৷\n\n"
    },
    {
        "sloka": "kāmaṅ śataṅ sahasraṅ vā na hyēṣa vidhirucyatē.\n\nyōjanānāṅ bhavān śaktō gantuṅ pratinivartitum৷৷4.65.21৷৷\n\n"
    },
    {
        "sloka": "na hi prēṣayitā tāta! svāmī prēṣyaḥ kathañcana.\n\nbhavatā.yaṅ janassarvaḥ prēṣyaḥ plavagasattama৷৷4.65.22৷৷\n\n"
    },
    {
        "sloka": "bhavānkaḷatramasmākaṅ svāmibhāvē vyavasthitaḥ.\n\nsvāmī kaḷatraṅ sainyasya gatirēṣā parantapa!৷৷4.65.23৷৷\n\n"
    },
    {
        "sloka": "api caitasya kāryasya bhavānmūlamarindama!.\n\ntasmātkaḷatravattāta! pratipālyassadā bhavān৷৷4.65.24৷৷\n\n"
    },
    {
        "sloka": "mūlamarthasya saṅrakṣyamēṣa kāryavidāṅ nayaḥ.\n\nmūlē sati hi siddhyanti guṇā phalō puṣpōdayāḥ৷৷4.65.25৷৷\n\n"
    },
    {
        "sloka": "tadbhavānasya kāryasya sādhanē satyavikrama!.\n\nbuddhivikramasampannō hēturatra parantapa৷৷4.65.26৷৷\n\n"
    },
    {
        "sloka": "guruśca guruputraśca tvaṅ hi naḥ kapisattama!.\n\nbhavantamāśritya vayaṅ samarthā hyarthasādhanē৷৷4.65.27৷৷\n\n"
    },
    {
        "sloka": "uktavākyaṅ mahāprājñaṅ jāmbavantaṅ mahākapiḥ.\n\npratyuvācōttaraṅ vākyaṅ vālisūnurathāṅgadaḥ৷৷4.65.28৷৷\n\n"
    },
    {
        "sloka": "yadi nāhaṅ gamiṣyāmi nānyō vānarapuṅgavaḥ.\n\npunaḥ khalvidamasmābhiḥ kāryaṅ prāyōpavēśanam৷৷4.65.29৷৷\n\n"
    },
    {
        "sloka": "na hyakṛtvā haripatēssandēśaṅ tasya dhīmataḥ.\n\ntatrāpi gatvā prāṇānāṅ paśyāmi parirakṣaṇam৷৷4.65.30৷৷\n\n"
    },
    {
        "sloka": "sa hi prasādē cātyarthaṅ kōpē ca harirīśvaraḥ.\n\natītya tasya sandēśaṅ vināśō gamanē bhavēt৷৷4.65.31৷৷\n\n"
    },
    {
        "sloka": "tadyathā hyasya kāryasya na bhavatyanyathā gatiḥ.\n\ntadbhavānēva dṛṣṭārthassañcintayitu marhati৷৷4.65.32৷৷\n\n"
    },
    {
        "sloka": "sō.ṅgadēna tadā vīraḥ pratyuktaḥ plavagarṣabhaḥ.\n\njāmbavānuttaraṅ vākyaṅ prōvācēdaṅ tatō.ṅgadam৷৷4.65.33৷৷\n\n"
    },
    {
        "sloka": "asya tē vīra! kāryasya na kiñcitparihīyatē.\n\nēṣa sañcōdayāmyēnaṅ yaḥ kāryaṅ sādhayiṣyati৷৷4.65.34৷৷\n\n"
    },
    {
        "sloka": "tataḥpratītaṅ plavatāṅvariṣṭham\n\nēkāntamāśritya susukhēpaviṣṭham\n\nsañcōdayāmāsa haripravīrō\n\nharipravīraṅ hanumantamēva৷৷4.65.35৷৷\n\n"
    }
]