[
    {
        "sloka": "[Sampati's revelation to sage Nishakara about his burnt wings.]\n\ntatastaddāruṇaṅ karma duṣkaraṅ sahasātkṛtam.\n\nācacakṣē munēssarvaṅ sūryānugamanaṅ tathā৷৷4.61.1৷৷\n\n"
    },
    {
        "sloka": "bhagavanvraṇayuktatvāllajjayā vyākulēndriyaḥ.\n\npariśrāntō na śaknōmi vacanaṅ paribhāṣitum৷৷4.61.2৷৷\n\n"
    },
    {
        "sloka": "ahaṅ caiva jaṭāyuśca saṅgharṣāddharpamōhitau.\n\nākāśaṅ patitau vīrau jijñāsantau parākramam৷৷4.61.3৷৷\n\n"
    },
    {
        "sloka": "kailāsaśikharē baddhvā munīnāmagrataḥ paṇam.\n\nravissyādanuyātavyō yāvadastaṅ mahāgirim৷৷4.61.4৷৷\n\n"
    },
    {
        "sloka": "athā.vāṅ yugapatprāptāvapaśyāva mahītalē.\n\nrathacakrapramāṇāni nagarāṇi pṛthakpṛthak৷৷4.61.5৷৷\n\n"
    },
    {
        "sloka": "kvacidvāditraghōṣāṅśca brahmaghōṣāṅśca śuśruvaḥ.\n\ngāyantīścāṅganā bahvīḥ paśyāvō raktavāsasaḥ৷৷4.61.6৷৷\n\n"
    },
    {
        "sloka": "tūrṇamutpatya cākāśamādityapathamāśritau.\n\nāvāmālōkayāvastadvanaṅ śādvalasannibham৷৷4.61.7৷৷\n\n"
    },
    {
        "sloka": "upalairiva sañchannā dṛśyatē bhūśśilōccayaiḥ.\n\nāpagābhiśca saṅvītā sūtrairiva vasundharā৷৷4.61.8৷৷\n\n"
    },
    {
        "sloka": "himavāṅścaiva vindhyaśca mēruśca sumahānnagaḥ.\n\nbhūtalē samprakāśantē nāgā iva jalāśayē৷৷4.61.9৷৷\n\n"
    },
    {
        "sloka": "tīvrassvēdaśca khēdaśca bhayaṅ cāsīttadā৷৷vayōḥ.\n\nsamāviśati mōhaśca tamō mūrchā ca dāruṇā৷৷4.61.10৷৷\n\n"
    },
    {
        "sloka": "na digvijñāyatē yāmyā nāgnēyī na ca vāruṇī.\n\nyugāntē niyatō lōkō hatō dagdha ivāgninā৷৷4.61.11৷৷\n\n"
    },
    {
        "sloka": "manaśca mē hataṅ bhūyassannivartyatu saṅśrayam.\n\nyatnēna mahatā hyasminpunassandhāya cakṣuṣī৷৷4.61.12৷৷\n\nyatnēna mahatā bhūyō bhāskaraḥ pratilōkitaḥ.\n\ntulyaḥ pṛthvīpramāṇēna bhāskaraḥ pratibhāti nau৷৷4.61.13৷৷\n\n"
    },
    {
        "sloka": "jaṭāyurmāmanāpṛcchya nipapāta mahīṅ tataḥ.\n\ntaṅ dṛṣṭvā tūrṇamākāśādātmānaṅ muktavānaham৷৷4.61.14৷৷\n\n"
    },
    {
        "sloka": "pakṣābhyāṅ ca mayā guptō jaṭāyurna pradahyatē.\n\npramādāttatra nirdagdhaḥ patanvāyupathādaham৷৷4.61.15৷৷\n\n"
    },
    {
        "sloka": "āśaṅkē taṅ nipatitaṅ janasthānē jaṭāyuṣam.\n\nahaṅ tu patitō vindhyē dagdhapakṣō jaḍīkṛtaḥ৷৷4.61.16৷৷\n\n"
    },
    {
        "sloka": "rājyēna hīnō bhrātrā ca pakṣābhyāṅ vikramēṇa ca.\n\nsarvathā martumēvēcchanpatiṣyē śikharādgīrēḥ৷৷4.61.17৷৷\n\n"
    }
]