[
    {
        "sloka": "[Sugriva once again addresses all troops --- the vanaras depart-Rama and Lakshmana return to Prasravana mountain]\n\nsarvāṅścāhūya sugrīvaḥ plavagān plavagarṣabhaḥ.\n\nsamastānabravīdbhūyō rāmakāryarthasiddhayē৷৷4.45.1৷৷\n\nēvamētadvicētavyaṅ yanmayā parikīrtitam.\n\n"
    },
    {
        "sloka": "tadugraśāsanaṅ bharturvijñāya haripuṅgavāḥ৷৷4.45.2৷৷\n\nśalabhā iva sañchādya mēdinīṅ sampratasthirē.\n\n"
    },
    {
        "sloka": "rāmaḥ prasravaṇē tasminyavasatsahalakṣmaṇaḥ৷৷4.45.3৷৷\n\npratīkṣamāṇastaṅ māsaṅ yassītādhigamē kṛtaḥ.\n\n"
    },
    {
        "sloka": "uttarāṅ tu diśaṅ ramyāṅ girirājasamāvṛtām৷৷4.45.4৷৷\n\npratasthē sahasā vīrō hariśśatavalistadā.\n\n"
    },
    {
        "sloka": "pūrvāṅ diśaṅ pratiyayau vinatō hariyūthapaḥ৷৷4.45.5৷৷\n\ntārāṅgadādisahitaḥ plavaṅgō  mārutātmajaḥ.\n\nagatyācaritāmāśāṅ dakṣiṇāṅ hariyūthapaḥ৷৷4.45.6৷৷\n\n"
    },
    {
        "sloka": "paścimāṅ tu bhṛśaṅ ghōrāṅ suṣēṇaḥ plavagēśvaraḥ.\n\npratasthē hariśārdūlō diśaṅ varuṇapālitām৷৷4.45.7৷৷\n\n"
    },
    {
        "sloka": "tatassarvā diśō rājā cōdayitvā yathātatham.\n\nkapisēnāpatīnmukhyānmumōda sukhitassukham৷৷4.45.8৷৷\n\n"
    },
    {
        "sloka": "ēvaṅ sambōdhitāssarvē rājñā vānarayūthapāḥ.\n\nsvāṅ svāṅ diśamabhiprattya tvaritā sampratasthirē৷৷4.45.9৷৷\n\n"
    },
    {
        "sloka": "nadantaścōnnadantaśca garjantaśca plavaṅgamāḥ.\n\nkṣvēlantō dhāvamānāśca vinadantō mahābalāḥ৷৷4.45.10৷৷\n\n"
    },
    {
        "sloka": "ēvaṅ sambōditāssarvē rājñā vānarayūthapāḥ.\n\nānayiṣyāmahē sītāṅ haniṣyāmaśca rāvaṇam৷৷4.45.11৷৷\n\n"
    },
    {
        "sloka": "ahamēkō haniṣyāmi rāvaṇaṅ prāptamāhavē.\n\ntataścōnmathya sahasā hariṣyē janakātmajām৷৷4.45.12৷৷\n\n"
    },
    {
        "sloka": "vēpamānāṅ śramēṇādya bhavadbhiḥ sthīyatāmiti.\n\nēka ēvāhariṣyāmi pātālādapi jānakīm৷৷4.45.13৷৷\n\n"
    },
    {
        "sloka": "vadhiṣyāmyahaṅ vṛkṣān dārayiṣyāmyahaṅ girīn.\n\ndharaṇīṅ dārayiṣyāmi kṣōbhayiṣyāmi sāgarān৷৷4.45.14৷৷\n\n"
    },
    {
        "sloka": "ahaṅ yōjanasaṅkhyāyāḥ plavitā nātra saṅśayaḥ.\n\nśataṅ yōjanasaṅkhyāyāśśataṅ samadhikaṅ hyaham৷৷4.45.15৷৷\n\n"
    },
    {
        "sloka": "bhūtalē sāgarē vā.pi śailēṣu ca vanēṣu ca.\n\npātālasyāpi vā madhyē na mamācchidyatē gatiḥ৷৷4.45.16৷৷\n\n"
    },
    {
        "sloka": "ityēkaikaṅ tadā tatra vānarā baladarpitāḥ.\n\nūcuśca vacanaṅ tatra harirājasya sannidhau৷৷4.45.17৷৷\n\n"
    }
]