[
    {
        "sloka": "[The sage consoles Sampati --- Nishakara speaks about Rama coming to destroy the demons and their king Ravana.]\n\nēvamuktā muniśrēṣṭha marudaṅ duḥkhitō bhṛśaṅ.  \n\natha dhyātvā muhūrtaṅ tu bhagavānidamabravīt৷৷4.62.1৷৷\n\n"
    },
    {
        "sloka": "pakṣau tu tē prapakṣau ca punaranyaubhaviṣyataḥ.\n\nprāṇāśca cakṣuṣī caiva vikramaśca balaṅ ca tē৷৷4.62.2৷৷\n\n"
    },
    {
        "sloka": "purāṇē sumahatkāryaṅ bhaviṣyati mayā śrutaṅ.\n\ndṛṣṭaṅ mē tapasā caiva śrutvā ca viditaṅ mama4.62.3৷৷\n\n"
    },
    {
        "sloka": "rājā daśarathō nāma kaścidikṣvākunandanaḥ.\n\ntasya putrō mahātējā ramōnāma bhaviṣyati৷৷4.62.4৷৷\n\n"
    },
    {
        "sloka": "araṇyaṅ ca saha rbhātrā lakṣmaṇēnagamiṣyati.\n\nasminnarthē niyukta ssanpitrā satyaparākramaḥ৷৷4.62.5৷৷\n\n"
    },
    {
        "sloka": "naiṛtō rāvaṇō nāma tasya bhāryāṅ hariṣyati.\n\nrākṣasēndrō janasthanādavadhya ssuradānavaiḥ4.62.6৷৷\n\n"
    },
    {
        "sloka": "sā ca kāmaiḥ pralōbhyantī bhakṣyai:bhōjyaiśca maithilī.\n\nnabhōkṣyati mahābhāgā duḥkhē magnā yaśasvinī৷৷4.62.7৷৷\n\n"
    },
    {
        "sloka": "paramānnaṅtu vaidēhyā jñātvā dāsyati vā saḥ.\n\nyadannamamṛtaprakhyaṅ surāṇāmapidurlabham4.62.8৷৷\n\n"
    },
    {
        "sloka": "tadannaṅ maithilīprāpya vijñāyēndrādidaṅtviti.\n\nagramudṛtya rāmāya bhūtalē nirvapiṣyati৷৷4.62.9৷৷\n\n"
    },
    {
        "sloka": "yadi jīvati mē bhartā lakṣmaṇēna saha prabhuḥ.\n\ndēvatvaṅ gacchtō rvāpi tayō rannamidaṅtviti4.62.10৷৷\n\n"
    },
    {
        "sloka": "ēṣyantyanvēṣakā stasyā rāmadūtāḥ plavāṅgamāḥ.  \n\nākhayēyā rāma mahīṣī tvayā tēbhyō vihaṅgama4.62.11৷৷\n\n"
    },
    {
        "sloka": "sarvathā hi nagantavyamīdṛśaḥ kva gamiṣyasi.\n\ndēśakālau pratīkṣasva pakṣau tvaṅ pratipatsyasē4.62.12৷৷\n\n"
    },
    {
        "sloka": "nōtsahēyamahaṅkartumadhyaiva tvāṅ sapakṣakam.\n\nihastha stvaṅ tu lōkānāṅ hitaṅ kāryaṅ kariṣyasi৷৷4.62.13৷৷\n\n"
    },
    {
        "sloka": "tvayāpi khalu tatkāryaṅ tayōścanṛpaputrayōḥ.\n\nbrāhmaṇānāṅ surāṇāṅ ca munīnāṅ vāsavasya ca৷৷4.62.14৷৷\n\n"
    },
    {
        "sloka": "icchāmyahamapidraṣṭuṅ bhrātarau rāmalakṣmaṇau.\n\nnēcchēciraṅ dhārayutuṅ prāṇāṅ styakṣyē kalēbaraṅ.\n\nmaharṣi stvabravīdēvaṅ dṛṣṭatatvārthadarśanaḥ৷৷4.62.15৷৷\n\n"
    }
]