[
    {
        "sloka": "[Hanuman goes in the guise of a pious mendicant to meet Rama and Lakshmana --- Rama wonders at Hanuman's knowledge --- Hanuman reveals his identity and the purpose of his meeting --- Rama agrees to see Sugriva]\n\nvacō vijñāya hanumān sugrīvasya mahātmanaḥ.\n\nparvatādṛśyamūkāttu pupluvē yatra rāghavau৷৷4.3.1৷৷\n\n"
    },
    {
        "sloka": "kapirūpaṅ parityajya hanumānmārutātmajaḥ.\n\nbhikṣurūpaṅ tatō bhējē śaṭhabuddhitayā kapiḥ4.3.2৷৷\n\n"
    },
    {
        "sloka": "tatassa hanumānvācā ślakṣṇayā sumanōjñayā.\n\nvinītavadupāgamya rāghavau praṇipatya ca৷৷4.3.3৷৷\n\nābabhāṣē tadā vīrau yathāvatpraśaśaṅsa ca.\n\n"
    },
    {
        "sloka": "sampūjya vidhivadvīrau hanumānmārutātmajaḥ.\n\nuvāca kāmatō vākyaṅ mṛdu satyaparākramau4.3.4৷৷\n\n"
    },
    {
        "sloka": "rājarṣidēvapratimau tāpasau saṅśitavratau.\n\ndēśaṅ kathamimaṅ prāptau bhavantau varavarṇinau4.3.5৷৷\n\ntrāsayantau mṛgagaṇānanyāṅśca vanacāriṇaḥ4.3.6৷৷\n\n"
    },
    {
        "sloka": "pampātīraruhānvṛkṣān vīkṣamāṇau samantataḥ.\n\nimāṅ nadīṅ śubhajalāṅ śōbhayantau tapasvinau4.3.7৷৷\n\ndhairyavantau suvarṇābhau kau yuvāṅ cīravāsasau.\n\nniḥśvasantau varabhujau pīḍayantāvimāḥ prajā:4.3.8৷৷\n\n"
    },
    {
        "sloka": "siṅhaviprēkṣitau vīrau mahābalavikramau.\n\nśakracāpanibhē cāpē gṛhītvā śatrusūdanau4.3.9৷৷\n\nśrīmantau rūpasampannau vṛṣabhaśrēṣṭhavikramau.\n\nhastihastōpamabhujau dyutimantau nararṣabhau4.3.10৷৷\n\n"
    },
    {
        "sloka": "prabhayā parvatēndrō.yaṅ yuvayōravabhāsitaḥ.\n\nrājyārhāvamaraprakhyau kathaṅ dēśamihāgatau4.3.11৷৷\n\n"
    },
    {
        "sloka": "padmapatrēkṣaṇau vīrau jaṭāmaṇḍaladhāriṇau.\n\nanyōnyasadṛśau vīrau dēvalōkādivāgatau4.3.12৷৷\n\nyadṛcchayēva samprāptau candrasūryau vasundharām.\n\nviśālavakṣasau vīrau mānuṣau dēvarūpiṇau4.3.13৷৷\n\nsiṅhaskandhau mahōtsāhau samadāviva gōvṛṣau.\n\n"
    },
    {
        "sloka": "āyatāśca suvṛttāśca bāhavaḥ parighōpamāḥ.\n\nsarvabhūṣaṇabhūṣārhāḥ kimarthaṅ na vibhūṣitāḥ4.3.14৷৷\n\n"
    },
    {
        "sloka": "ubhau yōgyāvahaṅ manyē rakṣituṅ pṛthivīmimām.\n\nsasāgaravanāṅ kṛtsnāṅ vindhyamēruvibhūṣitām4.3.15৷৷\n\n"
    },
    {
        "sloka": "imē ca dhanuṣī citrē ślaṣṇē citrānulēpanē.\n\nprakāśētē yathēndrasya vajrē hēmavibhūṣitē4.3.16৷৷\n\n"
    },
    {
        "sloka": "sampūrṇā niśitairbāṇai stūṇāśca śubhadarśanāḥ4.3.17৷৷\n\njīvitāntakarairghōrai śśvasadbhiriva pannagaiḥ৷৷\n\n"
    },
    {
        "sloka": "mahāpramāṇau vistīrṇau taptahāṭakabhūṣitau4.3.18৷৷\n\nkhaḍagāvētau virājētē nirmuktāvivapannagau৷৷\n\n"
    },
    {
        "sloka": "ēvaṅ māṅ paribhāṣantaṅ kasmādvai nābhibhāṣathaḥ4.3.19৷৷\n\nsugrīvō nāma dharmātmā kaścidvānarayūthapaḥ.\n\nvīrō vinikṛtō bhrātrā jagadbhramati duḥkhitaḥ4.3.20৷৷\n\n"
    },
    {
        "sloka": "ptō.haṅ prēṣitastēna sugrīvēṇa mahātmanā.\n\nrājñā vānaramukhyānāṅ hanumānnāma vānaraḥ4.3.21৷৷\n\n"
    },
    {
        "sloka": "yuvābhyāṅ saha dharmātmā sugrīvassakhyamicchati.\n\ntasya māṅ sacivaṅ vittaṅ vānaraṅ pavanātmajam4.3.22৷৷\n\nbhikṣurūpapraticchannaṅ sugrīvapriyakāmyayā.\n\nṛṣyamūkādiha prāptaṅ kāmagaṅ kāmarūpiṇam4.3.23৷৷\n\n"
    },
    {
        "sloka": "ēvamuktvā tu hanumāṅstau vīrau rāmalakṣmaṇau.\n\nvākyajñau vākyakuśalaḥ punarnōvāca kiñcana4.3.24৷৷\n\n"
    },
    {
        "sloka": "ētacchrutvā vacantasya rāmō lakṣmaṇamabravīt.\n\nprahṛṣṭavadanaśśrīmānbhrātaraṅ pārśvataḥ sthitam4.3.25৷৷\n\n"
    },
    {
        "sloka": "sacivō.yaṅ kapīndrasya sugrīvasya mahātmanaḥ.\n\ntamēva kāṅkṣamāṇasya mamāntikamupāgataḥ4.3.26৷৷\n\n"
    },
    {
        "sloka": "tamabhyabhāṣa saumitrē! sugrīvasacivaṅ kapim.\n\nvākyajñaṅ madhurairvākyaissnēhayuktamarindama!৷৷4.3.27৷৷\n\n"
    },
    {
        "sloka": "nānṛgvēdavinītasya nāyajurvēddhāriṇaḥ.\n\nnāsāmavēdaviduṣaśśakyamēvaṅ vibhāṣitum4.3.28৷৷\n\n"
    },
    {
        "sloka": "nūnaṅ vyākaraṇaṅ kṛtsnamanēna bahudhā śrutam.\n\nbahu vyāharatā.nēna na kiñcidapaśabditam4.3.29৷৷\n\n"
    },
    {
        "sloka": "na mukhē nētrayōrvāpi lalāṭē ca bhruvōstathā.\n\nanyēṣvapi ca gātrēṣu dōṣassaṅviditaḥ kvacit4.3.30৷৷\n\n"
    },
    {
        "sloka": "avistaramasandigdhamavilambitamadrutam.\n\nurasthaṅ kaṇṭhagaṅ vākyaṅ vartatē madhyamē svarē4.3.31৷৷\n\n"
    },
    {
        "sloka": "saṅskārakramasampannāmadrutāmavilambitām.\n\nuccārayati kalyāṇīṅ vācaṅ hṛdayahāriṇīm4.3.32৷৷\n\n"
    },
    {
        "sloka": "anayā citrayā vācā tristhānavyañjanasthayā.\n\nkasya nārādhyatē cittamudyatāsērarērapi4.3.33৷৷\n\n"
    },
    {
        "sloka": "ēvaṅ vidhō yasya dūtō na bhavētpārthivasya tu.\n\nsiddhyanti hi kathaṅ tasya kāryāṇāṅ gatiyō.nagha!4.3.34৷৷\n\n"
    },
    {
        "sloka": "ēvaṅ guṇagaṇairyuktā yasya syuḥ kāryasādhakāḥ.\n\ntasya sidhyanti sarvā.rthā dūtavākyapracōditāḥ4.3.35৷৷\n\n"
    },
    {
        "sloka": "ēvamuktastu saumitrissugrīvasacivaṅ kapim.\n\nabhyabhāṣata vākyajñō vākyajñaṅ pavanātmajam4.3.36৷৷\n\n"
    },
    {
        "sloka": "viditau nau guṇā vidvaṅtsugrīvasya mahātmanaḥ.\n\ntamēva cā.vāṅ mārgāvassugrīvaṅ plavagēśvaram4.3.37৷৷\n\n"
    },
    {
        "sloka": "yathā bravīṣi hanumānsugrīvavacanādiha.\n\ntattathā hi kariṣyāvō vacanāttava sattama4.3.38৷৷\n\n"
    },
    {
        "sloka": "tattasya vākyaṅ nipuṇaṅ niśamya\n\nprahṛṣṭarūpaḥ pavanātmajaḥ kapiḥ.\n\nmanassamādhāya jayōpapattau\n\nsakhyaṅ tadā kartumiyēṣa tābhyām4.3.39৷৷\n\n"
    }
]