[
    {
        "sloka": "[Sugriva becomes perturbed seeing Rama and Lakshmana --- gives directions to Hanuman to find out their details]                                            \n\ntau tu dṛṣṭvā mahātmānau bhrātarau rāmalakṣmaṇau.\n\nvarāyudhadharau vīrau sugrīvaśśaṅkitō.bhavat4.2.1৷৷\n\n"
    },
    {
        "sloka": "udvignahṛdayassarvā diśassamavalōkayan.\n\nna vyatiṣṭhata kasmiṅściddēśē vānarapuṅgavaḥ. 4.2.2৷৷\n\n"
    },
    {
        "sloka": "naiva cakrē manaḥ sthātuṅ vīkṣamāṇō mahābalau.\n\nkapēḥ paramabhītasya cittaṅ vyavasasāda ha4.2.3৷৷\n\n"
    },
    {
        "sloka": "cintayitvā sa dharmātmā vimṛśya gurulāghavam.\n\nsugrīvaḥ paramōdvignassarvairanucaraissaha4.2.4৷৷\n\n"
    },
    {
        "sloka": "tatassa sacivēbhyastu sugrīvaḥ plavagādhipaḥ.\n\nśaśaṅsa paramōdvignaḥ paśyaṅstau rāmalakṣmaṇau4.2.5৷৷\n\n"
    },
    {
        "sloka": "ētau vanamidaṅ durgaṅ vālipraṇihitau dhruvam.\n\nchadmanā cīravasanau pracarantāvihāgatau4.2.6৷৷\n\n"
    },
    {
        "sloka": "tatassugrīvasacivā dṛṣṭvā paramadhanvinau.\n\njagmurgiritaṭāttasmādanyacchikharamuttamam4.2.7৷৷\n\n"
    },
    {
        "sloka": "tē kṣipramadhigamyātha yūthapā yūthaparṣabham. \n\nharayō vānaraśrēṣṭhaṅ parivāryōpatasthirē4.2.8৷৷\n\n"
    },
    {
        "sloka": "ēkamēkāyanagatāḥ plavamānā girērgirim.\n\nprakampayantō vēgēna girīṇāṅ śikharāṇyapi4.2.9৷৷\n\n"
    },
    {
        "sloka": "tataśśākhāmṛgāssarvē plavamānā mahābalāḥ.\n\nbabhañjuśca nagāṅstatra puṣpitāndurgasaṅśritān4.2.10৷৷\n\n"
    },
    {
        "sloka": "āplavantō harivarāssarvatastaṅ mahāgirim.\n\nmṛgamārjāraśārdūlāṅstrāsayantō yayustadā4.2.11৷৷\n\n"
    },
    {
        "sloka": "tatassugrīvasacivāḥ parvatēndraṅ samāśritāḥ.\n\nsaṅgamya kapimukhyēna sarvē prāñjalaya sthitāḥ৷৷4.2.12৷৷\n\n"
    },
    {
        "sloka": "tatastaṅ bhayasaṅvignaṅ vālikilbiṣaśaṅkitam.\n\nuvāca hanumānvākyaṅ sugrīvaṅ vākyakōvidaḥ4.2.13৷৷\n\n"
    },
    {
        "sloka": "sambhramastyajyatāmēṣa sarvairvālikṛtē mahān.\n\nmalayō.yaṅ girivarō bhayaṅ nēhāsti vālinaḥ4.2.14৷৷\n\n"
    },
    {
        "sloka": "yasmādudvignacētāstvaṅ pradrutō haripuṅgava.\n\ntaṅ krūradarśanaṅ krūraṅ nēha paśyāmi vālinam4.2.15৷৷\n\n"
    },
    {
        "sloka": "yasmāttava bhayaṅ saumya! pūrvajātpāpakarmaṇaḥ.\n\nsa nēha vālī duṣṭātmā na tē paśyāmyahaṅ bhayam4.2.16৷৷\n\n"
    },
    {
        "sloka": "ahō śākhāmṛgatvaṅ tē vyaktamēva plavaṅgama.\n\nlaghucittatayā.tmānaṅ na sthāpayasi yō matau4.2.17৷৷\n\n"
    },
    {
        "sloka": "buddhivijñānasampanna iṅgitaissarvamācara.\n\nna hyabuddhiṅ gatō rājā sarvabhūtāni śāsti hi4.2.18৷৷\n\n"
    },
    {
        "sloka": "sugrīvastu śubhaṅ vākyaṅ śrutvā sarvaṅ hanūmataḥ.\n\ntataśśubhataraṅ vākyaṅ hanūmantamuvāca ha4.2.19৷৷\n\n"
    },
    {
        "sloka": "dīrghabāhū viśālākṣau śaracāpāsidhāriṇau. \n\nkasya na syādbhayaṅ dṛṣṭvā hyētau surasutōpamau4.2.20৷৷\n\n"
    },
    {
        "sloka": "vālipraṇihitāvētau śaṅkē.haṅ puruṣōttamau.\n\nrājānō bahumitrāśca viśvāsō nātra hi kṣamaḥ4.2.21৷৷\n\n"
    },
    {
        "sloka": "arayaśca manuṣyēṇa vijñēyāśchadmacāriṇaḥ.\n\nviśvastānāmaviśvastārandhrēṣu praharanti hi4.2.22৷৷\n\n"
    },
    {
        "sloka": "kṛtyēṣu vālī mēdhāvī rājānō bahudarśinaḥ.\n\nbhavanti parahantārastē jñēyāḥ prākṛtairnaraiḥ4.2.23৷৷\n\n"
    },
    {
        "sloka": "tau tvayā prākṛtēnaiva gatvā jñēyau plavaṅgama.\n\niṅgitānāṅ prakāraiśca rūpavyābhāṣaṇēna ca4.2.24৷৷\n\n"
    },
    {
        "sloka": "lakṣayasva tayōrbhāvaṅ prahṛṣṭamanasau yadi.\n\nviśvāsayanpraśaṅsābhiriṅgitaiśca punaḥ punaḥ4.2.25৷৷\n\nmamaivābhimukhaṅ sthitvā pṛccha tvaṅ haripuṅgava !.\n\nprayōjanaṅ pravēśasya vanasyāsya dhanurdharau4.2.26৷৷\n\n"
    },
    {
        "sloka": "śuddhātmānau yadi tvētau jānīhi tvaṅ plavaṅgama.\n\nvyābhāṣitairvā vijñēyā syādduṣṭā.duṣṭatā tayōḥ4.2.27৷৷\n\n"
    },
    {
        "sloka": "ityēvaṅ kapirājēna sandiṣṭō mārutātmajaḥ.\n\ncakāra gamanē buddhiṅ yatra tau rāmalakṣmaṇau4.2.28৷৷\n\n"
    },
    {
        "sloka": "tathēti sampūjya vacastu tasya\n\ntatkapēssubhīmasya durāsadasya ca.\n\nmahānubhāvō hanumānyayau tadā\n\nsa yatra rāmō.tibalaśca lakṣmaṇaḥ4.2.29৷৷\n\n"
    }
]