[
    {
        "sloka": "[Rama's agony accentuated by autumn --- description of the beauty of autumn --- Lakshmana leaves for Sugriva.] \n\nguhaṅ praviṣṭē sugrīvē vimuktē gaganē ghanaiḥ.\n\nvarṣarātrōṣitō rāmaḥ kāmaśōkābhipīḍitaḥ4.30.1৷৷\n\npāṇḍuraṅ gaganaṅ dṛṣṭvā vimalaṅ candramaṇḍalam.\n\nśāradīṅ rajanīṅ caiva dṛṣṭvā jyōtsnānulēpanām4.30.2৷৷\n\nkāmavṛttaṅ ca sugrīvaṅ naṣṭāṅ ca janakātmajām.\n\nbuddhvā kālamatītaṅ ca mumōha paramāturaḥ4.30.3৷৷\n\n"
    },
    {
        "sloka": "sa tu saṅjñāmupāgamya muhūrtānmatimānpunaḥ.\n\nmanassthāmapi vaidēhīṅ cintayāmāsa rāghavaḥ4.30.4৷৷\n\n"
    },
    {
        "sloka": "āsīnaḥ parvatasyāgrē hēmadhātuvibhūṣitē.\n\nśāradaṅ gaganaṅ dṛṣṭvā jagāma manasā priyām4.30.5৷৷\n\n"
    },
    {
        "sloka": "dṛṣṭvā ca vimalaṅ vyōma gatavidyudvalāhakam.\n\nsārasārāvasaṅghuṣṭhaṅ vilalāpārtayā girā4.30.6৷৷\n\n"
    },
    {
        "sloka": "sārasārāvasannādaissārasāravanādinī.\n\nyā৷৷śramē ramatē bālā sā.dya mē ramatē katham4.30.7৷৷\n\n"
    },
    {
        "sloka": "puṣpitāṅścāsanān dṛṣṭvā kāñcanāniva nirmalān.\n\nkathaṅ sā ramatē bālā paśyantī māmapaśyatī4.30.8৷৷\n\n"
    },
    {
        "sloka": "yā purā kalahaṅsānāṅ svarēṇa kalabhāṣiṇī.\n\nbudhyatē cārusarvāṅgī sā.dya mē buddhyatē katham4.30.9৷৷\n\n"
    },
    {
        "sloka": "nisvanaṅ cakravākānāṅ niśamya nahacāriṇām.\n\npuṇḍarīkaviśālākṣī kathamēṣā bhaviṣyati4.30.10৷৷\n\n"
    },
    {
        "sloka": "sarāṅsi saritō vāpīḥ kānanāni vanāni ca.\n\ntāṅ vinā mṛgaśābākṣīṅ carannādya sukhaṅ labhē4.30.11৷৷\n\n"
    },
    {
        "sloka": "api tāṅ madviyōgāccha saukumāryācca bhāminīm.\n\nsudūraṅ pīḍayētkāmaśśaradguṇanirantaraḥ4.30.12৷৷\n\n"
    },
    {
        "sloka": "ēvamādi naraśrēṣṭhō vilalāpa nṛpātmajaḥ.\n\nvihaṅga iva sāraṅgassalilaṅ tridaśēśvarāt4.30.13৷৷\n\n"
    },
    {
        "sloka": "tataścañcūrya ramyēṣu phalārthī girisānuṣu.\n\ndadarśa paryupāvṛttō lakṣmīvānlakṣmaṇō.grajam4.30.14৷৷\n\n"
    },
    {
        "sloka": "taṅ cintayā dussahayā parītaṅ\n\nvisaṅjñamēkaṅ vijanē manasvī.\n\nbhrāturviṣādātparitāpadīnaḥ\n\nsamīkṣya saumitriruvāca rāmam4.30.15৷৷\n\n"
    },
    {
        "sloka": "kimārya kāmasya vaśaṅgatēna\n\nkimātmapauruṣyaparābhavēna.\n\nayaṅ sadā saṅhriyatē samādhiḥ\n\nkimatra yōgēna nivartitēna4.30.16৷৷\n\n"
    },
    {
        "sloka": "kriyābhiyōgaṅ manasaḥ prasādaṅ\n\nsamādhiyōgānugataṅ ca kālam.\n\nsahāyasāmarthyamadīnasattvaḥ\n\nsvakarma hētuṅ ca kuruṣva hētum4.30.17৷৷\n\n"
    },
    {
        "sloka": "na jānakī mānava vaṅśanātha!\n\ntvayā sanāthā sulabhā parēṇa.\n\nna cāgnicūḍāṅ jvalitāmupētya\n\nna dahyatē vīra varārha! kacchit4.30.18৷৷\n\n"
    },
    {
        "sloka": "salakṣaṇaṅ lakṣmaṇamapradhṛṣyaṅ\n\nsvabhāvajaṅ vākyamuvāca rāmaḥ.\n\nhitaṅ ca pathyaṅ ca nayaprasaktaṅ\n\nsasāma dharmārthasamāhitaṅ ca4.30.19৷৷\n\n"
    },
    {
        "sloka": "nissaṅśayaṅ kāryamavēkṣitavyaṅ\n\nkriyāviśēṣō.hyanuvartitavyaḥ.\n\nnanu pravṛttasya durāsadasya\n\nkumāra! kāryasya phalaṅ ca cintyam4.30.20৷৷\n\n"
    },
    {
        "sloka": "atha padmapalāśākṣīṅ maithilīmanucintayan.\n\nuvāca lakṣmaṇaṅ rāmō mukhēna pariśuṣyatā4.30.21৷৷\n\n"
    },
    {
        "sloka": "tarpayitvā sahasrākṣassalilēna vasundharām.\n\nnirvartayitvā sasyāni kṛtakarmā vyavasthitaḥ4.30.22৷৷\n\n"
    },
    {
        "sloka": "snigdhagambhīranirghōṣāśśailadrumapurōgamāḥ.\n\nvisṛjya salilaṅ mēghāḥ pariśrāntā nṛpātmaja!4.30.23৷৷\n\n"
    },
    {
        "sloka": "nīlōtpaladalaśyāmāśśyāmīkṛtvā diśō daśa.\n\nvimadā iva mātaṅgāśśāntavēgāḥ payōdharāḥ4.30.24৷৷\n\n"
    },
    {
        "sloka": "jalagarbhā mahāmēghā kuṭajārjunagandhinaḥ.\n\ncaritvā viratāssaumya! vṛṣṭivātāssamudyatāḥ4.30.25৷৷\n\n"
    },
    {
        "sloka": "ghanānāṅ vāraṇānāṅ ca mayūrāṇāṅ ca lakṣmaṇa!.\n\nnādaḥ prasravaṇānāṅ ca praśāntassahasā.nagha4.30.26৷৷\n\n"
    },
    {
        "sloka": "abhivṛṣṭā mahāmēghairnirmalāścitrasānavaḥ.\n\nanuliptā ivā.bhānti girayaścitradīptibhiḥ4.30.27৷৷\n\n"
    },
    {
        "sloka": "śākhāsu saptacchadapādapānāṅ\n\nprabhāsu tārārkaniśākarāṇām.\n\nlīlāsu caivōttama vāraṇānāṅ\n\nśriyaṅ vibhajyādya śaratpravṛttā4.30.28৷৷\n\n"
    },
    {
        "sloka": "sampratyanēkāśraya citraśōbhā\n\nlakṣmīśśaratkālaguṇōpanītā.\n\nsūryāgrahastapratibōdhitēṣu\n\npadmākarēṣvabhyadhikaṅ vibhāti4.30.29৷৷\n\n"
    },
    {
        "sloka": "saptacchadānāṅ kusumōpagandhī\n\nṣaṭpādabṛndairanugīyamānaḥ.\n\nmattadvipānāṅ pavanō.nusārī\n\ndarpaṅ vinēṣyannadhikaṅ karōti৷৷4.30.30৷৷\n\n"
    },
    {
        "sloka": "abhyāgataiścāruviśālapakṣai-\n\nssaraḥpriyaiḥ padmarajōvakīrṇaiḥ.\n\nmahānadīnāṅ pulinōpayātaiḥ\n\nkrīḍanti haṅsāssaha cakravākaiḥ4.30.31৷৷\n\n"
    },
    {
        "sloka": "madapragalbhēṣu ca vāraṇēṣu\n\ngavāṅ samūhēṣu ca darpitēṣu.\n\nprasannatōyāsu ca nimnagāsu\n\nvibhāti lakṣmīrbahudhā vibhaktā4.30.32৷৷\n\n"
    },
    {
        "sloka": "nabhassamīkṣyāmbudharairvimuktaṅ\n\nvimuktabarhābharaṇā vanēṣu.\n\npriyāsvasaktā vinivṛttaśōbhā\n\ngatōtsavā dhyānaparā mayūrāḥ4.30.33৷৷\n\n"
    },
    {
        "sloka": "manōjñagandhaiḥ priyakairanalpaiḥ\n\npuṣpātibhārāvanatāgraśākhaiḥ.\n\nsuvarṇagaurairnayanābhirāmai\n\nrudyōtitānīva vanāntarāṇi4.30.34৷৷\n\n"
    },
    {
        "sloka": "priyānvitānāṅ nalinīpriyāṇāṅ\n\nvanē ratānāṅ kusumōddhatānām.\n\nmadōtkaṭānāṅ madalālasānāṅ\n\ngajōttamānāṅ gatayō.dya mandāḥ4.30.35৷৷\n\n"
    },
    {
        "sloka": "vyabhraṅ nabhaśśastravidhautavarṇaṅ\n\nkṛśapravāhāni nadījalāni.\n\nkahlāraśītāḥ pavanāḥ pravānti\n\ntamōvimuktāśca diśaḥ prakāśāḥ4.30.36৷৷\n\n"
    },
    {
        "sloka": "sūryātapakrāmaṇanaṣṭapaṅkā\n\nbhūmiścirōdadhāṭitasāndrarēṇuḥ.\n\nanyōnyavairēṇasamāyutānā-\n\nmudyōgakālō.dya narādhipānām4.30.37৷৷\n\n"
    },
    {
        "sloka": "śaradguṇāpyāyitarūpaśōbhāḥ\n\npraharṣitāḥ pāṅśusamutkṣitāṅgāḥ.\n\nmadōtkaṭāssamprati yuddhalubdhā\n\nvṛṣā gavāṅ madhyagatā nadanti4.30.38৷৷\n\n"
    },
    {
        "sloka": "samanmathaṅ tīvragatānurāgāḥ\n\nkulānvitā mandagatiṅ kariṇyaḥ.\n\nmadānvitaṅ samparivārya yāntaṅ\n\nvanēṣu bhartāramanuprayānti4.30.39৷৷\n\n"
    },
    {
        "sloka": "tyaktvā varāṇyātmavibhūṣaṇāni\n\nbarhāṇi tīrōpagatā nadīnām.\n\nnirbhartsyamānā iva sārasaughaiḥ \n\nprayānti dīnā vimadā mayūrāḥ4.30.40৷৷\n\n"
    },
    {
        "sloka": "vitrāsya kāraṇḍavacakravākā-\n\nnmahāravairbhinnakaṭā gajēndrāḥ.\n\nsarassu baddhāmbujabhūṣaṇēṣu\n\nvikṣōbhya vikṣōbhya jalaṅ pibanti4.30.41৷৷\n\n"
    },
    {
        "sloka": "vyapētapaṅkāsu savālukāsu\n\nprasannatōyāsu sagōkulāsu.\n\nsasārasārāvanināditāsu\n\nnadīṣu hṛṣṭā nipatanti haṅsāḥ4.30.42৷৷\n\n"
    },
    {
        "sloka": "nadīghanaprasravaṇōdakānā-\n\nmatipravṛddhānilabarhiṇānām.\n\nplavaṅgamānāṅ ca gatōtsavānāṅ\n\ndrutaṅ ravāssamprati sampraṇaṣṭāḥ4.30.43৷৷\n\n"
    },
    {
        "sloka": "anēkavarṇāssuvinaṣṭakāyā\n\nnavōditēṣvambudharēṣu naṣṭāḥ.\n\nkṣudhārditā ghōraviṣā bilēbhya-\n\nścirōṣitā viprasaranti sarpāḥ4.30.44৷৷\n\n"
    },
    {
        "sloka": "cañcaccandrakarasparśaharṣōnmīlitatārakā.\n\nahō rāgavatī sandhyā jahāti svayamambaram4.30.45৷৷\n\n"
    },
    {
        "sloka": "rātriśśaśāṅkōditasaumyavaktrā\n\ntārāgaṇōnmīlitacārunētrā.\n\njyōtsnāṅśukaprāvaraṇā vibhāti\n\nnārīva śuklāṅśukasaṅvṛtāṅgī4.30.46৷৷\n\n"
    },
    {
        "sloka": "vipakvaśāliprasavāni bhuktvā\n\npraharṣitā sārasacārupaṅktiḥ.\n\nnabhassamākrāmati śīghravēgāḥ\n\nvātāvadhūtā grathitēva mālā4.30.47৷৷\n\n"
    },
    {
        "sloka": "suptaikahaṅsaṅ kumudairupētaṅ\n\nmahāhradasthaṅ salilaṅ vibhāti.\n\nghanairvimuktaṅ niśi pūrṇacandraṅ\n\ntārāgaṇākīrṇamivāntarikṣam4.30.48৷৷\n\n"
    },
    {
        "sloka": "prakīrṇahaṅsākulamēkhalānāṅ\n\nprabuddhapadmōtpalamālinīnām.\n\nvāpyuttamānāmadhikā.dya lakṣmī-\n\nrvarāṅganānāmiva bhūṣitānām4.30.49৷৷\n\n"
    },
    {
        "sloka": "vēṇusvanavyañjitatūryamiśraḥ\n\npratyūṣakālānilasampravṛddhaḥ.\n\nsammūrchitō gargaragōvṛṣāṇā-\n\nmanyōnyamāpūrayatīva śabdaḥ4.30.50৷৷\n\n"
    },
    {
        "sloka": "navairnadīnāṅ kusumaprabhāsai-\n\nrvyādhūyamānairmṛdumārutēna.\n\ndhautāmalakṣaumapaṭaprakāśaiḥ\n\nkūlāni kāśairupaśōbhitāni4.30.51৷৷\n\n"
    },
    {
        "sloka": "vanapracaṇḍā madhupānaśauṇḍāḥ\n\npriyānvitāṣṣaṭcaraṇāḥ prahrṛṣṭāḥ.\n\nvanēṣu mattāḥ pavanānuyātrāṅ\n\nkurvanti padmāsanarēṇugaurāḥ4.30.52৷৷\n\n"
    },
    {
        "sloka": "jalaṅ prasannaṅ kumudaṅ prabhāsaṅ\n\nkrauñcasvanaśśālivanaṅ vipakvam.\n\nmṛduśca vāyurvimalaśca candra-\n\nśśaṅsanti varṣavyapanītakālam4.30.53৷৷\n\n"
    },
    {
        "sloka": "mīnōpasandarśitamēkhalānāṅ\n\nnadīvadhūnāṅ gatayō.dya mandāḥ.\n\nkāntōpabhuktālasagāminīnāṅ\n\nprabhātakālēṣviva kāminīnām4.30.54৷৷\n\n"
    },
    {
        "sloka": "sacakravākāni saśaivalāni\n\nkāśairdukūlairiva saṅvṛtāni.\n\nsapatralēkhāni sarōcanāni\n\nvadhūmukhānīva nadīmukhāni4.30.55৷৷\n\n"
    },
    {
        "sloka": "praphullabāṇāsanacitritēṣu\n\nprahṛṣṭaṣaṭpādanikūjitēṣu.\n\ngṛhītacāpōdyatacaṇḍadaṇḍaḥ\n\npracaṇḍacārō.dya vanēṣu kāmaḥ4.30.56৷৷\n\n"
    },
    {
        "sloka": "lōkaṅ suvṛṣṭyā paritōṣayitvā\n\nnadīstaṭākāni ca pūrayitvā.\n\nniṣpannasasyāṅ vasudhāṅ ca kṛtvā\n\ntyaktvā nabhastōyadharāḥ praṇaṣṭāḥ4.30.57৷৷\n\n"
    },
    {
        "sloka": "darśayanti śarannadyaḥ pulināni śanaiḥ śanaiḥ.\n\nnavasaṅgamasavrīḍā jaghanānīva yōṣitaḥ4.30.58৷৷\n\n"
    },
    {
        "sloka": "prasannasalilāssaumya kurarībhirvināditāḥ.\n\ncakravākagaṇākīrṇā vibhānti salilāśayāḥ4.30.59৷৷\n\n"
    },
    {
        "sloka": "asanāssaptaparṇāśca kōvidārāśca puṣpitāḥ.\n\ndṛśyantē bandhujīvāśca śyāmāśca girisānuṣu4.30.60৷৷\n\n"
    },
    {
        "sloka": "haṅsasārasacakrāhvaiḥ kuraraiśca samantataḥ.\n\npulinānyavakīrṇāni nadīnāṅ paśya lakṣmaṇa!4.30.61৷৷\n\n"
    },
    {
        "sloka": "anyōnyabaddhavairāṇāṅ jigīṣūṇāṅ nṛpātmaja!.\n\nudyōgasamayassaumya! pārthivānāmupasthitaḥ4.30.62৷৷\n\n"
    },
    {
        "sloka": "iyaṅ sā prathamā yātrā pārthivānāṅ nṛpātmaja!\n\nna ca paśyāmi sugrīvamudyōgaṅ vā tathāvidham4.30.63৷৷\n\n"
    },
    {
        "sloka": "catvārō vārṣikā māsā gatā varṣaśatōpamāḥ.\n\nmama śōkābhibhūtasya saumya sītāmapaśyataḥ4.30.64৷৷\n\n"
    },
    {
        "sloka": "cakravākīva bhartāraṅ pṛṣṭhatō.nugatā vanam.\n\nviṣamaṅ daṇḍakāraṇyamudyānamiva yā.gatā4.30.65৷৷\n\n"
    },
    {
        "sloka": "priyāvihīnē duḥkhārtē hṛtarājyē vivāsitē.\n\nkṛpāṅ na kurutē rājā sugrīvō mayi lakṣmaṇa4.30.66৷৷\n\n"
    },
    {
        "sloka": "anāthō hṛtarājyō.yaṅ rāvaṇēna ca dharṣitaḥ.\n\ndīnō dūragṛhaḥ kāmī māṅ caiva śaraṇaṅ gataḥ4.30.67৷৷\n\nityētaiḥ kāraṇaissaumya! sugrīvasya durātmanaḥ.\n\nahaṅ vānararājasya paribhūtaḥ parantapa!4.30.68৷৷\n\n"
    },
    {
        "sloka": "sa kālaṅ parisaṅkhyāya sītāyāḥ parimārgaṇē.\n\nkṛtārthassamayaṅ kṛtvā durmatirnāvabudhyatē4.30.69৷৷\n\n"
    },
    {
        "sloka": "tvaṅ ca kiṣkindhāṅ praviśya brūhi vānarapuṅgavam.\n\nmūrkhaṅ grāmyasukhē saktaṅ sugrīvaṅ vacanānmama4.30.70৷৷\n\n"
    },
    {
        "sloka": "arthināmupapannānāṅ pūrvaṅ cāpyupakāriṇām.\n\nāśāṅ saṅśrutya yō hanti sa lōkē puruṣādhamaḥ4.30.71৷৷\n\n"
    },
    {
        "sloka": "śubhaṅ vā yadi vā pāpaṅ yō hi vākyamudīritam.\n\nsatyēna pratigṛhṇāti sa vīraḥ puruṣōttamaḥ4.30.72৷৷\n\n"
    },
    {
        "sloka": "kṛtārthā hyakṛtārthānāṅ mitrāṇāṅ na bhavanti yē.\n\ntānmṛtānapi kravyādāḥ kṛtaghnānnōpabhuñjatē4.30.73৷৷\n\n"
    },
    {
        "sloka": "nūnaṅ kāñcanapṛṣṭhasya vikṛṣṭasya mayā raṇē.\n\ndraṣṭumicchati cāpasya rūpaṅ vidyudgaṇōpamam4.30.74৷৷\n\n"
    },
    {
        "sloka": "ghōraṅ jyātalanirghōṣaṅ kruddhasya mama saṅyugē.\n\nnirghōṣamiva vajrasya punassaṅśrōtumicchasi4.30.75৷৷\n\n"
    },
    {
        "sloka": "kāmamēvaṅgatē.pyasya parijñātē parākramē.\n\ntvatsahāyasya mē vīra! na cintā syānnṛpātmaja4.30.76৷৷\n\n"
    },
    {
        "sloka": "yadarthamayamārambhaḥ kṛtaḥ parapurañjayaḥ.\n\nsamayaṅ nābhijānāti kṛtārthaḥ plavagēśvaraḥ4.30.77৷৷\n\n"
    },
    {
        "sloka": "varṣāsamayakālaṅ tu pratijñāya harīśvaraḥ.\n\nvyatītāṅścaturō māsānviharannāvabudhyatē4.30.78৷৷\n\n"
    },
    {
        "sloka": "sāmātyapariṣatkrīḍanpānamēvōpasēvatē.\n\nśōkadīnēṣu nāsmāsu sugrīvaḥ kurutē dayām4.30.79৷৷\n\n"
    },
    {
        "sloka": "ucyatāṅ gaccha sugrīvastvayā vatsa! mahābala!.\n\nmama rōṣasya yadrūpaṅ brūyāścaivamidaṅ vacaḥ4.30.80৷৷\n\n"
    },
    {
        "sloka": "na ca saṅkucitaḥ panthā yēna vālī hatō gataḥ.\n\nsamayē tiṣṭha sugrīva! mā vālipathamanvagāḥ4.30.81৷৷\n\n"
    },
    {
        "sloka": "ēka ēva raṇē vālī śarēṇa nihatō mayā.\n\ntvāṅ tu satyādatikrāntaṅ haniṣyāmi sabāndhavam4.30.82৷৷\n\n"
    },
    {
        "sloka": "tadēvaṅ vihitē kāryē yaddhitaṅ puruṣarṣabha!.\n\ntattadbhrūhi naraśrēṣṭhatvara kālavyatikramaḥ4.30.83৷৷\n\n"
    },
    {
        "sloka": "kuruṣva satyaṅ mayi vānarēśvara!\n\npratiśrutaṅ dharmamavēkṣya śāśvatam.\n\nmā vālinaṅ prētya gatō yamakṣayaṅ\n\ntvamadya paśyērmama cōditaiśśaraiḥ4.30.84৷৷\n\n"
    },
    {
        "sloka": "sa pūrvajaṅ tīvravivṛddhakōpaṅ\n\nlālapyamānaṅ prasamīkṣya dīnam.\n\ncakāra tīvrāṅ matimugratējā\n\nharīśvarē mānavavaṅśanāthaḥ4.30.85৷৷\n\n"
    }
]