[
    {
        "sloka": "[Sugriva blames himself for his action --- praises Vali for his virtues --- seeks Rama's permission to immolate himself --- Rama consoles --- Tara pleads with Rama to slay her.]\n\ntāṅ cāśruvēgēna durāsadēna\n\ntvabhiplutāṅ śōkamahārṇavēna.\n\npaśyaṅstadā vālyanujastarasvī\n\nbhrāturvadhēnāpratimēna tēpē4.24.1৷৷\n\n"
    },
    {
        "sloka": "sa bāṣpapūrṇēna mukhēna vīkṣya\n\nkṣaṇēna nirviṇṇamanā manasvī.\n\njagāma rāmasya śanaissamīpaṅ\n\nbhṛtyairvṛtasamparidūyamānaḥ4.24.2৷৷\n\n"
    },
    {
        "sloka": "sa taṅ samāsādya gṛhītacāpa-\n\nmudāttamāśīviṣatulyabāṇam.\n\nyaśasvinaṅ lakṣaṇalakṣitāṅga-\n\nmavasthitaṅ rāghava mityuvāca4.24.3৷৷\n\n"
    },
    {
        "sloka": "yathā pratijñātamidaṅ narēndra!\n\nkṛtaṅ tvayā dṛṣṭaphalaṅ ca karma.\n\nmamādya bhōgēṣu narēndraputra!\n\nmanō nivṛttaṅ sahajīvitēna4.24.4৷৷\n\n"
    },
    {
        "sloka": "asyāṅ mahiṣyāṅ tu bhṛśaṅ rudantyā\n\npurē ca vikrōśati duḥkhataptē.\n\nhatē.grajē saṅśayitē.ṅgadē ca\n\nna rāma! rājyē ramatē manō mē4.24.5৷৷\n\n"
    },
    {
        "sloka": "krōdhādamarṣādativipradharṣā-\n\ndbhrāturvadhō mē.numataḥ purastāt.\n\nhatē tvidānīṅ hariyūthapē.smin\n\nsutīvramikṣvākukumāra! tapsyē৷৷4.24.6৷৷\n\n"
    },
    {
        "sloka": "śrēyō.dya manyē mama śailamukhyē\n\ntasminnivāsaściramṛśyamūkē.\n\nyathā tathā vartayatassvavṛttyā\n\nnēmaṅ nihatya tridivasya lābhaḥ4.24.7৷৷\n\n"
    },
    {
        "sloka": "na tvāṅ jighāṅsāmi carēti yanmā-\n\nmayaṅ mahātmā matimānuvāca.\n\ntasyaiva tadrāma! vacō.nurūpa-\n\nmidaṅ punaḥ karma ca mē.nurūpam4.24.8৷৷\n\n"
    },
    {
        "sloka": "bhrātā kathaṅ nāma mahāguṇasya\n\nbhrāturvadhaṅ rāghava rōcayēta.\n\nrājyasya duḥkhasya ca vīra! sāraṅ\n\nvicintayankāmapuraskṛta.ssan4.24.9৷৷\n\n"
    },
    {
        "sloka": "vadhō hi mē matō nāsītsvamāhātmyāvyatikramāt.\n\nmamā.sīdbuddhidaurātmyātprāṇahārī vyatikramaḥ4.24.10৷৷\n\n"
    },
    {
        "sloka": "drumaśākhāvabhagnō.haṅ muhurtaṅ pariniṣṭanan.\n\nsāntvayitvā tvanēnōktō na punaḥ kartumarhasi4.24.11৷৷\n\n"
    },
    {
        "sloka": "bhrātṛtvamāryabhāvaśca dharmaścānēna rakṣitaḥ.\n\nmayā krōdhaśca kāmaśca kapitvaṅ ca pradarśitam4.24.12৷৷\n\n"
    },
    {
        "sloka": "acintanīyaṅ parivarjanīya-\n\nmanīpsanīyaṅ svanavēkṣaṇīyam.\n\nprāptō.smi pāpmānamimaṅ narēndra!\n\nbhrāturvadhāttvāṣṭravadhādivēndra:4.24.13৷৷\n\n"
    },
    {
        "sloka": "pāpmānamindrasya mahī jalaṅ ca\n\nvṛkṣāśca kāmaṅ jagṛhuḥ striyaśca.\n\nkō nāma pāpmānamimaṅ kṣamēta\n\nśākhāmṛgasya pratipattumicchēt৷৷4.24.14৷৷\n\n"
    },
    {
        "sloka": "nārhāmi sammānamimaṅ prajānāṅ\n\nna yauvarājyaṅ kuta ēva rājyam.\n\nadharmayuktaṅ kulanāśayukta-\n\nmēvaṅvidhaṅ rāghava! karma kṛtvā4.24.15৷৷\n\n"
    },
    {
        "sloka": "pāpasya kartā.smi vigarhitasya\n\nkṣudrasya lōkāpakṛtasya caiva.\n\nśōkō mahānmāmabhivartatē.yaṅ \n\nvṛṣṭēryathā nimnamivāmbuvēgaḥ4.24.16৷৷\n\n"
    },
    {
        "sloka": "sōdaryaghātāparagātravālaḥ\n\nsantāpahastākṣiśirōviṣāṇaḥ.\n\nēnōmayō māmabhihanti hastī\n\ndṛptō nadīkūlamiva pravṛddhaḥ৷৷4.24.17৷৷\n\n"
    },
    {
        "sloka": "aṅhō batēdaṅ nṛvarāviṣahyaṅ\n\nnivartatē mē hṛdi sādhuvṛttam.\n\nvivarṇamagnau paritapyamānaṅ\n\nkiṭṭaṅ yathā rāghava! jātarūpam4.24.18৷৷\n\n"
    },
    {
        "sloka": "mahābalānāṅ hariyūthapānā-\n\nmidaṅ kulaṅ rāghava! mannimittam.\n\nasyāṅgadapyāpi ca śōkatāpā\n\ndardhasthitaprāṇamitīva manyē৷৷4.24.19৷৷\n\n"
    },
    {
        "sloka": "sutassulabhyassujanassuvaśyaḥ\n\nkutastu putrassadṛśō.ṅgadēna.\n\nna cāpi vidyēta sa vīra! dēśō\n\nyasminbhavētsōdarasannikarṣaḥ4.24.20৷৷\n\n"
    },
    {
        "sloka": "yadyaṅgadō vīravarārha jīvēt\n\njīvēccha mātā paripālanārtham.\n\nvinā tu putraṅ paritāpadīnā\n\ntārā na jīvēditi niścitaṅ mē4.24.21৷৷\n\n"
    },
    {
        "sloka": "sō.haṅ pravēkṣyāmyatidīptamagniṅ\n\nbhrātrā ca putrēṇa ca sakhyamicchan.\n\nimē vicēṣyanti haripravīrā-\n\nssītāṅ nidēśē tava vartamānāḥ4.24.22৷৷\n\n"
    },
    {
        "sloka": "kṛtsnaṅ tu tē sētsyati kāryamēta-\n\nnmayyapratītē manujēndraputra\n\nkulasya hantāramajīvanārhaṅ\n\nrāmānujānīhi kṛtāgasaṅ mām4.24.23৷৷\n\n"
    },
    {
        "sloka": "ityēvamārtasya raghupravīraḥ\n\nśrutvā vacō vālyanujasya tasya.\n\nsañjātabāṣpaḥ paravīrahantā\n\nrāmō muhūrtaṅ vimanā babhūva4.24.24৷৷\n\n"
    },
    {
        "sloka": "tasmin kṣaṇē.bhīkṣṇamavēkṣyamāṇaḥ\n\nkṣitikṣamāvānbhuvanasya gōptā.\n\nrāmō rudantīṅ vyasanē nimagnāṅ\n\nsamutsukaḥ sō.tha dadarśa tārām4.24.25৷৷\n\n"
    },
    {
        "sloka": "tāṅ cārunētrāṅ kapisiṅhanāthāṅ\n\npatiṅ samāśliṣya tadā śayānām.\n\nutthāpayāmāsuradīnasattvāṅ\n\nmantripradhānāḥ kapivīrapatnīm4.24.26৷৷\n\n"
    },
    {
        "sloka": "sā visphurantī parirabhyamāṇā\n\nbhartussakāśādapanīyamānā.\n\ndadarśa rāmaṅ śaracāpapāṇiṅ\n\nsvatējasā sūryamiva jvalantam4.24.27৷৷\n\n"
    },
    {
        "sloka": "susaṅvṛtaṅ pārthipalakṣaṇaiśca\n\ntaṅ cārunētraṅ mṛgaśābanētrā.\n\nadṛṣṭapūrvaṅ puruṣapradhāna-\n\nmayaṅ sa kākutstha iti prajajñē4.24.28৷৷\n\n"
    },
    {
        "sloka": "tasyēndrakalpasya durāsadasya\n\nmahānubhāvasya samīpamāryā.\n\nārtā.titūrṇaṅ vyasanābhipannā\n\njagāma tārā parivihvalantī4.24.29৷৷\n\n"
    },
    {
        "sloka": "sā taṅ samāsādya viśuddhasattvā\n\nśōkēna sambhrāntaśarīrabhāvā.\n\nmanasvinī vākyamuvāca tārā\n\nrāmaṅ raṇōtkarṣaṇalabdhalakṣam4.24.30৷৷\n\n"
    },
    {
        "sloka": "tvamapramēyaśca durāsadaśca\n\njitēndriyaścōttamadhārmikaśca.\n\nakṣayyakīrtiśca vicakṣaṇaśca\n\nkṣitikṣamāvānkṣatajōpamākṣaḥ4.24.31৷৷\n\n"
    },
    {
        "sloka": "tvamāttabāṇāsanabāṇapāṇi\n\nrmahābalassaṅhananōpapannaḥ.\n\nmanuṣyadēhābhyudayaṅ vihāya\n\ndivyēna dēhābhyudayēna yuktaḥ৷৷4.24.32৷৷\n\n"
    },
    {
        "sloka": "yēnaika bāṇēna hataḥ priyō mē\n\ntēnaiva māṅ tvaṅ jahi sāyakēna.\n\nhatā gamiṣyāmi samīpamasya\n\nna māmṛtē rāma! ramēta vālī4.24.33৷৷\n\n"
    },
    {
        "sloka": "svargē.pi padmāmalapatranētra\n\nssamētya samprēkṣya ca māmapaśyan.\n\nna hyēṣa uccāvacatāmracūḍā\n\nvicitravēṣāpsarasō.bhajiṣyat৷৷4.24.34৷৷\n\n"
    },
    {
        "sloka": "svargē.pi śōkaṅ ca vivarṇatāṅ ca\n\nmayā vinā prāppyati vīra! vālī.\n\nramyē nagēndrasya taṭāvakāśē\n\nvidēhakanyārahitō yathā tvam4.24.35৷৷\n\n"
    },
    {
        "sloka": "tvaṅ vēttha yāvadvanitāvihīnaḥ\n\nprāpnōti duḥkhaṅ puruṣaḥ kumāraḥ.\n\ntattvaṅ prajānan jahi māṅ na vālī\n\nduḥkhaṅ mamādarśanajaṅ bhajēta4.24.36৷৷\n\n"
    },
    {
        "sloka": "yaccāpi manyēta bhavānmahātmā\n\nstrīghātadōṣō na bhavēttu mahyam.\n\nātmēyamasyēti ca māṅ jahi tvaṅ\n\nna strīvadhassyānmanujēndraputra!৷৷4.24.37৷৷\n\n"
    },
    {
        "sloka": "śāstraprayōgādvividhācca vēdā\n\ndātmāhyananyaḥ puruṣasya dārāḥ.\n\ndārāpradānānnahi dānamanya-\n\ntpradṛśyatē jñānavatāṅ hi lōkē4.24.38৷৷\n\n"
    },
    {
        "sloka": "tvaṅ cāpi māṅ tasya mama priyasya\n\npradāsya sē dharmamavēkṣya vīra!\n\nanēna dānēna na lapsyasē tva-\n\nmadharmayōgaṅ mama vīra ghātāt4.24.39৷৷\n\n"
    },
    {
        "sloka": "ārtāmanāthāmapanīyamānā-\n\nmēvaṅ vidhāmarhasi māṅ nihantum.\n\nahaṅ hi mātaṅgavilāsagāminā\n\nplavaṅgamānāmṛṣabhēṇa dhīmatā4.24.40৷৷\n\nvinā varārhōttamahēmamālinā\n\nciraṅ na śakṣyāmi narēndra jīvitum.\n\nityēvamuktastu vibhurmahātmā\n\ntārāṅ samāśvāsya hitaṅ babhāṣē4.24.41৷৷\n\n"
    },
    {
        "sloka": "mā vīrabhāryē! vimatiṅ kuruṣva\n\nlōkō hi sarvō vihitō vidhātrā.\n\ntaṅ caiva sarvaṅ sukhaduḥkhayōgaṅ\n\nlōkō.bravīttēna kṛtaṅ vidhātrā৷৷4.24.42৷৷\n\n"
    },
    {
        "sloka": "trayō.hi lōkā vihitaṅ vidhānaṅ\n\nnātikramantē vaśagā hi tasya.\n\nprītiṅ parāṅ prāpsyasi tāṅ tathaiva\n\nputrastu tē prāpsyati yauvarājyam.\n\ndhātrā vidhānaṅ vihitaṅ tathaiva\n\nna śūrapatnayaḥ paridēvayanti4.24.43৷৷\n\n"
    },
    {
        "sloka": "āśvāsitā tēna tu rāghavēṇa\n\nprabhāvayuktēna parantapēna.\n\nsā vīrapatnī dhvanatā mukhēna\n\nsuvēṣarūpā virarāma tārā4.24.44৷৷\n\n"
    }
]