[
    {
        "sloka": "[Sampati gives his past account.]\n\ntataḥ kṛtōdakaṅ snātaṅ taṅ gṛdhraṅ hariyūthapāḥ.\n\nupaviṣṭā girau ramyē parivārya samantataḥ৷৷4.60.1৷৷\n\n"
    },
    {
        "sloka": "tamaṅgadamupāsīnaṅ taissarvairharibhirvṛtam.\n\njanitapratyayō harṣātsampātiḥ punarabravīt৷৷4.60.2৷৷\n\n"
    },
    {
        "sloka": "kṛtvā niśśabdamēkāgrā śśruṇvantu harayō! mama.\n\ntatvaṅ saṅkīrtayiṣyāmi yathā jānāmi maithilīm৷৷4.60.3৷৷\n\n"
    },
    {
        "sloka": "asya vindhyasya śikharē patitō.smi purāvanē.\n\nsūryatapaparītāṅgō nirdagdhassūryaraśmibhiḥ৷৷4.60.4৷৷\n\n"
    },
    {
        "sloka": "labdhasaṅjñastu ṣaḍrātrādvivaśō vihvalanniva.\n\nvīkṣamāṇō diśassarvā nābhijānāmi kiñcana৷৷4.60.5৷৷\n\n"
    },
    {
        "sloka": "tatastu sāgarān śailānnadīssarvāssarāṅsi ca.\n\nvanāni ca pradēśāṅśca nīrīkṣya matirāgatā৷৷4.60.6৷৷\n\n"
    },
    {
        "sloka": "hṛṣṭapakṣigaṇākīrṇaḥ kandarāntarakūṭavān.\n\ndakṣiṇasyōdadhēstīrē vindhyō.yamiti niścitaḥ৷৷4.60.7৷৷\n\n"
    },
    {
        "sloka": "āsīccātrāśramaṅ puṇyaṅ surairapi supūjitam.\n\nṛṣirniśākarō nāma yasminnugratapābhavat৷৷4.60.8৷৷\n\n"
    },
    {
        "sloka": "aṣṭau varṣasahasrāṇi tēnāsminnṛṣiṇā vinā.\n\nvasatō mama dharmajñā! svargatē tu niśākarē৷৷4.60.9৷৷\n\n"
    },
    {
        "sloka": "avatīrya tu vindhyāgrātkṛcchrēṇa viṣamācchanaiḥ.\n\ntīkṣṇadarbhāṅ vasumatīṅ duḥkhēna punarāgataḥ৷৷4.60.10৷৷\n\n"
    },
    {
        "sloka": "tamṛṣiṅ draṣṭukāmō.smi duḥkhēnābhyāgatō bhṛśam.\n\njaṭāyuṣā mayā caiva bahuśō.bhigatō hi saḥ৷৷4.60.11৷৷\n\n"
    },
    {
        "sloka": "tasyāśramapadābhyāśē vavurvātāssugandhinaḥ.\n\nvṛkṣō vāpuṣpitaḥ kaścidaphalō vā na vidyatē৷৷4.60.12৷৷\n\n"
    },
    {
        "sloka": "upētya cāśramaṅ puṇyaṅ vṛkṣamūlamupāśritaḥ.\n\ndraṣṭukāmaḥ pratīkṣē.haṅ bhagavantaṅ niśākaram৷৷4.60.13৷৷\n\n"
    },
    {
        "sloka": "athāpaśyamadūrasthamṛṣiṅ jvalitatējasam.\n\nkṛtābhiṣēkaṅ durdharṣamupāvṛttamudaṅmukham৷৷4.60.14৷৷\n\n"
    },
    {
        "sloka": "tamṛkṣāssṛmarā vyāghrāssiṅhā nāgāssarīsṛpāḥ.\n\nparivāryōpagacchanti dhātāraṅ prāṇinō yathā৷৷4.60.15৷৷\n\n"
    },
    {
        "sloka": "tataḥ prāptamṛṣiṅ jñātvā tāni sattvāni vai yayuḥ.\n\npraviṣṭē rājani yathā sarvaṅ sāmātyakaṅ balam৷৷4.60.16৷৷\n\n"
    },
    {
        "sloka": "ṛṣistu dṛṣṭvā māṅ prītaḥ praviṣṭaścāśramaṅ punaḥ.\n\nmuhūrtamātrānniṣkramya tataḥ kāryamapṛcchata৷৷4.60.17৷৷\n\n"
    },
    {
        "sloka": "saumya! vaikalyatāṅ dṛṣṭvā rōmṇāṅ tē nāvagamyatē.\n\nagnidagdhāvimau pakṣau vraṇāścāpi śarīrakē৷৷4.60.18৷৷\n\n"
    },
    {
        "sloka": "gṛdhrau dvau dṛṣṭapūrvau mē mātariśvasamau javē.\n\ngṛdhrāṇāṅ caiva rājānau bhrātarau kāmarūpiṇau৷৷4.60.19৷৷\n\n"
    },
    {
        "sloka": "jyēṣṭhō hi tvaṅ tu sampātē! jaṭāyuranujastava.\n\nmānuṣaṅ rūpamāsthāya gṛhṇītāṅ caraṇau mama৷৷4.60.20৷৷\n\n"
    },
    {
        "sloka": "kiṅ tē vyādhisamutthānaṅ pakṣayōḥ patanaṅ katham.\n\ndaṇḍō.yaṅca kṛtaḥ kēna sarvamākhyāhi pṛcchataḥ৷৷4.60.21৷৷\n\n"
    }
]