[
    {
        "sloka": "[Lakshmana enters Sugriva's palace --- Sugriva requests Tara to pacify Lakshmana.]\n\natha pratisamādiṣṭō lakṣmaṇaḥ paravīrahā.\n\npravivēśa guhāṅ ghōrāṅ kiṣkindhāṅ rāmaśāsanāt৷৷4.33.1৷৷\n\n"
    },
    {
        "sloka": "dvārasthā harayastatra mahākāyā mahābalāḥ.\n\nbabhūvurlakṣmaṇaṅ dṛṣṭvā sarvē prāñjalaya sthitāḥ৷৷4.33.2৷৷\n\n"
    },
    {
        "sloka": "niśvasantaṅ tu taṅ dṛṣṭvā kruddhaṅ daśarathātmajam.\n\nbabhūvurharayastrastā na cainaṅ paryavārayan৷৷4.33.3৷৷\n\n"
    },
    {
        "sloka": "sa tāṅ ratnamayīṅ śrīmāndivyāṅ puṣpitakānanām.\n\nramyāṅ ratnasamākīrṇāṅ dadarśa mahatīṅ guhām৷৷4.33.4৷৷\n\n"
    },
    {
        "sloka": "harmyaprāsādasambādhāṅ nānāpaṇyōpaśōbhitām.\n\nsarvakāmaphalairvṛkṣaiḥ puṣpitairupaśōbhitām৷৷4.33.5৷৷\n\n"
    },
    {
        "sloka": "dēvagandharvaputraiśca vānaraiḥ kāmarūpibhiḥ.\n\ndivyamālyāmbaradharai śśōbhitāṅ priyadarśanaiḥ৷৷4.33.6৷৷\n\n"
    },
    {
        "sloka": "candanāgarupadmānāṅ gandhaissurabhigandhinām.\n\nmairēyāṇāṅ madhūnāṅ ca sammōditamahāpathām৷৷4.33.7৷৷\n\n"
    },
    {
        "sloka": "vindhyamērugiriprakhyai: prāsādairnaikabhūmibhiḥ.\n\ndadarśa girinadyaśca vimalāstatra rāghavaḥ৷৷4.33.8৷৷\n\n"
    },
    {
        "sloka": "aṅgadasya gṛhaṅ ramyaṅ maindasya dvividhasya ca.\n\ngavayasya gavākṣasya gajasya śarabhasya ca৷৷4.33.9৷৷\n\nvidyunmālēśca sampātē ssūryākṣasya hanūmataḥ.\n\nvīrabāhō ssubāhōśca nalasya ca mahātmanaḥ৷৷4.33.10৷৷\n\nkumudasya suṣēṇasya tārajāmbavatōstathā.\n\ndadhivaktrasya nīlasya supāṭalasunētrayōḥ৷৷4.33.11৷৷\n\nētēṣāṅ kapimukhyānāṅ rājamārgē mahātmanām.\n\ndadarśa gṛhamukhyāni mahāsārāṇi lakṣmaṇaḥ৷৷4.33.12৷৷\n\n"
    },
    {
        "sloka": "pāṇḍurābhraprakāśāni divyamālyayutāni ca.\n\nprabhūtadhanadhānyāni strīratnai śśōbhitāni ca৷৷4.33.13৷৷\n\n"
    },
    {
        "sloka": "pāṇḍurēṇa tu sālēna parikṣiptaṅ durāsadam.\n\nvānarēndragṛhaṅ ramyaṅ mahēndrasadanōpamam৷৷4.33.14৷৷\n\nśuklaiḥ prāsādaśikharaiḥ kailāsaśikharōpamaiḥ.\n\nsarvakāmaphalairvṛkṣaiḥ puṣpitairupaśōbhitam৷৷4.33.15৷৷\n\nmahēndradattaiśśrīmadbhirnīlajīmūtasannibhaiḥ.\n\ndivyapuṣpaphalairvṛkṣaiśītacchāyairmanōramaiḥ৷৷4.33.16৷৷\n\nharibhissaṅvṛtadvāraṅ balibhiśśastrapāṇibhiḥ.\n\ndivyamālyāvṛtaṅ śubhraṅ taptakāñcanatōraṇam৷৷4.33.17৷৷\n\nsugrīvasya gṛhaṅ ramyaṅ pravivēśa mahābalaḥ.\n\navāryamāṇassaumitrirmahābhramiva bhāskaraḥ৷৷4.33.18৷৷\n\n"
    },
    {
        "sloka": "sa sapta kakṣyā dharmātmā nānājanasamākulāḥ.\n\npraviśya sumahadgaguptaṅ dadarśāntaḥpuraṅ mahat৷৷4.33.19৷৷\n\nhaimarājataparyaṅkairbahubhiśca varāsanaiḥ.\n\nmahārhāstaraṇōpētaistatra tatrōpaśōbhitam৷৷4.33.20৷৷\n\n"
    },
    {
        "sloka": "praviśannēva satataṅ śuśrāva madhurasvaram.\n\ntantrīgītasamākīrṇaṅ samagītapadākṣaram৷৷4.33.21৷৷\n\n"
    },
    {
        "sloka": "bahvīśca vividhākārā rūpayauvanagarvitāḥ.\n\nstriyassugrīvabhavanē dadarśa sumahābalaḥ৷৷4.33.22৷৷\n\n"
    },
    {
        "sloka": "dṛṣṭvā.bhijanasampannāścitramālyakṛtasrajaḥ.\n\nphalamālyakṛtavyagrā bhūṣaṇōttamabhūṣitāḥ৷৷4.33.23৷৷\n\nnātṛptānnāpi cāvyagrānnānudāttaparicchadān.\n\nsugrīvānucarāṅścāpi lakṣayāmāsa lakṣmaṇaḥ৷৷4.33.24৷৷\n\n"
    },
    {
        "sloka": "kūjitaṅ nūpurāṇāṅ ca kāñcīnāṅ ninadaṅ tathā.\n\nsanniśamya tata śrīmānsaumitrirlajjitō.bhavat৷৷4.33.25৷৷\n\n"
    },
    {
        "sloka": "rōṣavēgaprakupitaśaśrutvā cābharaṇasvanam.\n\ncakāra jyāsvanaṅ vīrō diśaśśabdēna pūrayan৷৷4.33.26৷৷\n\n"
    },
    {
        "sloka": "cāritrēṇa mahābāhurapakṛṣṭa ssalakṣmaṇaḥ.\n\ntasthāvēkāntamāśritya rāmakōpasamanvitaḥ৷৷4.33.27৷৷\n\n"
    },
    {
        "sloka": "tēna cāpasvanēnātha sugrīvaḥ plavagādhipaḥ.\n\nvijñāyā.gamanaṅ trasta ssañcacāla varāsanāt৷৷4.33.28৷৷\n\n"
    },
    {
        "sloka": "aṅgadēna yathā mahyaṅ purastātprativēditam.\n\nsuvyaktamēṣa samprāpta ssaumitrirbhrātṛvatsalaḥ৷৷4.33.29৷৷\n\n"
    },
    {
        "sloka": "aṅgadēna samākhyātaṅ jyāsvanēna ca vānaraḥ.\n\nbubudhē lakṣmaṇaṅ prāptaṅ mukhaṅ cāsyavyaśuṣyata৷৷4.33.30৷৷\n\n"
    },
    {
        "sloka": "tatastārāṅ hariśrēṣṭhassugrīvaḥ priyadarśanām.\n\nuvāca hitamavyagrastrāsa sambhrāntamānasaḥ৷৷4.33.31৷৷\n\n"
    },
    {
        "sloka": "kinnu tatkāraṇaṅ subhru! prakṛtyā mṛdumānasaḥ.\n\nsarōṣa iva samprāptō yēnāyaṅ rāghavānujaḥ৷৷4.33.32৷৷\n\n"
    },
    {
        "sloka": "kiṅ paśyasi kumārasya rōṣasthānamaninditē.\n\nna khalvakāraṇē kōpamāharēnnarasattamaḥ৷৷4.33.33৷৷\n\n"
    },
    {
        "sloka": "yadasya kṛtamasmābhirbudhyasē kiñcidapriyam.\n\ntadabuddhyā sampradhāryāśu kṣipramarhasi bhāṣitum৷৷4.33.34৷৷\n\n"
    },
    {
        "sloka": "athavā svayamēvainaṅ draṣṭumarhasi bhāmini!.\n\nvacanai ssāntvayuktaiśca prasādayitumarhasi৷৷4.33.35৷৷\n\n"
    },
    {
        "sloka": "tvaddarśana viśuddhātmā na sa kōpaṅ kariṣyati.\n\nna hi strīṣu mahātmānaḥ kvacitkurvanti dāruṇam৷৷4.33.36৷৷\n\n"
    },
    {
        "sloka": "tvayā sāntvairupakrāntaṅ prasannēndriyamānasam.\n\ntataḥ kamalapatrākṣaṅ drakṣyāmyahamarindamam৷৷4.33.37৷৷\n\n"
    },
    {
        "sloka": "sā praskhalantī madavihvalākṣī\n\npralambakāñcīguṇa hēmasūtrā.\n\nsalakṣaṇā lakṣmaṇasannidhānaṅ\n\njagāma tārā namitāṅgayaṣṭiḥ৷৷4.33.38৷৷\n\n"
    },
    {
        "sloka": "sa tāṅ samīkṣyaiva harīśapantīṅ\n\ntasthāvudāsīnatayā mahātmā.\n\navāṅmukhō.bhūnmanujēndraputraḥ\n\nstrīsannikarṣādvinivṛttakōpaḥ৷৷4.33.39৷৷\n\n"
    },
    {
        "sloka": "sā pānayōgādvinivṛttalajjā\n\ndṛṣṭiprasādācca narēndrasūnōḥ.\n\nuvāca tārā praṇayapragalbhaṅ\n\nvākyaṅ mahārthaṅ parisāntvapūrvam৷৷4.33.40৷৷\n\n"
    },
    {
        "sloka": "kiṅ kōpamūlaṅ manujēndraputra\n\nkastē na santiṣṭhati vāṅnidēśē.\n\nka śśuṣkavṛkṣaṅ vanamāpatantaṅ\n\ndavāgnimāsīdati nirviśaṅkaḥ৷৷4.33.41৷৷\n\n"
    },
    {
        "sloka": "sa tasyā vacanaṅ śrutvā sāntvapūrvamaśaṅkitam.\n\nbhūyaḥ praṇayadṛṣṭārthaṅ lakṣmaṇō vākyamabravīt৷৷4.33.42৷৷\n\n"
    },
    {
        "sloka": "kimayaṅ kāmavṛttastē luptadharmārthasaṅgrahaḥ.\n\nbhartā bhartṛhitē yuktē na cainamavabuddhyasē৷৷4.33.43৷৷\n\n"
    },
    {
        "sloka": "na cintayati rājyārthaṅ nāsmān śōkaparāyaṇān.\n\nsāmātyapariṣattārē pānamēvōpasēvatē৷৷4.33.44৷৷\n\n"
    },
    {
        "sloka": "sa māsāṅścaturaḥ kṛtvā pramāṇaṅ plavagēśvaraḥ.\n\nvyatītāṅ stānmadavyagrō viharannāvabudhyatē৷৷4.33.45৷৷\n\n"
    },
    {
        "sloka": "na hi dharmārthasiddhyarthaṅ pānamēvaṅ praśasyatē.\n\npānādarthaśca dharmaśca kāmaśca parihīyatē৷৷4.33.46৷৷\n\n"
    },
    {
        "sloka": "dharmalōpō mahāṅstāvatkṛtē hyapratikurvataḥ.\n\narthalōpaśca mitrasya nāśē guṇavatō mahān৷৷4.33.47৷৷\n\n"
    },
    {
        "sloka": "mitraṅ hyarthaguṇaśrēṣṭhaṅ satyadharmaparāyaṇam.\n\ntaddvayaṅ tu parityaktaṅ na tu dharmē vyavasthitam৷৷4.33.48৷৷\n\n"
    },
    {
        "sloka": "tadēvaṅ prastutē kāryē kāryamasmābhiruttaram.\n\nyatkāryaṅ kāryatattvajñē! tadudāhartumarhasi৷৷4.33.49৷৷\n\n"
    },
    {
        "sloka": "sā tasya dharmārthasamādhiyuktaṅ\n\nniśamya vākyaṅ madhurasvabhāvam.\n\ntārā gatārthē manujēndrakāryē\n\nviśvāsayuktaṅ tamuvāca bhūyaḥ৷৷4.33.50৷৷\n\n"
    },
    {
        "sloka": "na kōpakālaḥ kṣitipālaputra\n\nna cāti kōpa ssvajanē vidhēyaḥ.\n\ntvadarthakāmasya janasya tasya\n\npramādamapyarhasi vīra! sōḍhum৷৷4.33.51৷৷\n\n"
    },
    {
        "sloka": "kōpaṅ kathaṅ nāma guṇaprakṛṣṭaḥ\n\nkumāra! kuryādapakṛṣṭasattvē.\n\nkastvadvidhaḥ kōpavaśaṅ hi gacchē-\n\ntsattvāvaruddhastapasaḥ prasūtiḥ৷৷4.33.52৷৷\n\n"
    },
    {
        "sloka": "jānāmi rōṣaṅ harivīrabandhō-\n\nrjānāmi kāryasya ca kālasaṅgam.\n\njānāmi kāryaṅ tvayi yatkṛtaṅ na\n\nstaccāpi jānāmi yadatra kāryam৷৷4.33.53৷৷\n\n"
    },
    {
        "sloka": "taccāpi jānāmi yathaviṣahyaṅ\n\nbalaṅ naraśrēṣṭha! śarīrajasya.\n\njānāmi yasmiṅśca janē.vabaddhaṅ\n\nkāmēna sugrīvamasaktamadya৷৷4.33.54৷৷\n\n"
    },
    {
        "sloka": "na kāmatantrē tava buddhirasti\n\ntvaṅ vai yathā manyuvaśaṅ prapannaḥ.\n\nna dēśakālau hi na cārthadharmā-\n\nvavēkṣatē kāmaratirmanuṣyaḥ৷৷4.33.55৷৷\n\n"
    },
    {
        "sloka": "taṅ kāmavṛttaṅ mama sannikṛṣṭaṅ\n\nkāmābhiyōgācca nivṛttalajjam.\n\nkṣamasva tāvatparavīrahanta-\n\nstvadbhrātaraṅ vānaravaṅśanātham৷৷4.33.56৷৷\n\n"
    },
    {
        "sloka": "maharṣayō dharmatapō.bhikāmāḥ\n\nkāmānukāmāḥ pratibaddhamōhāḥ.\n\nayaṅ prakṛtyā capalaḥ kapistu\n\nkathaṅ na sajjēta sukhēṣu rājā৷৷4.33.57৷৷\n\n"
    },
    {
        "sloka": "ityēvamuktvā vacanaṅ mahārthaṅ\n\nsā vānarī lakṣmaṇamapramēyam.\n\npuna ssakhēdaṅ madavihvalañca\n\nbharturhitaṅ vākyamidaṅ babhāṣē৷৷4.33.58৷৷\n\n"
    },
    {
        "sloka": "udyōgastu cirājñapta ssugrīvēṇa narōttama!.\n\nkāmasyāpi vidhēyēna tavārthapratisādhanē৷৷4.33.59৷৷\n\n"
    },
    {
        "sloka": "āgatā hi mahāvīryā harayaḥ kāmarūpiṇaḥ.\n\nkōṭīśatasahasrāṇi nānānaganivāsinaḥ৷৷4.33.60৷৷\n\n"
    },
    {
        "sloka": "tadāgaccha mahābāhō! cāritraṅ rakṣitaṅ tvayā.\n\nacchalaṅ mitrabhāvēna satāṅ dārāvalōkanam৷৷4.33.61৷৷\n\n"
    },
    {
        "sloka": "tārayā cābhyanujñātastvarayā cāpi cōditaḥ.\n\npravivēśa mahābāhurabhyantaramarindamaḥ৷৷4.33.62৷৷\n\n"
    },
    {
        "sloka": "tata ssugrīvamāsīnaṅ kāñcanē paramāsanē.\n\nmahārhāstaraṇōpētē dadarśādityasannibham৷৷4.33.63৷৷\n\ndivyābhaṇacitrāṅgaṅ divyarūpaṅ yaśasvinam.\n\ndivyamālyāmbaradharaṅ mahēndramiva durjayam৷৷4.33.64৷৷\n\ndivyābharaṇamālābhiḥ pramadābhi ssamāvṛtam.\n\nsaṅrabdhatararaktākṣō babhūvāntakasannibhaḥ৷৷4.33.65৷৷\n\n"
    },
    {
        "sloka": "rumāṅ tu vīra parirabhya gāḍhaṅ\n\nvarāsanasthō varahēmavarṇaḥ.\n\ndadarśa saumitrimadīnasattvaṅ\n\nviśālanētrassuviśālanētram৷৷4.33.66৷৷\n\n"
    }
]