[
    {
        "sloka": "[Lakshmana arrives at Sugriva's cave-palace --- Lakshmana's anger over Sugriva's slackness --- monkeys fear Lakshamana.]\n\nsa kāminaṅ dīnamadīnasattvaṅ\n\nśōkābhipannaṅ samudīrṇakōpam.\n\nnarēndrasūnurnaradēvaputraṅ\n\nrāmānujaḥ pūrvajamityuvāca4.31.1৷৷\n\n"
    },
    {
        "sloka": "na vānaraḥ sthāsyati sādhuvṛttē\n\nna maṅsyatē karmaphalānuṣaṅgān.\n\nna bhōjyatē vānararājyalakṣmīṅ\n\ntathāhi nābhikramatē.sya buddhiḥ4.31.2৷৷\n\n"
    },
    {
        "sloka": "matikṣayādgrāmyasukhēṣu sakta\n\nstava prasādāpratikārabuddhiḥ.\n\nhatō.grajaṅ paśyatu vīra! tasya\n\nna rājyamēvaṅ viguṇasya dēyam4.31.3৷৷\n\n"
    },
    {
        "sloka": "na dhārayē kōpamudīrṇavēgaṅ\n\nnihanmi sugrīvamasatyamadya.\n\nharipravīraissaha vāliputrō\n\nnarēndrapatnyā vicayaṅ karōtu4.31.4৷৷\n\n"
    },
    {
        "sloka": "tamāttabāṇāsanamutpatantaṅ\n\nnivēditārthaṅ raṇacaṇḍakōpam.\n\nuvāca rāmaḥ paravīrahantā\n\nsvavēkṣitaṅ sānunayaṅ ca vākyam4.31.5৷৷\n\n"
    },
    {
        "sloka": "na hi vai tvadvidhō lōkē pāpamēvaṅ samācarēt.\n\npāpamāryēṇa yō hanti sa vīraḥ puruṣōttamaḥ4.31.6৷৷\n\n"
    },
    {
        "sloka": "nēdamatra tvayā grāhyaṅ sādhuvṛttēna lakṣmaṇa!.\n\ntāṅ prītimanuvartasva pūrvavṛttaṅ ca saṅgatam4.31.7৷৷\n\n"
    },
    {
        "sloka": "sāmōpahitayā vācā rūkṣāṇi parivarjayan.\n\nvaktumarhasi sugrīvaṅ vyatītaṅ kālaparyayē4.31.8৷৷\n\n"
    },
    {
        "sloka": "sō.grajēnānuśiṣṭārthō yathāvatpuruṣarṣabhaḥ.\n\npravivēśa purīṅ vīrō lakṣmaṇaḥ paravīrahā!4.31.9৷৷\n\n"
    },
    {
        "sloka": "tataśśubhamatiḥ prājñō bhrātuḥ priyahitē rataḥ.\n\nlakṣmaṇaḥ pratisaṅrabdhō jagāma bhavanaṅ kapēḥ4.31.10৷৷\n\nśakrabāṇāsanaprakhyaṅ dhanuḥ kālāntakōpamaḥ.\n\npragṛhya giriśṛṅgābhaṅ mandaraḥ sānumāniva৷৷4.31.11৷৷\n\n"
    },
    {
        "sloka": "yathōktakārī vacanamuttaraṅ caiva sōttaram.\n\nbṛhaspatisamō buddhyā matvā rāmānujastadā4.31.12৷৷\n\nkāmakrōdhasamutthēna bhrātuḥ kōpāgninā vṛtaḥ.\n\nprabhañjana ivāprītaḥ prayayau lakṣmaṇastadā4.31.13৷৷\n\n"
    },
    {
        "sloka": "sālatālāśvakarṇāṅśca tarasā pātayanbahūn.\n\nparyasyangirikūṭāni drumānanyāṅśca vēgataḥ4.31.14৷৷\n\nśilāśca śakalīkurvanpadbhyāṅ gaja ivāśugaḥ.\n\ndūrāmēkapadaṅ tyaktvā yayau kāryavaśāddrutam4.31.15৷৷\n\n"
    },
    {
        "sloka": "tāmapaśyadbalākīrṇāṅ harirājamahāpurīm.\n\ndurgāmikṣvākuśārdūlaḥ kiṣkindhāṅ girisaṅgaṭē4.31.16৷৷\n\n"
    },
    {
        "sloka": "rōṣātprasphuramāṇōṣṭha ssugrīvaṅ prati lakṣmaṇaḥ.\n\ndadarśa vānarānbhīmākaniṣkindhāyā bahiścarān4.31.17৷৷\n\n"
    },
    {
        "sloka": "taṅ dṛṣṭvā vānarāssarvē lakṣmaṇaṅ puruṣarṣabham.\n\nśailaśṛṅgāṇi śataśaḥ pravṛddhāṅśca mahīruhān4.31.18৷৷\n\njagṛhuḥ kuñjaraprakhyā vānarāḥ parvatāntarē.\n\n"
    },
    {
        "sloka": "tāngṛhītapraharaṇānsarvāndṛṣṭvā tu lakṣmaṇaḥ4.31.19৷৷\n\nbabhūva dviguṇaṅ kruddhō bahvindhana ivānalaḥ.\n\n"
    },
    {
        "sloka": "taṅ tē bhayaparītāṅgāḥ kruddhaṅ dṛṣṭvā plavaṅgamāḥ4.31.20৷৷\n\nkālamṛtyuyugāntābhaṅ śataśō vidrutā diśaḥ.\n\n"
    },
    {
        "sloka": "tatassugrīvabhavanaṅ praviśya haripuṅgavāḥ4.31.21৷৷\n\nkrōdhamāgamanaṅ caiva lakṣmaṇasya nyavēdayan.\n\n"
    },
    {
        "sloka": "tārayā sahitaḥ kāmī saktaḥ kapivṛṣō rahaḥ4.31.22৷৷\n\nna tēṣāṅ kapivīrāṇāṅ śuśrāva vacanaṅ tadā.\n\n"
    },
    {
        "sloka": "tatassacivasandiṣṭā harayō rōmaharṣaṇāḥ.\n\ngirikuñjara mēghābhā nagaryā niryayustadā৷৷4.31.23৷৷\n\n"
    },
    {
        "sloka": "nakhadaṅṣṭrāyudhā ghōrāssarvē vikṛtadarśanāḥ4.31.24৷৷\n\nsarvē śārdūladarpāśca sarvē ca vikṛtānanāḥ.\n\n"
    },
    {
        "sloka": "daśanāgabalāḥ kēcitkēciddaśaguṇōttarāḥ4.31.25৷৷\n\nkēcinnāgasahasrasya babhūvustulyavikramāḥ.\n\n"
    },
    {
        "sloka": "kṛtsnāṅhi kapibhirvyāptāṅ drumahassairmahābalaiḥ4.31.26৷৷\n\napaśyallakṣmaṇaḥ kruddhaḥ kiṣkindhāṅ tāṅ durāsadām.\n\n"
    },
    {
        "sloka": "tatastē harayassarvē prākāraparighāntarāt4.31.27৷৷\n\nniṣkramyōdagrasattvāstu tasthurāviṣkṛtaṅ tadā.\n\n"
    },
    {
        "sloka": "sugrīvasya pramādaṅ ca pūrvajaṅ cārtamātmavān4.31.28৷৷\n\nbuddhvā kōpavaśaṅ vīraḥ punarēva jagāma saḥ.\n\n"
    },
    {
        "sloka": "sa dīrghōṣṇamahōcchavāsaḥ kōpasaṅraktalōcanaḥ4.31.29৷৷\n\nbabhūva naraśārdūla ssadhūma iva pāvakaḥ.\n\n"
    },
    {
        "sloka": "bāṇaśalyasphurajjihvassāyakāsanabhōgavān4.31.30৷৷\n\nsvatējōviṣasaṅghātaḥ pañcāsya iva pannagaḥ.\n\n"
    },
    {
        "sloka": "taṅ dīptamiva kālāgniṅ nāgēndramiva kōpitam4.31.31৷৷\n\nsamāsādyāṅgadastrāsādviṣādamagamadbhṛśam.\n\n"
    },
    {
        "sloka": "sō.ṅgadaṅ rōṣatāmrākṣassandidēśa mahāyaśāḥ4.31.32৷৷\n\nsugrīvaḥ kathyatāṅ vatsa! mamāgamanamityuta.\n\n"
    },
    {
        "sloka": "ēṣa rāmānujaḥ prāptasvatsakāśamarindama4.31.33৷৷\n\nbhrāturvyasanasantaptō dvāri tiṣṭhati lakṣmaṇaḥ.\n\ntasya vākyaṅ yadi ruciḥ kriyatāṅ sādhu vānara4.31.34৷৷\n\nityuktvā śīghramāgaccha vatsa vākyamarindama.\n\n"
    },
    {
        "sloka": "lakṣmaṇasya vacaḥ śrutvā śōkāviṣṭō.ṅgadō.bravīt.\n\npitussamīpamāgamya saumitrirayamāgataḥ4.31.35৷৷\n\n"
    },
    {
        "sloka": "athāṅgadastasya vacō niśamya \n\nsambhrāntabhāvaḥ paridīnavaktraḥ.\n\nnipatya tūrṇaṅ nṛpatēstarasvī \n\ntataḥ rumāyāścaraṇau vavandē4.31.36৷৷\n\n"
    },
    {
        "sloka": "saṅṅgṛhya pādau pituragryatējāḥ\n\njagrāha mātuḥ punarēva pādau.\n\npādau rumāyāśca nipīḍayitvā\n\nnivēdayāmāsa tatastamartham4.31.37৷৷\n\n"
    },
    {
        "sloka": "sa nidrāmadasaṅvītō vānarō na vibuddhavān.\n\nbabhūva madamattaśca madanēna ca mōhitaḥ4.31.38৷৷\n\n"
    },
    {
        "sloka": "tataḥ kilakilāṅ cakrurlakṣmaṇaṅ prēkṣya vānarāḥ.\n\nprasādayantastaṅ kruddhaṅ bhayamōhitacētasaḥ4.31.39৷৷\n\n"
    },
    {
        "sloka": "tē mahaughanibhaṅ dṛṣṭvā vajrāśanisamasvanam.\n\nsiṅhanādaṅ samaṅ cakrurlakṣmaṇasya samīpataḥ4.31.40৷৷\n\n"
    },
    {
        "sloka": "tēna śabdēna mahatā pratyabudhyata vānaraḥ.\n\nmadavihvalatāmrākṣō vyākulasragvibhūṣaṇaḥ4.31.41৷৷\n\n"
    },
    {
        "sloka": "athāṅgadavacaḥ śrutvā tēnaiva ca samāgatau.\n\nmantriṇau vānarēndrasya sammatau dāradarśinau4.31.42৷৷\n\nplakṣaścaiva prabhāvaśca mantriṇāvarthadharmayōḥ.\n\nvaktumuccāvacaṅ prāptaṅ lakṣmaṇaṅ tau śaśaṅsatuḥ4.31.43৷৷\n\n"
    },
    {
        "sloka": "prasādayitvā sugrīvaṅ vacanaissāmaniścitaiḥ.\n\nāsīnaṅ paryupāsīnau yathā śakraṅ marutpatim4.31.44৷৷\n\n"
    },
    {
        "sloka": "satyasandhau mahābhāgau bhrātarau rāmalakṣmaṇau.\n\nvayasyabhāvaṅ samprāptau rājyārhau rājyadāyinau4.31.45৷৷\n\n"
    },
    {
        "sloka": "tayōrēkō dhanuṣpāṇirdvāri tiṣṭhati lakṣmaṇaḥ.\n\nyasya bhītāḥ pravēpantō nādānmuñcanti vānarāḥ4.31.46৷৷\n\n"
    },
    {
        "sloka": "sa ēṣa rāghavabhrātā lakṣmaṇō vākyasārathiḥ.\n\nvyavasāyarathaḥ prāptastasya rāmasya śāsanāt4.31.47৷৷\n\n"
    },
    {
        "sloka": "ayaṅ ca dayitō rājaṅstārāyā stanayō.ṅgadaḥ.\n\nlakṣmaṇēna sakāśaṅ tē prēṣitastvarayā.nagha!4.31.48৷৷\n\n"
    },
    {
        "sloka": "sō.yaṅ rōṣaparītākṣō dvāri tiṣṭhati vīryavān.\n\nvānarānvānarapatē! cakṣuṣā pradahanniva4.31.49৷৷\n\n"
    },
    {
        "sloka": "tasya mūrdhnā praṇamya tvaṅ saputrassahabandhubhiḥ.\n\ngaccha śīghraṅ mahārāja! rōṣō hyasya nivartyatām4.31.50৷৷\n\n"
    },
    {
        "sloka": "yadāha rāmō dharmātmā tatkuruṣva samāhitaḥ.\n\nrājaṅ! stiṣṭhasva samayē bhava satyapratiśravāḥ4.31.51৷৷\n\n"
    }
]