[
    {
        "sloka": "[ Angada resolves not to return --- monkeys decide to fast unto death]\n\nśrutvā hanumatō vākyaṅ praśritaṅ dharmasaṅhitam.\n\nsvāmisatkārasaṅyuktamaṅgadō vākyamabravīt৷৷4.55.1৷৷\n\n"
    },
    {
        "sloka": "sthairyamātmamanaśśaucamānṛśaṅsyamathā.rjavam.\n\nvikramaścaiva dhairyaṅ ca sugrīvē nōpapadyatē৷৷4.55.2৷৷\n\n"
    },
    {
        "sloka": "bhrāturjyēṣṭhasya yō bhāryāṅ jīvatō mahiṣīṅ priyām.\n\ndharmēṇa mātaraṅ yastu svīkarōti jugupsitaḥ৷৷4.55.3৷৷\n\nkathaṅ sa dharmaṅ jānītē yēna bhrātrā mahātmanā.\n\nyuddhāyābhiniyuktēna bilasya pihitaṅ mukham৷৷4.55.4৷৷\n\n"
    },
    {
        "sloka": "satyātpāṇigṛhītaśca kṛtakarmā mahāyaśāḥ.\n\nvismṛtō rāghavō yēna sa kasya tu kṛtaṅ smarēt৷৷4.55.5৷৷\n\n"
    },
    {
        "sloka": "lakṣmaṇasya bhayādyēna nādharmabhayabhīruṇā.\n\nādiṣṭā mārgituṅ sītāṅ dharmamasminkathaṅ bhavēt৷৷4.55.6৷৷\n\n"
    },
    {
        "sloka": "tasminpāpē kṛtaghnē tu smṛtihīnē calātmani.\n\nāryaḥ kō viśvasējjātu tatkulīnō jijīviṣuḥ৷৷4.55.7৷৷\n\n"
    },
    {
        "sloka": "rājyē putraḥ pratiṣṭhāpyassaguṇō viguṇō.pi vā.\n\nkathaṅ śatrukulīnaṅ māṅ sugrīvō jīvayiṣyati৷৷4.55.8৷৷\n\n"
    },
    {
        "sloka": "bhinnamantrō.parāddhaśca hīnaśaktiḥ kathaṅ hyaham.\n\nkiṣkindhāṅ prāpya jīvēyamanātha iva durbalaḥ৷৷4.55.9৷৷\n\n"
    },
    {
        "sloka": "pāṅśudaṇḍēna hi māṅ bandhanē nōpapādayēt.\n\nśaṭhaḥ krūrō nṛśaṅsaśca sugrīvō rājyakāraṇāt৷৷4.55.10৷৷\n\n"
    },
    {
        "sloka": "bandhanādvā.vasādānmē śrēyaḥ prāyōpavēśanam.\n\nanujānīta māṅ sarvē gṛhaṅ gacchantu vānarāḥ৷৷4.55.11৷৷\n\n"
    },
    {
        "sloka": "ahaṅ vaḥ pratijānāmi nāgamiṣyāmyahaṅ purīm.\n\nihaiva prāyamāsiṣyē śrēyō maraṇamēva mē৷৷4.55.12৷৷\n\n"
    },
    {
        "sloka": "abhivādanapūrvaṅ hi rāghavau balaśālinau.\n\nabhivādanapūrvaṅ tu rājā kuśalamēva ca৷৷4.55.13৷৷\n\nvācyastātō yavīyānmē sugrīvō vānarēśvaraḥ.\n\n"
    },
    {
        "sloka": "ārōgyapūrvaṅ kuśalaṅ vācyā mātā rumā ca mē৷৷4.55.14৷৷\n\nmātaraṅ caiva mē tārāmāśvāsayitumarhatha.\n\n"
    },
    {
        "sloka": "prakṛtyā priyaputrā sā sānukrōśā tapasvinī৷৷4.55.15৷৷\n\nvinaṣṭamiha māṅ śrutvā vyaktaṅ hāsyati jīvitam.\n\n"
    },
    {
        "sloka": "ētāvaduktvā vacanaṅ vṛddhāṅstānabhivādya ca৷৷4.55.16৷৷\n\nvivēśa cāṅgadō bhūmau rudandarbhēṣu durmanāḥ.\n\n"
    },
    {
        "sloka": "tasya saṅviśatastatra rudantō vānararṣabhāḥ৷৷4.55.17৷৷\n\nnayanēbhyaḥ pramumucuruṣṇaṅ vai vāri duḥkhitāḥ.\n\n"
    },
    {
        "sloka": "sugrīvaṅ caiva nindantaḥ praśaṅsantaśca vālinam৷৷4.55.18৷৷\n\nparivāryāṅgadaṅ sarvē vyavasanprāyamāsitum.\n\n"
    },
    {
        "sloka": "mataṅ tadvāliputrasya vijñāya plavagarṣabhāḥ৷৷4.55.19৷৷\n\nupaspṛśyōdakaṅ tatra prāṅmukhāssamupāviśan.\n\ndakṣiṇāgrēṣu darbhēṣu udaktīraṅ samāśritāḥ৷৷4.55.20৷৷\n\nmumūrṣavō hariśrēṣṭhā ētat kṣamamiti sma ha.\n\n"
    },
    {
        "sloka": "rāmasya vanavāsaṅ ca kṣayaṅ daśarathasya ca৷৷4.55.21৷৷\n\njanasthānavadhaṅ caiva vadhaṅ caiva jaṭāyuṣaḥ.\n\nharaṇaṅ caiva vaidēhyā vālinaśca vadhaṅ raṇē৷৷4.55.22৷৷\n\nrāmakōpaṅ ca vadatāṅ harīṇāṅ bhayamāgatam.\n\n"
    },
    {
        "sloka": "sa saṅviśadbhibahubhirmahīdharō \n\nmahādrikūṭapratimaiḥ plavaṅgamaiḥ.\n\nbabhūva sannāditanirdarāntarō \n\nbhṛśaṅ nadadbhirjaladairivōlbaṇaiḥ৷৷4.55.23৷৷\n\n"
    }
]