[
    {
        "sloka": "[Sugriva gives an account of the arrival of his army, in thousands and thousands of crores --- Rama expresses his gratefulness to Sugriva.]\n\niti bruvāṇaṅ sugrīvaṅ rāmō dharmabhṛtāṅ varaḥ.\n\nbāhubhyāṅ sampariṣvajya pratyuvāca kṛtāñjalim৷৷4.39.1৷৷\n\n"
    },
    {
        "sloka": "yadindrō varṣatē varṣaṅ na taccitraṅ bhavētkvacit.\n\nādityō vā sahasrāṅśuḥ kuryādvitimiraṅ nabhaḥ৷৷4.39.2৷৷\n\ncandramā raśmibhiḥ kuryātpṛthivīṅ saumya! nirmalām.\n\ntvadvidhō vā.pi mitrāṇāṅ pratikuryātparantapa ৷৷4.39.3৷৷\n\n"
    },
    {
        "sloka": "ēvaṅ tvayi na taccitraṅ bhavēdyatsaumya śōbhanam.\n\njānāmyahaṅ tvāṅ sugrīva! satataṅ priyavādinam৷৷4.39.4৷৷\n\n"
    },
    {
        "sloka": "tvatsanātha: sakhē saṅkhyē jētā.smi sakalānarīn.\n\ntvamēva mē suhṛtanmitraṅ sāhāyyaṅ kartumarhasi৷৷4.39.5৷৷\n\n"
    },
    {
        "sloka": "jahārātmavināśāya vaidēhīṅ rākṣasādhamaḥ.\n\nvañcayitvā tu paulōmīmanuhlādō yathā śacīm৷৷4.39.6৷৷\n\n"
    },
    {
        "sloka": "na cirāttaṅ haniṣyāmi rāvaṇaṅ niśitaiśśaraiḥ.\n\npaulōmyāḥ pitaraṅ dṛptaṅ śatakraturivā.havē৷৷4.39.7৷৷\n\n"
    },
    {
        "sloka": "ētasminnantarē caiva rajassamabhivartata.\n\nuṣṇāṅ tīvrāṅ sahasrāṅśōśchādayadgaganē prabhām৷৷4.39.8৷৷\n\n"
    },
    {
        "sloka": "diśaḥ paryākulāścāsanrajasā tēna mūrchatā.\n\ncacāla ca mahī sarvā saśailavanakānanā৷৷4.39.9৷৷\n\n"
    },
    {
        "sloka": "tatō nagēndrasaṅkāśaistīkṣṇadaṅṣṭrairmahābalaiḥ.\n\nkṛtsnā sañchāditā bhūmirasaṅkhyēyaiḥ plavaṅgamaiḥ৷৷4.39.10৷৷\n\nnimēṣāntaramātrēṇa tatastairhariyūthapaiḥ.\n\nkōṭīśataparīvāraiḥ kāmarūpibhirāvṛtā৷৷4.39.11৷৷\n\nnādēyaiḥ pārvatīyaiśca sāmudraiśca mahābalaiḥ.\n\nharibhirmēghanirhrādairanyaiśca vanacāribhiḥ৷৷4.39.12৷৷\n\ntaruṇādityavarṇaiśca śaśigauraiśca vānaraiḥ.\n\npadmakēsaravarṇaiśca śvētairmērukṛtālayaiḥ৷৷4.39.13৷৷\n\n"
    },
    {
        "sloka": "kōṭīsahasrairdaśabhiḥ śrīmānparivṛtastadā.\n\nvīraśśatavalirnāma vānaraḥ pratyadṛśyata৷৷4.39.14৷৷\n\n"
    },
    {
        "sloka": "tataḥ kāñcanaśailābhastārāyā vīryavānpitā.\n\nanēkairdaśasāhasraiḥ kōṭibhiḥ pratyadṛśyata৷৷4.39.15৷৷\n\n"
    },
    {
        "sloka": "tathā.parēṇa kōṭīnāṅ sahasrēṇa samanvitaḥ.\n\npitā rumāyā samprāptassugrīvaśvaśurō vibhuḥ৷৷4.39.16৷৷\n\n"
    },
    {
        "sloka": "padmakēsarasaṅkāśastaruṇārkanibhānanaḥ.\n\nbuddhimānvānaraśrēṣṭhassarvavānarasattamaḥ৷৷4.39.17৷৷\n\nanēkairbahusāhasrairvānarāṇāṅ samanvitaḥ.\n\npitā hanumataśraśīmānkēsarī pratyadṛśyata৷৷4.39.18৷৷\n\n"
    },
    {
        "sloka": "gōlāṅgūlamahārājō gavākṣō bhīmavikramaḥ.\n\nvṛtaḥ kōṭisahasrēṇa vānarāṇāmadṛśyata৷৷4.39.19৷৷\n\n"
    },
    {
        "sloka": "ṛkṣāṇāṅ bhīmavēgānāṅ dhūmraśśatrunibarhaṇaḥ.\n\nvṛtaḥ kōṭisahasrābhyāṅ dvābhyāṅ samabhivartata৷৷4.39.20৷৷\n\n"
    },
    {
        "sloka": "mahācalanibhairghōrai: panasō nāma yūthapaḥ.\n\nājagāma mahāvīryastisṛbhiḥ kōṭibhirvṛtaḥ৷৷4.39.21৷৷\n\n"
    },
    {
        "sloka": "nīlāñjanacayākārō nīlō nāmā.tha yūthapaḥ.\n\nadṛśyata mahākāyaḥ kōṭibhirdaśabhirvṛtaḥ৷৷4.39.22৷৷\n\n"
    },
    {
        "sloka": "tataḥ kāñcanaśailābhō gavayō nāma yūthapaḥ.\n\nājagāma mahāvīryaḥ pañcabhi: kōṭibhirvṛtaḥ৷৷4.39.23৷৷\n\n"
    },
    {
        "sloka": "darīmukhaśca balavānyūthapō.bhyāyayau tadā.\n\nvṛtaḥ kōṭisahasrēṇa sugrīvaṅ samupasthitaḥ৷৷4.39.24৷৷\n\n"
    },
    {
        "sloka": "maindaśca dvividaścōbhāvaśviputrau mahābalau.\n\nkōṭikōṭisahasrēṇa vānarāṇāmadṛśyatām৷৷4.39.25৷৷\n\n"
    },
    {
        "sloka": "gajaśca balavān vīra: kōṭibhistisṛbhirvṛtaḥ.\n\nājagāma mahātējā sugrīvasya samīpataḥ৷৷4.39.26৷৷\n\n"
    },
    {
        "sloka": "ṛkṣarājō mahātējā jāmbavānnāma nāmataḥ.\n\nkōṭibhirdaśabhiḥ prāptaḥ sugrīvasya vaśē sthitaḥ৷৷4.39.27৷৷\n\n"
    },
    {
        "sloka": "rumaṇvānnāma vikrāntō vānarō vānarēśvaram.\n\nāyayau balavāṅstūrṇaṅ kōṭīśatasamāvṛtaḥ৷৷4.39.28৷৷\n\n"
    },
    {
        "sloka": "tataḥ kōṭisahasrāṇāṅ sahasrēṇa śatēna ca.\n\npṛṣṭhatō.nugataḥ prāptō haribhirgandhamādanaḥ৷৷4.39.29৷৷\n\n"
    },
    {
        "sloka": "tataḥ padmasahasrēṇa vṛtaśśaṅkuśatēna ca.\n\nyuvarājō.ṅgadaḥ prāptaḥ pitṛtulyaparākramaḥ৷৷4.39.30৷৷\n\n"
    },
    {
        "sloka": "tatastārādyutistārō harirbhīmaparākramaḥ.\n\npañcabhirharikōṭībhirdūrataḥ pratyadṛśyata৷৷4.39.31৷৷\n\n"
    },
    {
        "sloka": "indrajānuḥ kapirvīrō yūthapaḥ pratyadṛśyata.\n\nēkādaśānāṅ kōṭīnāmīśvarastaissamāvṛtaḥ৷৷4.39.32৷৷\n\n"
    },
    {
        "sloka": "tatō rambhastvanuprāptastaruṇādityasannibhaḥ.\n\nayutēnāvṛtaścaiva sahasrēṇa śatēna ca৷৷4.39.33৷৷\n\n"
    },
    {
        "sloka": "tatō yūthapatirvīrō durmukhō nāma vānaraḥ.\n\npratyadṛśyata kōṭībhyāṅ dvābhyāṅ parivṛtō balī৷৷4.39.34৷৷\n\n"
    },
    {
        "sloka": "kailāsaśikharākārairvānarairbhīmavikramaiḥ.\n\nvṛtaḥ kōṭisahasrēṇa hanumānpratyadṛśyata৷৷4.39.35৷৷\n\n"
    },
    {
        "sloka": "nalaścāpi mahāvīryassaṅvṛtō drumavāsibhiḥ.\n\nkōṭīśatēna samprāptassahasrēṇa śatēna ca৷৷4.39.36৷৷\n\n"
    },
    {
        "sloka": "tatō dadhimukhaśrīmānkōṭibhirdaśabhirvṛtaḥ.\n\nsamprāptō.bhimatastasya sugrīvasya mahātmanaḥ৷৷4.39.37৷৷\n\n"
    },
    {
        "sloka": "śarabhaḥ kumudō vahnirvānarō raṅha ēva ca.\n\nētē cānyē ca bahavō vānarāḥ kāmarūpiṇaḥ৷৷4.39.38৷৷\n\nāvṛtya pṛthivīṅ sarvāṅ parvatāṅśca vanāni ca.\n\nyūthapā ssamanuprāptā stēṣāṅ saṅkhyā na vidyatē৷৷4.39.39৷৷\n\nāgatāśca viśiṣṭāśca pṛthivyāṅ sarvavānarāḥ.\n\n"
    },
    {
        "sloka": "āplavantaḥ plavantaśca garjantaśca plavaṅgamāḥ.\n\nabhyavartanta sugrīvaṅ sūryamabhragaṇā iva৷৷4.39.40৷৷\n\n"
    },
    {
        "sloka": "kurvāṇā bahuśabdāṅśca prahṛṣṭā bāhuśālinaḥ.\n\nśirōbhirvānarēndrāya sugrīvāya nyavēdayan৷৷4.39.41৷৷\n\n"
    },
    {
        "sloka": "aparē vānaraśrēṣṭhāssaṅgamya ca yathōcitam.\n\nsugrīvēṇa samāgamya sthitāḥ prāñjalaya stadā৷৷4.39.42৷৷\n\n"
    },
    {
        "sloka": "sugrīvastvaritō rāmē sarvāṅstāṅ vānarararṣabhān.\n\nnivēdayitvā dharmajñaḥ sthitaḥ prāñjalirabravīt৷৷4.39.43৷৷\n\n"
    },
    {
        "sloka": "yathāsukhaṅ parvatanijharēṣu\n\nvanēṣu sarvēṣu ca vānarēndrāḥ.\n\nnivēśayitvā vidhivadbalāni\n\nbalaṅ balajñaḥ pratipattumīṣṭē৷৷4.39.44৷৷\n\n"
    }
]