[
    {
        "sloka": "[ Angada discusses with the monkeys the strategies to cross the ocean.]\n\nākhyātā gṛdhrarājēna samutplutya plavaṅgamāḥ.\n\nsaṅgatāḥ prītisaṅyuktā vinēdurbhīmavikramāḥ৷৷4.64.1৷৷\n\n"
    },
    {
        "sloka": "sampātērvacanaṅ śrutvā harayō rāvaṇakṣayam.\n\nhṛṣṭāssāgaramājagmussītādarśanakāṅkṣiṇaḥ৷৷4.64.2৷৷\n\n"
    },
    {
        "sloka": "abhikramya tu taṅ dēśaṅ dadṛśurbhīmavikramāḥ.\n\nkṛtsnaṅ lōkasya mahataḥ pratibimbamiva sthitam৷৷4.64.3৷৷\n\n"
    },
    {
        "sloka": "dakṣiṇasya samudrasya samāsādyōttarāṅ diśam.\n\nsannivēśaṅ tataścakrurharivīrā mahābalāḥ৷৷4.64.4৷৷\n\n"
    },
    {
        "sloka": "sattvairmahadbhirvikṛtaiḥ krīḍadbhirvividhairjalē.\n\nvyāttāsyaissumahākāyairūrmibhiśca samākulam৷৷4.64.5৷৷\n\nprasuptamiva cānyatra krīḍantamiva cānyataḥ.\n\nkvacitparvatamātraiśca jalarāśibhirāvṛtam৷৷4.64.6৷৷\n\nsaṅkulaṅ dānavēndraiśca pātālatalavāsibhiḥ.\n\nrōmaharṣakaraṅ dṛṣṭvā viṣēdu: kapikuñjarāḥ৷৷4.64.7৷৷\n\n"
    },
    {
        "sloka": "ākāśamiva duṣpāraṅ sāgaraṅ prēkṣaya vānarāḥ.\n\nviṣēdu ssahasāsarvē kathaṅ kāryamiti bruvan৷৷4.64.8৷৷\n\n"
    },
    {
        "sloka": "viṣaṇṇāṅ vāhinīṅ dṛṣṭvā sāgarasya nirīkṣaṇāt.\n\nāśvāsayāmāsa harīnbhayārtān harisattamaḥ৷৷4.64.9৷৷\n\n"
    },
    {
        "sloka": "tānviṣādēna mahatā viṣaṇṇānvānararṣabhān.\n\nuvāca matimānkālē vālisūnurmahābalaḥ৷৷4.64.10৷৷\n\n"
    },
    {
        "sloka": "na viṣādē manaḥ kāryaṅ viṣādō dōṣavattamaḥ.\n\nviṣādō hanti puruṣaṅ bālaṅ kruddha ivōragaḥ৷৷4.64.11৷৷\n\n"
    },
    {
        "sloka": "yō viṣādaṅ prasahatē vikramē paryupasthitē.\n\ntējasā tasya hīnasya puruṣārthō na sidhyati৷৷4.64.12৷৷\n\n"
    },
    {
        "sloka": "tasyāṅ rātryāṅ vyatītāyāmaṅgadō vānaraissaha.\n\nharivṛddhaissamāgamya punarmantramamantrayat৷৷4.64.13৷৷\n\n"
    },
    {
        "sloka": "sā vānarāṇāṅ dhvajinī parivāryāṅgadaṅ babhau.\n\nvāsavaṅ parivāryēva marutāṅ vāhinī sthitā৷৷4.64.14৷৷\n\n"
    },
    {
        "sloka": "kō.nyastāṅ vānarīṅ sēnāṅ śakta:stambhayituṅ bhavēt.\n\nanyatra vālitanayādanyatra ca hanūmataḥ৷৷4.64.15৷৷\n\n"
    },
    {
        "sloka": "tatastānharivṛddhāṅśca tacca sainyamarindamaḥ.\n\nanumānyāṅgadaśśrīmānvākyamarthavadabravīt৷৷4.64.16৷৷\n\n"
    },
    {
        "sloka": "ka idānīṅ mahātējā laṅghayiṣyati sāgaram.\n\nkaḥ kariṣyati sugrīvaṅ satyasandhamarindamam৷৷4.64.17৷৷\n\n"
    },
    {
        "sloka": "kō vīrō yōjanaśataṅ laṅghayēta plavaṅgamāḥ.\n\nimāṅśca yūthapān sarvānmōkṣayētkō mahābhayāt৷৷4.64.18৷৷\n\n"
    },
    {
        "sloka": "kasya prabhāvāddhārāṅśca putrāṅścaiva gṛhāṇi ca.\n\nitō nivṛttāḥ paśyēma siddhārthāssukhinō vayam৷৷4.64.19৷৷\n\n"
    },
    {
        "sloka": "kasya prasādādrāmaṅ ca lakṣmaṇaṅ ca mahābalam.\n\nabhigacchēma saṅhṛṣṭāssugrīvaṅ ca vanaukasam৷৷4.64.20৷৷\n\n"
    },
    {
        "sloka": "yadi kaścitsamarthō vassāgaraplavanē hariḥ.\n\nsa dadā tviha na śaśīghraṅ puṇyāmabhayadakṣiṇām৷৷4.64.21৷৷\n\n"
    },
    {
        "sloka": "aṅgadasya vaca śśṛtvā na kaścit kiñcidabravīt.\n\nstimitē vā bhavatsarvā sā tatra harivāhinī৷৷4.64.22৷৷\n\n"
    },
    {
        "sloka": "punarēvāṅgadaḥ prāha tānharīnharisattamaḥ.\n\nsarvē balavatāṅ śrēṣṭhā bhavantō dṛḍhavikramāḥ৷৷4.64.23৷৷\n\nvyapadēśya kulē jātāḥ pūjitāścāpyabhīkṣṇaśaḥ.\n\n"
    },
    {
        "sloka": "na hi vō gamanē saṅgaḥ kadācitkasyacitkvacit.\n\nbruvadhvaṅ yasya yā śaktiḥ plavanē plavagarṣabhāḥ!৷৷4.64.24৷৷\n\n"
    }
]