[
    {
        "sloka": "[ Angada relates the story of Jatayu's combat with Ravana to Sampati]\n\ntattu śrutvā tathā vākyamaṅgadasya mukhōdgatam.\n\nabravīdvacanaṅ gṛdhrastīkṣṇatuṇḍō mahāsvanaḥ৷৷4.57.1৷৷\n\n"
    },
    {
        "sloka": "kō.yaṅ girā ghōṣayati prāṇaiḥ priyatamasya mē.\n\njaṭāyuṣō vadhaṅ bhrātuḥ kampayanniva mē manaḥ৷৷4.57.2৷৷\n\n"
    },
    {
        "sloka": "kathamāsījjanasthānē yuddhaṅ rākṣasagṛdhrayōḥ.\n\nnāmadhēyamidaṅ bhrātuścirasyādya mayā śrutam৷৷4.57.3৷৷\n\n"
    },
    {
        "sloka": "icchēyaṅ giridurgācca bhavadbhiravatāritum.\n\nyavīyasō guṇajñasya ślāghanīyasya vikramaiḥ৷৷4.57.4৷৷\n\natidīrghasya kālasya parituṣṭō.smi parikīrtanāt.\n\n"
    },
    {
        "sloka": "tadicchēyamahaṅ śrōtuṅ vināśaṅ vānararṣabhāḥ৷৷4.57.5৷৷\n\nbhrāturjaṭāyuṣastasya janasthānanivāsinaḥ.\n\n"
    },
    {
        "sloka": "tasyaiva ca mama bhrātussakhā daśarathaḥ katham৷৷4.57.6৷৷\n\nyasya rāmaḥ priyaḥ putrō jyēṣṭhō gurujanapriyaḥ.\n\n"
    },
    {
        "sloka": "sūryāṅśudagdhapakṣatvānna śaknōmyupasarpitum৷৷4.57.7৷৷\n\nicchēyaṅ parvatādasmādavatartu marindamāḥ!.\n\n"
    },
    {
        "sloka": "śōkādbhraṣṭasvaramapi śrutvā tē hariyūthapāḥ.\n\nśraddadhurnaiva tadvākyaṅ karmaṇā tasya śaṅkitāḥ৷৷4.57.8৷৷\n\n"
    },
    {
        "sloka": "tē prāyamupaviṣṭāstu dṛṣṭvā gṛdhraṅ plavaṅgamāḥ.\n\ncakrurbuddhiṅ tadā raudrāṅ sarvānnō bhakṣayiṣyati৷৷4.57.9৷৷\n\n"
    },
    {
        "sloka": "sarvathā prāyamāsīnānyadi nō bhakṣayiṣyati.\n\nkṛtakṛtyā bhaviṣyāmaḥ kṣipraṅ siddhimitō gatāḥ৷৷4.57.10৷৷\n\n"
    },
    {
        "sloka": "ētāṅ buddhiṅ tataścakrussarvē tē vānararṣabhāḥ.\n\navatārya girēśśṛṅgādgṛdhramāhāṅgadastadā৷৷4.57.11৷৷\n\n"
    },
    {
        "sloka": "babhūvarkṣarajā nāma vānarēndraḥ pratāpavān.\n\nmamāryaḥ pārthivaḥ pakṣin! dhārmika stasya cātmajau৷৷4.57.12.\n\nsugrīvaścaiva vālī ca putrāvōghabalāvubhau.\n\nlōkēviśrutakarmābhūdrājā vālī pitā mama৷৷4.57.13৷৷\n\n"
    },
    {
        "sloka": "rājā kṛtsnasya jagata ikṣvākūṇāṅ mahārathaḥ.\n\nrāmō dāśarathiḥ śrīmānpraviṣṭō daṇḍakāvanam৷৷4.57.14৷৷\n\nlakṣmaṇēna saha bhrātrā vaidēhyā cāpi bhāryayā.\n\npiturnidēśaniratō dharmyaṅ panthānamāśritaḥ৷৷4.57.15৷৷\n\n"
    },
    {
        "sloka": "tasya bhāryā janasthānādrāvaṇēna hṛtā balāt.\n\nrāmasya tu piturmitraṅ jaṭāyurnāma gṛdhrarāṭ৷৷4.57.16৷৷\n\ndadarśa sītāṅ vaidēhīṅ hriyamāṇāṅ vihāyasā.\n\n"
    },
    {
        "sloka": "rāvaṇaṅ virathaṅ kṛtvā sthāpayitvā ca maithilīm.\n\npariśrāntaśca vṛddhaśca rāvaṇēna hatō raṇē৷৷4.57.17৷৷\n\n"
    },
    {
        "sloka": "ēvaṅ gṛdhrō hatastēna rāvaṇēna balīyasā.\n\nsaṅskṛtaścāpi rāmēṇa gataśca gatimuttamām৷৷4.57.18৷৷\n\n"
    },
    {
        "sloka": "tatō mama pitṛvyēṇa sugrīvēṇa mahātmanā.\n\ncakāra rāghavassakhyaṅ sō.vadhītpitaraṅ mama৷৷4.57.19৷৷\n\n"
    },
    {
        "sloka": "mama pitrā viruddhō hi sugrīvassacivaissaha.\n\nnihatya vālinaṅ rāmastatastamabhiṣēcayat৷৷4.57.20৷৷\n\n"
    },
    {
        "sloka": "sa rājyē sthāpitastēna sugrīvō vānarādhipaḥ.\n\nrājā vānaramukhyānāṅ yēna prasthāpitā vayam৷৷4.57.21৷৷\n\n"
    },
    {
        "sloka": "ēvaṅ rāmaprayuktāstu mārgamāṇāstatastataḥ.\n\nvaidēhīṅ nādhigacchāmō rātrau sūryaprabhāmiva৷৷4.57.22৷৷\n\n"
    },
    {
        "sloka": "tē vayaṅ daṇḍakāraṇyaṅ vicitya susamāhitāḥ৷৷4.57.23৷৷\n\najñānāttu praviṣṭāssma dharmiṇyā vivṛtaṅ bilam.\n\n"
    },
    {
        "sloka": "mayasya māyāvihitaṅ tadbilaṅ ca vicinvatām৷৷4.57.24৷৷\n\nvyatītastatra nō māsō yō rājñā samayaḥ kṛtaḥ.\n\n"
    },
    {
        "sloka": "tē vayaṅ kapirājasya sarvē vacanakāriṇaḥ৷৷4.57.25৷৷\n\nkṛtāṅ saṅsthāmatikrāntā bhayātprāyamupāsmahē.\n\n"
    },
    {
        "sloka": "kruddhē tasmiṅstu kākutsthē sugrīvē ca salakṣmaṇē৷৷4.57.26৷৷\n\ngatānāmapi sarvēṣāṅ tatra nō nāsti jīvitam.\n\n"
    }
]