[
    {
        "sloka": "[Description of the enchanting environs of Pampa --- dejected Rama laments --- Lakshmana urges Rama to pick up courage --- Rama and Lakshmana proceed towards Rishyamuka --- Sugriva sees Rama and Lakshmana and gets alarmed]\n\nsa tāṅ puṣkariṇīṅ gatvā padmōtpalajhaṣākulām. \n\nrāmassaumitri sahitō vilalāpākulēndriyaḥ৷৷4.1.1৷৷\n\n"
    },
    {
        "sloka": "tasya dṛṣṭvaiva tāṅ harṣādindriyāṇi cakampirē.\n\nsa kāmavaśamāpannassaumitrimidamabravīt৷৷4.1.2৷৷\n\n"
    },
    {
        "sloka": "saumitrē! śōbhatē pampā vaidūryavimalōdakā.\n\nphullapadmōtpalavatī śōbhitā vividhairdrumaiḥ৷৷4.1.3৷৷\n\n"
    },
    {
        "sloka": "saumitrē! paśya pampāyāḥ kānanaṅ śubhadarśanam.\n\nyatra rājanti śailā vā drumāssaśikharā iva৷৷4.1.4৷৷\n\n"
    },
    {
        "sloka": "māṅ tu śōkābhisantaptaṅ mādhavaḥ pīḍayanti vai.\n\nbharatasya ca duḥkhēna vaidēhyā haraṇēna ca৷৷4.1.5৷৷\n\n"
    },
    {
        "sloka": "śōkārtasyāpi mē pampā śōbhatē citrakānanā. \n\nvyavakīrṇā bahuvidhaiḥ puṣpaiśśītōdakā śivā৷৷4.1.6৷৷\n\n"
    },
    {
        "sloka": "nalinairapi sañchannā hyatyarthaśubhadarśanā.\n\nsarpavyālānucaritā mṛgadvijasamākulā৷৷4.1.7৷৷\n\n"
    },
    {
        "sloka": "adhikaṅ pravibhātyētannīlapītaṅ tu śādvalam.\n\ndrumāṇāṅ vividhaiḥ puṣpaiḥ paristōmairivārpitam৷৷4.1.8৷৷\n\n"
    },
    {
        "sloka": "puṣpabhārasamṛddhāni śikharāṇi samantataḥ.\n\nlatābhiḥ puṣpitāgrābhirupagūḍhāni sarvaśaḥ৷৷4.1.9৷৷\n\n"
    },
    {
        "sloka": "sukhānilō.yaṅ saumitrē! kālaḥ pracuramanmathaḥ.\n\ngandhavānsurabhirmāsō jātapuṣpaphaladrumaḥ৷৷4.1.10৷৷\n\n"
    },
    {
        "sloka": "paśya rūpāṇi saumitrē! vanānāṅ puṣpaśālinām.\n\nsṛjatāṅ puṣpavarṣāṇi tōyaṅ tōyamucāmiva৷৷4.1.11৷৷\n\n"
    },
    {
        "sloka": "prastarēṣu ca ramyēṣu vividhāḥ kānanadrumāḥ.\n\nvāyuvēgapracalitāḥ puṣpairavakiranti gām৷৷4.1.12৷৷\n\n"
    },
    {
        "sloka": "patitaiḥ patamānaiśca pādapasthaiśca mārutaḥ. \n\nkusumaiḥ paśya saumitrē! krīḍanniva samantataḥ৷৷4.1.13৷৷\n\n"
    },
    {
        "sloka": "vikṣipanvividhāśśākhā nagānāṅ kusumōtkacāḥ.\n\nmārutaścalitasthānaiṣṣaṭpadairanugīyatē৷৷4.1.14৷৷\n\n"
    },
    {
        "sloka": "mattakōkilasannādairnartayanniva pādapān.\n\nśailakandaraniṣkrāntaḥ pragīta iva cānilaḥ৷৷4.1.15৷৷\n\n"
    },
    {
        "sloka": "tēna vikṣipatā.tyarthaṅ pavanēna samantataḥ.\n\namī saṅsaktaśākhāgrā grathitā iva pādapāḥ৷৷4.1.16৷৷\n\n"
    },
    {
        "sloka": "sa ēṣa sukhasaṅsparśō vāti candanaśītalaḥ.\n\ngandhamabhyavahanpuṇyaṅ śramāpanayanō.nilaḥ৷৷4.1.17৷৷\n\n"
    },
    {
        "sloka": "amī pavanavikṣiptā vinadantīva pādapāḥ.\n\nṣaṭpadairanukūjantō vanēṣu madhugandhiṣu৷৷4.1.18৷৷\n\n"
    },
    {
        "sloka": "giriprasthēṣu ramyēṣu puṣpavadbhirmanōramaiḥ.\n\nsaṅsaktaśikharāśśailā virājantē mahādrumaiḥ৷৷4.1.19৷৷\n\n"
    },
    {
        "sloka": "puṣpasañchannaśikharā mārutōtkṣēpacañcalāḥ.\n\namī madhukarōttaṅsāḥ pragītā iva pādapāḥ৷৷4.1.20৷৷\n\n"
    },
    {
        "sloka": "supuṣpitāṅstu paśyēmānkarṇikārāṅtsamantataḥ.\n\nhāṭakapratisañchannānnarānpītāmbarāniva৷৷4.1.21৷৷\n\n"
    },
    {
        "sloka": "ayaṅ vasantassaumitrē! nānāvihaganāditaḥ.\n\nsītayā viprahīnasya śōkasandīpanō mama৷৷4.1.22৷৷\n\n"
    },
    {
        "sloka": "māṅ hi śōkasamākrāntaṅ santāpayati manmathaḥ. \n\nhṛṣṭaḥ pravadamānaśca mamāhvayati kōkilaḥ৷৷4.1.23৷৷\n\n"
    },
    {
        "sloka": "ēṣa dātyūhakō hṛṣṭō ramyē māṅ vananirjharē.\n\npraṇadanmanmathāviṣṭaṅ śōcayiṣyati lakṣmaṇa৷৷4.1.24৷৷\n\n"
    },
    {
        "sloka": "śrutvaitasya purā śabdamāśramasthā mama priyā.\n\nmāmāhūya pramuditāḥ paramaṅ pratyanandata৷৷4.1.25৷৷\n\n"
    },
    {
        "sloka": "ēvaṅ vicitrāḥ patagā nānārāvavirāviṇaḥ.\n\nvṛkṣagulmalatāḥ paśya sampatanti samantataḥ৷৷4.1.26৷৷\n\n"
    },
    {
        "sloka": "vimiśrā vihagāḥ pumbhirātmavyūhābhinanditāḥ. \n\nbhṛṅgarājapramuditāssaumitrē! madhurasvanāḥ৷৷4.1.27৷৷\n\n"
    },
    {
        "sloka": "dātyūharativikrandaiḥ puṅskōkilarutairapi. \n\nsvananti pādapāścēmē mamānaṅgapradīpanāḥ৷৷4.1.28৷৷\n\n"
    },
    {
        "sloka": "aśōkastabakāṅgāraṣṣaṭpadasvananiḥsvanaḥ. \n\nmāṅ hi pallavatāmrārcirvasantāgniḥ pradhakṣyati৷৷4.1.29৷৷\n\n"
    },
    {
        "sloka": "na hi tāṅ sūkṣmapakṣmākṣīṅ sukēśīṅ mṛdubhāṣiṇīm. \n\napaśyatō mē saumitrē! jīvitē.sti prayōjanam৷৷4.1.30৷৷\n\n"
    },
    {
        "sloka": "ayaṅ hi dayitastasyāḥ kālō rucirakānanaḥ. \n\nkōkilākulasīmāntō dayitāyā mamānagha৷৷4.1.31৷৷\n\n"
    },
    {
        "sloka": "manmathā.yāsasambhūtō vasantaguṇavardhitaḥ. \n\nayaṅ māṅ dhakṣyati kṣipraṅ śōkāgnirnacirādiva৷৷4.1.32৷৷\n\n"
    },
    {
        "sloka": "apaśyatastāṅ dayitāṅ paśyatō ruciradrumān. \n\nmamāyamātmaprabhavō bhūyastvamupayāsyati৷৷4.1.33৷৷\n\n"
    },
    {
        "sloka": "adṛśyamānā vaidēhī śōkaṅ vardhayatē mama. \n\ndṛśyamānō vasantaśca svēdasaṅsargadūṣakaḥ৷৷4.1.34৷৷\n\n"
    },
    {
        "sloka": "māṅ hyadya mṛgaśābākṣī cintāśōkabalātkṛtam. \n\nsantāpayati saumitrē! krūraścaitravanānilaḥ৷৷4.1.35৷৷\n\n"
    },
    {
        "sloka": "amī mayūrāśśōbhantē pranṛtyantastatastataḥ. \n\nsvaiḥ pakṣaiḥ pavanōddhūtairgavākṣaiḥ sphāṭikairiva৷৷4.1.36৷৷\n\n"
    },
    {
        "sloka": "śikhinībhiḥ parivṛtāstē ētē madamūrchitāḥ. \n\nmanmathābhiparītasya mama manmathavardhanāḥ৷৷4.1.37৷৷\n\n"
    },
    {
        "sloka": "paśya lakṣmaṇa! nṛtyantaṅ mayūramupanṛtyati. \n\nśikhinī manmathārtaiṣā bhartāraṅ girisānuni৷৷4.1.38৷৷\n\n"
    },
    {
        "sloka": "tāmēva manmathāviṣṭō mayūrō.pyupadhāvati. \n\nvitatya rucirau pakṣau rutairupahasanniva৷৷4.1.39৷৷\n\n"
    },
    {
        "sloka": "mayūrasya vanē nūnaṅ rakṣasā na hṛtā priyā. \n\ntasmānnṛtyati ramyēṣu vanēṣu saha kāntayā৷৷4.1.40৷৷\n\n"
    },
    {
        "sloka": "mama tvayaṅ vinā vāsaḥ puṣpamāsē sudussahaḥ. \n\npaśya lakṣmaṇa! saṅrāgaḥ tiryagyōnigatēṣvapi. \n\nyadēṣā śikhinī kāmādbhartāraṅ ramatē.ntikē৷৷4.1.41৷৷\n\n"
    },
    {
        "sloka": "māmapyēvaṅ viśālākṣī jānakī jātasambhramā. \n\nmadanēnābhivartēta yadi nā.pahṛtā bhavēt৷৷4.1.42৷৷\n\n"
    },
    {
        "sloka": "paśya lakṣmaṇa! puṣpāṇi niṣphalāni bhavanti mē. \n\npuṣpabhārasamṛddhānāṅ vanānāṅ śiśirātyayē৷৷4.1.43৷৷\n\n"
    },
    {
        "sloka": "rucirāṇyapi puṣpāṇi pādapānāmatiśriyā. \n\nniṣphalāni mahīṅ yānti samaṅ madhukarōtkaraiḥ৷৷4.1.44৷৷\n\n"
    },
    {
        "sloka": "nadanti kāmaṅ śakunā muditāssaṅghaśaḥ kalam. \n\nāhvayanta ivānyōnyaṅ kāmōnmādakarā mama৷৷4.1.45৷৷\n\n"
    },
    {
        "sloka": "vasantō yadi tatrāpi yatra mē vasati priyā. \n\nnūnaṅ paravaśā sītā sāpi śōcatyahaṅ yathā৷৷4.1.46৷৷\n\n"
    },
    {
        "sloka": "nūnaṅ na tu vasantō.taṅ dēśaṅ spṛśati yatra sā. \n\nkathaṅ hyasitapadmākṣī vartayētsā mayā vinā৷৷4.1.47৷৷\n\n"
    },
    {
        "sloka": "athavā vartatē tatra vasantō yatra mē priyā.\n\nkiṅ kariṣyati suśrōṇī sā tu nirbhartsitā paraiḥ৷৷4.1.48৷৷\n\n"
    },
    {
        "sloka": "śyāmā padmapalāśākṣī mṛdupūrvābhibhāṣiṇī. \n\nnūnaṅ vasantamāsādya parityakṣyati jīvitam৷৷4.1.49৷৷\n\n"
    },
    {
        "sloka": "dṛḍhaṅ hi hṛdayē buddhirmama samparivartatē. \n\nnālaṅ vartayituṅ sītā sādhvī madvirahaṅ gatā৷৷4.1.50৷৷\n\n"
    },
    {
        "sloka": "mayi bhāvastu vaidēhyāstattvatō vinivēśitaḥ. \n\nmamāpi bhāvassītāyāṅ sarvathā vinivēśitaḥ৷৷4.1.51৷৷\n\n"
    },
    {
        "sloka": "ēṣa puṣpavahō vāyussukhasparśō himāvahaḥ. \n\ntāṅ vicintayataḥ kāntāṅ pāvakapratimō mama৷৷4.1.52৷৷\n\n"
    },
    {
        "sloka": "sadā sukhamahaṅ manyē yaṅ purā saha sītayā. \n\nmārutassa vinā sītāṅ śōkaṅ vardhayatē mama৷৷4.1.53৷৷\n\n"
    },
    {
        "sloka": "tāṅ vinā vihaṅgō yaḥ pakṣī praṇaditastadā. \n\nvāyasaḥ pādapagataḥ prahṛṣṭamabhinardati৷৷4.1.54৷৷\n\n"
    },
    {
        "sloka": "ēṣa vai tatra vaidēhyā vihagaḥ pratihārakaḥ. \n\npakṣī māṅ tu viśālākṣyāssamīpamupanēṣyati৷৷4.1.55৷৷\n\n"
    },
    {
        "sloka": "śṛṇu lakṣmaṇa! sannādaṅ vanē madvivardhanam. \n\npuṣpitāgrēṣu vṛkṣēṣu dvijānāmupakūjatām৷৷4.1.56৷৷\n\n"
    },
    {
        "sloka": "vikṣiptāṅ pavanēnaitāmasau tilakamañjarīm. \n\nṣaṭpadassahasā.bhyēti madōddhūtāmiva priyām৷৷4.1.57৷৷\n\n"
    },
    {
        "sloka": "kāmināmayamatyantamaśōkaśśōkavardhanaḥ. \n\nstabakaiḥ pavanōtkṣiptaistarjayanniva māṅ sthitaḥ৷৷4.1.58৷৷\n\n"
    },
    {
        "sloka": "amī lakṣmaṇa! dṛśyantē cūtāḥ kusumaśālinaḥ. \n\nvibhramōtsiktamanasaḥ sāṅgarāgā narā iva৷৷4.1.59৷৷\n\n"
    },
    {
        "sloka": "saumitrē! paśya pampāyāścitrāsu vanarājiṣu. \n\nkinnarā naraśārdūla! vicaranti tatastataḥ৷৷4.1.60৷৷\n\n"
    },
    {
        "sloka": "imāni śubhagandhīni paśya lakṣmaṇa! sarvaśaḥ. \n\nnalināni prakāśantē jalē taruṇasūryavat৷৷4.1.61৷৷\n\n"
    },
    {
        "sloka": "ēṣā prasannasalilā padmanīlōtpalāyutā. \n\nhaṅsakāraṇḍavākīrṇā pampā saugandhikānvitā৷৷4.1.62৷৷\n\n"
    },
    {
        "sloka": "jalē taruṇasūryābhaiṣṣaṭpadāhatakēsaraiḥ. \n\npaṅkajaiśśōbhatē pampā samantādabhisaṅvṛtā৷৷4.1.63৷৷\n\n"
    },
    {
        "sloka": "cakravākayutā nityaṅ citraprastavanāntarā. \n\nmātaṅgamṛgayūthaiśca śōbhatē salilārthibhiḥ৷৷4.1.64৷৷\n\n"
    },
    {
        "sloka": "pavanāhatavēgābhirūrmibhirvimalē.mbhasi. \n\npaṅkajāni virājantē tāḍyamānāni lakṣmaṇa!৷৷4.1.65৷৷\n\n"
    },
    {
        "sloka": "padmapatraviśālākṣīṅ satataṅ paṅkajapriyām. \n\napaśyatō mē vaidēhīṅ jīvitaṅ nābhirōcatē৷৷4.1.66৷৷\n\n"
    },
    {
        "sloka": "ahō kāmasya vāmatvaṅ yō gatāmapi durlabhām. \n\nsmārayiṣyati kalyāṇīṅ kalyāṇataravādinīm৷৷4.1.67৷৷\n\n"
    },
    {
        "sloka": "śakyō dhārayituṅ kāmō bhavēdabhyāgatō mayā. \n\nyadi bhūyō vasantō māṅ na hanyātpuṣpitadrumaḥ৷৷4.1.68৷৷\n\n"
    },
    {
        "sloka": "yāni sma ramaṇīyāni tayā saha bhavanti mē. \n\ntānyēvāramaṇīyāni jāyantē mē tayā vinā৷৷4.1.69৷৷\n\n"
    },
    {
        "sloka": "padmakōśapalāśāni draṣṭuṅ dṛṣṭirhi manyatē. \n\nsītāyā nētrakōśābhyāṅ sadṛśānīti lakṣmaṇa!৷৷4.1.70৷৷\n\n"
    },
    {
        "sloka": "padmakēsarasaṅsṛṣṭō vṛkṣāntaravinissṛtaḥ. \n\nniśśvāsa iva sītāyā vāti vāyurmanōharaḥ৷৷4.1.71৷৷\n\n"
    },
    {
        "sloka": "saumitrē! paśya pampāyā dakṣiṇē girisānuni. \n\npuṣpitāṅ karṇikārasya yaṣṭiṅ paramaśōbhanām৷৷4.1.72৷৷\n\n"
    },
    {
        "sloka": "adhikaṅ śailarājō.yaṅ dhātubhiḥ suvibhūṣitaḥ. \n\nvicitraṅ sṛjatē rēṇuṅ vāyuvēgavighaṭṭitam৷৷4.1.73৷৷\n\n"
    },
    {
        "sloka": "giriprasthāstu saumitrē! sarvatassamprapuṣpitaiḥ. \n\nniṣpatraissarvatō ramyaiḥ pradīptā iva kiṅśukaiḥ৷৷4.1.74৷৷\n\n"
    },
    {
        "sloka": "pampātīraruhāścēmē saṅsaktā madhugandhinaḥ. \n\nmālatīmallikāṣaṇḍāḥ karavīrāśca puṣpitāḥ৷৷4.1.75৷৷\n\n"
    },
    {
        "sloka": "kētakyassinduvārāśca vāsantyaśca supuṣpitāḥ. \n\nmādhavyō gandhapūrṇāśca kundagulmāśca sarvaśaḥ৷৷4.1.76৷৷\n\n"
    },
    {
        "sloka": "ciribilvā madhūkāśca vañjulā vakulāstathā.\n\ncampakāstilakāścaiva nāgavṛkṣāssupuṣpitāḥ৷৷4.1.77৷৷\n\nnīpāśca varaṇāścaiva kharjūrāśca supuṣpitā. \n\n"
    },
    {
        "sloka": "padmakāścaiva śōbhantē nīlāśōkāśca puṣpitāḥ. \n\nlōdhrāśca giripṛṣṭhēṣu siṅhakēsarapiñjarāḥ৷৷4.1.78৷৷\n\n"
    },
    {
        "sloka": "aṅkōlāśca kuraṇṭāśca cūrṇakāḥ pāribhadrakāḥ. \n\ncūtāḥ pāṭalayaścaiva kōvidārāśca puṣpitāḥ৷৷4.1.79৷৷\n\nmucukundārjunāścaiva dṛśyantē girisānuṣu. \n\nkētakōddālakāścaiva śirīṣāḥ śiṅśupā dhavāḥ৷৷4.1.80৷৷\n\n"
    },
    {
        "sloka": "śālmalyaḥ kiṅśukāścaiva raktāḥ kuravakāstathā৷৷4.1.81৷৷\n\ntriniśā naktamālāśca candanāssyandanāstathā. \n\n"
    },
    {
        "sloka": "puṣpitānpuṣpitāgrābhirlatābhiḥ parivēṣṭitān. \n\ndrumānpaśyēha saumitrē! pampāyā rucirānbahūn৷৷4.1.82-83৷৷\n\n"
    },
    {
        "sloka": "vātavikṣiptaviṭapānyathā.sannāndrumānimān. \n\nlatāssamanuvartantē mattā iva varastriyaḥ৷৷4.1.84৷৷\n\n"
    },
    {
        "sloka": "pādapātpādapaṅ gacchan śailācchailaṅ vanādvanam. \n\nvāti naikarasāsvādassammōdita ivānilaḥ৷৷4.1.85৷৷\n\n"
    },
    {
        "sloka": "kēcitparyāptakusumāḥ pādapā madhugandhinaḥ. \n\nkēcinmukulasaṅvītāḥ śyāmavarṇā ivābabhuḥ৷৷4.1.86৷৷\n\n"
    },
    {
        "sloka": "idaṅ mṛṣṭamidaṅ svādu praphullamidamityapi. \n\nrāgayuktō madhukaraḥ kusumēṣvēva līyatē৷৷4.1.87৷৷\n\n"
    },
    {
        "sloka": "nilīya punarutpatya sahasā.nyatra gacchati. \n\nmadhulubdhō madhukaraḥ pampātīradrumēṣvasau৷৷4.1.88৷৷\n\n"
    },
    {
        "sloka": "iyaṅ kusumasaṅghātairupastīrṇā sukhākṛtā. \n\nsvayaṅ nipatitairbhūmiśśayanaprastarairiva৷৷4.1.89৷৷\n\n"
    },
    {
        "sloka": "vividhā vividhaiḥ puṣpaistairēva nagasānuṣu. \n\nvikīrṇai pītaraktāhi saumitrē prastarāḥ kṛtāḥ৷৷4.1.90৷৷\n\n"
    },
    {
        "sloka": "himāntē paśya saumitrē! vṛkṣāṇāṅ puṣpasambhavam. \n\npuṣpamāsē hi taravassaṅgharṣādiva puṣpitāḥ৷৷4.1.91৷৷\n\n"
    },
    {
        "sloka": "āhvayanta ivānyōnyaṅ nagāṣṣaṭpadanāditāḥ. \n\nkusumōttaṅsaviṭapāśśōbhantē bahu lakṣmaṇa৷৷4.1.92৷৷\n\n"
    },
    {
        "sloka": "ēṣa kāraṇḍavaḥ pakṣī vigāhya salilaṅ śubham. \n\nramatē kāntayā sārdhaṅ kāmamuddīpayanmama৷৷4.1.93৷৷\n\n"
    },
    {
        "sloka": "mandākinyāstu yadidaṅ rūpamēvaṅ manōharam. \n\nsthānē jagati vikhyātā guṇāstasyā manōramāḥ৷৷4.1.94৷৷\n\n"
    },
    {
        "sloka": "yadi dṛśyēta sā sādhvī yadi cēha vasēmahi. \n\nspṛhayēyaṅ na śakrāya nāyōdhyāyai raghūttama৷৷4.1.95৷৷\n\n"
    },
    {
        "sloka": "nahyēvaṅ ramaṇīyēṣu śādvalēṣu tayā saha. \n\nramatō mē bhavēccintā na spṛhā.nyēṣu vā bhavēt৷৷4.1.96৷৷\n\n"
    },
    {
        "sloka": "amī hi vividhaiḥ puṣpaistaravō ruciracchadāḥ. \n\nkānanē৷৷sminvinā kāntāṅ cintāmutpādayanti mē৷৷4.1.97৷৷\n\n"
    },
    {
        "sloka": "paśya śītajalāṅ cēmāṅ saumitrē! puṣkarāyutām. \n\ncakravākānucaritāṅ kāraṇḍava niṣēvitām৷৷4.1.98৷৷\n\n"
    },
    {
        "sloka": "plavaiḥ krauñcaiśca sampūrṇāṅ mahāmṛganiṣēvitām. \n\nadhikaṅ śōbhatē pampā vikūjadbhiḥrvihaṅgamaiḥ৷৷4.1.99৷৷\n\ndīpayantīva mē kāmaṅ vividhā muditā dvijāḥ. \n\nśyāmāṅ candramukhīṅ smṛtvā priyāṅ padmanibhēkṣaṇām৷৷4.1.100৷৷\n\n"
    },
    {
        "sloka": "paśya sānuṣu citrēṣu mṛgībhissahitānmṛgān. \n\nmāṅ punarmṛgaśābākṣyā vaidēhyā virahīkṛtam৷৷4.1.101৷৷\n\nvyathayantīva mē cittaṅ sañcarantastatastataḥ. \n\n"
    },
    {
        "sloka": "asminsānuni ramyē hi mattadvijagaṇāyutē. \n\npaśyēyaṅ yadi tāṅ kāntāṅ tatassvasti bhavēnmama৷৷4.1.102৷৷\n\n"
    },
    {
        "sloka": "jīvēyaṅ khalu saumitrē! mayā saha sumadhyamā. \n\nsēvatē yadi vaidēhī pampāyāḥ pavanaṅ sukham৷৷4.1.103৷৷\n\n"
    },
    {
        "sloka": "padmasaugandhikavahaṅ śivaṅ śōkavināśanam. \n\ndhanyā lakṣmaṇa! sēvantē pampōpavanamārutam৷৷4.1.104৷৷\n\n"
    },
    {
        "sloka": "śyāmā padmapalāśākṣī priyā virahitā mayā. \n\nkathaṅ dhārayati prāṇānvivaśā janakātmajā৷৷4.1.105৷৷\n\n"
    },
    {
        "sloka": "kinnu vakṣyāmi rājānaṅ dharmajñaṅ satyavādinam. \n\nsītāyā janakaṅ pṛṣṭaḥ kuśalaṅ janasaṅsadi৷৷4.1.106৷৷\n\n"
    },
    {
        "sloka": "yā māmanugatā mandaṅ pitrā pravrājitaṅ vanam. \n\nsītā satpathamāsthāya kva nu sā vartatē priyā৷৷4.1.107৷৷\n\n"
    },
    {
        "sloka": "tayā vihīnaḥ kṛpaṇaḥ kathaṅ lakṣmaṇa! dhārayē. \n\nyā māmanugatā rājyādbhraṣṭaṅ vigatacētasam৷৷4.1.108৷৷\n\n"
    },
    {
        "sloka": "taccārvañcitapadmākṣaṅ sugandhi śubhamavraṇam. \n\napaśyatō mukhaṅ tasyāssīdatīva manō mama৷৷4.1.109৷৷\n\n"
    },
    {
        "sloka": "smitahāsyāntarayutaṅ guṇavanmadhuraṅ hitam. \n\nvaidēhyā vākyamatulaṅ kadā śrōṣyāmi lakṣmaṇa!৷৷4.1.110৷৷\n\n"
    },
    {
        "sloka": "prāpya dukhaṅ vanē śyāmā māṅ manmathavikarśitam. \n\nnaṣṭaduḥkhēva hṛṣṭēva sādhvī sādhvabhyabhāṣata৷৷4.1.111৷৷\n\n"
    },
    {
        "sloka": "kiṅ nu vakṣyāmi kausalyāmayōdhyāyāṅ nṛpātmaja. \n\nkva sā snuṣēti pṛcchantīṅ kathaṅ cāpi tu manasvinīm৷৷4.1.112৷৷\n\n"
    },
    {
        "sloka": "gaccha lakṣmaṇa! paśya tvaṅ bharataṅ bhrātṛvatsalam. \n\nna hyahaṅ jīvitu śaktastāmṛtē janakātmajām৷৷4.1.113৷৷\n\n"
    },
    {
        "sloka": "iti rāmaṅ mahātmānaṅ vilapantamanāthavat. \n\nuvāca lakṣmaṇō bhrātā vacanaṅ yuktamavyayam৷৷4.1.114৷৷\n\n"
    },
    {
        "sloka": "saṅstambha rāma! bhadraṅ tē mā śucaḥ puruṣōttama!. \n\nnēdṛśānāṅ matirmandā bhavatyakaluṣātmanām৷৷4.1.115৷৷\n\n"
    },
    {
        "sloka": "smṛtvā viyōgajaṅ duḥkhaṅ tyaja snēhaṅ priyē janē. \n\natisnēhapariṣvaṅgādvartirārdrāpi dahyatē৷৷4.1.116৷৷\n\n"
    },
    {
        "sloka": "yadi gacchati pātālaṅ tatō.bhyadhikamēva vā. \n\nsarvathā rāvaṇastāvanna bhaviṣyati rāghava৷৷4.1.117৷৷\n\n"
    },
    {
        "sloka": "pravṛttirlabhyatāṅ tāvattasya pāpasya rakṣasaḥ. \n\ntatō hāsyati vā sītāṅ nidhanaṅ vā gamiṣyati৷৷4.1.118৷৷\n\n"
    },
    {
        "sloka": "yadi yātiditērgarbhaṅ rāvaṇassaha sītayā. \n\ntatrāpyēnaṅ haniṣyāmi na cēddāsyati maithilīm৷৷4.1.119৷৷\n\n"
    },
    {
        "sloka": "svāsthyaṅ bhadraṅ bhajasvārya tyajyatāṅ kṛpaṇā matiḥ. \n\narthō hi naṣṭakāryārthairnāyatnēnādhigamyatē৷৷4.1.120৷৷\n\n"
    },
    {
        "sloka": "utsāhō balavānārya! nāstyutsāhātparaṅ balam. \n\nsōtsāhasyāsti lōkē.smin na kiñcidapi durlabham৷৷4.1.121৷৷\n\n"
    },
    {
        "sloka": "utsāhavantaḥ puruṣā nāvasīdanti karmasu. \n\nutsāhamātramāśritya sītāṅ pratilabhēmahi৷৷4.1.122৷৷\n\n"
    },
    {
        "sloka": "tyajyatāṅ kāmavṛttatvaṅ śōkaṅ sannyasya pṛṣṭhataḥ. \n\nmahātmānaṅ kṛtātmānamātmānaṅ nāvabudhyasē৷৷4.1.123৷৷\n\n"
    },
    {
        "sloka": "ēvaṅ sambōdhitastatra śōkōpahatacētanaḥ. \n\ntyajya śōkañca mōhañca tatō dhairyamupāgamat৷৷4.1.124৷৷\n\n"
    },
    {
        "sloka": "sō.bhyatikrāmadavyagrastāmacintyaparākramaḥ. \n\nrāmaḥ pampāṅ surucirāṅ ramyapāriplavadrumām৷৷4.1.125৷৷\n\n"
    },
    {
        "sloka": "nirīkṣamāṇassahasā mahātmā sarvaṅ vanaṅ nirjharakandarāśca. \n\nudvignacētāssaha lakṣmaṇēna vicārya duḥkhōpahataḥ pratasthē৷৷4.1.126৷৷\n\n"
    },
    {
        "sloka": "taṅ mattamātaṅgavilāsagāmī gacchantamavyagramanā mahātmā. \n\nsa lakṣmaṇō rāghavamapramattō rarakṣa dharmēṇa balēna caiva৷৷4.1.127৷৷\n\n"
    },
    {
        "sloka": "tāvṛṣyamūkasya samīpacārī carandadarśādbhutadarśanīyau. \n\nśākhāmṛgāṇāmadhipastarasvī vitatrasē naiva cicēṣṭa kiñcit৷৷4.1.128৷৷\n\n"
    },
    {
        "sloka": "sa tau mahātmā gajamandagāmī śākhāmṛgastatra carañcarantau. \n\ndṛṣṭvā viṣādaṅ paramaṅ jagāma cintāparītō bhayabhāramagnaḥ৷৷4.1.129৷৷\n\n"
    },
    {
        "sloka": "tamāśramaṅ puṇyasukhaṅ śaraṇyaṅ sadaiva śākhāmṛgasēvitāntam. \n\ntrastāśca dṛṣṭvā harayō.bhijagmurmahaujasau rāghavalakṣmaṇau tau৷৷4.1.130৷৷\n\n"
    }
]