[
    {
        "sloka": "[Samapati narrates his story to the monkeys says he saw Sita being carried off by Ravana to Lanka.]\n\nityuktaḥ karuṇaṅ vākyaṅ vānaraistyaktajīvitaiḥ.\n\nsabāṣpō vānarāngṛdhraḥ pratyuvāca mahāsvanaḥ৷৷4.58.1৷৷\n\n"
    },
    {
        "sloka": "yavīyānmama bhrātā jaṭāyurnāma vānarāḥ.\n\nyamākhyāta hataṅ yuddhē rāvaṇēna balīyasā৷৷4.58.2৷৷\n\n"
    },
    {
        "sloka": "vṛddhabhāvādapakṣatvācchṛṇvaṅstadapi marṣayē.\n\nna hi mē śaktirastyadya bhrāturvairavimōkṣaṇē৷৷4.58.3৷৷\n\n"
    },
    {
        "sloka": "purā vṛtravadhē vṛttē parasparajayaiṣiṇau.\n\nādityamupayātau svō jvalantaṅ raśmimālinam৷৷4.58.4৷৷\n\n"
    },
    {
        "sloka": "āvṛttyā.kāśamārgē tu javēna sma gatau bhṛśam.\n\nmadhyaṅ prāptē dinakarē jaṭāyuravasīdati৷৷4.58.5৷৷\n\n"
    },
    {
        "sloka": "tamahaṅ bhrātaraṅ dṛṣṭvā sūryaraśmibhirarditam.\n\npakṣābhyāṅ chādayāmāsa snēhātparamavihvalaḥ৷৷4.58.6৷৷\n\n"
    },
    {
        "sloka": "nirdagdhapakṣaḥ patitō vindhyē.haṅ vānararṣabhāḥ.\n\nahamasminvasanbhrātuḥ pravṛttiṅ nōpalakṣayē৷৷4.58.7৷৷\n\n"
    },
    {
        "sloka": "jaṭāyuṣastvēvamuktō bhrātrā sampātinā tadā.\n\nyuvarājō mahāprājñaḥ pratyuvācāṅgadastataḥ৷৷4.58.8৷৷\n\n"
    },
    {
        "sloka": "jaṭāyuṣō yadi bhrātā śrutaṅ tē gaditaṅ mayā.\n\nākhyā hi yadi jānāsi nilayaṅ tasya rakṣasaḥ৷৷4.58.9৷৷\n\n"
    },
    {
        "sloka": "adīrghadarśinaṅ taṅ vai rāvaṇaṅ rākṣasādhipam.\n\nantikē yadi vā dūrē yadi jānāsi śaṅsa naḥ৷৷4.58.10৷৷\n\n"
    },
    {
        "sloka": "tatō.bravīnmahātējā jyēṣṭhō bhrātā jaṭāyuṣaḥ.\n\nātmānurūpaṅ vacanaṅ vānarānsampraharṣayan৷৷4.58.11৷৷\n\n"
    },
    {
        "sloka": "nirdagdhapakṣō gṛdhrō.haṅ hīnavīrya: plavaṅgamāḥ!.\n\nvāṅmātrēṇa tu rāmasya kariṣyē sāhyamuttamam৷৷4.58.12৷৷\n\n"
    },
    {
        "sloka": "jānāmi vāruṇānlōkānviṣṇōstrai vikramānapi.\n\nmahāsuravimardanvā śca hyamṛtasya ca manthanam৷৷4.58.13৷৷\n\n"
    },
    {
        "sloka": "rāmasya yadidaṅ kāryaṅ kartavyaṅ prathamaṅ mayā.\n\njarayā ca hṛtaṅ tējaḥ prāṇāśca śithilā mama৷৷4.58.14৷৷\n\n"
    },
    {
        "sloka": "taruṇī rūpasampannā sarvābharaṇabhūṣitā.\n\nhriyamāṇā mayā dṛṣṭā rāvaṇēna durātmanā৷৷4.58.15৷৷\n\nkrōśantī rāma rāmēti lakṣmaṇēti ca bhāminī.\n\nbhūṣaṇānyapavidhyantī gātrāṇi ca vidhunvatī৷৷4.58.16৷৷\n\n"
    },
    {
        "sloka": "sūryaprabhēva śailāgrē tasyāḥ kauśēyamuttamam.\n\nasitē rākṣasē bhāti yathā vā taṭidambudē৷৷4.58.17৷৷\n\n"
    },
    {
        "sloka": "tāṅ tu sītāmahaṅ manyē rāmasya parikīrtanāt.\n\nśrūyatāṅ mē kathayatō nilayaṅ tasya rakṣasaḥ৷৷4.58.18৷৷\n\n"
    },
    {
        "sloka": "putrō viśravasa ssākṣādbhrātā vaiśravaṇasya ca.\n\nadhyāstē nagarīṅ laṅkāṅ rāvaṇō nāma rākṣasaḥ৷৷4.58.19৷৷\n\n"
    },
    {
        "sloka": "itō dvīpassamudrasya sampūrṇē śatayōjanē.\n\ntasminlaṅkāpurī ramyā nirmitā viśvakarmaṇā৷৷4.58.20৷৷\n\n"
    },
    {
        "sloka": "jāmbūnadamayairdvāraiścitraiḥ kāñcanavēdikaiḥ.\n\nprāsādairhēmavarṇaiśca mahadbhiḥ susamā kṛtā৷৷4.58.21৷৷\n\nprākārēṇārkavarṇēna mahatā ca samānvitā.\n\n"
    },
    {
        "sloka": "tasyāṅ vasati vaidēhī dīnā kauśēyavāsinī৷৷4.58.22৷৷\n\nrāvaṇāntaḥpurē ruddhā rākṣasībhissurakṣitā.\n\njanakasyātmajāṅ rājñastatra drakṣyatha maithilīm৷৷4.58.23৷৷\n\n"
    },
    {
        "sloka": "laṅkāyāmatha guptāyāṅ sāgarēṇa samantataḥ.\n\nsamprāpya sāgarasyāntaṅ sampūrṇaṅ śatayōjanam৷৷4.58.24৷৷\n\nāsādya dakṣiṇaṅ tīraṅ tatō drakṣyatha rāvaṇam.\n\ntatraiva tvaritāḥ kṣipraṅ vikramadhvaṅ plavaṅgamāḥ৷৷4.58.25৷৷\n\n"
    },
    {
        "sloka": "jñānēna khalu paśyāmi dṛṣṭvā pratyāgamiṣyatha.\n\nādyaḥ panthāḥ kuliṅgānāṅ yē cānyē dhānyajīvinaḥ৷৷4.58.26৷৷\n\ndvitīyō balibhōjānāṅ yē ca vṛkṣaphalāśinaḥ.\n\nbhāsāstṛtīyaṅ gacchanti krauñcāśca kuraraissaha৷৷4.58.27৷৷\n\nśyēnāścaturthaṅ gacchanti gṛdhrā gacchanti pañcamam.\n\n"
    },
    {
        "sloka": "balavīryōpapannānāṅ rūpayauvanaśālinām৷৷4.58.28৷৷\n\nṣaṣṭhastu panthā haṅsānāṅ vainatēyagatiḥ parā.\n\nvainatēyācca nō janma sarvēṣāṅ vānararṣabhāḥ!৷৷4.58.29৷৷\n\n"
    },
    {
        "sloka": "ihasthō.haṅ prapaśyāmi rāvaṇaṅ jānakīṅ tathā.\n\nasmākamapi sauvarṇaṅ divyaṅ cakṣurbalaṅ tathā৷৷4.58.30৷৷\n\n"
    },
    {
        "sloka": "tasmādāhāravīryēṇa nisargēṇa ca vānarāḥ.\n\nāyōjanaśatātsāgrādvayaṅ paśyāma nityaśaḥ৷৷4.58.31৷৷\n\n"
    },
    {
        "sloka": "asmākaṅ vihitā vṛttirnisargēṇa ca dūrataḥ.\n\nvihitā pādamūlē tu vṛttiścaraṇayōdhinām৷৷4.58.32৷৷\n\n"
    },
    {
        "sloka": "garhitaṅ tu kṛtaṅ karma yēna sma paśitāśinā.\n\npratīkāryaṅ ca mē tasya vairaṅ bhrātṛkṛtaṅ bhavēt৷৷4.58.33৷৷\n\n"
    },
    {
        "sloka": "upāyō dṛśyatāṅ kaścillaṅghanē lavaṇāmbhasaḥ.\n\nabhigamya tu vaidēhīṅ samṛddhārthā gamiṣyatha৷৷4.58.34৷৷\n\n"
    },
    {
        "sloka": "samudraṅ nētumicchāmi bhavadbhirvaruṇālayam.\n\npradāsyāmyudakaṅ bhrātussvargatasya mahātmanaḥ৷৷4.58.35৷৷\n\n"
    },
    {
        "sloka": "tatō nītvā tu taṅ dēśaṅ tīraṅ nadanadīpatēḥ.\n\nnirdagdhapakṣaṅ sampātiṅ vānarāssumahaujasaḥ৷৷4.58.36৷৷\n\npunaḥ pratyānayitvā ca taṅ dēśaṅ patagēśvaram.\n\nbabhūvurvānarā hṛṣṭāḥ pravṛttimupalabhya tē৷৷4.58.37৷৷\n\n"
    }
]