[
    {
        "sloka": "[Description of Hanuman's glory]\n\nanēkaśatasāhasrīṅ viṣaṇṇāṅ harivāhinīm.\n\njāmbavānsamudīkṣyaivaṅ hanūmantamathābravīt৷৷4.66.1৷৷\n\n"
    },
    {
        "sloka": "vīra! vānaralōkasya sarvaśāstravidāṅ vara.\n\ntūṣṇīmēkāntamāśritya hanūmankiṅ na jalpasi৷৷4.66.2৷৷\n\n"
    },
    {
        "sloka": "hanūmanharirājasya sugrīvasya samō hyasi.\n\nrāmalakṣmaṇayōścāpi tējasā ca balēna ca৷৷4.66.3৷৷\n\n"
    },
    {
        "sloka": "ariṣṭanēminaḥ putrō vainatēyō mahābalaḥ.\n\ngarutmāniti vikhyāta uttamassarvapakṣiṇām৷৷4.66.4৷৷\n\n"
    },
    {
        "sloka": "bahuśō hi mayā dṛṣṭaḥ sāgarē sa mahābalaḥ.\n\nbhujaṅgānuddharanpakṣī mahāvēgō mahāyaśāḥ৷৷4.66.5৷৷\n\n"
    },
    {
        "sloka": "pakṣayōryadbalaṅ tasya tāvadbhujabalaṅ tava.\n\nvikramaścāpi vēgaśca na tē tēnāvahīyatē৷৷4.66.6৷৷\n\n"
    },
    {
        "sloka": "balaṅ buddhiśca tējaśca sattvaṅ ca haripuṅgava!.\n\nviśiṣṭaṅ sarvabhūtēṣu kimātmānaṅ na budhyasē৷৷4.66.7৷৷\n\n"
    },
    {
        "sloka": "apsarāpsarasāṅ śrēṣṭhā vikhyātā puñjikasthalā.\n\nañjanēti parikhyātā patnī kēsariṇō harēḥ৷৷4.66.8৷৷\n\n"
    },
    {
        "sloka": "vikhyātā triṣu lōkēṣu rūpēṇāpratimā bhuvi.\n\nabhiśāpādabhūttāta vānarī kāmarūpiṇī৷৷4.66.9৷৷\n\n"
    },
    {
        "sloka": "duhitā vānarēndrasya kuñjarasya mahātmanaḥ.\n\nmānuṣaṅ vigrahaṅ kṛtvā rūpayauvanaśālinī৷৷4.66.10৷৷\n\nvicitramālyābharaṇā mahārhakṣaumavāsinī.\n\nacaratparvatasyāgrē prāvṛḍambudasannibhē৷৷4.66.11৷৷\n\n"
    },
    {
        "sloka": "tasyā vastraṅ viśālākṣyāḥ pītaṅ raktadaśaṅ śubham.\n\nsthitāyāḥ parvatasyāgrē mārutō.paharacchanaiḥ৷৷4.66.12৷৷\n\n"
    },
    {
        "sloka": "sa dadarśa tatastasyā vṛttāvūrū susaṅhatau.\n\nstanau ca pīnau sahitau sujātaṅ cāru cānanam৷৷4.66.13৷৷\n\n"
    },
    {
        "sloka": "tāṅ viśālāyataśrōṇīṅ tanumadhyāṅ yaśasvinīm.\n\ndṛṣṭavaiva śubhasarvāṅgīṅ pavanaḥ kāmamōhitaḥ৷৷4.66.14৷৷\n\n"
    },
    {
        "sloka": "sa tāṅ bhujābhyāṅ dīrghābhyāṅ paryaṣvajata mārutaḥ.\n\nmanmathāviṣṭasarvāṅgō gatātmā tāmaninditām৷৷4.66.15৷৷\n\n"
    },
    {
        "sloka": "sā tu tatraiva sambhrāntā suvratā vākyamabravīt.\n\nēkapatnīvratamidaṅ kō nāśayitumicchati৷৷4.66.16৷৷\n\n"
    },
    {
        "sloka": "añjanāyā vacśutvā mārutaḥ pratyabhāṣata.\n\nna tvāṅ hiṅsāmi suśrōṇi! mā bhūttē subhagē bhayam৷৷4.66.17৷৷\n\n"
    },
    {
        "sloka": "manasā.smi gatō yattvāṅ pariṣvajya yaśasvinīm.\n\nvīryavānbuddhisampanna: putrastava bhaviṣyati৷৷4.66.18৷৷\n\n"
    },
    {
        "sloka": "mahāsattvō mahātējā mahābalaparākramaḥ.\n\nlaṅghanē plavanē caiva bhaviṣyati hi matsamaḥ৷৷4.66.19৷৷\n\n"
    },
    {
        "sloka": "ēvamuktā tatastuṣṭā jananī tē mahākapē.\n\nguhāyāṅ tvāṅ mahābāhō prajajñē plavagarṣabham৷৷4.66.20৷৷\n\n"
    },
    {
        "sloka": "abhyutthitaṅ tatassūryaṅ bālō dṛṣṭvā mahāvanē.\n\nphalaṅ cēti jighṛkṣustvamutplutyābhyudgatō divam৷৷4.66.21৷৷\n\n"
    },
    {
        "sloka": "śatāni trīṇi gatvā.tha yōjanānāṅ mahākapē!.\n\ntējasā tasya nirdhūtō na viṣādaṅ tatōgataḥ৷৷4.66.22৷৷\n\n"
    },
    {
        "sloka": "tāvadāpapata stūrṇamantarikṣaṅ mahākapē!.\n\nkṣiptamindrēṇa tē vajraṅ kōpāviṣṭēna dhīmatā৷৷4.66.23৷৷\n\n"
    },
    {
        "sloka": "tadā śailāgraśikharē vāmō hanurabhajyata.\n\ntatō hi nāmadhēyaṅ tē hanumāniti kīrtyatē৷৷4.66.24৷৷\n\n"
    },
    {
        "sloka": "tastvāvi nihataṅ dṛṣṭvā vāyurgandhavahassvayam.\n\ntrailōkyē bhṛśasaṅkṛddhō na vavau vai prabhañjanaḥ৷৷4.66.25৷৷\n\n"
    },
    {
        "sloka": "sambhrāntāśca sūrāssarvē trailōkyē kṣubhitē sati.\n\nprasādayanti saṅkruddhaṅ mārutaṅ bhuvanēśvarāḥ৷৷4.66.26৷৷\n\n"
    },
    {
        "sloka": "prasāditē ca pavanē brahmā tubhyaṅ varaṅ dadau.\n\naśastravadhyatāṅ tāta! samarē satyavikrama৷৷4.66.27৷৷\n\n"
    },
    {
        "sloka": "vajrasya ca nipātēna virujaṅ tvāṅ samīkṣya ca.\n\nsahasranētraḥ prītātmā dadau tē varamuttamam৷৷4.66.28৷৷\n\nsvacchandataśca maraṇaṅ tēbhūyāditi vai prabhō.\n\n"
    },
    {
        "sloka": "sa tvaṅ kēsariṇaḥ putraḥ kṣētrajō bhīmavikramaḥ৷৷4.66.29৷৷\n\nmārutasyaurasaḥ putrastējasā cāpi tatsamaḥ.\n\ntvaṅ hi vāyusutō vatsa! plavanē cāpi tatsamaḥ৷৷4.66.30৷৷\n\n"
    },
    {
        "sloka": "vayamadya gataprāṇā bhavānnastrātu sāmpratam.\n\ndākṣyavikramasampannaḥ kapirāja ivāparaḥ৷৷4.66.31৷৷\n\n"
    },
    {
        "sloka": "trivikramē mayā tāta saśailavanakānanā.\n\ntrissaptakṛtvaḥ pṛthivī parikrāntā pradakṣiṇam৷৷4.66.32৷৷\n\n"
    },
    {
        "sloka": "tathā cauṣadhayō.smābhissañcitā dēvaśāsanāt.\n\nniṣpannamamṛtaṅ yābhistadāsīnnō mahadbalam৷৷4.66.33৷৷\n\n"
    },
    {
        "sloka": "sa idānīmahaṅ vṛddhaḥ parihīnaparākramaḥ.\n\nsāmprataṅ kālamasmākaṅ bhavānsarvaguṇānvitaḥ৷৷4.66.34৷৷\n\n"
    },
    {
        "sloka": "tadvijṛmbhasva vikrānta: plavatāmuttamō hyasi.\n\ntvadvīryaṅ draṣṭukāmā hi sarvā vānaravāhinī৷৷4.66.35৷৷\n\n"
    },
    {
        "sloka": "uttiṣṭha hariśārdūla! laṅghayasva mahārṇavam.\n\nparā hi sarvabhūtānāṅ hanumanyā gatistava৷৷4.66.36৷৷\n\n"
    },
    {
        "sloka": "viṣaṇṇā harayassarvē hanumankimupēkṣasē.\n\nvikramasva mahāvēgō viṣṇustrīnvikramāniva৷৷4.66.37৷৷\n\n"
    },
    {
        "sloka": "tatastu vai jāmbavatā pracōditaḥ\n\npratītavēgaḥ pavanātmajaḥ kapiḥ.\n\npraharṣayaṅstāṅ harivīravāhinīṅ\n\ncakāra rūpaṅ mahadātmanastadā৷৷4.66.38৷৷\n\n"
    }
]