[
    {
        "sloka": "[Nature on the way to Kishkinda --- Sugriva describes the hermitage of the seven sages and the power of their penance]\n\nṛṣyamūkātsa dharmātmā kiṣkindhāṅ lakṣmaṇāgrajaḥ.\n\njagāma sahasugrīvō vālivikramapālitām4.13.1৷৷\n\n"
    },
    {
        "sloka": "samudyamya mahaccāpaṅ rāmaḥ kāñcanabhūṣitam.\n\nśarāṅścādityasaṅkāśāngṛhītvā raṇasādhakān4.13.2৷৷\n\n"
    },
    {
        "sloka": "agratastu yayau tasya rāghavasya mahātmanaḥ.\n\nsugrīvaḥ saṅhatagrīvō lakṣmaṇaśca mahābalaḥ4.13.3৷৷\n\n"
    },
    {
        "sloka": "pṛṣṭhatō hanumānvīrō nalō nīlaśca vānaraḥ.\n\ntāraścaiva mahātējā hariyūthapayūthapaḥ4.13.4৷৷\n\n"
    },
    {
        "sloka": "tē vīkṣamāṇā vṛkṣāṅśca puṣpabhārāvalambinaḥ.\n\nprasannāmbuvahāścaiva saritassāgaraṅgamāḥ4.13.5৷৷\n\n"
    },
    {
        "sloka": "kandarāṇi ca śailāṅśca nirdarāṇi guhāstathā.\n\nśikharāṇi ca mukhyāni darīśca priyadarśanāḥ4.13.6৷৷\n\n"
    },
    {
        "sloka": "vaiḍhūryavimalai:parṇai padmaiścākōśakuṭmalaiḥ.\n\nśōbhitāṅtsajalānmārgē taṭākāṅśca vyalōkayan4.13.7৷৷\n\n"
    },
    {
        "sloka": "kāraṇḍaissārasairhaṅsairvañjulairjalakukkuṭaiḥ.\n\ncakravākai stathā cānyaiśśakunaiḥ rupanāditān4.13.8৷৷\n\n"
    },
    {
        "sloka": "mṛduśaṣpāṅkurāhārānnirbhayānvanagōcarān.\n\ncaratassarvatau.paśyan sthalīṣu hariṇān sthitān4.13.9৷৷\n\n"
    },
    {
        "sloka": "taṭākavairiṇaścāpi śukladantavibhūṣitān.\n\nghōrānēkacarānvanyāndviradānkūlaghātinaḥ4.13.10৷৷\n\n"
    },
    {
        "sloka": "mattāngiritaṭōtkṛṣṭānparvatāniva jaṅgamān.\n\nvāraṇānvāridaprakhyānmahīrēṇusamukṣitān4.13.11৷৷\n\n"
    },
    {
        "sloka": "vanē vanacarāṅścānyānkhēcarāṅśca vihaṅgamān.\n\npaśyantastvaritā jagmussugrīvavaśavartinaḥ4.13.12৷৷\n\n"
    },
    {
        "sloka": "tēṣāṅ tu gacchatāṅ tatra tvaritaṅ raghunandanaḥ.\n\ndrumaṣaṇḍaṅ vanaṅ dṛṣṭvā rāmassugrīvamabravīt4.13.13৷৷\n\n"
    },
    {
        "sloka": "ēṣa mēgha ivākāśē vṛkṣaṣaṇḍaḥ prakāśatē.\n\nmēghasaṅghātavipulaḥ paryantakadalīvṛtaḥ4.13.14৷৷\n\n"
    },
    {
        "sloka": "kimētat jñātumicchāmi sakhē! kautūhalaṅ hi mē.\n\nkautūhalāpanayanaṅ kartumicchāmyahaṅ tvayā4.13.15৷৷\n\n"
    },
    {
        "sloka": "tasya tadvacanaṅ śrutvā rāghavasya mahātmanaḥ.\n\ngacchannēvācacakṣē.tha sugrīvastanmahadvanam4.13.16৷৷\n\n"
    },
    {
        "sloka": "ētadrāghava vistīrṇamāśramaṅ śramanāśanam.\n\nudyānavanasampannaṅ svādumūlaphalōdakam4.13.17৷৷\n\n"
    },
    {
        "sloka": "atra saptajanā nāma munaya ssaṅśritavratāḥ.\n\nsaptaivāsannadhaśaśīrṣā niyataṅ jalaśāyinaḥ4.13.18৷৷\n\n"
    },
    {
        "sloka": "saptarātrakṛtāhārā vāyunācalavāsinaḥ.\n\ndivaṅ varṣaśatairyātāḥ saptabhiḥ sakalēbarāḥ4.13.19৷৷\n\n"
    },
    {
        "sloka": "tēṣāmēvaṅ prabhāvānāṅ drumaprākārasaṅvṛtam.\n\nāśramassudurādharṣa api sēndraissurāsuraiḥ4.13.20৷৷\n\n"
    },
    {
        "sloka": "pakṣiṇō varjayantyētattathā.nyē vanacāriṇaḥ.\n\nviśanti mōhādyē.pyatra nivartantē na tē punaḥ4.13.21৷৷\n\n"
    },
    {
        "sloka": "vibhūṣaṇaravāstatra śrūyantē sakalākṣarāḥ.\n\ntūryagītasvanāścātra gandhō divyaśca rāghava!4.13.22৷৷\n\n"
    },
    {
        "sloka": "trētāgnayō.pi dīpyantē dūmō hyatra prakāśatē.\n\nvēṣṭayanniva vṛkṣāgrānkapōtāṅgāruṇō ghanaḥ4.13.23৷৷\n\n"
    },
    {
        "sloka": "ētē vṛkṣāḥ prakāśantē dhūmasaṅsaktamastakāḥ.\n\nmēghajālapraticchannā vaiḍhūryagirayō yathā4.13.24৷৷\n\n"
    },
    {
        "sloka": "kuru praṇāmaṅ dharmātmaṅstēṣāmuddiśya rāghava!.\n\nlakṣmaṇēva saha bhrātrā prayantassayatāñjaliḥ4.13.25৷৷\n\n"
    },
    {
        "sloka": "praṇamanti hi yē tēṣāṅ munīnāṅ bhāvitātmanām.\n\nna tēṣāmaśubhaṅ kiñciccharīrē rāma! dṛśyatē4.13.26৷৷\n\n"
    },
    {
        "sloka": "tatō rāmassaha bhrātrā lakṣmaṇēna kṛtāñjaliḥ.\n\nsamuddiśya mahātmānastānṛṣīnabhyavādayat4.13.27৷৷\n\n"
    },
    {
        "sloka": "abhivādya tu dharmātmā rāmō bhrātā ca lakṣmaṇaḥ.\n\nsugrīvō vānarāścaiva jagmusaṅhṛṣṭamānasāḥ4.13.28৷৷\n\n"
    },
    {
        "sloka": "tē gatvā dūramadhvānaṅ tasmātsaptajanāśramāt.\n\ndadṛśustāṅ durādharṣāṅ kiṣkindhāṅ vālipālitām4.13.29৷৷\n\n"
    },
    {
        "sloka": "tatastu rāmānujarāmavānarāḥ\n\npragṛhya śastrāṇyuditāgryatējasaḥ.\n\npurīṅ surēśātmajavīryapālitāṅ\n\nvadhāya śatrōḥ punarāgatāssaha4.13.30৷৷\n\n"
    }
]