[
    {
        "sloka": "[Sugriva sends another troop including Hanuaman, Nila, Angada and Jambavan in the southern direction]\n\ntataḥ prasthāpya sugrīvastanmahadvānaraṅ balam.\n\ndakṣiṇāṅ prēṣayāmāsa vānarānabhilakṣitān৷৷4.41.1৷৷\n\n"
    },
    {
        "sloka": "nīla magnisutaṅ caiva hanumantaṅ ca vānaram.\n\npitāmahasutaṅ caiva jāmbavantaṅ mahābalam৷৷4.41.2৷৷\n\nsuhōtraṅ ca śarāriṅ ca śaragulmaṅ tathaiva ca.\n\ngajaṅ gavākṣaṅ gavayaṅ suṣēṇamṛṣabhaṅ tathā৷৷4.41.3৷৷\n\nmaindaṅ ca dvividaṅ caiva vijayaṅ gandhamādanam.\n\nulkāmukhamasaṅgaṅ ca hutāśanasutāvubhau৷৷4.41.4৷৷\n\naṅgadapramukhānvīrānvīra: kapigaṇēśvaraḥ.\n\nvēgavikramasampannānsandidēśa viśēṣavit৷৷4.41.5৷৷\n\n"
    },
    {
        "sloka": "tēṣāmagrēsaraṅ caiva mahābalamathāṅgadam.\n\nvidhāya harivīrāṇāmādiśaddakṣiṇāṅ diśam৷৷4.41.6৷৷\n\n"
    },
    {
        "sloka": "yē kēcana samuddēśāstasyāṅ diśi sudurgamāḥ.\n\nkapīśaḥ kapimukhyānāṅ sa tēṣāṅ tānudāharat৷৷4.41.7৷৷\n\n"
    },
    {
        "sloka": "sahasraśirasaṅ vindhyaṅ nānādrumalatāyutam.\n\nnarmadāṅ ca nadīṅ ramyāṅ mahōraganiṣēvitām৷৷4.41.8৷৷\n\ntatō gōdāvarīṅ ramyāṅ kṛṣṇavēṇīṅ mahānadīm.\n\nvaradāṅ ca mahābhāgāṅ mahōraganiṣēvitām৷৷4.41.9৷৷\n\nmēkhalāmutkalāṅ caiva daśārṇanagarāṇyapi.\n\nāśvavantīmavantīṅ ca sarvāmēvānupaśyata৷৷4.41.10৷৷\n\n"
    },
    {
        "sloka": "vidarbhānṛṣikāṅścaiva ramyānmāhiṣakānapi.\n\ntathā vaṅgānkaliṅgāṅśca kauśikāṅśca samantataḥ৷৷4.41.11৷৷\n\nanvīkṣya daṇḍakāraṇyaṅ saparvatanadīguhām.\n\nnadīṅ gōdāvarīṅ caiva sarvamēvānupaśyata৷৷4.41.12৷৷\n\ntathaivāndhrāṅśca puṇḍrāṅśca cōlānpāṇḍyāṅtsa kēralān.\n\n"
    },
    {
        "sloka": "ayōmukhaśca gantavyaḥ parvatō dhātumaṇḍitaḥ৷৷4.41.13৷৷\n\nvicitraśikhara śśrīmāṅścitrapuṣpitakānanaḥ.\n\nsacandanavanōddēśō mārgitavyō mahāgiriḥ৷৷4.41.14৷৷\n\n"
    },
    {
        "sloka": "tatastāmāpagāṅ divyāṅ prasannasalilāṅ śivām.\n\ntatra drakṣyatha kāvērīṅ vihitāmapsarōgaṇaiḥ৷৷4.41.15৷৷\n\n"
    },
    {
        "sloka": "tasyāsīnaṅ nagasyāgrē malayasya mahaujasam.\n\ndrakṣyathā.dityasaṅkāśamagastyamṛṣisattamam৷৷4.41.16৷৷\n\n"
    },
    {
        "sloka": "tatastēnābhyanujñātāḥ prasannēna mahātmanā.\n\ntāmraparṇīṅ grāhajuṣṭāṅ tariṣyatha mahānadīm৷৷4.41.17৷৷\n\n"
    },
    {
        "sloka": "sā candanavanairdivyai pracchannā dvīpaśālinī.\n\nkāntēva yuvati: kāntāṅ samudramavagāhatē৷৷4.41.18৷৷\n\n"
    },
    {
        "sloka": "tatō hēmamayaṅ divyaṅ muktāmaṇivibhūṣitam.\n\nyuktaṅ kavāṭaṅ pāṇḍyānāṅ gatā drakṣyatha vānarāḥ৷৷4.41.19৷৷\n\n"
    },
    {
        "sloka": "tatassamudramāsādya sampradhāryārthaniścayam.\n\nagastyēnāntarē tatra sāgarē vinivēśitaḥ৷৷4.41.20৷৷\n\ncitranānānagaḥ śrīmānmahēndra: parvatōttamaḥ.\n\njātarūpamayaḥ śrīmānavagāḍhō mahārṇavam৷৷4.41.21৷৷\n\n"
    },
    {
        "sloka": "nānāvidhairnagai ssarvailatābhiścōpaśōbhitam.\n\ndēvarṣiyakṣapravarairapsarōbhiśca sēvitam৷৷4.41.22৷৷\n\nsiddhacāraṇasaṅghaiśca prakīrṇaṅ samanōramam.\n\ntamupaiti sahasrākṣaḥ sadā parvasu parvasu৷৷4.41.23৷৷\n\n"
    },
    {
        "sloka": "dvīpastasyāparē pārē śatayōjanamāyataḥ.\n\nagamyō mānuṣairdīptastaṅ mārgadhvaṅ samantataḥ৷৷4.41.24৷৷\n\n"
    },
    {
        "sloka": "tatra sarvātmanā sītā mārgitavyā viśēṣataḥ.\n\nsa hi dēśastu vadhyasya rāvaṇasya durātmanaḥ৷৷4.41.25৷৷\n\nrākṣasādhipatērvāsassahasrākṣasamadyutēḥ.\n\n"
    },
    {
        "sloka": "dakṣiṇasya samudrasya madhyē tasya tu rākṣasī৷৷4.41.26৷৷\n\naṅgārakēti vikhyātā chāyāmākṛṣya bhōjinī.\n\n"
    },
    {
        "sloka": "ēvaṅ nissaṅśayānkṛtvā saṅśayānnaṣṭasaṅśayāḥ৷৷4.41.27৷৷\n\nmṛgayadhvaṅ narēndrasya patnīmamitatējasaḥ.\n\n"
    },
    {
        "sloka": "tamatikramya lakṣmīvānsamudrē śatayōjanē৷৷4.41.28৷৷\n\ngiriḥ puṣpitakō nāma siddhacāraṇasēvitaḥ.\n\n"
    },
    {
        "sloka": "candrasūryāṅśusaṅkāśassāgarāmbusamāvṛtaḥ৷৷4.41.29৷৷\n\nbhrājatē vipulaiśśṛṅgairambaraṅ vilikhanniva.\n\n"
    },
    {
        "sloka": "tasyaikaṅ kāñcanaṅ śṛṅgaṅ sēvatē.yaṅ divākaraḥ৷৷4.41.30৷৷\n\nśvētaṅ rājatamēkaṅ ca sēvatē.yaṅ niśākaraḥ.\n\nna taṅ kṛtaghnāḥ paśyanti na nṛśaṅsā na nāstikāḥ৷৷4.41.31৷৷\n\n"
    },
    {
        "sloka": "praṇamya śirasā śailaṅ taṅ vimārgata vānarāḥ.\n\ntamatikramya durdharṣa ssūryavānnāma parvataḥ৷৷4.41.32৷৷\n\nadhvanā durvigāhēna yōjanāni caturdaśa.\n\n"
    },
    {
        "sloka": "tatastamapyatikramya vaidyutō nāma parvataḥ৷৷4.41.33.\n\nsarvakāmaphalairvṛkṣai ssarvakālamanōharaiḥ.\n\n"
    },
    {
        "sloka": "tatra bhuktvā varārhāṇi mūlāni ca phalāni ca৷৷4.41.34৷৷\n\nmadhūni pītvā mukhyāni paraṅ gacchata vānarāḥ.\n\n"
    },
    {
        "sloka": "tatra nētramanaḥkāntaḥ kuñjarō nāma parvataḥ৷৷4.41.35৷৷\n\nagastyabhavanaṅ yatra nirmitaṅ viśvakarmaṇā.\n\n"
    },
    {
        "sloka": "tatra yōjanavistāramucchritaṅ daśayōjanam৷৷4.41.36৷৷\n\nśaraṇaṅ kāñcanaṅ divyaṅ nānāratnavibhūṣitam.\n\n"
    },
    {
        "sloka": "tatra bhōgavatī nāma sarpāṇāmālayaḥ purī৷৷4.41.37৷৷\n\nviśālakakṣyā durdharṣā sarvataḥ parirakṣitā.\n\nrakṣitā pannagairghōraistīkṣṇadaṣṭrairairmahāviṣaiḥ৷৷4.41.38৷৷\n\nsarparājō mahāprājñō yasyāṅ vasati vāsukiḥ.\n\n"
    },
    {
        "sloka": "niryāya mārgitavyā ca sā ca bhōgavatī purī৷৷4.41.39৷৷\n\ntatra cānantarā dēśā yē kēcana susamvṛtāḥ.\n\n"
    },
    {
        "sloka": "taṅ ca dēśamatikramya mahānṛṣabhasaṅsthitaḥ৷৷4.41.40৷৷\n\nsarvaratnamayaḥ śrīmān ṛṣabhō nāma parvataḥ.\n\n"
    },
    {
        "sloka": "gōśīrṣakaṅ padmakaṅ ca hariśyāmaṅ ca candanam৷৷4.41.41৷৷\n\ndivyamutpadyatē yatra taccaivāgnisamaprabham.\n\n"
    },
    {
        "sloka": "na tu taccandanaṅ dṛṣṭavā spraṣṭavyaṅ ca kadācana৷৷4.41.42৷৷\n\nrōhitā nāma gandharvā ghōrā rakṣanti tadvanam.\n\n"
    },
    {
        "sloka": "tatra gandharvapatayaḥ pañca sūryasamaprabhāḥ৷৷4.41.43৷৷\n\nśailūṣō grāmaṇī śśigru śśubhrō babhrustathaiva ca.\n\nravisōmāgnivapuṣāṅ nivāsaḥ puṇyakarmaṇām৷৷4.41.44৷৷\n\n"
    },
    {
        "sloka": "antē pṛthivyā durdharṣāstatra svargajitaḥ sthitāḥ.\n\ntataḥ paraṅ na vassēvyaḥ pitṛlōka ssudāruṇaḥ৷৷4.41.45৷৷\n\n"
    },
    {
        "sloka": "rājadhānī yamasyaiṣā kaṣṭēna tamasā vṛtā.\n\nētāvadēva yuṣmābhirvīrā vānarapuṅgavāḥ!৷৷4.41.46৷৷\n\nśakyaṅ vicētuṅ gantuṅ vā nātō gatimatāṅ gatiḥ.\n\n"
    },
    {
        "sloka": "sarvamētatsamālōkya yaccānyadapi dṛśyatē৷৷4.41.47৷৷\n\ngatiṅ viditvā vaidēhyā ssannivartitumarhatha.\n\n"
    },
    {
        "sloka": "yastu māsānnivṛttō.grē dṛṣṭā sītēti vakṣyati৷৷4.41.48৷৷\n\nmattulyavibhavō bhōgai ssukhaṅ sa vihariṣyati.\n\n"
    },
    {
        "sloka": "tataḥ priyatarō nāsti mama prāṇādviśēṣataḥ৷৷4.41.49৷৷\n\nkṛtāparādhō bahuśō mama bandhurbhaviṣyati.\n\n"
    },
    {
        "sloka": "amitabalaparākramā bhavantō\n\nvipulaguṇēṣu kulēṣu ca prasūtāḥ.\n\nmanujapatisutāṅ yathā labhadhvaṅ\n\ntadadhiguṇaṅ puruṣārthamārabhadhvam৷৷4.41.50৷৷\n\n"
    }
]